##PERIODIC:: 0.00667659 0.00671759 0.00626165
0 Sphere 0.00270171 0.000808358 0.000623111 0.00016
1 Sphere 0.000114129 0.00639018 0.0055561 0.00016288
2 Sphere 0.00555923 0.00399873 0.00460197 0.000191218
3 Sphere 0.000194393 0.000158365 0.00493463 0.000161775
4 Sphere 0.00284932 0.00505665 0.00162163 0.000208355
5 Sphere 0.00255552 0.00195142 0.000295991 0.00022381
6 Sphere 0.00434494 0.00507705 0.00606942 0.000203444
7 Sphere 0.00585559 0.0050122 0.00606739 0.000229349
8 Sphere 0.00646895 0.00129021 0.00583485 0.000170551
9 Sphere 0.00240335 0.00618828 0.0025283 0.000183529
10 Sphere 0.00273987 0.00458509 0.00333157 0.000171107
11 Sphere 0.00159782 0.00383396 0.00520652 0.000227134
12 Sphere 0.0030814 0.0059049 0.00300678 0.000230807
13 Sphere 0.00223322 0.00155772 0.00501854 0.000171443
14 Sphere 0.00525983 0.000845317 8.82309e-05 0.000213965
15 Sphere 0.00211749 0.00603683 0.00520991 0.000189853
16 Sphere 0.00539445 0.00127165 0.00126044 0.000235255
17 Sphere 0.00180504 0.00407631 0.0059957 0.000163595
18 Sphere 0.000754718 0.00619649 0.000778669 0.000210048
19 Sphere 0.00192392 0.00203203 0.00286935 0.000229231
20 Sphere 0.00428501 0.0045994 0.00334101 0.000216808
21 Sphere 0.00562436 0.00252498 0.000688879 0.000164621
22 Sphere 0.00452969 0.0008023 0.00517637 0.000223511
23 Sphere 0.00592518 0.0003787 0.00496178 0.000229533
24 Sphere 0.00386007 0.00173433 0.00564448 0.000237577
25 Sphere 0.00218614 0.00464965 0.00178032 0.000163536
26 Sphere 0.00205958 0.00115331 0.00455709 0.000176265
27 Sphere 0.000358088 0.00236057 0.00381846 0.000200272
28 Sphere 0.00424887 0.000356265 0.00315712 0.000165286
29 Sphere 0.0057917 0.00199867 0.00475499 0.000219971
30 Sphere 0.00552372 0.00180242 0.0044921 0.000186977
31 Sphere 0.00525112 0.00528998 0.00288344 0.000182336
32 Sphere 0.00549097 0.00271878 0.0051396 0.000196707
33 Sphere 0.00517611 0.00231086 0.00414652 0.00022895
34 Sphere 0.00506899 0.00106415 0.00112957 0.000173008
35 Sphere 0.00519912 0.00265891 0.00548318 0.000194083
36 Sphere 0.000262912 0.00053237 0.00554544 0.000177029
37 Sphere 3.25065e-05 0.00666278 0.00512717 0.000169083
38 Sphere 0.00297567 0.00551596 0.000221696 0.000165672
39 Sphere 0.0059535 0.00427705 0.00239587 0.000221634
40 Sphere 0.00401499 0.00444337 0.00176474 0.000227496
41 Sphere 0.0035593 0.00644986 0.0034889 0.000221949
42 Sphere 0.00543037 0.00164762 0.0041779 0.000168677
43 Sphere 0.00190972 0.00217569 0.00382074 0.000218876
44 Sphere 0.00256732 0.00656462 0.00597277 0.000166522
45 Sphere 0.00400278 0.00315757 0.00320981 0.000218728
46 Sphere 0.0013682 0.00102879 0.000968048 0.000196689
47 Sphere 0.00260009 0.00191401 0.00326026 0.000179109
48 Sphere 0.00500769 0.00567419 0.00349511 0.000194631
49 Sphere 0.00416173 0.00214146 0.00417456 0.000224171
50 Sphere 0.00240422 0.00269655 0.00509385 0.00021795
51 Sphere 0.00655528 0.00140456 0.00292918 0.000237758
52 Sphere 0.00254836 0.00135106 0.0057953 0.00021289
53 Sphere 0.000507164 0.00517086 0.00181395 0.000162231
54 Sphere 0.00141705 0.00325256 0.00233588 0.00022202
55 Sphere 0.000980495 0.00114353 0.00321906 0.000215645
56 Sphere 0.00120773 0.00444568 0.00424694 0.000203939
57 Sphere 0.00249452 9.01039e-06 0.00349881 0.000195556
58 Sphere 0.00473702 0.00465019 0.00200846 0.000196758
59 Sphere 4.00178e-05 0.00175414 0.00336192 0.000163209
60 Sphere 0.00303078 0.00658194 0.00253103 0.000217595
61 Sphere 0.00230011 0.00591292 0.00439301 0.000200975
62 Sphere 0.00169117 0.00471272 0.0012917 0.00017575
63 Sphere 0.00225741 0.00359101 0.00274472 0.000212784
64 Sphere 0.00441083 0.00186205 0.00402745 0.000171374
65 Sphere 0.00248763 0.00556819 0.0024515 0.000180154
66 Sphere 0.00504551 0.00610286 0.00487102 0.000192178
67 Sphere 0.00414775 0.00644321 0.00441636 0.000199817
68 Sphere 0.00293398 0.00542379 0.00557629 0.000189627
69 Sphere 0.00100241 0.00486262 0.00151504 0.00016726
70 Sphere 0.00220503 0.00497748 0.00610532 0.000204701
71 Sphere 0.00643998 0.00495796 0.00241234 0.000177738
72 Sphere 0.00398411 0.00629274 0.00478982 0.000168982
73 Sphere 0.00527004 0.00660518 0.0037663 0.000169236
74 Sphere 0.00645054 0.00391851 0.00605777 0.000230472
75 Sphere 0.00582172 0.00617199 0.00424664 0.000192198
76 Sphere 0.00265776 0.0066443 0.00412464 0.000239298
77 Sphere 0.00591858 0.00226506 0.00432868 0.000210426
78 Sphere 0.00627656 0.0064081 0.0047319 0.00016798
79 Sphere 0.00488382 0.00426145 0.00154212 0.000196945
80 Sphere 0.00394997 0.00623599 0.00362723 0.000161485
81 Sphere 0.000881506 0.0060921 0.00268983 0.000187538
82 Sphere 0.00357867 0.00257871 0.00351043 0.000184897
83 Sphere 0.00593057 0.00433849 0.00344179 0.00020633
84 Sphere 0.00131008 0.00486758 0.00416496 0.000239278
85 Sphere 0.000104157 0.00526218 0.00320232 0.000170765
86 Sphere 0.00293555 0.00443385 0.00210024 0.000220307
87 Sphere 0.00614655 0.000144755 0.00158791 0.00023281
88 Sphere 5.24208e-05 0.00217884 0.00509182 0.000212571
89 Sphere 0.00434036 0.00443968 0.00437453 0.000177162
90 Sphere 0.00456597 0.00014218 0.00179743 0.000186696
91 Sphere 0.00313493 0.00216968 0.00448343 0.00022205
92 Sphere 0.000811317 0.00435935 0.00425633 0.000202526
93 Sphere 0.000479273 0.00661905 0.00409032 0.000160847
94 Sphere 0.00198971 0.00383652 0.00382364 0.000224682
95 Sphere 0.00155684 0.00234519 0.00606735 0.000199224
96 Sphere 0.00366568 0.00229244 0.000269489 0.000226203
97 Sphere 0.00526681 0.00013998 0.00164961 0.000222079
98 Sphere 0.00483619 0.00170837 0.00132354 0.000167991
99 Sphere 0.00165867 0.00150731 0.00335134 0.000232414
100 Sphere 0.00477173 0.00123098 0.00280558 0.000228212
101 Sphere 0.00204571 0.00022491 0.00401465 0.000183841
102 Sphere 0.00597275 0.00556332 0.00264067 0.000161566
103 Sphere 0.0018433 0.00509079 0.00496576 0.000161609
104 Sphere 0.00263005 0.00056853 0.0054374 0.000224946
105 Sphere 0.00653459 0.00254532 0.00505275 0.000204553
106 Sphere 0.00438305 0.000890789 0.0011055 0.000215675
107 Sphere 0.00450077 0.000843226 0.00599482 0.000172097
108 Sphere 0.00388651 0.0023516 0.0043468 0.00016255
109 Sphere 0.00583466 0.000264859 0.00361152 0.000194713
110 Sphere 0.00239211 0.00509832 0.0040723 0.000207464
111 Sphere 0.00202063 0.00432823 0.00308605 0.000230343
112 Sphere 0.00384695 0.00245903 0.00534755 0.000202828
113 Sphere 0.00219113 0.00522301 0.000855371 0.000170481
114 Sphere 0.00286587 0.00527645 0.00391596 0.000220519
115 Sphere 0.00096091 0.00372766 0.0059582 0.000172433
116 Sphere 0.000124353 0.00513387 0.00239717 0.00019056
117 Sphere 0.00110692 0.00371806 0.00222077 0.000161988
118 Sphere 0.00358088 0.00137531 0.00178057 0.000216858
119 Sphere 0.00126135 0.00223126 0.00511748 0.000229272
120 Sphere 0.0063138 0.00161346 0.00351532 0.000164294
121 Sphere 0.00440867 0.00553339 0.00524499 0.000212288
122 Sphere 0.000309436 0.00109662 0.00209928 0.000164465
123 Sphere 0.00567063 0.00247976 0.00160739 0.000215716
124 Sphere 0.00021356 0.00602785 0.00260268 0.000210581
125 Sphere 0.00504447 0.00289623 0.00447606 0.000185199
126 Sphere 0.00147494 0.004953 0.00115241 0.000163739
127 Sphere 0.00522975 0.00407618 0.00273764 0.000194542
128 Sphere 0.00131476 0.00402104 0.00306758 0.000211329
129 Sphere 0.00260148 0.00342639 0.000813788 0.000184934
130 Sphere 0.00105645 0.0057201 0.00547351 0.000165923
131 Sphere 0.000877625 0.000921517 0.00358581 0.000227571
132 Sphere 0.00313856 0.00481569 0.00482498 0.000229861
133 Sphere 0.00595069 0.00421621 0.000200391 0.000191192
134 Sphere 0.00287836 0.001281 0.00553472 0.000213517
135 Sphere 0.00613328 0.00614064 0.00496844 0.000209218
136 Sphere 0.00403333 0.00451141 0.00496745 0.000189451
137 Sphere 0.00140552 0.00147467 0.00153587 0.000210085
138 Sphere 0.00187064 0.00528589 0.0025274 0.000219579
139 Sphere 0.00391405 0.00245457 0.00201924 0.000224834
140 Sphere 0.00194485 0.0037716 0.00581342 0.000200842
141 Sphere 0.00210338 0.00523432 0.00447659 0.000166717
142 Sphere 0.000954546 0.00472323 0.00443424 0.000216071
143 Sphere 0.000775848 0.00635275 0.00140165 0.00021197
144 Sphere 0.00318306 0.00483501 0.00134883 0.000178872
145 Sphere 0.00105637 0.00601407 0.00522142 0.000222528
146 Sphere 0.00227841 0.00441484 0.00099572 0.000179309
147 Sphere 0.00528375 0.00376966 0.00361602 0.000183546
148 Sphere 0.00432783 0.00260457 0.0017204 0.000171015
149 Sphere 0.00167398 0.00624171 0.00128398 0.000186851
150 Sphere 0.00656756 0.0023708 0.00537812 0.000168894
151 Sphere 0.000731717 0.000122547 0.00512524 0.000203522
152 Sphere 0.00348212 0.00578842 0.00610744 0.000221557
153 Sphere 0.00611166 0.00160962 0.00464099 0.000181765
154 Sphere 0.00347263 0.00493946 0.00501968 0.000178095
155 Sphere 0.00248356 0.00191057 0.00491889 0.000191323
156 Sphere 0.00203621 0.00299627 0.00397317 0.000171667
157 Sphere 0.00094929 0.00599531 0.00593344 0.000177871
158 Sphere 0.00193384 0.00315666 0.00355459 0.00018983
159 Sphere 0.00325734 0.00186071 0.00339062 0.000203118
160 Sphere 0.00603152 0.00270092 0.00296407 0.000195992
161 Sphere 0.000353463 7.14091e-05 0.00083362 0.000190658
162 Sphere 3.01959e-06 0.000938479 0.0030228 0.000162412
163 Sphere 0.00486967 0.00120301 0.0034665 0.000170768
164 Sphere 0.00616265 0.00430928 0.00166997 0.000185436
165 Sphere 0.000967577 0.00383457 0.00294498 0.000202167
166 Sphere 0.000982126 0.00638853 0.00577011 0.000230255
167 Sphere 0.00105576 0.00578124 0.000380948 0.000229014
168 Sphere 0.00255774 0.00503876 0.00197268 0.00016021
169 Sphere 0.00293751 0.00636879 0.00214685 0.000161647
170 Sphere 0.00486192 0.00486181 0.0033731 0.000202409
171 Sphere 0.0061275 0.00253257 0.00169991 0.000239408
172 Sphere 0.0048481 0.00626559 0.000414995 0.000180186
173 Sphere 0.00124299 0.00669527 0.00466921 0.000168483
174 Sphere 0.0014821 0.00630529 0.00172541 0.000173879
175 Sphere 0.00417341 0.00359026 0.00609447 0.000184936
176 Sphere 0.00175658 0.00177439 0.00203697 0.000180565
177 Sphere 0.00307456 0.00488079 0.00395335 0.000228493
178 Sphere 0.000744411 0.00484343 0.00411157 0.000188405
179 Sphere 0.00213166 0.00517315 0.0051489 0.000189745
180 Sphere 0.00296443 0.00299516 0.0046385 0.00021341
181 Sphere 0.00170047 0.00345999 0.00172328 0.000172062
182 Sphere 0.000599452 0.00136038 0.00523954 0.000212322
183 Sphere 0.00195263 0.00379932 0.000197484 0.000190015
184 Sphere 0.00559732 0.00366014 0.00123608 0.000171617
185 Sphere 0.00493795 0.00250403 0.00191118 0.000231644
186 Sphere 0.00248728 0.00443446 0.000149874 0.000184644
187 Sphere 0.00471502 0.00041534 0.00533807 0.000235881
188 Sphere 0.00493205 0.00554574 0.00610381 0.000189406
189 Sphere 0.000410737 0.00253251 0.00416893 0.000194689
190 Sphere 0.00647538 0.003294 0.00549554 0.000213301
191 Sphere 0.0046025 0.000684812 0.00566813 0.000205168
192 Sphere 0.00142062 0.0014499 0.0054715 0.000189939
193 Sphere 0.00210463 0.00150706 0.000965761 0.000192533
194 Sphere 0.00179725 0.0050919 0.006188 0.000207258
195 Sphere 0.00251746 0.00481111 0.00168798 0.000206707
196 Sphere 0.00276771 0.0030774 0.00567658 0.000213017
197 Sphere 0.00662847 0.000438703 0.00377045 0.00022078
198 Sphere 0.000728622 0.0021266 0.0006374 0.000227155
199 Sphere 0.00464066 0.00258213 0.00373904 0.00018676
200 Sphere 0.00348468 0.00510673 0.00610085 0.000193801
201 Sphere 0.00176215 0.00125509 0.00102785 0.000237919
202 Sphere 0.00130358 0.00548486 0.000435069 0.000162757
203 Sphere 0.00422859 0.00648355 0.00318545 0.000211423
204 Sphere 0.00257808 0.000808424 0.00153796 0.000184637
205 Sphere 0.00613297 0.00624846 0.00293925 0.000178241
206 Sphere 0.000282431 0.00280265 0.00357126 0.000166881
207 Sphere 0.00134939 0.000963937 0.00249946 0.000229526
208 Sphere 0.00203237 0.00645186 0.00625481 0.000176696
209 Sphere 0.00521974 0.00408039 0.0052441 0.000187383
210 Sphere 0.00596439 0.0010255 0.00486996 0.000179823
211 Sphere 0.00244035 0.00161298 0.000947408 0.000160286
212 Sphere 0.0056118 0.00448842 0.00218755 0.000174194
213 Sphere 0.000651942 0.00550135 0.00407512 0.00017004
214 Sphere 0.00144147 0.00657683 0.00338094 0.000186919
215 Sphere 0.00316266 0.000457255 0.00376704 0.000211391
216 Sphere 0.00292138 0.000614703 0.00512296 0.000206347
217 Sphere 0.00616184 0.00324506 0.00416921 0.000199972
218 Sphere 0.00589953 0.00107923 0.00370563 0.000161547
219 Sphere 0.00327521 0.00416088 0.000549438 0.000183373
220 Sphere 0.00317188 0.00496309 0.00519748 0.000172695
221 Sphere 0.00436104 0.00426542 0.00361445 0.000164129
222 Sphere 0.00251726 0.00593401 0.00358711 0.000231892
223 Sphere 0.00496712 0.00457111 0.00400602 0.000215162
224 Sphere 0.00163891 0.00191875 0.00542256 0.000229654
225 Sphere 0.00452581 0.00447835 0.00405222 0.000197033
226 Sphere 0.00312558 0.00243147 0.000946041 0.000162696
227 Sphere 0.000732153 0.00353343 0.00354733 0.00019705
228 Sphere 0.00447625 0.00479636 0.0042169 0.00016508
229 Sphere 0.0059826 0.000781057 0.00514254 0.000187227
230 Sphere 0.00294649 0.00390714 0.00170864 0.000162165
231 Sphere 0.00465684 0.00397255 0.0028441 0.000239886
232 Sphere 0.00567401 0.00434012 0.00126285 0.000191251
233 Sphere 0.00567452 0.0038159 0.00203303 0.000165595
234 Sphere 0.00568602 0.00462159 0.00249822 0.000173236
235 Sphere 0.00365357 0.00278857 0.00555388 0.000232399
236 Sphere 0.000493672 0.00449251 0.00558929 0.000227097
237 Sphere 0.00539916 0.00390256 0.00393154 0.000179017
238 Sphere 0.00510066 0.00218266 0.00209343 0.000172531
239 Sphere 0.000698192 0.00158458 0.000775391 0.000231589
240 Sphere 0.00514692 0.00273387 0.0023388 0.000198083
241 Sphere 0.00541087 0.00041584 0.00189764 0.000176328
242 Sphere 0.0045058 0.00164727 0.000660236 0.000204463
243 Sphere 0.00582468 0.00591296 0.00143424 0.000219535
244 Sphere 0.00354291 0.000427696 0.00333518 0.000162124
245 Sphere 0.00137101 0.00366266 0.0012047 0.000193887
246 Sphere 0.000604295 0.00659226 0.00587797 0.00017038
247 Sphere 0.0023741 0.00301374 0.00409798 0.000189101
248 Sphere 0.0013272 0.00302021 0.00467752 0.000235321
249 Sphere 0.00159989 0.00598756 0.00479446 0.000219602
250 Sphere 0.00246409 0.00136394 0.00191017 0.000216967
251 Sphere 0.00643901 0.00166316 0.0045416 0.000165585
252 Sphere 0.00159892 0.00583813 8.68629e-05 0.000183245
253 Sphere 0.00350489 0.00662936 0.00154718 0.000233416
254 Sphere 0.00246748 0.0036321 0.0048595 0.000173409
255 Sphere 0.00599781 0.0066625 0.00377244 0.000200014
256 Sphere 0.00164622 0.0058577 0.00585743 0.000228764
257 Sphere 0.00635998 0.00489967 0.0013899 0.000186159
258 Sphere 0.00240815 0.00670647 0.00204751 0.000182075
259 Sphere 0.00573556 0.0015562 0.00251731 0.000167864
260 Sphere 0.004365 0.00136245 0.000208714 0.000230277
261 Sphere 0.00551698 0.00641983 0.00119566 0.000160622
262 Sphere 0.000545722 0.000823284 0.00206828 0.000198492
263 Sphere 0.00666276 0.000842102 0.00364369 0.000169896
264 Sphere 0.0039331 0.00256103 0.00358527 0.000178101
265 Sphere 0.00471559 0.00260948 0.00457189 0.000219074
266 Sphere 0.00138409 3.3191e-05 0.000905679 0.000161713
267 Sphere 0.00233988 0.00141438 0.00130315 0.00022984
268 Sphere 0.00232179 0.00256476 0.00354111 0.000162211
269 Sphere 0.00143394 0.00268729 0.00404129 0.00020739
270 Sphere 0.00589785 0.00121911 0.00553061 0.000229829
271 Sphere 0.00530317 0.00550829 0.00465703 0.000208039
272 Sphere 0.00514845 0.00498366 0.00577456 0.000238538
273 Sphere 0.00421202 0.00337953 0.0014256 0.000225649
274 Sphere 0.00243254 0.00438684 0.00164051 0.000208079
275 Sphere 0.00368607 0.00581834 0.00433509 0.000182515
276 Sphere 0.00171149 0.00266166 0.00211875 0.000185558
277 Sphere 0.00151091 0.0046192 0.00341425 0.000194072
278 Sphere 0.0032127 0.00429843 0.00451846 0.000166265
279 Sphere 0.00478446 0.000233551 0.00387048 0.0002167
280 Sphere 0.00139044 0.00526855 0.00181982 0.000210714
281 Sphere 0.00434642 0.00296688 0.00372738 0.00023197
282 Sphere 0.000676375 0.001703 0.005598 0.000207473
283 Sphere 0.00530976 0.00328275 0.00391421 0.000220203
284 Sphere 0.00643904 0.00325838 0.00242226 0.000195149
285 Sphere 4.41842e-05 0.0061854 0.00010077 0.000190239
286 Sphere 0.00129072 0.00401135 0.00262561 0.000231653
287 Sphere 0.00420577 0.000197435 0.00212876 0.000227972
288 Sphere 0.00176425 0.00572684 0.0036943 0.000163581
289 Sphere 0.00362448 0.000835139 0.00373971 0.000167383
290 Sphere 0.00554282 0.00294961 0.00580639 0.00020773
291 Sphere 0.00164304 0.00419381 0.00174508 0.000184676
292 Sphere 0.00411818 0.00142692 0.000597274 0.000235772
293 Sphere 0.00171316 0.0024268 0.00167704 0.000215983
294 Sphere 0.00447626 0.00467339 0.000173982 0.000162334
295 Sphere 0.00649759 0.00381814 0.00302015 0.000179413
296 Sphere 0.0015551 0.000787162 5.62634e-05 0.000197755
297 Sphere 0.00449359 0.00606337 0.00130244 0.000195209
298 Sphere 0.00492615 0.00192715 0.00104034 0.000188837
299 Sphere 0.00172671 0.00254197 0.000786202 0.000220113
300 Sphere 0.000332869 0.000788037 0.00102334 0.00016295
301 Sphere 0.00653571 0.00495409 0.00514234 0.000172604
302 Sphere 0.00617594 0.00554951 0.00176379 0.000165913
303 Sphere 0.00185121 0.0019166 0.000307703 0.000190385
304 Sphere 0.00653915 0.00472912 0.0010811 0.00018476
305 Sphere 0.00357473 0.00246294 0.00232714 0.000171919
306 Sphere 0.00528227 0.00148629 0.0015813 0.000169322
307 Sphere 0.00592827 0.00623027 0.000828829 0.000162134
308 Sphere 0.00569066 0.00268098 0.00199598 0.000223449
309 Sphere 0.00627771 0.00409194 0.00255453 0.000169663
310 Sphere 0.00435262 0.00569419 0.0045064 0.000162202
311 Sphere 0.00105857 0.000269951 0.00374011 0.000167247
312 Sphere 0.00535341 0.00609246 0.00371143 0.00016145
313 Sphere 0.00527156 0.00129439 0.00085119 0.000193216
314 Sphere 0.00555367 0.00500243 0.0046926 0.000215032
315 Sphere 0.00495784 0.00293105 0.00335636 0.000208908
316 Sphere 0.000723694 0.00185083 0.00403589 0.00016535
317 Sphere 0.000485073 0.00070073 0.00304525 0.000177214
318 Sphere 0.00287507 0.00260909 0.00154418 0.000192377
319 Sphere 0.00395649 0.00513754 0.00416965 0.000229326
320 Sphere 0.00664338 0.00360052 0.00463112 0.000212904
321 Sphere 0.0065847 0.00512055 9.48262e-05 0.000208802
322 Sphere 0.00167266 0.00259725 0.0024753 0.000174277
323 Sphere 0.00412916 0.00185281 0.00176622 0.00021583
324 Sphere 0.00138879 0.00160127 0.00430353 0.000189222
325 Sphere 0.00121929 0.00308103 0.00537892 0.000162832
326 Sphere 0.00616385 0.0058353 0.00529555 0.000175703
327 Sphere 0.00382684 0.00348001 0.000152419 0.000226949
328 Sphere 0.0042711 0.00237268 0.00541546 0.00023236
329 Sphere 0.00666231 0.00527317 0.00356315 0.00020601
330 Sphere 0.00195799 0.00516104 0.00170213 0.000190476
331 Sphere 0.00170909 0.00154204 0.00132097 0.0001677
332 Sphere 0.00252467 0.00355939 0.00421916 0.000223997
333 Sphere 0.00600266 0.00482675 0.000959849 0.000189578
334 Sphere 0.00382935 0.000720454 0.0024415 0.000193303
335 Sphere 0.00065164 0.00334406 0.00146133 0.00016786
336 Sphere 0.00178092 0.00524091 0.00581195 0.000193088
337 Sphere 0.00500145 0.00559446 0.0014168 0.00018521
338 Sphere 0.00423479 0.0046827 0.00286063 0.000209492
339 Sphere 0.00310453 0.000993044 0.00582176 0.000193343
340 Sphere 0.00537547 0.0062964 0.00325227 0.000221072
341 Sphere 0.00416598 0.00519003 0.00534657 0.000187006
342 Sphere 0.00160153 0.00528098 0.000281514 0.000162873
343 Sphere 0.000554544 0.00379876 0.00207215 0.000235525
344 Sphere 0.00111218 0.00187256 0.00505612 0.000164712
345 Sphere 0.00426717 0.00586305 0.00100481 0.000229958
346 Sphere 0.00269657 0.00575238 0.00589248 0.00017802
347 Sphere 0.00439478 0.00255804 0.00426027 0.000231448
348 Sphere 0.00269862 0.00582919 0.00441742 0.000172535
349 Sphere 8.53392e-05 0.000308694 0.00526847 0.000221371
350 Sphere 0.00495891 0.00127093 0.0061129 0.000191349
351 Sphere 0.00232911 0.000926163 0.00445379 0.000186902
352 Sphere 0.00328187 0.0055351 0.00146172 0.00019264
353 Sphere 0.00439135 0.004585 0.00371449 0.00017238
354 Sphere 0.00102375 0.00556465 0.00236953 0.000211008
355 Sphere 0.00297865 1.47038e-05 0.000246323 0.000174601
356 Sphere 0.000577125 0.00465976 0.00358638 0.000179787
357 Sphere 0.00397067 0.00663143 0.00571158 0.0001885
358 Sphere 0.00316781 1.39374e-05 0.00455205 0.00017709
359 Sphere 0.00209444 0.00166297 0.00149685 0.000164353
360 Sphere 0.00388864 0.00362635 0.003132 0.000160018
361 Sphere 0.00667489 0.00565523 0.00281182 0.000210059
362 Sphere 0.00363369 0.000150941 0.0054823 0.000183646
363 Sphere 0.00344131 0.00100679 0.000558517 0.000200996
364 Sphere 0.00446045 0.00193684 0.00234018 0.000231358
365 Sphere 0.00160272 0.00167372 0.00499256 0.000207992
366 Sphere 0.00249392 0.00398873 0.0020824 0.000194253
367 Sphere 0.0044686 0.00329318 0.00491289 0.000225776
368 Sphere 0.00434922 0.00196814 0.00283069 0.000209284
369 Sphere 0.000142031 0.00410866 0.00183345 0.000176098
370 Sphere 0.00640715 0.00164665 0.00591719 0.000201565
371 Sphere 0.0047662 0.00127935 0.00239713 0.000183265
372 Sphere 0.0002213 0.000841146 0.00330379 0.000200972
373 Sphere 0.00456396 0.00126622 0.000568348 0.000192207
374 Sphere 0.0042421 0.000280382 0.000441499 0.000212275
375 Sphere 0.00665478 0.00247002 0.00439207 0.000227053
376 Sphere 0.00501986 0.00221338 0.00315766 0.000229591
377 Sphere 0.00586177 0.00317947 0.000311999 0.00016797
378 Sphere 0.00327794 1.41792e-05 0.00590852 0.000160999
379 Sphere 0.00641573 0.00556882 0.00524183 0.000175597
380 Sphere 0.00209773 0.00529859 0.00624323 0.000162973
381 Sphere 0.000882515 0.00631289 0.0034325 0.000162589
382 Sphere 0.00153431 0.00591969 0.00316793 0.00017825
383 Sphere 0.00413236 0.00558614 0.00474818 0.000164102
384 Sphere 0.00436921 0.00287014 0.00208778 0.000183615
385 Sphere 0.00648432 0.00541402 0.000667831 0.000221328
386 Sphere 0.00369357 0.00631617 0.00233769 0.000215385
387 Sphere 0.00163864 0.00343872 0.00625505 0.000231185
388 Sphere 0.0023226 0.00107345 0.00479967 0.000189907
389 Sphere 0.00618172 0.00312909 0.0045302 0.000180587
390 Sphere 0.00637611 0.00220591 0.00174367 0.000174492
391 Sphere 0.000730726 0.00507245 0.000347001 0.000207772
392 Sphere 0.00258881 0.00285422 0.00268222 0.000166173
393 Sphere 0.00423763 0.00305544 0.00604949 0.000164413
394 Sphere 0.00297816 0.00357351 0.000537479 0.000224627
395 Sphere 0.000229783 0.00108927 8.91498e-07 0.000177065
396 Sphere 0.000644535 0.00230215 0.00536664 0.000166983
397 Sphere 0.00141938 0.00559537 0.00148491 0.000192921
398 Sphere 0.00663529 0.00393803 0.00332394 0.000175713
399 Sphere 0.00616964 0.00502392 0.00418577 0.000173791
400 Sphere 0.000308967 0.00343644 0.000686244 0.000185415
401 Sphere 0.00464158 0.00406431 0.00355005 0.00018704
402 Sphere 0.00386718 0.00404138 0.00550052 0.000178988
403 Sphere 0.00229036 0.00348235 0.00457832 0.000189726
404 Sphere 0.00309988 0.0017257 0.000880175 0.00019334
405 Sphere 0.00334433 0.00133113 0.000412086 0.000168181
406 Sphere 0.00102706 0.0011057 0.00560398 0.000206397
407 Sphere 0.00638385 0.0020621 0.00579673 0.000195672
408 Sphere 0.00472765 0.00147595 0.00584936 0.000187213
409 Sphere 0.00147739 0.0029896 0.00295362 0.000234337
410 Sphere 0.00464555 0.00171162 0.00487174 0.000209373
411 Sphere 0.000594456 0.00602969 0.00355786 0.000212095
412 Sphere 0.00152804 0.00653941 0.00275645 0.000234309
413 Sphere 0.00277429 0.00374318 0.00141069 0.000221074
414 Sphere 0.0029787 0.00139768 0.00284089 0.000239948
415 Sphere 0.00288432 0.00592024 0.00210171 0.000169875
416 Sphere 0.00344769 0.00293555 3.8219e-05 0.000178632
417 Sphere 0.00132219 0.00298301 0.00507966 0.000168998
418 Sphere 0.00258776 0.00497807 0.00111718 0.000180297
419 Sphere 0.0027338 0.00199089 0.00175607 0.000215773
420 Sphere 0.00132958 0.0026811 0.00361727 0.000231241
421 Sphere 0.0009065 0.00515988 0.000851127 0.000210462
422 Sphere 0.00223204 0.00494498 0.00358116 0.000216091
423 Sphere 0.00320595 0.00296927 0.00376151 0.000235491
424 Sphere 0.00645024 0.00617373 0.0045837 0.000160474
425 Sphere 0.00405426 0.000961479 0.00509366 0.000229067
426 Sphere 0.00383959 0.00101348 0.00223483 0.000165876
427 Sphere 0.00332807 0.00465597 0.00362822 0.000204604
428 Sphere 0.00237285 0.000496191 0.00230857 0.000165015
429 Sphere 0.000363199 0.00408564 0.00239909 0.000239181
430 Sphere 0.000605352 0.00651902 0.00103556 0.000229339
431 Sphere 0.00619606 0.00299731 0.000524764 0.000163149
432 Sphere 0.00634661 0.00419835 0.00364803 0.000200504
433 Sphere 0.0040258 0.00328456 0.00592441 0.000172104
434 Sphere 0.00155929 0.00641427 0.000597788 0.000223986
435 Sphere 0.00445979 0.00411377 0.00425898 0.000166537
436 Sphere 0.00431898 0.00512638 0.00438737 0.000178363
437 Sphere 0.00436168 0.00115557 0.00534749 0.000173616
438 Sphere 0.00310374 0.005911 0.00260057 0.000171068
439 Sphere 0.00451998 0.00576494 0.00603607 0.000231403
440 Sphere 0.0055861 0.00369551 0.00163987 0.000177396
441 Sphere 0.00568762 0.0014783 0.00356448 0.000161965
442 Sphere 0.00184288 0.000926077 0.000595862 0.000204349
443 Sphere 0.00544473 0.00117136 0.00167339 0.000193116
444 Sphere 0.00187227 0.000369853 0.00191565 0.000200691
445 Sphere 0.00250708 0.00514475 0.00527281 0.000206615
446 Sphere 0.00106728 0.00191619 0.00404545 0.000184082
447 Sphere 0.00270556 0.00653533 0.00193115 0.000180969
448 Sphere 0.00375721 0.00536069 0.000319009 0.000199066
449 Sphere 0.00548572 0.00310594 0.0017065 0.000208115
450 Sphere 0.00655713 0.00272464 0.00168268 0.000231709
451 Sphere 0.00549524 0.000345548 0.00497366 0.000202118
452 Sphere 0.00051914 6.65081e-05 0.00165484 0.000187803
453 Sphere 0.00408694 0.00609292 0.00222451 0.000213584
454 Sphere 0.0012267 0.000374396 0.00403779 0.00019105
455 Sphere 0.00409908 0.001987 0.000127012 0.000176118
456 Sphere 0.00391355 0.0044974 0.0010989 0.000211654
457 Sphere 0.00213735 0.00331277 0.00582478 0.000197798
458 Sphere 0.00629645 0.00611047 0.00346418 0.000229599
459 Sphere 0.0027406 0.00114831 0.00342472 0.000176726
460 Sphere 0.00399889 0.00338268 0.00469321 0.000222077
461 Sphere 0.00458006 0.00501271 0.00482225 0.000182855
462 Sphere 0.00115673 0.0050189 0.00347577 0.000161605
463 Sphere 0.00333369 0.00622734 0.00271168 0.000235773
464 Sphere 0.00465156 0.00483683 0.00520605 0.000173978
465 Sphere 0.000979954 0.000608722 0.000355378 0.000190785
466 Sphere 0.00485918 0.00415457 0.00116888 0.000192109
467 Sphere 0.00548359 0.00609488 0.00511311 0.000195109
468 Sphere 0.00071884 0.00597895 0.000467655 0.000172112
469 Sphere 0.00462797 0.00514866 0.0041222 0.000230346
470 Sphere 0.000997977 0.0027324 0.00182375 0.000202006
471 Sphere 0.000277997 0.00269199 0.00458704 0.000194849
472 Sphere 0.00210663 0.00254783 0.000963385 0.000199378
473 Sphere 0.00457022 0.00216932 0.00426361 0.000195176
474 Sphere 0.006325 0.00617676 0.00174729 0.000215199
475 Sphere 1.75835e-05 0.00658681 0.00137772 0.000160172
476 Sphere 0.00385609 0.00597675 0.00115987 0.000194764
477 Sphere 0.00350725 0.00429227 0.00261424 0.000230238
478 Sphere 0.00460693 0.00561714 0.0025719 0.000164738
479 Sphere 0.00505476 0.00580855 0.000444139 0.000227886
480 Sphere 0.00567841 0.00656272 0.00594623 0.000232962
481 Sphere 0.00542917 0.0014643 0.0023551 0.000191901
482 Sphere 0.00599458 0.00087642 0.00577584 0.000201582
483 Sphere 0.0055825 0.00203007 0.00245729 0.000200415
484 Sphere 0.00433182 0.00665053 0.00480378 0.000167262
485 Sphere 0.00341516 0.00426145 0.00361699 0.000199836
486 Sphere 0.00322335 0.00618226 0.00456012 0.000160491
487 Sphere 0.00619755 0.00572173 0.00497488 0.000166601
488 Sphere 0.00460511 0.00207342 0.00120941 0.000188892
489 Sphere 0.00597848 0.00478953 0.00370598 0.000229366
490 Sphere 0.000852369 0.00486996 0.000628337 0.000160475
491 Sphere 0.00160979 0.00282523 0.000557258 0.0001629
492 Sphere 0.00170462 0.00397695 0.00229728 0.000168082
493 Sphere 0.00124691 0.000934489 0.00303042 0.000166395
494 Sphere 0.000327567 0.00612231 0.00380879 0.000163883
495 Sphere 0.00461401 0.00428841 0.00218422 0.000184973
496 Sphere 0.0037867 0.00238796 0.00471682 0.000164025
497 Sphere 0.00205875 0.00613438 0.00236339 0.000202366
498 Sphere 0.000224464 0.000122245 0.0031425 0.000219624
499 Sphere 0.00268882 0.000876611 0.00278705 0.000161786
500 Sphere 0.00399393 0.00143772 0.00269731 0.000192022
501 Sphere 0.0049605 0.00464722 0.0030413 0.00020332
502 Sphere 0.00116348 0.00213509 0.000577287 0.000213259
503 Sphere 0.000831103 0.000546744 0.000711099 0.000201902
504 Sphere 0.00293553 0.00357234 0.00484267 0.000232256
505 Sphere 0.00142314 0.00143814 0.00366604 0.000166692
506 Sphere 0.00216191 0.00159623 0.00595691 0.000210662
507 Sphere 0.00338453 0.000708053 0.00312744 0.000221318
508 Sphere 0.00344669 0.00462433 0.00119784 0.00019104
509 Sphere 0.00133432 0.00358384 0.00339344 0.000165715
510 Sphere 0.0017546 0.00254284 0.00537918 0.000167982
511 Sphere 0.0052747 0.00322769 0.00504652 0.000168301
512 Sphere 0.00556796 0.00249176 0.00403146 0.000218315
513 Sphere 0.00201919 0.0017727 0.00479417 0.000206321
514 Sphere 0.00315762 0.0053669 0.00220344 0.000199596
515 Sphere 0.00344808 0.00465109 0.00536076 0.000186901
516 Sphere 0.00520088 0.000707195 0.00249558 0.000173292
517 Sphere 0.000192668 0.00256087 0.00328457 0.000195118
518 Sphere 0.00422555 0.00531157 0.00283009 0.000185729
519 Sphere 0.00109832 0.00265313 0.00500769 0.000236221
520 Sphere 0.00557087 0.00453866 0.0056332 0.000166819
521 Sphere 0.00348315 0.00381135 0.00111924 0.000212423
522 Sphere 0.00364891 0.00297108 0.00360839 0.000226311
523 Sphere 7.54703e-05 0.00076256 0.000740546 0.000220704
524 Sphere 0.004904 0.00349476 0.00417164 0.000164954
525 Sphere 0.00459967 0.00497544 0.000211801 0.000167898
526 Sphere 0.00563908 0.00655055 0.0025929 0.000165653
527 Sphere 0.00591735 9.80736e-05 0.00264848 0.00022279
528 Sphere 0.00100774 0.0056847 0.00353128 0.000221645
529 Sphere 0.00131385 0.00638131 0.00529575 0.000184103
530 Sphere 0.00555301 0.00580578 0.0048313 0.000195055
531 Sphere 0.00309421 0.00029532 0.00601933 0.000167041
532 Sphere 0.0050188 0.00315046 0.000221166 0.000229891
533 Sphere 0.00532439 0.00428049 0.00151219 0.000181633
534 Sphere 0.00288624 0.000627433 0.000884157 0.000194711
535 Sphere 0.00617018 0.00538816 0.000359554 0.000216052
536 Sphere 0.00352211 0.00103219 0.00582294 0.000167673
537 Sphere 0.000926205 0.00308743 0.00448422 0.000212031
538 Sphere 0.00138661 0.00063014 0.00556733 0.000165725
539 Sphere 0.00105283 0.00113595 0.002844 0.000170813
540 Sphere 0.000347078 0.00177888 0.00390163 0.000233435
541 Sphere 0.00540976 0.00401713 0.00611638 0.000170894
542 Sphere 0.00451281 0.00294104 0.00520384 0.000232954
543 Sphere 0.00448366 0.0039092 0.00517862 0.000183313
544 Sphere 0.00490313 0.0036784 0.00473449 0.000191055
545 Sphere 0.00405103 0.00293738 0.00146757 0.000173849
546 Sphere 0.000939347 0.000519239 0.00418571 0.000163537
547 Sphere 0.00101874 0.00238932 0.000882608 0.000209728
548 Sphere 0.00296616 0.0027052 0.00399214 0.000190798
549 Sphere 0.00365105 0.00147953 0.00223188 0.000229549
550 Sphere 0.00337268 0.00660546 0.00485205 0.000197581
551 Sphere 0.00528873 0.00417988 0.00343665 0.000233056
552 Sphere 0.00357727 0.00311655 0.00281731 0.00019368
553 Sphere 0.0032807 0.00128135 0.00468002 0.000228724
554 Sphere 0.00502362 0.00630943 0.00288559 0.000190101
555 Sphere 0.00058816 0.00286375 0.00186748 0.000174394
556 Sphere 0.00649993 0.00596878 0.00434233 0.00016192
557 Sphere 0.00468303 0.00496962 0.00585633 0.000210812
558 Sphere 0.00156205 0.0034897 0.00317235 0.000162618
559 Sphere 0.00393133 0.00278129 2.06685e-05 0.000165553
560 Sphere 0.00384836 0.00204217 0.0032031 0.000160573
561 Sphere 0.00334272 0.00212582 0.000402754 0.000161358
562 Sphere 0.00597799 0.00243617 0.0050653 0.00022601
563 Sphere 0.00148694 0.00234224 0.00227879 0.000180815
564 Sphere 0.00654561 0.00062765 0.00041228 0.000190136
565 Sphere 0.00170727 0.000710617 0.00166237 0.000214777
566 Sphere 0.00385475 0.00372776 0.00280391 0.000186053
567 Sphere 0.00571463 0.00662975 0.000645347 0.000172317
568 Sphere 0.00197685 0.00351867 0.00607217 0.000163048
569 Sphere 0.000258933 0.00213097 0.00444658 0.000181134
570 Sphere 0.00281622 0.00569027 0.00350048 0.000163582
571 Sphere 0.00115225 0.00218101 0.00158816 0.000167805
572 Sphere 0.0056479 0.000841014 0.00162245 0.000162385
573 Sphere 0.0062646 0.00154752 0.000479217 0.00017283
574 Sphere 0.0036834 0.00132208 0.00282537 0.000165272
575 Sphere 0.00331598 0.00471328 0.00299542 0.000171421
576 Sphere 0.00571481 0.00371969 0.00536289 0.000178562
577 Sphere 0.000599756 0.000570616 0.00565532 0.000171195
578 Sphere 0.00603083 0.000406457 0.00223603 0.000164517
579 Sphere 0.00162777 0.000193651 0.00218999 0.000210257
580 Sphere 0.000939619 0.00431608 0.00103774 0.000216889
581 Sphere 0.00513261 0.00449232 0.00270443 0.000189724
582 Sphere 0.00665012 0.0036859 0.00185742 0.000212191
583 Sphere 0.00565249 0.00139539 0.000243006 0.000200353
584 Sphere 0.0057746 0.00611188 0.00539118 0.000176802
585 Sphere 0.0041799 0.00549683 0.00586151 0.000227456
586 Sphere 0.00531428 0.00460573 0.0058623 0.000183479
587 Sphere 0.00301233 0.0060147 0.000156598 0.000190095
588 Sphere 0.0042204 0.00363299 0.00232698 0.000199693
589 Sphere 0.00549097 0.00664308 0.00295517 0.000238122
590 Sphere 0.00283537 0.00631281 0.000270782 0.000167991
591 Sphere 0.00417581 0.00205949 0.000712678 0.000163382
592 Sphere 0.00172 0.0055429 0.00127146 0.000161014
593 Sphere 0.00589457 0.0014138 0.00381686 0.000172039
594 Sphere 0.00162004 0.000783166 0.00405355 0.000218567
595 Sphere 0.00114844 0.00178336 0.000755412 0.000181745
596 Sphere 0.00389933 0.0040567 0.00258612 0.000211442
597 Sphere 0.0022826 0.000355363 0.00198142 0.000203271
598 Sphere 0.00335817 0.00177626 0.00236232 0.000192326
599 Sphere 0.00076105 0.0049422 0.00196104 0.000171208
600 Sphere 0.00445951 0.00598669 0.00314081 0.000166539
601 Sphere 0.000136362 0.00584061 0.00443392 0.000189392
602 Sphere 0.00429795 0.000541953 0.00284523 0.000202292
603 Sphere 0.00356427 0.00238404 0.00112387 0.000220818
604 Sphere 0.00218304 0.00191621 0.00045044 0.000170611
605 Sphere 0.0020947 0.00120225 0.00599799 0.000188623
606 Sphere 0.0029171 0.00507388 0.00204437 0.000208538
607 Sphere 0.00325501 0.0042342 0.00596928 0.000160726
608 Sphere 0.00579685 0.00429421 0.00161016 0.000180854
609 Sphere 0.000835508 0.00255166 4.93793e-06 0.000217592
610 Sphere 0.00375798 0.0051518 0.0032848 0.000194411
611 Sphere 0.00356232 0.00611563 0.00305971 0.000195799
612 Sphere 0.00118079 0.00252277 0.00596264 0.000189444
613 Sphere 0.00253039 0.00199012 0.00360884 0.000181647
614 Sphere 0.00140098 0.00623584 0.00585042 0.000223497
615 Sphere 0.00591483 0.001315 0.00469885 0.000160444
616 Sphere 0.00247279 0.000932854 0.00409101 0.000179385
617 Sphere 0.00620567 0.00127429 0.000241337 0.000194837
618 Sphere 0.00176562 0.00133876 0.000603062 0.000183201
619 Sphere 0.00284654 0.0036913 0.00297877 0.000173335
620 Sphere 0.00416215 0.00590493 0.00357153 0.000235876
621 Sphere 0.00235668 0.00544656 0.0060705 0.000183459
622 Sphere 0.000746162 0.000258933 0.00415316 0.000163116
623 Sphere 0.00144206 0.00662669 0.00124548 0.000205287
624 Sphere 0.00505638 0.0035974 0.00572273 0.000167434
625 Sphere 0.00315734 0.00174301 0.00430066 0.000197736
626 Sphere 0.00500304 0.00468592 0.0052397 0.000177544
627 Sphere 0.000171912 0.00350774 0.00546021 0.000184122
628 Sphere 0.00528909 0.00618588 0.00403946 0.000187705
629 Sphere 0.000688314 0.00407065 0.00456823 0.000187884
630 Sphere 0.00287175 0.00547241 0.00142201 0.000225605
631 Sphere 0.00119893 0.000181645 0.00154732 0.000183123
632 Sphere 0.00217678 0.00141116 0.00555332 0.000234744
633 Sphere 0.0018123 0.000668086 0.00124029 0.000223636
634 Sphere 0.00651634 0.00585637 0.00366041 0.000160382
635 Sphere 0.00576029 0.00399638 0.00489661 0.00016684
636 Sphere 0.00551916 0.0045941 0.00462165 0.00019951
637 Sphere 0.00454881 0.00489997 0.00279351 0.000178464
638 Sphere 0.000962898 0.00353421 0.00187954 0.000173073
639 Sphere 0.00569397 0.00462797 0.000810688 0.000206747
640 Sphere 0.00468407 0.00133884 0.00498777 0.000174781
641 Sphere 0.000534846 0.00284606 0.000102966 0.000199809
642 Sphere 0.00618958 0.00260059 0.00608115 0.000211653
643 Sphere 0.00319901 0.00557446 0.00454981 0.000204648
644 Sphere 0.00623422 0.00466239 0.000139266 0.000220576
645 Sphere 0.00125236 0.00457336 0.00275637 0.000236767
646 Sphere 0.00116489 0.000178483 0.00275724 0.000229708
647 Sphere 0.00287766 0.00380903 0.00390822 0.000195606
648 Sphere 0.000488423 0.00446254 0.00516606 0.000197461
649 Sphere 0.004164 0.00357929 0.000377031 0.000187273
650 Sphere 9.85302e-05 0.00260317 0.0055124 0.000170929
651 Sphere 0.00658272 0.00641177 0.00323999 0.000178208
652 Sphere 0.000376213 0.00202987 0.00124389 0.000171527
653 Sphere 0.00117115 0.00630979 0.000457485 0.000193891
654 Sphere 0.0025545 0.00261943 0.000292487 0.00018538
655 Sphere 0.00321525 0.000610025 0.00584565 0.000197865
656 Sphere 0.00106725 0.000289937 0.00521184 0.000165501
657 Sphere 0.00367376 0.00655091 0.00430486 0.000185027
658 Sphere 0.0033956 0.00647103 0.00451138 0.000170957
659 Sphere 0.00248837 0.00262205 0.00554283 0.000180158
660 Sphere 0.00517691 0.00189726 0.00522057 0.000203822
661 Sphere 0.00301625 0.00311258 0.00191386 0.00017388
662 Sphere 0.00182625 0.00139795 0.00475927 0.000217335
663 Sphere 0.00126631 0.00195802 0.0022036 0.000189799
664 Sphere 0.00331996 0.00667298 0.00319485 0.000196579
665 Sphere 0.00508399 0.0028983 0.00483692 0.000173833
666 Sphere 0.00655208 0.00376843 0.00127559 0.000164217
667 Sphere 0.00159848 0.00291661 0.000214733 0.000192404
668 Sphere 0.00569014 0.00545277 0.00299096 0.000164555
669 Sphere 0.00164998 0.00303961 0.00330422 0.000160939
670 Sphere 0.00245634 0.00314746 0.00587078 0.000162176
671 Sphere 0.00412332 0.00164623 5.5406e-05 0.000173321
672 Sphere 0.000176908 0.00382214 0.00301575 0.000176748
673 Sphere 0.00218205 0.00384194 0.00471479 0.000209566
674 Sphere 0.00356689 0.00492852 0.00146868 0.000234811
675 Sphere 0.00354259 0.000162876 0.00616366 0.000235564
676 Sphere 0.00553172 0.00543128 0.00501075 0.000221684
677 Sphere 0.00119759 0.000588485 1.72834e-05 0.000213599
678 Sphere 0.00348567 0.00506127 0.000305897 0.000204387
679 Sphere 0.00629509 0.0065343 0.000193213 0.000165828
680 Sphere 0.000994406 0.00120415 0.00385397 0.000179417
681 Sphere 0.00221126 0.00323194 0.00293914 0.000172378
682 Sphere 0.0040928 0.00626871 0.00188824 0.000166268
683 Sphere 0.00123075 0.00644523 0.00435366 0.000235114
684 Sphere 0.00665343 0.00555565 0.00103042 0.000204025
685 Sphere 0.00587449 0.00518282 0.00485549 0.000187535
686 Sphere 0.00185831 0.00576246 0.00331929 0.000213294
687 Sphere 0.00592681 0.00219093 0.00296047 0.000204357
688 Sphere 0.00523451 0.00381933 0.00188916 0.00017827
689 Sphere 0.00307531 1.34236e-05 0.00138886 0.000192733
690 Sphere 0.00361505 0.00616386 0.00449825 0.000206219
691 Sphere 0.00511897 9.69806e-05 0.000861349 0.000161421
692 Sphere 0.00489257 0.00540804 0.00478713 0.000206429
693 Sphere 0.00593255 0.00259101 0.00133736 0.000178995
694 Sphere 0.00552897 0.00376507 0.00486661 0.000161764
695 Sphere 0.00641462 0.00532863 0.00283083 0.000208708
696 Sphere 0.00647056 0.00313546 0.00318539 0.000179698
697 Sphere 0.0050944 0.00530259 0.000567638 0.000195316
698 Sphere 0.00603644 0.0019051 0.00584416 0.000189651
699 Sphere 0.00195125 0.00321647 0.00089241 0.000196959
700 Sphere 0.00261805 0.00350214 0.00167857 0.000172579
701 Sphere 0.00624546 0.000198088 0.0054909 0.000174808
702 Sphere 0.00217946 0.00627847 0.0055354 0.000220607
703 Sphere 0.00385752 0.00203518 0.00478527 0.000202301
704 Sphere 0.00137369 0.00280505 0.00210295 0.000182306
705 Sphere 0.000294006 0.00662133 0.000316855 0.000193858
706 Sphere 0.004553 0.00483278 0.0024127 0.000207093
707 Sphere 0.00150166 0.000502894 0.00196858 0.000190756
708 Sphere 0.00379218 0.00660906 0.00117089 0.000162612
709 Sphere 0.00200976 0.00292247 0.0052176 0.000225696
710 Sphere 0.0057276 0.00293134 2.88258e-05 0.000233203
711 Sphere 0.00640678 0.00443161 0.0014471 0.000163434
712 Sphere 0.00282796 0.00255232 0.000850892 0.000167261
713 Sphere 0.00243616 0.00221361 0.00625802 0.000192555
714 Sphere 0.00415114 0.00606204 0.00396258 0.000186645
715 Sphere 0.0023646 0.00143408 0.00283663 0.000203199
716 Sphere 0.00275733 0.00226486 0.0027113 0.000185351
717 Sphere 0.00111 0.00603024 0.0007108 0.00018857
718 Sphere 0.00387678 0.0036046 0.0057292 0.000231682
719 Sphere 0.00447785 0.000588141 0.000744696 0.00022237
720 Sphere 0.00168313 0.00435003 0.00420116 0.000174009
721 Sphere 0.00107919 0.00126154 0.006001 0.000218842
722 Sphere 0.000161028 0.00572235 0.00138239 0.000181071
723 Sphere 0.00614547 0.00276315 0.0035408 0.000175195
724 Sphere 0.00375109 0.00662929 0.0026448 0.000228115
725 Sphere 0.00550995 0.0058608 0.00251327 0.000204966
726 Sphere 0.000957612 0.0010664 0.00166879 0.000168437
727 Sphere 0.000919265 0.00623708 0.0042069 0.000164586
728 Sphere 0.000956692 0.00386395 0.0019656 0.000168924
729 Sphere 0.0014548 0.00102473 0.0055116 0.000238702
730 Sphere 0.00487749 0.00362364 0.00538161 0.000216932
731 Sphere 0.00433191 0.00218079 0.00144707 0.000188868
732 Sphere 0.00386816 0.0064148 0.00168101 0.000175452
733 Sphere 0.00339289 0.006393 0.00521722 0.000226224
734 Sphere 0.00413204 0.00608815 0.00265641 0.000169944
735 Sphere 0.0047414 0.00233776 0.00610136 0.000180399
736 Sphere 0.00608264 0.00611185 0.00455014 0.000214287
737 Sphere 0.00223549 0.00438709 0.00200729 0.000167048
738 Sphere 0.00140666 0.00650766 0.000189665 0.000214057
739 Sphere 0.00325806 0.000421607 0.00537628 0.000193075
740 Sphere 0.000529589 0.00142744 0.00109995 0.000167532
741 Sphere 0.00535121 0.00317328 0.000823562 0.000209916
742 Sphere 0.00405861 0.0015146 0.00121486 0.000197279
743 Sphere 0.00230896 0.00314363 0.00443292 0.000176595
744 Sphere 0.00473492 0.00414573 0.00621365 0.000166067
745 Sphere 0.00520032 0.00396579 0.0030898 0.000176335
746 Sphere 0.00162046 0.00363718 0.00371149 0.000206201
747 Sphere 0.00126582 0.00411764 0.00163303 0.00021627
748 Sphere 0.00243225 0.00106704 0.00293721 0.000183442
749 Sphere 0.00507971 0.00180154 0.00302942 0.000206282
750 Sphere 0.00288694 0.00233431 0.00478789 0.000204378
751 Sphere 0.00147048 0.00384988 0.00559367 0.000181426
752 Sphere 0.00414091 0.0049284 0.00202817 0.00019157
753 Sphere 0.00435107 0.00201819 0.00497888 0.000230293
754 Sphere 0.00108317 0.00407495 0.00441485 0.000222304
755 Sphere 0.00040889 0.00595738 0.000109217 0.00017782
756 Sphere 0.00233902 0.00479344 0.000841257 0.000235615
757 Sphere 0.00162943 0.00597967 0.00400759 0.000166839
758 Sphere 0.00452551 9.94155e-06 0.00366586 0.000180907
759 Sphere 0.00267779 0.00545853 0.000367759 0.000171466
760 Sphere 0.00375498 0.00170289 0.00435549 0.00016032
761 Sphere 0.00347984 0.00398116 0.00529048 0.000236976
762 Sphere 0.0026893 0.00291378 0.00150781 0.000163213
763 Sphere 0.00223641 0.00396654 0.00601461 0.000202893
764 Sphere 0.00444608 0.00549586 0.000376112 0.000176465
765 Sphere 0.00151516 0.00501246 0.00329842 0.000216314
766 Sphere 0.00146948 0.00509044 0.000511077 0.000163887
767 Sphere 0.0048764 0.00164316 0.00226314 0.00021924
768 Sphere 0.00429763 0.00567747 0.00316809 0.000184046
769 Sphere 0.001729 0.00167743 0.00414711 0.000193093
770 Sphere 0.000647154 0.00334964 0.000318782 0.000177708
771 Sphere 0.00306452 0.00106173 0.00520578 0.000224655
772 Sphere 0.00298763 0.00409197 0.00574107 0.000220404
773 Sphere 0.00127812 0.00192755 0.00325838 0.000172785
774 Sphere 0.0025861 0.00367457 0.00054754 0.000180347
775 Sphere 0.00623928 0.00347211 0.00292271 0.000190052
776 Sphere 0.00214408 0.00199265 0.00513246 0.000218335
777 Sphere 0.00244937 0.00356353 0.00343592 0.000219154
778 Sphere 0.000650179 0.00663901 0.00554892 0.000165767
779 Sphere 0.00330217 0.00586745 0.00497349 0.000190181
780 Sphere 0.00510488 0.00656952 0.00413019 0.00023303
781 Sphere 0.00074396 0.00607825 0.00113619 0.000166912
782 Sphere 0.00284767 0.00243637 0.00427878 0.000220478
783 Sphere 0.00631648 0.00272502 0.000781245 0.000229838
784 Sphere 0.00525413 0.000429144 0.000950449 0.000208934
785 Sphere 0.00225452 0.00661298 0.0044986 0.000172586
786 Sphere 0.0065643 0.00442309 0.00436559 0.000191991
787 Sphere 0.000412325 0.00297958 0.00489601 0.00016326
788 Sphere 0.00610114 0.00191311 0.000538434 0.000180319
789 Sphere 0.00619752 0.00400183 0.00487068 0.000218377
790 Sphere 0.00528907 0.00189092 0.0062306 0.000230256
791 Sphere 0.00559753 0.00653695 0.00148388 0.000163965
792 Sphere 0.000261531 0.00294865 0.00606245 0.000220393
793 Sphere 0.00491562 0.00119398 0.000515757 0.000170817
794 Sphere 0.00155856 0.00039243 0.00331697 0.000160027
795 Sphere 0.000793344 0.000594618 0.00533626 0.000201614
796 Sphere 0.00461592 0.000428474 0.00415482 0.000167731
797 Sphere 0.00251223 0.00172303 0.00588 0.000168704
798 Sphere 0.00315878 0.00421042 0.00179693 0.000218997
799 Sphere 0.00010817 0.00101844 0.00131145 0.000230849
800 Sphere 0.00169231 0.00250448 0.00576116 0.000171446
801 Sphere 0.00514867 0.0037412 0.00620557 0.000220559
802 Sphere 0.0046639 0.00580927 0.00107598 0.000172054
803 Sphere 0.00638932 0.00393639 0.00390032 0.000167094
804 Sphere 0.00165013 1.79986e-05 0.00603456 0.000187755
805 Sphere 0.00563989 0.00118201 0.000672637 0.000165634
806 Sphere 0.00527601 0.00144174 0.00514063 0.000215093
807 Sphere 0.00110264 0.00372471 0.000886082 0.00022666
808 Sphere 0.00308638 0.00174089 0.00212471 0.000170635
809 Sphere 0.00655676 0.00252543 0.00241197 0.000175297
810 Sphere 0.00119766 0.00647257 0.00179852 0.000164339
811 Sphere 0.00351293 0.00337823 0.00228297 0.000195797
812 Sphere 0.00559545 0.00503758 0.000286439 0.000187564
813 Sphere 0.00534601 0.00646211 0.00171678 0.000188409
814 Sphere 0.00172087 0.00591027 0.0052159 0.000226804
815 Sphere 0.00633157 0.000571096 0.00506843 0.000227025
816 Sphere 0.00359076 0.0011473 0.00521433 0.00020303
817 Sphere 0.00359467 0.00445072 0.00329692 0.000213415
818 Sphere 0.00532634 0.00244386 0.00207073 0.000174117
819 Sphere 0.00659403 0.00640859 0.00609106 0.000183892
820 Sphere 0.00425446 0.00031849 0.00451038 0.000217265
821 Sphere 0.00491426 0.000953271 0.003709 0.000180159
822 Sphere 0.00590767 0.000204394 0.00404772 0.000189451
823 Sphere 0.00460443 0.00149721 0.00161376 0.000184835
824 Sphere 0.00667138 0.00238499 0.00400029 0.000175987
825 Sphere 0.0059465 0.00484121 0.00253961 0.000163317
826 Sphere 0.00167819 0.00225736 0.00517313 0.000192602
827 Sphere 0.00359867 0.0026581 0.00482617 0.000167778
828 Sphere 0.00373308 0.00560869 0.00133261 0.00023045
829 Sphere 0.00500078 0.00331483 0.00323156 0.000197702
830 Sphere 0.00251965 0.0047963 0.00464679 0.000169037
831 Sphere 0.00532523 0.00377697 0.000991735 0.000212456
832 Sphere 0.00171605 0.00516498 0.0030048 0.00017264
833 Sphere 0.00468656 0.00356026 0.00133482 0.000237497
834 Sphere 0.00092086 0.00180538 0.00106291 0.000193805
835 Sphere 0.00441833 0.00359885 0.000125344 0.000169748
836 Sphere 0.000966447 0.00158355 0.00136622 0.000184516
837 Sphere 0.00178004 0.00221551 0.000988993 0.000164482
838 Sphere 0.0062983 0.00511377 0.0035953 0.000163159
839 Sphere 0.00524767 0.00368852 0.00261708 0.000181065
840 Sphere 0.00058095 0.00591305 0.00312358 0.000239577
841 Sphere 0.00222851 0.00236572 0.000330792 0.000230651
842 Sphere 6.16009e-05 0.00513613 0.000985059 0.000219931
843 Sphere 0.000165529 0.0017457 0.00145176 0.000178687
844 Sphere 0.00271992 0.00589368 0.00620701 0.000168413
845 Sphere 0.00494357 0.000529676 0.00228328 0.000203289
846 Sphere 0.00468429 0.00516946 0.00620632 0.000174102
847 Sphere 0.00313882 0.00505096 0.000103457 0.000198285
848 Sphere 0.00386244 0.00088675 0.00177387 0.00016278
849 Sphere 0.00458518 0.00164261 0.00619333 0.000221886
850 Sphere 0.00665533 0.00346719 0.00148726 0.000218852
851 Sphere 0.00275377 0.00618663 0.00195076 0.000163077
852 Sphere 0.00412249 0.000686725 0.000594056 0.000177303
853 Sphere 0.000534677 0.00624475 0.00485314 0.00020887
854 Sphere 0.000771363 0.00525486 0.0015467 0.000223649
855 Sphere 0.00640708 0.00582437 0.000969346 0.000166388
856 Sphere 0.00276607 0.00452833 0.0024488 0.00017903
857 Sphere 0.000846137 0.00571308 0.00110646 0.000206994
858 Sphere 0.0037942 0.000774231 0.00104743 0.000233927
859 Sphere 0.00556317 0.0015232 0.00552682 0.000163331
860 Sphere 0.000279067 0.00222145 0.000945143 0.000187986
861 Sphere 0.00266595 0.00188671 0.00561536 0.000178279
862 Sphere 9.16403e-05 0.00211973 0.00333947 0.000207345
863 Sphere 0.00292163 0.00342087 0.0041085 0.000211172
864 Sphere 0.00470073 0.00639445 0.00182138 0.000167928
865 Sphere 0.00664433 0.0018611 0.000255115 0.000210214
866 Sphere 0.00434921 0.00460546 0.00195634 0.000190684
867 Sphere 0.00599695 0.000696186 0.00428897 0.000186867
868 Sphere 0.00134955 0.00372239 0.00439839 0.000220023
869 Sphere 0.00506533 0.00360256 0.00387166 0.000184422
870 Sphere 0.00333604 0.00585679 0.00434492 0.000170475
871 Sphere 0.000787545 0.000259597 0.00555558 0.000200019
872 Sphere 0.00645501 0.00192916 0.0048161 0.000215846
873 Sphere 0.00514003 0.00414611 0.00178744 0.000176147
874 Sphere 0.0038189 0.00581861 0.00547997 0.000166397
875 Sphere 0.00169241 0.00608631 0.00188356 0.000168497
876 Sphere 0.00573126 0.00502541 0.00399766 0.000217057
877 Sphere 0.00249965 0.00141996 0.00420633 0.000235051
878 Sphere 0.000198251 0.00186018 0.0027067 0.000202374
879 Sphere 0.00357082 0.00119646 0.00142884 0.000178696
880 Sphere 0.00221732 0.00425257 0.00536192 0.000160871
881 Sphere 0.000818531 0.00281946 0.000340924 0.000171466
882 Sphere 0.00652508 0.00174361 0.000600333 0.000175118
883 Sphere 0.00176116 0.00388464 0.00458642 0.000171269
884 Sphere 0.00185183 0.00131665 0.00293117 0.00017964
885 Sphere 0.0059153 0.00360344 0.00275971 0.000180492
886 Sphere 0.00393025 0.00432924 0.00599461 0.000164512
887 Sphere 0.00420975 0.00467442 0.00229934 0.000187296
888 Sphere 0.000446267 0.00592435 0.00154481 0.000205348
889 Sphere 0.00334928 0.00229842 0.000704821 0.000187515
890 Sphere 0.00312678 0.00114402 0.0020527 0.000161835
891 Sphere 0.00281494 0.00105315 0.00220276 0.000192099
892 Sphere 0.00467304 0.00128624 0.00376861 0.000190636
893 Sphere 0.00463261 0.00571781 0.00330521 0.000174933
894 Sphere 0.00214114 0.00638767 0.0051541 0.000166423
895 Sphere 0.00488838 0.0035163 0.00600631 0.00017262
896 Sphere 0.00111102 0.00337346 0.00213532 0.00016379
897 Sphere 0.00380397 0.00551716 0.00350514 0.000224963
898 Sphere 0.00524106 0.00651627 0.00257801 0.000231935
899 Sphere 0.00284833 0.00645139 0.0057146 0.000172211
900 Sphere 0.00206391 0.00279487 0.00354701 0.000177358
901 Sphere 0.000816828 0.00360911 0.00565797 0.000182394
902 Sphere 0.00178392 0.00121453 0.0052328 0.000233668
903 Sphere 0.00128641 0.00590432 0.00611269 0.000214708
904 Sphere 0.00391987 0.00322106 0.00164662 0.000168382
905 Sphere 0.00625528 0.000696424 0.0055374 0.0001951
906 Sphere 0.00433252 0.00319653 0.003402 0.000164949
907 Sphere 0.00610765 0.00289206 0.00261488 0.000191771
908 Sphere 0.00155896 0.00424157 0.00498015 0.000187438
909 Sphere 0.00410369 0.00116335 0.0033257 0.000239844
910 Sphere 0.00189623 0.00419113 0.00246155 0.000160579
911 Sphere 0.00150456 0.00277306 0.00175523 0.000191536
912 Sphere 0.00451571 0.00162861 0.00536682 0.000212832
913 Sphere 0.00481034 0.00468359 0.00269646 0.000174876
914 Sphere 0.00235631 0.00649659 0.00169698 0.000174435
915 Sphere 0.00490402 0.00666405 0.0049916 0.000208936
916 Sphere 0.00335619 0.00421984 0.00561869 0.000188497
917 Sphere 0.000912688 0.00105683 0.00457369 0.000167547
918 Sphere 0.00323123 0.00142171 0.00239852 0.000178252
919 Sphere 0.00284272 0.00560839 0.00496129 0.000211167
920 Sphere 0.00224811 0.00471062 0.00280244 0.000195146
921 Sphere 0.000736814 0.00430299 0.00493612 0.000176863
922 Sphere 0.00105709 0.0059959 0.00130066 0.000196422
923 Sphere 0.00650542 0.00576131 0.000486335 0.000171327
924 Sphere 0.0059397 0.0058878 0.00259014 0.000168608
925 Sphere 0.00425457 0.00541055 0.00249606 0.000161907
926 Sphere 0.00470595 0.00287508 0.00101709 0.000220205
927 Sphere 0.000568116 0.00385962 0.00543017 0.000238898
928 Sphere 0.00359345 0.00174764 0.00408022 0.000162244
929 Sphere 0.00210893 0.00456644 0.00139674 0.000235484
930 Sphere 0.005377 0.00280022 0.000928616 0.000178612
931 Sphere 0.00102578 0.00157667 0.00621318 0.000164209
932 Sphere 0.00122873 0.00401239 0.0034393 0.000170695
933 Sphere 0.00189812 0.000509038 0.00427836 0.000232538
934 Sphere 0.00148594 0.00407418 0.00430224 0.000170559
935 Sphere 0.00343907 0.00585767 0.00284031 0.000164184
936 Sphere 0.00255797 0.0013041 0.00516755 0.000221513
937 Sphere 0.00248985 0.00630136 0.00211096 0.000166466
938 Sphere 0.00395317 0.00175199 0.00330379 0.000164086
939 Sphere 0.0024539 0.00418079 0.000799929 0.000173523
940 Sphere 0.00391582 0.00305377 0.00439975 0.000226726
941 Sphere 0.001086 0.00568396 0.00460898 0.000204502
942 Sphere 0.00600681 0.00334756 0.00484322 0.000160741
943 Sphere 0.00180895 0.00403732 0.00414192 0.000168241
944 Sphere 0.00460529 0.000407326 0.00353559 0.000201509
945 Sphere 0.00459144 0.00312876 0.00219806 0.000174815
946 Sphere 0.00613483 0.00324031 0.00173552 0.000211288
947 Sphere 0.00167398 0.00356681 0.00554028 0.000171231
948 Sphere 0.00507009 0.00671405 0.00624574 0.000203733
949 Sphere 0.000138365 0.00426317 0.00035158 0.000234677
950 Sphere 0.00191366 0.00454601 0.00344228 0.000202082
951 Sphere 0.00465369 0.00614383 0.000965506 0.00018109
952 Sphere 0.00129278 0.00159624 0.00194936 0.000237539
953 Sphere 0.00259883 0.00035934 0.00501719 0.000219116
954 Sphere 0.00517494 0.00292134 0.00518374 0.000181884
955 Sphere 0.00583485 0.000559957 0.00459806 0.000190612
956 Sphere 0.00525502 0.00668332 0.00340735 0.000199019
957 Sphere 0.00553346 0.00478252 0.00323878 0.000160273
958 Sphere 0.00429717 0.00286079 0.00577728 0.000160046
959 Sphere 0.000214311 0.00152733 0.00478084 0.00016116
960 Sphere 0.00149632 0.00448466 0.00198084 0.000217607
961 Sphere 0.00192277 0.00318861 0.00450062 0.000219072
962 Sphere 0.00100029 0.000293433 0.00213152 0.000164648
963 Sphere 0.00269161 0.00437523 0.00486119 0.000191263
964 Sphere 0.00169883 0.00161284 0.00173198 0.000170059
965 Sphere 0.0015823 0.0063448 0.00409987 0.000210578
966 Sphere 0.00500675 0.00463138 0.00559296 0.000183358
967 Sphere 0.00413829 0.00256543 0.00605064 0.000171346
968 Sphere 0.00141879 0.00594651 0.00222372 0.000214805
969 Sphere 0.00272027 7.56007e-05 0.00624164 0.000200422
970 Sphere 0.00658458 0.00461185 0.00199246 0.000172971
971 Sphere 0.00192555 0.00152417 0.000338438 0.000163069
972 Sphere 0.00500854 0.00449793 0.00338344 0.000173309
973 Sphere 0.00440328 0.00638503 0.00407868 0.000228916
974 Sphere 0.0064006 0.00280674 0.00540589 0.000168806
975 Sphere 0.004282 0.00252415 0.00217147 0.000179662
976 Sphere 0.000384806 0.00583296 0.00224236 0.000194147
977 Sphere 0.00489384 0.00124361 0.000870219 0.000188666
978 Sphere 0.00420153 0.000295967 1.73493e-05 0.000161599
979 Sphere 0.00334345 0.00240478 0.00596873 0.00018665
980 Sphere 0.00176387 0.00522324 0.00527402 0.000187207
981 Sphere 0.00342695 0.00621374 0.00171679 0.000202564
982 Sphere 0.00528206 0.00654083 0.00138249 0.000163802
983 Sphere 0.00225656 0.00545463 0.00416572 0.000186799
984 Sphere 0.00227764 0.00640265 0.00277263 0.00016503
985 Sphere 0.00462159 0.000296949 0.00483052 0.000161106
986 Sphere 0.00251642 0.00447169 0.00456483 0.000166415
987 Sphere 0.00539491 0.00584447 0.00451357 0.000162231
988 Sphere 0.00020907 0.00261942 0.00493125 0.000163943
989 Sphere 0.00288313 0.00128293 0.0048747 0.000214701
990 Sphere 0.00316868 0.00564375 0.00530162 0.000230406
991 Sphere 0.00587914 0.00462318 0.00277367 0.000164151
992 Sphere 0.00153276 0.00117329 0.00417027 0.000175551
993 Sphere 0.00528744 0.000300139 0.00309224 0.000196665
994 Sphere 0.00116398 0.00271373 0.000216282 0.000200035
995 Sphere 0.00313022 0.0031328 0.0061937 0.000210508
996 Sphere 0.00103911 0.00378327 0.00162808 0.000189262
997 Sphere 0.00136478 0.00633362 0.00208678 0.000197768
998 Sphere 0.00300493 0.000408454 0.00247532 0.000208583
999 Sphere 6.87535e-05 0.000978737 0.00188518 0.000180324
1000 Sphere 0.00404455 0.00661829 0.00498462 0.000173991
1001 Sphere 0.00241629 0.00330268 0.00623311 0.000236553
1002 Sphere 0.00114599 0.000200878 0.00114989 0.00021884
1003 Sphere 0.00416417 0.00312724 0.00245876 0.000231996
1004 Sphere 0.00274915 0.00620763 0.00312212 0.000175786
1005 Sphere 0.00165964 0.00043368 0.00466291 0.000226015
1006 Sphere 0.00406689 0.00367611 0.00444352 0.000164362
1007 Sphere 0.0020993 0.00567202 0.00256704 0.000231778
1008 Sphere 0.00502304 0.000165992 0.000552481 0.000171656
1009 Sphere 0.00504088 0.00326925 0.00534551 0.000175672
1010 Sphere 0.00646994 0.00619096 0.00579572 0.00020349
1011 Sphere 0.00599191 0.00289574 0.00155969 0.000173047
1012 Sphere 0.00627269 0.00370843 0.00253609 0.000214461
1013 Sphere 0.00361735 0.00364232 0.0050427 0.000205623
1014 Sphere 0.00186679 0.000337743 0.00568608 0.00017939
1015 Sphere 0.00473478 0.00112906 0.00525899 0.000171992
1016 Sphere 0.0040273 9.56062e-05 0.00296324 0.000228451
1017 Sphere 0.00427367 0.00381511 0.00387157 0.000208375
1018 Sphere 0.00238505 0.00209972 0.00269715 0.000222346
1019 Sphere 0.00224879 0.00214137 0.00474324 0.000182384
1020 Sphere 0.000910088 0.000481064 0.00347868 0.000173447
1021 Sphere 0.00110518 0.0065681 0.00361324 0.000221933
1022 Sphere 0.00279281 0.000479914 0.00161446 0.000167996
1023 Sphere 0.00556415 0.00596958 0.00200286 0.000196893
1024 Sphere 6.95661e-05 0.00081582 0.00466155 0.000237428
1025 Sphere 0.00494507 0.00107812 0.000178093 0.000188632
1026 Sphere 0.00461481 0.00415254 0.000374133 0.000168586
1027 Sphere 0.00426312 0.00264657 0.00350465 0.000167119
1028 Sphere 0.00596574 0.00353376 0.00240346 0.000163224
1029 Sphere 0.0012318 0.00587453 0.00572555 0.000178809
1030 Sphere 0.00415306 0.00620999 0.00121193 0.000187307
1031 Sphere 0.00334312 0.00279612 0.00592666 0.000206962
1032 Sphere 0.00558168 8.49476e-05 0.00523384 0.00016643
1033 Sphere 0.00231368 0.00210149 0.00309238 0.000180411
1034 Sphere 0.0022975 0.00158973 0.000607827 0.000208965
1035 Sphere 0.00328091 0.00140943 0.00335741 0.000197118
1036 Sphere 0.00625451 0.00346073 0.00447989 0.000163566
1037 Sphere 0.0061122 0.00124171 0.00235967 0.000219644
1038 Sphere 0.00617835 0.00413839 0.00585683 0.00017249
1039 Sphere 0.0035223 0.00497701 0.00399624 0.000231922
1040 Sphere 0.000863172 0.00402805 0.00228472 0.000204329
1041 Sphere 0.00115022 0.00467932 0.00352861 0.000184858
1042 Sphere 0.00284111 0.00484551 0.00131114 0.000165889
1043 Sphere 0.000860475 0.00569032 0.00429188 0.000185515
1044 Sphere 0.00364274 0.00656956 0.000145808 0.000168827
1045 Sphere 0.0050976 0.00426014 0.00611346 0.00022806
1046 Sphere 0.00518167 0.000472571 0.000576091 0.000175549
1047 Sphere 6.18407e-05 0.000547671 0.000129989 0.00016168
1048 Sphere 0.00134323 0.000194694 0.00541848 0.000193222
1049 Sphere 0.00376049 0.00439945 0.00460098 0.000202564
1050 Sphere 0.00396538 0.00243623 0.00394079 0.000200661
1051 Sphere 0.000950146 0.00471626 0.00243683 0.000223473
1052 Sphere 0.00569589 0.000363356 0.00295439 0.000239729
1053 Sphere 0.00478778 0.00251583 0.000138385 0.000168322
1054 Sphere 0.00563604 0.00285774 0.00138886 0.000223542
1055 Sphere 0.00424177 0.00664363 0.00383651 0.000160788
1056 Sphere 0.00282121 0.00332295 0.00517659 0.000199978
1057 Sphere 0.0059193 0.00175009 0.00187108 0.000239825
1058 Sphere 0.00519431 0.000163307 0.00479426 0.000193355
1059 Sphere 0.00240218 0.00505136 0.0029935 0.00022568
1060 Sphere 0.00268326 0.00661531 0.0031773 0.000194925
1061 Sphere 0.000849218 0.00235095 0.0056248 0.000166239
1062 Sphere 0.00120849 0.000724416 0.00408942 0.000163751
1063 Sphere 0.00157283 0.00387182 0.00337524 0.000206793
1064 Sphere 0.00257973 0.00392274 0.00242949 0.000170792
1065 Sphere 0.00556763 0.00504251 0.00508077 0.00017579
1066 Sphere 0.00449551 0.00538 0.0017839 0.000202952
1067 Sphere 0.00356115 0.00570905 0.00216919 0.000197774
1068 Sphere 0.00448198 0.00231799 0.00394722 0.000165424
1069 Sphere 2.3773e-05 4.53336e-05 0.00355734 0.00023454
1070 Sphere 0.00341404 0.00311446 0.00431738 0.000198289
1071 Sphere 0.0059627 0.0019491 0.00623708 0.000213307
1072 Sphere 0.00122906 0.00604231 0.00190347 0.000172336
1073 Sphere 0.00285213 0.00412399 0.00363236 0.000222867
1074 Sphere 0.000589542 0.00156295 0.000377009 0.000182139
1075 Sphere 0.000542259 0.00105983 0.00115225 0.000204382
1076 Sphere 0.00528176 0.00502939 0.00316395 0.000201511
1077 Sphere 0.000593238 0.00248952 0.00112518 0.000206
1078 Sphere 0.00646491 0.0064626 0.00437479 0.000196643
1079 Sphere 0.000387803 0.00252592 0.00523229 0.000199311
1080 Sphere 0.00533479 0.00198945 0.00321547 0.000161193
1081 Sphere 0.00245078 0.00630218 0.00434793 0.00021968
1082 Sphere 0.00332826 0.00502264 0.00238037 0.000220996
1083 Sphere 0.000731706 0.00267228 0.00542715 0.000190229
1084 Sphere 0.000113092 0.00497008 0.0013396 0.00017582
1085 Sphere 0.00186044 0.000117522 0.00273391 0.000172438
1086 Sphere 0.00520993 0.000522502 0.00599002 0.00017044
1087 Sphere 0.000168789 0.00524896 0.000618929 0.000179962
1088 Sphere 0.00190411 0.00209867 0.00456403 0.000208675
1089 Sphere 0.00278117 0.0042428 0.00325107 0.00018307
1090 Sphere 0.00558087 0.0040961 0.000977001 0.000197178
1091 Sphere 0.00623676 0.00541951 0.000999521 0.00019447
1092 Sphere 0.000612052 0.00565451 0.00353742 0.000164368
1093 Sphere 0.00106799 0.00372936 0.00360973 0.000196839
1094 Sphere 0.00111473 0.00430558 0.00358058 0.000174481
1095 Sphere 0.00376551 0.00544223 0.00479194 0.000233113
1096 Sphere 0.00280993 0.000581477 0.000411531 0.000167571
1097 Sphere 0.00640974 0.00336392 0.00587983 0.000183538
1098 Sphere 0.0046402 0.00447363 0.00248352 0.000169552
1099 Sphere 0.00287108 0.00451744 0.00393834 0.000189083
1100 Sphere 0.00510444 0.00139465 0.000147688 0.000161237
1101 Sphere 1.18775e-05 0.00245027 0.00072796 0.000205333
1102 Sphere 0.00484328 0.00528254 0.0019322 0.000184047
1103 Sphere 0.0060543 0.00618799 0.00205928 0.000198427
1104 Sphere 0.00473643 0.00311005 0.0036335 0.000161012
1105 Sphere 0.00621192 0.00212941 0.0040875 0.000191463
1106 Sphere 0.00312668 0.00474486 0.000958677 0.000226301
1107 Sphere 0.00428452 0.00381989 0.0030307 0.000174952
1108 Sphere 0.00588999 0.00594777 0.00182389 0.000174939
1109 Sphere 0.00445428 0.00355507 0.00281388 0.000182277
1110 Sphere 0.000601031 0.000327823 0.00483919 0.00017295
1111 Sphere 0.00625495 0.00571673 0.00340015 0.000172566
1112 Sphere 0.00313924 0.00112966 0.00404492 0.000173902
1113 Sphere 0.00226678 0.00299033 0.000347696 0.000206453
1114 Sphere 0.00611595 2.02777e-05 0.00578572 0.000188787
1115 Sphere 0.00501861 7.26429e-07 0.00547275 0.000238071
1116 Sphere 0.00666672 0.00393968 0.00157802 0.000166153
1117 Sphere 0.00418044 0.00272499 0.00514823 0.000167381
1118 Sphere 0.00224076 0.00114322 0.00360234 0.00019701
1119 Sphere 0.000273009 0.00476314 0.00396541 0.000236526
1120 Sphere 1.90729e-05 0.00372512 0.00426694 0.000175803
1121 Sphere 0.00122544 0.00015124 0.00235167 0.000182532
1122 Sphere 0.00529448 0.00412048 0.00211321 0.000185436
1123 Sphere 0.00250896 0.00644865 0.00377006 0.000193313
1124 Sphere 0.00237951 0.0064275 0.00127383 0.000233174
1125 Sphere 0.00275772 0.00545587 0.00616256 0.000229856
1126 Sphere 0.000661055 0.00331389 0.00321669 0.000206996
1127 Sphere 0.00511626 0.00595106 0.00523728 0.000211197
1128 Sphere 0.00559823 0.0025891 0.00110149 0.000172764
1129 Sphere 0.00588654 0.00339277 0.00526741 0.00019904
1130 Sphere 0.00162515 0.00466515 0.00441352 0.000211032
1131 Sphere 0.00118281 0.000533497 0.00585896 0.000196256
1132 Sphere 0.00122009 0.00119735 0.00465721 0.00018219
1133 Sphere 0.00656874 0.00178133 0.00555216 0.000220141
1134 Sphere 0.00479422 0.00080716 0.000631945 0.00017944
1135 Sphere 0.00473736 0.00430627 0.00379154 0.000168336
1136 Sphere 0.00436453 0.000220357 0.0051225 0.000220786
1137 Sphere 0.00254245 0.00610077 0.000193915 0.000201765
1138 Sphere 1.59871e-05 0.004892 0.00266521 0.000186725
1139 Sphere 0.00255702 0.00460212 0.000524628 0.000175813
1140 Sphere 0.00280823 0.00286641 0.00606177 0.000228528
1141 Sphere 0.00158744 0.00217528 0.0026137 0.000207392
1142 Sphere 0.00615909 0.00538119 0.00506564 0.000188816
1143 Sphere 0.00220759 0.0008425 0.00215534 0.000169242
1144 Sphere 0.00147337 0.00025205 0.00370719 0.000195837
1145 Sphere 0.00267389 0.00083141 0.00618356 0.000172199
1146 Sphere 0.00489377 0.000496713 0.000769588 0.000167712
1147 Sphere 0.00216996 0.00501322 0.000483357 0.000218243
1148 Sphere 0.00333067 0.00269015 0.00420356 0.0002317
1149 Sphere 0.0020706 0.00550694 0.00561941 0.000177706
1150 Sphere 0.000517195 0.00445815 0.00405961 0.000166538
1151 Sphere 0.00602253 0.00324072 0.00105134 0.000166656
1152 Sphere 0.00593853 0.00344042 0.0014383 0.000174637
1153 Sphere 0.00524572 0.000912648 0.00349693 0.000217108
1154 Sphere 0.00398216 0.00431676 0.00371464 0.000168994
1155 Sphere 0.00232274 0.00324756 0.00180064 0.000189733
1156 Sphere 0.00384254 0.000323778 0.00459743 0.000173117
1157 Sphere 0.00136884 0.00495858 0.0052605 0.000161227
1158 Sphere 2.81556e-05 0.00642025 0.00253417 0.000203711
1159 Sphere 0.00383131 0.00146835 0.00608265 0.00016471
1160 Sphere 0.00487048 0.00431155 0.00285026 0.00016119
1161 Sphere 0.0038681 0.00494971 0.000784183 0.00019284
1162 Sphere 0.00353377 0.00161031 0.00351126 0.000160655
1163 Sphere 0.00612244 0.00149923 0.00152609 0.000233144
1164 Sphere 0.00442951 0.00654957 0.00165198 0.000182366
1165 Sphere 0.00365011 0.00650486 0.003045 0.000204315
1166 Sphere 0.00462939 0.00235854 0.00163568 0.000206322
1167 Sphere 0.00665421 0.00615367 0.000996509 0.000178508
1168 Sphere 0.00431375 0.00415358 0.00461837 0.00019919
1169 Sphere 0.000587902 0.00167754 0.00195224 0.000164213
1170 Sphere 0.0041708 0.00504662 0.00570606 0.000201964
1171 Sphere 0.00177131 0.0036688 0.00425754 0.000220105
1172 Sphere 0.00011412 0.00528855 0.00274026 0.000181238
1173 Sphere 0.00582119 0.000688555 0.000257543 0.000174477
1174 Sphere 0.00433515 0.00122519 0.00575066 0.000239954
1175 Sphere 0.00395657 0.00302173 0.0028193 0.000197499
1176 Sphere 0.00295763 0.00475874 0.00355888 0.000187079
1177 Sphere 0.00314168 0.00425767 0.00389268 0.000189364
1178 Sphere 0.00642033 0.00481152 0.00381455 0.000222008
1179 Sphere 0.00649589 0.0062704 0.00541613 0.000185365
1180 Sphere 0.00399458 0.00266999 0.000331877 0.000170856
1181 Sphere 0.00131678 0.001724 0.00118053 0.000214616
1182 Sphere 0.00147213 0.000691241 0.00315831 0.000189563
1183 Sphere 0.0041641 0.00304269 0.00500819 0.000180263
1184 Sphere 0.00322545 0.00275147 0.00544556 0.000174312
1185 Sphere 0.00375241 0.0037822 0.00423488 0.000222005
1186 Sphere 0.00325487 0.00195542 0.00607736 0.000170255
1187 Sphere 0.0058797 0.00105462 0.00433375 0.000193905
1188 Sphere 0.00542332 0.000120576 0.00410502 0.00018497
1189 Sphere 0.00482537 0.000302705 0.00293964 0.000181674
1190 Sphere 0.00609518 0.00310562 0.00304681 0.000223101
1191 Sphere 0.00507131 0.00583195 0.00559645 0.000162261
1192 Sphere 0.00574043 0.00623318 0.00261018 0.000163865
1193 Sphere 0.00332577 0.00459422 0.00581461 0.000235933
1194 Sphere 0.00556484 0.00633532 0.00235336 0.000166671
1195 Sphere 0.00365787 0.000609071 0.00474492 0.000197819
1196 Sphere 0.00303364 0.00408072 0.00426832 0.000205081
1197 Sphere 0.00121461 0.00647482 0.000781069 0.000172211
1198 Sphere 0.000146656 0.00408709 0.00456456 0.000205842
1199 Sphere 0.00274005 0.00301478 0.00321909 0.000238284
1200 Sphere 0.00268316 0.00627924 0.00614206 0.000186155
1201 Sphere 0.00266738 0.000162293 0.00449857 0.000203476
1202 Sphere 0.00591562 0.000171773 0.00193594 0.000160858
1203 Sphere 0.00512165 0.00113534 0.00188523 0.000195635
1204 Sphere 0.00132365 0.0035246 0.00554444 0.000179412
1205 Sphere 0.00176341 0.0053783 0.0032925 0.000178543
1206 Sphere 0.00309374 0.00240554 0.00335283 0.000183685
1207 Sphere 0.00300168 0.00206122 0.00413292 0.000169863
1208 Sphere 0.00571141 0.00181268 0.000306235 0.000224743
1209 Sphere 0.00220249 0.000964094 6.91926e-05 0.000231441
1210 Sphere 0.00203023 0.000683051 0.000911164 0.000171523
1211 Sphere 0.00296371 0.00423153 0.00614493 0.000180118
1212 Sphere 0.00382857 0.00601408 0.00156644 0.000214542
1213 Sphere 0.00277565 0.00504635 0.00623693 0.000187732
1214 Sphere 0.00478206 0.00467946 0.00433786 0.000177882
1215 Sphere 0.00182913 0.00116386 0.000245855 0.000219932
1216 Sphere 0.00197349 0.00277971 0.00431707 0.000233235
1217 Sphere 0.00431215 0.000836365 0.00456515 0.000232602
1218 Sphere 0.00275183 0.00525665 0.000630955 0.000163019
1219 Sphere 0.00535174 0.00478618 0.00184112 0.000160681
1220 Sphere 0.00439381 0.003715 0.00157969 0.00017611
1221 Sphere 0.00537945 0.00450514 0.00410075 0.000171577
1222 Sphere 0.00561079 0.00244896 0.00493082 0.000165948
1223 Sphere 0.00621519 0.00316831 0.000203951 0.00020197
1224 Sphere 0.00130438 0.00243942 0.00192106 0.000233194
1225 Sphere 0.000244245 0.00301769 0.00258078 0.000177899
1226 Sphere 0.000342734 0.00451453 0.00330611 0.000204165
1227 Sphere 0.00488762 0.00238394 0.00492589 0.00022311
1228 Sphere 0.000912519 0.00180849 0.00259526 0.000170758
1229 Sphere 0.00514393 0.00613293 0.004469 0.00022309
1230 Sphere 0.0035583 0.0045728 0.00233332 0.000170599
1231 Sphere 0.00553643 0.00394715 0.00514386 0.000171099
1232 Sphere 0.00451226 0.00198394 0.00372681 0.000166702
1233 Sphere 0.00125766 0.0048175 0.00182255 0.000180216
1234 Sphere 0.00461147 0.00392664 0.00220186 0.000177423
1235 Sphere 0.00658566 0.0007905 0.00230478 0.00019226
1236 Sphere 0.00377545 0.0020869 0.00182736 0.000213176
1237 Sphere 0.00247458 0.0026091 0.00176505 0.000168573
1238 Sphere 0.00391531 0.0050543 0.000443636 0.000168112
1239 Sphere 0.00221828 0.0065023 0.00356564 0.000166948
1240 Sphere 0.00533577 0.00242499 0.00253098 0.000212755
1241 Sphere 0.00401464 0.000147381 0.00109605 0.000185049
1242 Sphere 0.00240519 0.00184716 0.00407493 0.000222082
1243 Sphere 0.000189082 0.00122933 0.00317831 0.000197908
1244 Sphere 0.00349511 0.0022187 0.00368027 0.000222115
1245 Sphere 0.000593115 0.00212882 0.00578301 0.000209083
1246 Sphere 0.00282681 0.00499711 0.00458504 0.000204352
1247 Sphere 0.0031817 0.000639826 0.00418997 0.000193159
1248 Sphere 0.00122277 0.00261334 0.00242805 0.000226173
1249 Sphere 0.00365784 0.00522967 0.00284848 0.00016088
1250 Sphere 0.000740796 0.00313671 0.00414399 0.00017887
1251 Sphere 5.64562e-05 0.00123701 0.00358968 0.000235951
1252 Sphere 0.00109849 0.00276042 0.00291299 0.00018798
1253 Sphere 0.00366277 0.00278249 0.00307857 0.000179446
1254 Sphere 0.0012485 0.00436559 0.00130524 0.000195405
1255 Sphere 0.000715858 0.00575855 0.00252019 0.000183859
1256 Sphere 0.00018098 0.0015287 0.00225181 0.000205133
1257 Sphere 0.00563777 0.00104815 0.0057818 0.000171769
1258 Sphere 0.00603416 0.000625617 0.000588311 0.000224727
1259 Sphere 0.00102787 0.00535641 0.00200941 0.000206746
1260 Sphere 0.00649411 0.00119995 0.0010081 0.000201795
1261 Sphere 0.00656515 0.00348043 0.00111835 0.00016288
1262 Sphere 0.00281031 0.00306429 0.00121879 0.000171855
1263 Sphere 0.00602162 0.00194022 0.00548437 0.000172439
1264 Sphere 0.00627011 0.00524059 0.00537924 0.000172707
1265 Sphere 0.00518089 0.001114 0.00247596 0.00019591
1266 Sphere 0.00224555 0.00367843 2.79489e-06 0.000177855
1267 Sphere 0.00541007 0.00193172 0.00479952 0.000165544
1268 Sphere 0.00364296 0.00150769 0.00123653 0.000194649
1269 Sphere 0.00562375 0.000401257 0.00429745 0.000210576
1270 Sphere 0.00497714 0.002556 0.000745999 0.000162003
1271 Sphere 0.00512045 0.00576073 0.00237111 0.00022219
1272 Sphere 0.00418677 0.000486669 0.00247012 0.000194373
1273 Sphere 0.00302953 4.90433e-05 0.00565368 0.000196648
1274 Sphere 0.00562758 0.006688 0.000993324 0.000191252
1275 Sphere 0.00306517 0.0044137 0.00489823 0.000185696
1276 Sphere 0.00446477 0.00150351 0.00228744 0.000205232
1277 Sphere 0.00337897 0.00366497 0.00334904 0.000209414
1278 Sphere 0.00458988 0.00531834 0.00231705 0.000227689
1279 Sphere 0.00315241 0.000437579 0.000395308 0.000205305
1280 Sphere 0.00551659 0.00578781 0.00368997 0.000185099
1281 Sphere 0.00168503 0.00393894 0.000462323 0.00020933
1282 Sphere 0.0014957 0.00537741 0.000689446 0.000175162
1283 Sphere 0.0011936 0.00230178 0.0038512 0.000235147
1284 Sphere 0.00658018 0.00235357 0.00571096 0.000167499
1285 Sphere 0.00661512 0.00273059 0.00612409 0.000168216
1286 Sphere 0.00398182 0.00536712 0.00620506 0.000190601
1287 Sphere 0.00518399 0.0035311 0.00210972 0.000175805
1288 Sphere 0.0058638 0.00373349 0.00347556 0.000212291
1289 Sphere 0.00223457 0.00277646 0.00250141 0.000183309
1290 Sphere 0.000614227 0.00578018 0.00385273 0.000175837
1291 Sphere 0.00486458 0.00473534 0.000865807 0.00016198
1292 Sphere 0.00205794 0.00611204 0.00136012 0.000225858
1293 Sphere 0.00377182 0.00156484 0.00529524 0.00016156
1294 Sphere 0.00542075 0.00318308 0.00297255 0.000166483
1295 Sphere 0.000502257 0.00536176 0.00602982 0.000162756
1296 Sphere 0.0026818 0.00227447 0.00337759 0.000209593
1297 Sphere 0.00508486 0.00182872 0.00342078 0.000186828
1298 Sphere 0.00443129 0.000548533 0.00621664 0.000185883
1299 Sphere 0.000186027 0.00180698 0.00190747 0.000238601
1300 Sphere 0.00659077 0.00360778 0.00384717 0.000181565
1301 Sphere 0.000305541 0.000716789 0.00585079 0.000183745
1302 Sphere 1.98671e-05 0.000321602 0.00564212 0.000160792
1303 Sphere 0.00216945 0.0029549 0.00604391 0.000224546
1304 Sphere 0.00257053 0.00320661 0.00354002 0.000172338
1305 Sphere 0.00148071 0.00494359 0.000162202 0.000215159
1306 Sphere 0.00306241 0.000759922 0.00337217 0.000163216
1307 Sphere 0.00592873 0.000907535 0.00260394 0.000228884
1308 Sphere 0.00609962 0.00266559 0.00535982 0.000167005
1309 Sphere 0.00234504 0.0040383 0.000186859 0.000239227
1310 Sphere 0.00572016 0.00250729 0.00358657 0.000228354
1311 Sphere 0.00600732 0.00624421 0.00152772 0.000165497
1312 Sphere 0.00171122 0.000818545 0.00268636 0.000203193
1313 Sphere 0.00195888 0.00541119 0.0047914 0.000222334
1314 Sphere 0.00019656 0.000752908 0.00210514 0.000160223
1315 Sphere 0.00459949 0.0054522 0.00380828 0.000208851
1316 Sphere 0.00297988 0.0014721 0.00115405 0.000191497
1317 Sphere 0.00536867 0.00367296 0.00557616 0.000178194
1318 Sphere 0.00110213 0.00376757 0.00407605 0.000189574
1319 Sphere 0.00395396 0.00183753 0.006032 0.000174794
1320 Sphere 0.00200568 0.000309756 0.0015121 0.000233743
1321 Sphere 0.00272449 0.00121348 0.00121539 0.000177472
1322 Sphere 0.00451046 0.00204473 0.000616285 0.00016177
1323 Sphere 0.000546862 0.000865984 0.000691089 0.000211424
1324 Sphere 0.00392968 0.000722435 0.00541297 0.000189024
1325 Sphere 0.00383022 0.00112208 0.00459361 0.000179446
1326 Sphere 0.00499791 0.00386164 0.00220056 0.000215392
1327 Sphere 0.00197994 0.0020754 0.00602073 0.000187767
1328 Sphere 0.00659646 0.00539225 0.00496636 0.000184296
1329 Sphere 0.000143798 0.00611078 0.00598854 0.000204525
1330 Sphere 0.00448594 0.00149875 0.00435507 0.000164125
1331 Sphere 0.00394866 0.00636459 0.000694899 0.000161344
1332 Sphere 0.00620553 0.00149012 0.000859647 0.000217555
1333 Sphere 0.00414339 0.00443111 0.00139236 0.000167134
1334 Sphere 0.00406081 0.00516303 0.00232407 0.000172242
1335 Sphere 0.00328277 0.00145422 0.0020404 0.000187078
1336 Sphere 0.00277307 0.0037028 0.00193952 0.000192129
1337 Sphere 0.00149142 0.00244984 0.000198202 0.0002101
1338 Sphere 0.00344683 0.000897243 0.00270918 0.000194243
1339 Sphere 0.00526894 0.00594016 0.000761795 0.000177814
1340 Sphere 0.00412889 0.0013042 0.00392875 0.000226276
1341 Sphere 0.00139198 0.00439531 0.00458225 0.000182708
1342 Sphere 0.00210244 0.00286939 0.00197922 0.000217648
1343 Sphere 0.000457482 0.00427674 0.00280486 0.000221006
1344 Sphere 0.00542705 0.00511167 0.00610305 0.000194358
1345 Sphere 0.00486464 0.00630357 0.00215594 0.000215798
1346 Sphere 0.00119137 0.00483365 0.00317812 0.000161851
1347 Sphere 0.00257981 0.00150519 0.00340507 0.000196843
1348 Sphere 0.00247959 0.00282125 0.00583032 0.000168159
1349 Sphere 0.00115654 0.00527896 0.00152898 0.00016276
1350 Sphere 0.00653204 0.0045552 0.00547823 0.000194086
1351 Sphere 0.00320782 0.00230244 0.00127025 0.000173589
1352 Sphere 0.00305572 0.00443284 0.00551603 0.000193917
1353 Sphere 0.00533666 0.00283197 0.0027119 0.000231018
1354 Sphere 0.00527353 0.00588729 0.00585876 0.000174186
1355 Sphere 0.00230459 0.00285733 0.00293853 0.00021321
1356 Sphere 0.00628922 0.00139248 0.00543222 0.000191776
1357 Sphere 0.00427304 0.00435738 0.00254802 0.000222103
1358 Sphere 0.00450298 0.00578886 0.00167122 0.000210216
1359 Sphere 0.00382227 0.00241918 0.00323166 0.000218982
1360 Sphere 0.00403218 0.000954968 0.00427124 0.000190706
1361 Sphere 0.00627337 0.00661156 0.00610919 0.000191309
1362 Sphere 0.00423696 0.00504155 0.00168052 0.000181525
1363 Sphere 0.00287341 0.00162037 0.00571838 0.000173344
1364 Sphere 0.00138783 0.00664595 0.00390992 0.000196651
1365 Sphere 0.00413698 0.00569869 0.00273777 0.000222377
1366 Sphere 0.00304348 0.00352072 0.00271752 0.000196431
1367 Sphere 0.00344459 0.000112748 0.00516174 0.000192629
1368 Sphere 0.00646556 0.00173849 0.00141307 0.00019996
1369 Sphere 0.00563779 0.00438038 0.000230541 0.000164384
1370 Sphere 0.00479035 0.00645063 0.0011246 0.000191008
1371 Sphere 0.00486765 0.00314588 0.000602389 0.000180528
1372 Sphere 0.00104828 0.006232 0.00224643 0.000172015
1373 Sphere 0.00574224 0.000798319 0.000796057 0.000173884
1374 Sphere 0.00502994 0.00558149 0.00274872 0.000207519
1375 Sphere 0.00175153 0.00201826 0.00490589 0.000174834
1376 Sphere 0.00296435 0.00203541 0.00570572 0.000167054
1377 Sphere 0.00137085 0.00541122 0.00435743 0.000218709
1378 Sphere 0.00660249 0.000891381 0.00502376 0.000161331
1379 Sphere 0.00283302 0.00185087 0.000556525 0.000170238
1380 Sphere 0.00521489 0.00082852 0.00213258 0.000209958
1381 Sphere 0.00224593 0.00427351 0.000549263 0.000166343
1382 Sphere 0.00483281 0.00152456 0.000526447 0.000170658
1383 Sphere 0.00256088 0.00303208 0.0053095 0.000212691
1384 Sphere 0.00285272 0.0016835 0.00534471 0.000206297
1385 Sphere 0.00390501 0.00400028 0.00390228 0.000205382
1386 Sphere 0.00472141 0.00649589 0.00563196 0.000166969
1387 Sphere 0.00337518 0.00454081 0.00502656 0.000173216
1388 Sphere 0.00516304 0.00626048 0.00569322 0.000198382
1389 Sphere 0.00309575 0.00320145 0.0049453 0.000179712
1390 Sphere 0.00457626 0.00225208 0.00308336 0.000212109
1391 Sphere 0.00663695 0.00243013 0.00360707 0.000223671
1392 Sphere 0.00394091 0.00475901 0.00467173 0.000207217
1393 Sphere 0.0016 0.00658598 0.00565397 0.000225183
1394 Sphere 0.000761372 0.00142613 9.69084e-05 0.000174567
1395 Sphere 0.00209146 0.00553567 0.000662969 0.000208873
1396 Sphere 0.00115821 0.000949232 0.000297375 0.000198081
1397 Sphere 0.00358652 0.0028242 0.00451059 0.000191228
1398 Sphere 0.0046195 0.000959075 0.000340713 0.000194352
1399 Sphere 0.00491217 0.00400744 0.00331114 0.000163666
1400 Sphere 0.000125114 0.00123327 0.00426933 0.000233369
1401 Sphere 0.00632214 0.00309564 0.00207714 0.00020514
1402 Sphere 0.00605766 0.00383057 0.00382426 0.000179509
1403 Sphere 0.00328185 0.00171566 0.00122047 0.000192874
1404 Sphere 0.00255811 0.00506135 0.00230309 0.000171473
1405 Sphere 0.00405825 0.00557582 0.00384831 0.000206997
1406 Sphere 0.000269693 0.00556651 0.00514818 0.00018851
1407 Sphere 0.00150153 6.45772e-05 0.00438909 0.000199261
1408 Sphere 0.00317625 0.00387301 0.000384187 0.000164255
1409 Sphere 0.00248775 0.00588247 0.000860414 0.000193302
1410 Sphere 0.000644009 0.00147534 0.0016856 0.000175423
1411 Sphere 0.00244688 0.00561584 0.000136127 0.000191585
1412 Sphere 0.00288502 0.00356146 0.0059588 0.000169756
1413 Sphere 0.000404265 0.00365502 0.0033058 0.000228321
1414 Sphere 0.00183008 0.0010103 0.00575847 0.000211721
1415 Sphere 0.00552508 0.00405646 0.00553721 0.000238197
1416 Sphere 0.00595723 0.00213387 0.00153608 0.00022405
1417 Sphere 0.00300534 0.00488622 0.000411511 0.000176705
1418 Sphere 0.00550857 0.00579057 0.00166447 0.000191152
1419 Sphere 0.00481672 0.00201154 0.00219674 0.000160784
1420 Sphere 0.00249093 0.00126402 0.00094767 0.000180546
1421 Sphere 0.00295874 0.00577454 0.00164512 0.000160314
1422 Sphere 0.00392913 0.00401058 0.00456263 0.00021556
1423 Sphere 0.00140729 0.000908576 0.00343866 0.000172674
1424 Sphere 0.00127043 0.00171738 0.000189734 0.000206816
1425 Sphere 0.000477307 0.00633427 0.00542788 0.000205804
1426 Sphere 0.00312069 0.00249945 0.00523247 0.000172105
1427 Sphere 0.00447616 0.00566114 0.00131736 0.000168578
1428 Sphere 0.00628667 0.00416469 0.0022216 0.000171344
1429 Sphere 0.0011729 0.00372811 0.00481321 0.00023118
1430 Sphere 0.0023029 0.00338133 0.00392214 0.000162429
1431 Sphere 0.00388962 0.00475446 0.00330922 0.000208257
1432 Sphere 0.00622899 0.00413259 0.00308557 0.000166566
1433 Sphere 0.00482921 0.000107625 0.00205869 0.00018591
1434 Sphere 0.00331087 0.000562175 2.90392e-06 0.000237194
1435 Sphere 0.00447932 0.00241221 0.00492589 0.000188978
1436 Sphere 0.00146459 0.00266531 0.00480853 0.000165286
1437 Sphere 0.00202777 0.00335929 0.000187103 0.000212804
1438 Sphere 0.00252146 0.00228907 0.00494945 0.000190122
1439 Sphere 0.00254785 0.00596903 0.002097 0.000170864
1440 Sphere 0.00373474 0.00146815 0.00460114 0.000180374
1441 Sphere 0.00332113 0.00306894 0.00211544 0.000171429
1442 Sphere 0.00280546 0.00619098 0.0050408 0.000220053
1443 Sphere 0.0058157 0.00641638 0.00315359 0.000201324
1444 Sphere 0.00379946 0.00457168 3.54213e-05 0.000170558
1445 Sphere 0.00468219 0.00435455 0.00456471 0.000224609
1446 Sphere 0.00292668 0.0051759 0.00250755 0.000228805
1447 Sphere 0.00414082 0.00469775 0.000716988 0.000184955
1448 Sphere 0.00182884 0.00546611 0.000106123 0.000177846
1449 Sphere 0.00224348 0.00579865 0.00333077 0.000166992
1450 Sphere 0.00293625 0.0038388 0.000150128 0.000173653
1451 Sphere 0.00218222 0.0045967 0.000354085 0.000218122
1452 Sphere 0.00642025 0.00209985 0.00442813 0.000210558
1453 Sphere 0.00302537 0.00473863 0.00611866 0.000216061
1454 Sphere 0.00437164 0.00365347 0.00423698 0.000203751
1455 Sphere 0.00571089 0.00354181 0.00571351 0.000205948
1456 Sphere 0.000475198 0.00642108 0.00201426 0.000177522
1457 Sphere 0.000365545 0.00281788 0.00563336 0.000192732
1458 Sphere 0.00618778 0.000132429 0.00236049 0.000175849
1459 Sphere 0.000416047 0.00518761 0.00258948 0.00016328
1460 Sphere 0.00593179 0.00604027 0.00325139 0.000199949
1461 Sphere 0.00204705 0.00408146 0.000815191 0.000214571
1462 Sphere 0.00287843 0.00293171 0.002179 0.000175459
1463 Sphere 0.00651885 0.00240186 0.00323814 0.00016603
1464 Sphere 0.00220268 0.00581563 0.00294497 0.00018639
1465 Sphere 0.00314533 0.00518128 0.00140783 0.000174729
1466 Sphere 0.00661457 0.00426442 0.00573995 0.000206015
1467 Sphere 0.0047738 0.0010645 0.00579473 0.000230857
1468 Sphere 0.00617987 0.00477048 0.00600678 0.000178194
1469 Sphere 0.00620712 0.00584923 0.00190184 0.000165878
1470 Sphere 0.00352755 0.00305326 0.000911063 0.000234955
1471 Sphere 0.00208384 0.00465935 0.00241106 0.00020196
1472 Sphere 0.00328561 0.00509079 0.00284029 0.000238729
1473 Sphere 0.0059531 0.000512058 0.00267899 0.000166316
1474 Sphere 0.0025065 0.00342085 0.00247858 0.000189812
1475 Sphere 0.00580654 0.00322205 0.00440522 0.000227536
1476 Sphere 0.00580308 0.00155083 0.00584256 0.000235779
1477 Sphere 0.00367776 0.00288061 0.00167633 0.000190518
1478 Sphere 0.0019344 0.00118262 0.00336297 0.00019495
1479 Sphere 0.00254275 0.0011608 0.000563265 0.00021941
1480 Sphere 0.0010962 0.000242441 0.00441307 0.000228653
1481 Sphere 0.000503288 0.00618823 0.00611527 0.000180617
1482 Sphere 0.00513801 0.00123738 0.00366125 0.000162433
1483 Sphere 0.00350587 0.00545109 0.00591707 0.000167006
1484 Sphere 0.00487638 0.00631364 3.591e-06 0.000237459
1485 Sphere 0.00262727 0.000209015 0.00181569 0.000206706
1486 Sphere 0.00493811 0.00282312 0.00604992 0.000160066
1487 Sphere 0.00327181 0.00250098 0.00256814 0.000160362
1488 Sphere 0.00256341 0.00132678 0.00230745 0.000194959
1489 Sphere 0.00531445 0.00226767 0.000626721 0.000170768
1490 Sphere 0.00311964 0.00407763 0.00303142 0.000225085
1491 Sphere 0.00433019 0.00357908 0.00468857 0.000163107
1492 Sphere 0.00322495 0.000142022 0.00401101 0.00019257
1493 Sphere 0.000473164 0.00516091 2.81877e-05 0.000167294
1494 Sphere 0.00287644 0.00335372 0.00449388 0.000184173
1495 Sphere 0.000497234 0.00280157 0.00310988 0.000230738
1496 Sphere 0.00381184 0.000299141 0.00240905 0.000230395
1497 Sphere 0.00448685 0.000568453 0.0003205 0.00018469
1498 Sphere 0.0062806 0.00346343 0.0013625 0.000177421
1499 Sphere 0.000198298 0.000519114 0.00302519 0.000163426
1500 Sphere 0.00666383 0.000119909 0.00203883 0.000184756
1501 Sphere 0.00485775 0.00411919 0.00519965 0.000179338
1502 Sphere 0.000951848 0.00352981 0.00134127 0.000204757
1503 Sphere 0.00381574 0.00588324 0.004837 0.000176092
1504 Sphere 0.00262613 0.000867496 0.00107657 0.000208511
1505 Sphere 0.00288018 0.00259446 0.00313401 0.000175787
1506 Sphere 0.00607509 0.00437815 0.0044551 0.000229719
1507 Sphere 0.000488261 0.000360112 0.00288616 0.000196854
1508 Sphere 0.00238592 0.000621136 0.00618181 0.000185928
1509 Sphere 0.00145537 0.00272691 0.00141045 0.000160121
1510 Sphere 0.0011973 0.00245032 0.00460219 0.000229663
1511 Sphere 0.00536382 0.000210989 0.00544556 0.000164351
1512 Sphere 0.00268598 0.00640141 0.00239647 0.000194328
1513 Sphere 0.00472312 0.000141768 0.000882967 0.000239176
1514 Sphere 0.00149663 0.00340589 0.00487583 0.000230418
1515 Sphere 0.005312 0.00144492 0.00338325 0.000216329
1516 Sphere 0.00459684 0.000530825 0.00449308 0.000186773
1517 Sphere 0.000735899 0.00430569 0.0031522 0.000227053
1518 Sphere 0.00355785 0.00529811 0.00210011 0.000219952
1519 Sphere 0.0018232 3.86026e-06 0.00108965 0.000217315
1520 Sphere 0.00219632 0.00538345 0.000309432 0.000191612
1521 Sphere 0.006255 5.66769e-05 0.0019987 0.00020386
1522 Sphere 0.0010044 0.00655952 0.00288808 0.000165757
1523 Sphere 0.0060629 0.00549289 0.00624469 0.000164357
1524 Sphere 0.00661831 0.00610634 0.00235472 0.000161295
1525 Sphere 0.00510732 0.00344028 0.00355916 0.000165148
1526 Sphere 0.00275399 0.0062377 0.00393895 0.000172448
1527 Sphere 0.00492999 0.00420406 0.00247202 0.000227274
1528 Sphere 0.00334389 0.00612375 0.00211688 0.000181841
1529 Sphere 0.0032861 0.00559368 0.00107134 0.000202987
1530 Sphere 0.00504528 0.00290884 0.000807316 0.000180327
1531 Sphere 0.00309126 0.00325737 0.00340201 0.000214467
1532 Sphere 0.00635777 0.00205636 0.0032683 0.000214548
1533 Sphere 0.0042645 0.00438348 0.00589822 0.000169452
1534 Sphere 0.00256805 0.00631452 0.00341994 0.000186858
1535 Sphere 0.00405022 0.00194937 0.0025208 0.000217691
1536 Sphere 0.00564046 0.00337848 0.000164708 0.000162543
1537 Sphere 0.00152765 0.00208645 0.00366205 0.000205916
1538 Sphere 0.00119013 0.00300818 0.00261246 0.000212361
1539 Sphere 0.00570672 0.0066116 0.00356284 0.000163356
1540 Sphere 0.00164835 0.00287365 0.00501588 0.000181163
1541 Sphere 0.00412703 0.00447376 0.00621372 0.000164818
1542 Sphere 0.000201934 0.00566053 0.00585755 0.000203311
1543 Sphere 0.00435399 0.00581483 0.00238781 0.000205993
1544 Sphere 0.00098162 0.000560149 0.00192875 0.000172823
1545 Sphere 0.00212636 0.000595968 0.000537821 0.000224004
1546 Sphere 0.00140087 0.00196224 0.00478319 0.000201757
1547 Sphere 0.000834797 0.0046498 0.00126558 0.000202437
1548 Sphere 0.00637137 0.00143588 0.00426622 0.000198566
1549 Sphere 0.00559971 0.00512093 0.00540749 0.000162595
1550 Sphere 0.00326278 6.19497e-05 0.00360034 0.000229844
1551 Sphere 0.00158698 0.00035526 0.00292445 0.000237019
1552 Sphere 0.00478436 0.000140952 0.00447622 0.000160493
1553 Sphere 0.00398628 0.000950938 0.00370743 0.000214556
1554 Sphere 0.00165134 0.00192794 0.00332197 0.000189908
1555 Sphere 0.00450523 0.0043482 0.00127001 0.000224116
1556 Sphere 0.00218299 0.00241359 0.00288435 0.000195291
1557 Sphere 0.00635784 0.00428234 0.00405035 0.000212205
1558 Sphere 0.000327251 0.00162558 0.00540213 0.000201046
1559 Sphere 0.00126016 0.00178252 0.00550394 0.000180809
1560 Sphere 0.00339734 0.00338224 0.00164631 0.000192096
1561 Sphere 0.00578609 0.00265811 0.00434526 0.000198676
1562 Sphere 0.00429475 0.00164499 0.00261347 0.000183967
1563 Sphere 0.00564408 0.00593932 0.00572181 0.000221478
1564 Sphere 0.00148081 0.00367269 0.00223511 0.000215704
1565 Sphere 0.00108286 0.0014462 0.000952005 0.000214485
1566 Sphere 0.00309087 0.000647153 0.00156062 0.000176956
1567 Sphere 0.00515327 0.00088206 0.0056747 0.000207799
1568 Sphere 0.00116999 0.00434618 0.00604093 0.000194268
1569 Sphere 0.00358594 0.00137064 0.00589376 0.000160563
1570 Sphere 0.00197656 0.00480488 0.00487429 0.000168335
1571 Sphere 0.00181351 0.00485074 0.0056579 0.000193258
1572 Sphere 0.00548659 0.00365432 0.000254794 0.000160618
1573 Sphere 0.00616228 0.00139836 0.00576287 0.000162396
1574 Sphere 0.00166319 0.00151888 9.53096e-05 0.000194377
1575 Sphere 0.00162395 0.00176722 0.00454603 0.000160442
1576 Sphere 0.00500971 0.00175892 0.00440528 0.000200372
1577 Sphere 0.00159271 0.00267959 0.00326425 0.000206178
1578 Sphere 0.00650396 0.00566402 0.0041711 0.000187771
1579 Sphere 0.004517 0.00139477 0.00338529 0.000238388
1580 Sphere 0.0056927 0.00406503 0.00350837 0.000162627
1581 Sphere 0.00599332 0.00233792 0.00329715 0.000169417
1582 Sphere 0.00204787 0.00259398 0.00225461 0.000176377
1583 Sphere 0.0049564 0.000858255 0.00172441 0.000166372
1584 Sphere 0.00519528 0.0050081 0.000294689 0.000214716
1585 Sphere 0.00647191 0.00666844 0.00228588 0.000171072
1586 Sphere 0.00194199 0.00144913 0.0036776 0.000203026
1587 Sphere 0.00264194 0.00231018 0.000459623 0.0001742
1588 Sphere 0.00548606 0.00257928 0.00604672 0.000238388
1589 Sphere 0.00391342 0.00421767 0.000473697 0.00016382
1590 Sphere 0.000875813 0.000739223 0.00219311 0.00016517
1591 Sphere 0.00278643 0.00612448 0.00272538 0.000231622
1592 Sphere 0.000228322 0.000521974 0.000450326 0.000186488
1593 Sphere 0.000337523 0.00560914 0.000966274 0.000167109
1594 Sphere 0.00203903 0.00332341 0.00252334 0.000198109
1595 Sphere 0.00482489 0.00500386 0.00217995 0.000189575
1596 Sphere 0.00391415 0.00604018 0.00518299 0.000216495
1597 Sphere 0.00552802 0.000896237 0.00240977 0.000214271
1598 Sphere 0.00546114 0.00403842 0.000240844 0.000220986
1599 Sphere 0.00539533 0.00612368 0.0047649 0.000166335
1600 Sphere 0.00182196 0.00660233 0.00247816 0.000176499
1601 Sphere 0.000984126 0.00323986 0.000218405 0.000190924
1602 Sphere 0.00424084 0.0048873 0.00392082 0.000224372
1603 Sphere 0.00555693 0.00179115 0.00342692 0.00020408
1604 Sphere 0.00263056 0.00179803 0.00214026 0.000227924
1605 Sphere 4.80634e-05 0.00668685 0.000615189 0.000198981
1606 Sphere 0.00274972 0.00203899 0.00460041 0.000172832
1607 Sphere 0.0046945 0.00564029 0.00414305 0.00018398
1608 Sphere 0.000538065 0.00352698 0.00267284 0.00016527
1609 Sphere 0.00164648 0.00561565 0.00268739 0.000172514
1610 Sphere 0.00498101 0.00575807 0.00459203 0.000204597
1611 Sphere 0.00300148 0.00297931 0.00259542 0.000162193
1612 Sphere 0.00207815 0.0017513 0.00436672 0.000227544
1613 Sphere 0.00451428 0.00384379 0.00453657 0.00017884
1614 Sphere 0.00210355 0.000753409 0.00180366 0.000208539
1615 Sphere 0.00252633 0.00551774 0.00283008 0.000205955
1616 Sphere 0.00504669 0.00155212 0.00363653 0.000166201
1617 Sphere 0.00347297 0.00627596 0.000667053 0.00017756
1618 Sphere 6.20576e-05 0.00320898 0.00217934 0.000186381
1619 Sphere 0.0035848 0.00347669 0.000847185 0.00019883
1620 Sphere 0.00403125 0.00191945 0.00133417 0.000226599
1621 Sphere 0.00188401 0.00384683 0.00309239 0.000214712
1622 Sphere 0.00332842 0.00137261 0.00109417 0.000177016
1623 Sphere 0.00209593 0.00247081 0.00161032 0.00016271
1624 Sphere 0.00667368 0.00576425 0.00480304 0.000212719
1625 Sphere 0.00536429 0.00433674 0.00242825 0.00020343
1626 Sphere 0.0018843 0.00295154 0.0023636 0.000231926
1627 Sphere 0.00547807 0.00126171 0.00267518 0.00019186
1628 Sphere 0.000601348 0.00644658 0.000110463 0.000196481
1629 Sphere 0.00235798 0.000804625 0.0034419 0.000196384
1630 Sphere 0.00358976 0.00515384 0.00541428 0.000163476
1631 Sphere 0.00302763 0.00623451 0.0061446 0.000162116
1632 Sphere 0.00592981 0.00347883 0.000812058 0.000184389
1633 Sphere 0.00621773 0.00449183 0.00203414 0.000211097
1634 Sphere 0.00229125 0.00590152 0.000363142 0.000160955
1635 Sphere 0.00445018 0.000730331 0.0025608 0.000170335
1636 Sphere 0.00472579 0.00038125 0.00149904 0.000227836
1637 Sphere 0.00162819 0.00404169 0.00374116 0.000200473
1638 Sphere 0.0020833 0.000642319 0.00380084 0.000239592
1639 Sphere 0.00354988 0.00514725 0.00360962 0.000191972
1640 Sphere 0.00427974 0.00619242 0.00294686 0.000169224
1641 Sphere 0.0018547 0.00483459 0.00368496 0.000180159
1642 Sphere 0.00470069 0.00300347 0.00256443 0.000228838
1643 Sphere 0.00222021 0.00170811 0.0022725 0.000212937
1644 Sphere 0.00471639 0.0035752 0.00200855 0.00022578
1645 Sphere 0.000919771 0.000452661 0.0049402 0.000184887
1646 Sphere 0.00278931 0.00594943 0.00411357 0.000167095
1647 Sphere 0.00478405 0.00331306 0.0016763 0.000195428
1648 Sphere 0.000158001 0.00459582 0.00593663 0.000238388
1649 Sphere 0.00438536 0.00115821 0.00255412 0.000239203
1650 Sphere 0.0059836 0.00577373 0.0021604 0.000185028
1651 Sphere 0.00518442 0.00170842 0.000919229 0.000170903
1652 Sphere 0.00446474 0.00649601 0.000971237 0.000169906
1653 Sphere 0.00105995 0.00555514 0.000770011 0.000222478
1654 Sphere 0.00175645 0.00437524 0.00613352 0.000165865
1655 Sphere 0.000490526 0.00584703 0.00116144 0.000177197
1656 Sphere 0.00337553 0.00518587 0.00472089 0.0002217
1657 Sphere 0.00100832 0.00244537 0.00129795 0.000209703
1658 Sphere 0.00172024 0.000967801 0.00356099 0.00016795
1659 Sphere 0.00529031 0.00489697 0.00398615 0.000164718
1660 Sphere 0.00213517 0.00321994 0.0021694 0.000184024
1661 Sphere 0.0052237 0.00179779 0.00247275 0.0001907
1662 Sphere 0.0036863 0.00249881 0.00585488 0.000186795
1663 Sphere 0.00446385 0.00540209 0.00483306 0.000224844
1664 Sphere 0.00409574 0.00505301 0.00122235 0.000163542
1665 Sphere 0.0016079 0.0045523 0.00584361 0.000206035
1666 Sphere 0.00345759 0.00196252 0.000736015 0.000163096
1667 Sphere 0.00380486 0.0019446 0.00219607 0.000181044
1668 Sphere 0.00590723 0.00284342 0.00328915 0.000180602
1669 Sphere 0.0023158 0.00100492 0.00136827 0.000185634
1670 Sphere 0.00366703 0.00326401 0.00514536 0.000190379
1671 Sphere 0.00512611 0.00264492 0.00623895 0.00016122
1672 Sphere 0.000214248 0.00022002 0.00177841 0.000175391
1673 Sphere 0.00143543 0.00140588 0.000405751 0.00020734
1674 Sphere 0.00219782 0.00634986 0.0040394 0.000182946
1675 Sphere 0.00289839 0.00255136 0.000350302 0.00017074
1676 Sphere 0.00392968 0.00235358 0.00244226 0.0002119
1677 Sphere 0.00148465 0.00257851 0.0051527 0.000183457
1678 Sphere 0.001096 0.00329988 0.00498686 0.000198682
1679 Sphere 0.00556532 0.000662758 0.00115206 0.000229949
1680 Sphere 0.00230282 0.00428269 0.00579462 0.000187243
1681 Sphere 0.00509097 0.0039248 0.00556798 0.000197392
1682 Sphere 0.00467578 0.00362912 0.00503213 0.000186781
1683 Sphere 0.00231916 0.00470528 0.00493238 0.000192339
1684 Sphere 0.00333037 0.00185254 0.0037755 0.000190887
1685 Sphere 0.00262172 0.00401777 0.00581572 0.00016066
1686 Sphere 0.000231608 0.00518305 0.0057733 0.000238329
1687 Sphere 0.00216113 0.00536222 0.00383147 0.000173567
1688 Sphere 0.00348745 0.00481257 0.000706824 0.000219299
1689 Sphere 0.00194913 0.000415463 0.00347123 0.00018262
1690 Sphere 0.00276848 0.00153819 0.00604768 0.000170866
1691 Sphere 0.00432571 0.00467552 0.00570954 0.000180569
1692 Sphere 0.00411092 0.00667459 0.00537936 0.000173533
1693 Sphere 0.00410864 0.00235844 0.000162001 0.000179282
1694 Sphere 0.00250331 0.00238881 0.0052928 0.000162091
1695 Sphere 0.00300615 0.00211999 0.000331509 0.000174491
1696 Sphere 0.00343022 0.00577007 0.00325197 0.000188191
1697 Sphere 0.00108454 0.00542703 0.00408255 0.000179015
1698 Sphere 0.0041143 0.0060274 0.0031899 0.000169993
1699 Sphere 0.00578968 0.00219513 0.00535371 0.000196227
1700 Sphere 0.00505978 0.00143717 0.00112003 0.000163465
1701 Sphere 0.00244683 0.00559045 0.00205307 0.000223534
1702 Sphere 0.00439638 0.00135507 0.000965147 0.000231976
1703 Sphere 0.00284769 0.000440255 0.00407078 0.000215364
1704 Sphere 0.00378532 0.00130658 0.00424505 0.000215424
1705 Sphere 0.0056166 0.00546017 0.00422964 0.000201382
1706 Sphere 0.000734304 0.00193169 0.00308522 0.000164404
1707 Sphere 0.00388673 0.00124685 0.00199007 0.000176582
1708 Sphere 0.0022305 0.00267139 0.00389105 0.000215709
1709 Sphere 0.00510806 0.00655067 0.00457828 0.000210855
1710 Sphere 0.00220592 0.00327206 0.00526283 0.000178218
1711 Sphere 0.000438419 0.00596082 0.00539398 0.000172484
1712 Sphere 0.00343879 0.00403405 0.00149633 0.000230035
1713 Sphere 0.00651908 0.00528956 0.00135505 0.000237853
1714 Sphere 0.00619775 0.00119392 0.00278188 0.000203357
1715 Sphere 0.00390896 0.00541504 0.0029614 0.000172833
1716 Sphere 0.00213241 0.000790696 0.00593975 0.00020366
1717 Sphere 0.00177731 0.00638891 0.00214474 0.000223324
1718 Sphere 0.00628795 0.000915263 0.00301961 0.000175763
1719 Sphere 0.00427222 0.00528219 0.00396368 0.000174553
1720 Sphere 0.000390478 0.00228996 0.00346706 0.000161191
1721 Sphere 0.0060755 0.00215784 0.00190363 0.000162938
1722 Sphere 0.000700011 0.00524981 0.00303847 0.00017475
1723 Sphere 0.000844424 0.00133038 0.0035441 0.000185262
1724 Sphere 0.00523585 0.00209023 0.00557518 0.00020479
1725 Sphere 0.00402585 0.00250151 0.00572984 0.000175198
1726 Sphere 0.004434 0.00663005 0.000593908 0.000229774
1727 Sphere 0.000659604 0.000828279 0.00593711 0.000198658
1728 Sphere 0.000882531 0.000995182 0.0025033 0.000239523
1729 Sphere 0.00436402 0.000951101 0.000618775 0.000178475
1730 Sphere 0.00225319 0.000150129 0.00373671 0.000172103
1731 Sphere 0.000837156 0.00629654 0.00536324 0.00016233
1732 Sphere 0.00342978 0.00336751 0.00367057 0.000231583
1733 Sphere 0.000914901 0.00223409 0.0042915 0.000239631
1734 Sphere 0.00369653 0.00325427 0.00552865 0.000195013
1735 Sphere 0.000383669 0.00399155 0.000554133 0.000184243
1736 Sphere 0.00429431 0.000918376 0.00162998 0.000199158
1737 Sphere 0.000167476 0.00573839 0.00174851 0.000185857
1738 Sphere 0.00277452 0.00380988 0.0010258 0.000171632
1739 Sphere 0.00402666 0.00337351 0.0010484 0.000195695
1740 Sphere 0.00169316 0.00422958 0.00451897 0.000168324
1741 Sphere 0.00343692 0.00168003 0.00455869 0.000188798
1742 Sphere 0.00127565 0.00357489 0.0051871 0.000187999
1743 Sphere 0.0028924 0.00343713 0.00110456 0.00022811
1744 Sphere 0.000403151 0.0064024 0.00160279 0.000215075
1745 Sphere 0.003887 0.00376277 0.000946382 0.000231089
1746 Sphere 0.00633522 0.00535477 0.00241301 0.000219994
1747 Sphere 0.00151697 0.00514639 0.00496966 0.000169552
1748 Sphere 0.00508703 0.00279866 0.00409314 0.000207314
1749 Sphere 0.000324725 0.00466907 5.75713e-05 0.000186348
1750 Sphere 0.00627129 0.00590923 0.00390187 0.000180148
1751 Sphere 0.00628601 0.00319341 0.000809026 0.000195424
1752 Sphere 0.0040705 0.00476965 0.00599235 0.000212153
1753 Sphere 0.000324291 0.00436255 0.00372401 0.000234296
1754 Sphere 0.00624577 0.000122077 0.00490783 0.000184967
1755 Sphere 0.00418986 0.000284409 0.00141957 0.000208686
1756 Sphere 0.000580676 0.00409101 0.00119251 0.000223139
1757 Sphere 0.00573648 0.00578641 0.00449974 0.00018495
1758 Sphere 0.00442762 0.00165343 0.00369576 0.000176396
1759 Sphere 0.00357795 0.00231851 0.00287427 0.000206167
1760 Sphere 0.00324131 0.0025399 0.00456837 0.000173065
1761 Sphere 0.00269486 0.00559169 0.00378506 0.000161286
1762 Sphere 0.00573435 0.00369958 0.00406332 0.000160604
1763 Sphere 0.00195328 0.00246341 0.00316716 0.000161422
1764 Sphere 0.00382702 0.00562636 0.00187405 0.000208153
1765 Sphere 0.00155265 0.00529643 0.00274168 0.000165184
1766 Sphere 0.00225781 0.00318146 0.00331762 0.00021281
1767 Sphere 0.000379631 0.00452857 0.00251628 0.000170284
1768 Sphere 0.00275722 0.00576273 0.000249286 0.000165174
1769 Sphere 0.00301075 0.0065147 0.00106899 0.000199398
1770 Sphere 0.00160945 0.00427215 0.00323315 0.00021004
1771 Sphere 0.00424826 0.0064084 0.00358162 0.000186335
1772 Sphere 0.00459176 0.000999888 0.00224976 0.000161935
1773 Sphere 0.00644853 0.00132098 0.00509596 0.000181743
1774 Sphere 0.00555768 0.00286987 0.00306697 0.000189078
1775 Sphere 0.00334882 0.00178627 0.00045981 0.000182812
1776 Sphere 0.000784014 0.00106872 0.00623532 0.000205395
1777 Sphere 0.000190589 0.0046045 0.00286831 0.000207181
1778 Sphere 0.00555637 0.00151896 0.000599432 0.000189637
1779 Sphere 0.00528902 0.00298385 0.0061572 0.000225014
1780 Sphere 0.00630467 0.000829257 0.00200999 0.000217168
1781 Sphere 0.00591932 0.00621316 6.19125e-05 0.000163273
1782 Sphere 0.00162679 0.000628329 0.00507579 0.000172742
1783 Sphere 0.00615778 0.00589401 0.00616598 0.000207445
1784 Sphere 0.00179445 0.00463963 0.000153591 0.000222408
1785 Sphere 0.00130993 0.00176625 0.00263312 0.000229765
1786 Sphere 0.00495547 0.00327952 0.00471769 0.000211625
1787 Sphere 0.0044593 0.00570436 0.00561482 0.000199924
1788 Sphere 0.00202342 0.00110011 0.00420051 0.000187133
1789 Sphere 0.0019557 0.00588222 0.00391279 0.000167098
1790 Sphere 0.00103167 0.00422216 0.00288122 0.000183047
1791 Sphere 0.00263868 0.00288828 0.0008013 0.000166491
1792 Sphere 0.00658479 0.0011952 0.00016672 0.000200856
1793 Sphere 0.00534984 0.00476248 0.000940615 0.000184916
1794 Sphere 0.0019277 0.00627245 0.000949419 0.000234913
1795 Sphere 0.00608498 0.00166085 0.00402297 0.000183836
1796 Sphere 0.00486849 0.000365748 0.00260325 0.000164249
1797 Sphere 0.00062161 0.00336996 0.00457209 0.000169715
1798 Sphere 0.00409285 0.00342265 0.00288602 0.000210025
1799 Sphere 0.00423755 0.00453839 0.00468244 0.000162909
1800 Sphere 0.000272316 0.00413941 0.00556756 0.000190819
1801 Sphere 0.00511974 0.00129122 0.00572339 0.000190939
1802 Sphere 0.00652119 0.0023774 0.00144526 0.000190468
1803 Sphere 0.00651903 0.00119346 0.00216077 0.000213381
1804 Sphere 0.00575163 0.00149323 0.00284083 0.000163232
1805 Sphere 0.00650981 0.00172638 0.00393903 0.000185916
1806 Sphere 0.00595554 0.00508623 0.000182518 0.000167856
1807 Sphere 0.00614972 0.00512801 0.00306245 0.000197692
1808 Sphere 0.000898557 0.0038928 0.00050957 0.000182644
1809 Sphere 0.000827632 0.00147257 0.00246568 0.000183002
1810 Sphere 0.00311025 0.00288264 0.00296105 0.000231977
1811 Sphere 0.00250808 0.000855896 0.00243036 0.000238667
1812 Sphere 0.00359906 0.00424044 0.00590811 0.000190354
1813 Sphere 0.00597614 0.00571136 0.00107847 0.000205399
1814 Sphere 0.00492319 0.00648877 0.0033497 0.000165771
1815 Sphere 0.00395377 0.00219613 0.00558805 0.000169727
1816 Sphere 0.00292772 0.00143576 0.00400247 0.000190606
1817 Sphere 0.00379157 0.00337779 0.00259704 0.000210095
1818 Sphere 0.000118063 0.00668164 0.00426557 0.000208348
1819 Sphere 0.00255504 0.00174481 0.00621958 0.000173168
1820 Sphere 0.00375797 0.00107627 0.000394244 0.000163001
1821 Sphere 0.00377088 0.000991618 0.00402266 0.000171879
1822 Sphere 0.000113141 0.0020805 0.00374583 0.000179373
1823 Sphere 0.00488473 0.00198243 0.00404345 0.000206907
1824 Sphere 0.00253427 0.00234892 0.00455641 0.000207718
1825 Sphere 0.00226858 0.00486313 0.00561204 0.000181067
1826 Sphere 0.00655545 0.0049985 0.00553613 0.000226931
1827 Sphere 0.00208299 0.000383486 0.00527627 0.000176714
1828 Sphere 0.00376827 0.00110242 0.00306137 0.000170562
1829 Sphere 0.00509585 0.0010324 0.00518501 0.000209075
1830 Sphere 0.00562796 0.00180762 0.0038652 0.000235433
1831 Sphere 0.00481051 0.00526008 0.00153319 0.000217265
1832 Sphere 0.00189249 0.00452744 0.000995577 0.000222721
1833 Sphere 0.00239648 0.0022961 0.00123691 0.000215581
1834 Sphere 0.00148694 0.00133678 0.00580408 0.000167676
1835 Sphere 0.000495893 0.00149831 0.00416667 0.000180219
1836 Sphere 0.00443174 0.00234061 0.00354817 0.000185403
1837 Sphere 0.00634777 0.00523679 0.00174404 0.00019194
1838 Sphere 0.00238394 0.0048508 0.00249965 0.000165169
1839 Sphere 0.00144657 0.00116171 8.86687e-05 0.000194028
1840 Sphere 0.00078948 0.00117389 0.000858293 0.000197381
1841 Sphere 0.00359519 0.00110889 0.00484703 0.000168282
1842 Sphere 0.00579612 0.00471714 0.000136183 0.00022006
1843 Sphere 0.000778288 7.31146e-05 0.00133982 0.000215227
1844 Sphere 0.00265648 0.00539943 0.00329286 0.000228409
1845 Sphere 0.00362704 0.00057331 0.00166305 0.000168498
1846 Sphere 0.00172774 4.42103e-05 0.00399923 0.000173415
1847 Sphere 0.00137309 0.00226632 0.000858629 0.000162348
1848 Sphere 0.00541431 0.00148728 0.00620556 0.000193211
1849 Sphere 0.00558248 0.00589176 0.00311218 0.000196348
1850 Sphere 0.00247448 0.00287495 3.98208e-05 0.00018312
1851 Sphere 0.000318691 0.00234272 0.00474308 0.000191059
1852 Sphere 0.000768236 0.00152501 0.00307661 0.00017057
1853 Sphere 0.00640462 0.00607438 0.00269204 0.000205248
1854 Sphere 0.00281356 0.00359321 0.00245039 0.000164659
1855 Sphere 0.00432548 0.00251312 0.00292199 0.000185102
1856 Sphere 0.000388259 0.00020567 0.000499362 0.000172335
1857 Sphere 0.00170954 0.00285882 0.00359183 0.000185152
1858 Sphere 0.00354989 0.00443537 0.000231977 0.000175743
1859 Sphere 0.00450577 0.00463793 0.00606096 0.00021747
1860 Sphere 0.000962604 0.000489965 0.00239326 0.000166274
1861 Sphere 0.00312363 0.00438464 0.00078371 0.000174496
1862 Sphere 0.0062584 0.000281206 0.00265585 0.000164894
1863 Sphere 0.00148237 0.002328 0.0055078 0.000202006
1864 Sphere 0.00455397 0.00589589 0.00383847 0.000238747
1865 Sphere 0.00423329 0.00379706 0.00581491 0.000168116
1866 Sphere 0.00459963 0.00440746 0.00555824 0.000232382
1867 Sphere 0.00357885 0.00367762 0.00389146 0.0001791
1868 Sphere 0.00124589 1.78934e-05 0.00503827 0.00020345
1869 Sphere 0.00283131 0.0020694 0.000844407 0.000187649
1870 Sphere 0.0019351 0.0001236 4.05802e-05 0.000218463
1871 Sphere 0.00428986 0.00419676 0.00327239 0.000192005
1872 Sphere 0.00391354 0.00103981 0.00586465 0.000224872
1873 Sphere 0.00573538 0.00331978 0.00290121 0.00018427
1874 Sphere 0.00656344 0.00413988 0.00128062 0.00020767
1875 Sphere 0.00585395 0.00309972 0.00392706 0.000164086
1876 Sphere 0.00450235 0.00311271 0.000331531 0.000226579
1877 Sphere 0.00486776 0.00666965 0.00162164 0.000211205
1878 Sphere 0.00570304 0.000759613 0.00489169 0.00018953
1879 Sphere 0.00650792 0.00388112 0.000336283 0.000197985
1880 Sphere 0.00305856 0.00462796 0.00519583 0.000181086
1881 Sphere 0.00222759 0.00438151 0.00475211 0.000189444
1882 Sphere 0.00239973 0.00336051 0.00110189 0.00017205
1883 Sphere 0.00163409 0.00638959 0.00612999 0.000171757
1884 Sphere 0.00111859 0.00509088 0.005591 0.000212979
1885 Sphere 0.00172812 0.00602186 0.00356306 0.000161705
1886 Sphere 0.00295535 0.00137738 0.00160413 0.00022115
1887 Sphere 0.00218912 0.0053286 0.00278193 0.000184011
1888 Sphere 0.00625635 0.00364513 0.00328938 0.000216613
1889 Sphere 0.00184006 0.00322955 0.00126693 0.000194475
1890 Sphere 0.00399234 0.00528813 0.00149298 0.0002109
1891 Sphere 0.00306666 0.000211609 0.00286331 0.000232201
1892 Sphere 0.00649206 0.000964282 0.00333541 0.000203976
1893 Sphere 0.00376175 8.63849e-05 0.00053576 0.000162398
1894 Sphere 0.0024942 0.00250064 0.000916553 0.000176964
1895 Sphere 0.00371482 0.00274421 0.00109744 0.000172984
1896 Sphere 0.00231148 0.00378846 0.00516199 0.00019213
1897 Sphere 0.0010313 0.00626556 0.00104163 0.000177689
1898 Sphere 0.00590958 0.00368073 0.0044214 0.00023959
1899 Sphere 0.00142164 0.00616888 0.000957477 0.000232899
1900 Sphere 0.0016819 0.00496845 0.00234308 0.000194459
1901 Sphere 0.00377485 0.000936426 0.000685829 0.000161534
1902 Sphere 0.0058365 0.00185972 0.00425469 0.000209973
1903 Sphere 0.00101131 0.00394968 0.00125491 0.000215043
1904 Sphere 0.00459069 0.00303773 0.00595528 0.000201888
1905 Sphere 0.00226224 0.00474321 0.004195 0.000190759
1906 Sphere 0.00429255 0.00293305 0.00434086 0.000164872
1907 Sphere 0.00391606 0.000912142 2.2486e-05 0.000214696
1908 Sphere 0.00532646 0.00150192 0.00385786 0.000194422
1909 Sphere 0.000714093 0.00159148 0.00378604 0.000196747
1910 Sphere 0.000141412 0.00279126 0.00229134 0.000204709
1911 Sphere 0.000692162 0.00615557 0.00172223 0.000176973
1912 Sphere 0.000574038 0.00480389 0.00600511 0.000232039
1913 Sphere 0.00390516 0.00341145 0.00219624 0.000207818
1914 Sphere 0.00156138 0.00541343 0.00471892 0.000182121
1915 Sphere 0.004567 0.0038708 0.00324411 0.00018261
1916 Sphere 0.000562525 0.00410091 0.00392576 0.000163385
1917 Sphere 0.00470769 0.00117582 0.00120519 0.000200662
1918 Sphere 0.00486949 0.00274064 0.0052049 0.000173646
1919 Sphere 0.0018518 0.00505952 0.00464462 0.000163807
1920 Sphere 0.00579811 0.00108589 0.00199538 0.000165129
1921 Sphere 0.00488589 0.00320612 0.00434495 0.000171724
1922 Sphere 0.00226408 8.25084e-05 0.0029662 0.000237935
1923 Sphere 0.000216085 0.00427199 0.00108261 0.0001989
1924 Sphere 0.00607102 0.00538949 0.00348123 0.000212023
1925 Sphere 0.00266195 0.00656584 0.000844454 0.00022039
1926 Sphere 0.00315543 0.00107066 0.00346362 0.000171831
1927 Sphere 0.00245986 0.0044556 0.00262404 0.00018134
1928 Sphere 0.00307011 0.000331566 0.00177739 0.000171861
1929 Sphere 0.00661577 0.00578019 0.00245144 0.000176166
1930 Sphere 0.00229908 0.000774442 0.00546351 0.000166713
1931 Sphere 0.00353122 0.00402879 0.00396055 0.000173721
1932 Sphere 0.00358065 0.000631136 0.000703118 0.00019858
1933 Sphere 0.00544919 0.00615059 0.00146373 0.00022591
1934 Sphere 0.00241646 0.00392133 0.00439777 0.000194293
1935 Sphere 0.00138703 0.00599062 0.00159484 0.000180293
1936 Sphere 0.00188673 0.00654547 0.00326674 0.000193592
1937 Sphere 0.00290946 0.00100554 0.00256054 0.0001774
1938 Sphere 0.00638189 0.00646972 0.00509167 0.000212665
1939 Sphere 0.00381559 0.0048731 0.00114323 0.000179773
1940 Sphere 0.00247089 0.00380292 0.00087123 0.000170958
1941 Sphere 0.00359267 0.00208593 0.00251258 0.000224473
1942 Sphere 0.00633392 0.00274475 0.000377782 0.000162167
1943 Sphere 4.53465e-05 0.00162627 0.00367975 0.000163936
1944 Sphere 0.00303704 0.00386213 0.00606933 0.000184968
1945 Sphere 0.000435315 0.000227738 0.00427386 0.000165136
1946 Sphere 0.000706529 0.00384681 0.00148367 0.000179878
1947 Sphere 0.00292873 0.00654504 0.00604365 0.000179649
1948 Sphere 0.0030441 0.00620484 0.00242097 0.0001755
1949 Sphere 0.00209413 0.0053473 0.00215705 0.000217699
1950 Sphere 0.00229987 0.00543877 0.00131663 0.000204958
1951 Sphere 0.000519389 0.000232186 0.00250043 0.000195427
1952 Sphere 0.00592823 0.000797868 0.00142517 0.000183346
1953 Sphere 0.0034259 0.00261672 0.00148477 0.000221739
1954 Sphere 0.00106585 0.00619775 0.00162536 0.000188534
1955 Sphere 0.00474116 0.00337159 0.00565959 0.000181782
1956 Sphere 9.8411e-05 0.00345727 8.14767e-05 0.000177908
1957 Sphere 0.000984082 0.000832646 0.000946105 0.000199041
1958 Sphere 0.000427193 0.00393953 0.00171805 0.000167812
1959 Sphere 0.00341313 0.00390024 0.00600615 0.000198809
1960 Sphere 0.00263607 0.0012183 0.00266401 0.000185032
1961 Sphere 0.00156104 0.0020112 0.00113753 0.000165382
1962 Sphere 0.00601605 0.00309109 0.00507311 0.000183146
1963 Sphere 0.00367356 0.000461621 0.00522155 0.000224755
1964 Sphere 0.00634821 0.00466105 0.000586732 0.000172627
1965 Sphere 0.000197059 0.00370423 0.0025973 0.000187283
1966 Sphere 0.00550757 0.00360726 0.00605146 0.000192479
1967 Sphere 0.00341804 0.00140559 0.00432352 0.000173525
1968 Sphere 0.00584836 0.00227483 0.00594821 0.000237646
1969 Sphere 0.00266917 8.70085e-06 0.00144486 0.000217708
1970 Sphere 0.00354252 0.00380715 0.0023161 0.000235476
1971 Sphere 0.00575149 0.0032115 0.00125465 0.000174561
1972 Sphere 0.00590462 0.00372928 0.0005763 0.000161263
1973 Sphere 0.00149944 0.00622132 0.00374203 0.000171588
1974 Sphere 0.000274596 0.000657313 0.00365393 0.000173158
1975 Sphere 0.00474264 0.00626875 0.00267464 0.000163848
1976 Sphere 0.00256521 0.000458358 0.000685558 0.000220945
1977 Sphere 0.00101914 0.00506458 0.00177944 0.00016728
1978 Sphere 0.00512296 0.00659515 0.00034811 0.000175594
1979 Sphere 0.00583537 0.00142181 0.00212315 0.000183274
1980 Sphere 0.000766362 0.00249646 0.00389692 0.000237142
1981 Sphere 0.00436979 0.000292481 0.00379183 0.000165687
1982 Sphere 0.00346227 0.00563166 0.00400771 0.0001746
1983 Sphere 0.00575355 0.00100836 0.00399532 0.000170584
1984 Sphere 0.0023083 0.00256384 0.00613602 0.000201426
1985 Sphere 0.00436827 0.00554524 0.0035047 0.000184505
1986 Sphere 0.00231348 0.00364962 0.00186964 0.000217136
1987 Sphere 0.00363229 0.00327077 0.00456632 0.000168455
1988 Sphere 0.00329076 0.00206942 0.00153413 0.000188786
1989 Sphere 0.00335552 0.00415006 1.65899e-05 0.00017573
1990 Sphere 0.00117815 0.00629023 0.00393825 0.000212448
1991 Sphere 0.00187493 0.00190924 0.001731 0.000175868
1992 Sphere 0.00535286 0.00415347 0.0048915 0.000197035
1993 Sphere 0.00102561 0.00303596 0.000878632 0.000166062
1994 Sphere 0.00152095 0.000483265 0.000662813 0.000188104
1995 Sphere 0.00443821 0.00139561 0.00470386 0.000205275
1996 Sphere 0.000333928 0.00338598 0.00135257 0.000169067
1997 Sphere 0.00371191 0.00243513 0.00168039 0.000170656
1998 Sphere 0.00316185 0.00267338 0.00181669 0.000206939
1999 Sphere 0.00576786 0.00264147 0.00266575 0.000207862
2000 Sphere 0.00299729 0.00580153 0.00566531 0.000203721
2001 Sphere 0.00115379 0.00205423 0.000964795 0.000160784
2002 Sphere 0.00206546 0.00393761 0.0021189 0.000238823
2003 Sphere 0.000131362 0.000772495 0.00615445 0.000172982
2004 Sphere 0.000473338 0.00152038 0.0045408 0.000193063
2005 Sphere 0.00663164 0.00483071 0.00162021 0.000176636
2006 Sphere 0.000360729 0.0054151 0.0044142 0.000206157
2007 Sphere 0.0038993 0.00565471 0.000892616 0.000208184
2008 Sphere 0.00339027 0.00452808 0.00399868 0.000194307
2009 Sphere 0.00198234 0.00374403 0.000620846 0.000180421
2010 Sphere 0.0010021 0.00470815 0.00503129 0.000197724
2011 Sphere 0.0061708 0.0022271 0.000667146 0.000166491
2012 Sphere 0.00203174 0.00400452 0.00440073 0.00017483
2013 Sphere 0.00252332 0.00187544 0.000670435 0.000160672
2014 Sphere 0.00583015 0.00428316 0.00573063 0.000189592
2015 Sphere 0.00141909 0.00477012 0.00561344 0.000163063
2016 Sphere 0.00626198 0.0045969 0.00248389 0.000231808
2017 Sphere 0.000996839 0.00354063 0.00323618 0.00019889
2018 Sphere 0.00634973 0.00146802 0.00120554 0.00016195
2019 Sphere 0.00506482 0.00182101 0.00578774 0.000178532
2020 Sphere 0.00525716 0.00524279 0.00132421 0.000165284
2021 Sphere 0.0025337 0.00350288 0.00303642 0.000193688
2022 Sphere 0.00383841 0.00245074 0.00619748 0.000182305
2023 Sphere 0.00123878 0.00632725 0.00293403 0.000168007
2024 Sphere 0.00442313 0.00117991 0.0042099 0.000192981
2025 Sphere 0.00625233 0.00215824 0.000242887 0.000233634
2026 Sphere 0.00511689 0.00582325 0.00307812 0.000212388
2027 Sphere 0.00233931 0.00394328 0.00556055 0.00022724
2028 Sphere 0.00367455 0.00312696 0.000258061 0.000171834
2029 Sphere 0.00144452 0.00573274 0.00455876 0.000162189
2030 Sphere 0.00112855 0.0015349 0.00334081 0.000219907
2031 Sphere 0.00539691 0.00526833 0.00562581 0.000168374
2032 Sphere 0.00622039 0.00258586 0.00325442 0.000169904
2033 Sphere 0.00273757 0.0022589 0.00553263 0.000196061
2034 Sphere 0.00275274 0.000106484 0.00587906 0.00016668
2035 Sphere 0.00471504 0.00646086 0.00305739 0.000194913
2036 Sphere 5.17505e-05 0.00464479 0.00235193 0.000214492
2037 Sphere 0.000877783 0.00600855 0.00443961 0.000165847
2038 Sphere 0.000768361 0.00244937 0.00297085 0.000236209
2039 Sphere 0.00510665 0.00320014 0.0013756 0.000183469
2040 Sphere 0.000593201 0.00387886 0.00503181 0.000161027
2041 Sphere 0.00346916 0.00583561 0.0037166 0.000181819
2042 Sphere 0.00051691 0.00513472 0.00218598 0.000212599
2043 Sphere 0.00093533 0.00160066 0.00529459 0.000204598
2044 Sphere 0.00469401 0.00401351 0.00485032 0.000220624
2045 Sphere 0.00356615 0.00346376 0.00299402 0.000196268
2046 Sphere 0.00237015 0.00282729 0.0010263 0.000189348
2047 Sphere 0.00194518 0.00285256 0.00155439 0.000236675
2048 Sphere 0.00187056 0.00201737 0.00416694 0.000161888
2049 Sphere 0.00185032 0.00351425 0.00339678 0.000203691
2050 Sphere 0.00505899 0.00143384 0.00415365 0.000210587
2051 Sphere 0.000482809 0.00380434 0.00445046 0.000168933
2052 Sphere 0.00481144 0.00365724 0.000235706 0.000234387
2053 Sphere 0.00321555 0.00352605 0.00611837 0.000199239
2054 Sphere 0.00567724 0.00542921 0.000942275 0.000192987
2055 Sphere 0.0062987 0.00570786 0.00260006 0.000181763
2056 Sphere 0.00155889 0.00487855 0.000800276 0.000206263
2057 Sphere 0.00407247 0.00141008 0.00531639 0.000161533
2058 Sphere 0.00544151 0.00211323 0.000337235 0.000182334
2059 Sphere 0.00646551 0.0013104 0.00253288 0.000180588
2060 Sphere 0.0046638 0.00504598 0.00310173 0.00018168
2061 Sphere 0.00419556 0.00360919 0.00334572 0.000215149
2062 Sphere 0.00335416 0.00209222 0.00569765 0.00022792
2063 Sphere 0.000895679 0.00175224 0.00170923 0.000199977
2064 Sphere 0.00405095 0.000744673 0.00339046 0.000169887
2065 Sphere 0.00666936 0.00143958 0.00536175 0.000184183
2066 Sphere 0.000364004 0.00218598 0.00160053 0.000218372
2067 Sphere 0.00365141 0.000867078 0.0043632 0.000211402
2068 Sphere 0.00464546 0.00183151 0.00582031 0.000178877
2069 Sphere 0.00247987 0.00585954 0.00266003 0.000178881
2070 Sphere 0.00256301 0.00242817 0.00300687 0.000204341
2071 Sphere 0.00597872 0.00644792 0.00347866 0.000165191
2072 Sphere 0.000402339 0.00603683 0.000580501 0.00016965
2073 Sphere 0.00254669 0.000337117 0.00330209 0.000164634
2074 Sphere 0.00479936 0.00229413 0.00386488 0.000163509
2075 Sphere 0.00323606 0.00157298 0.000213526 0.000163164
2076 Sphere 4.20816e-05 0.00350316 0.00578889 0.000168376
2077 Sphere 0.000703144 0.00207462 0.00339477 0.000179581
2078 Sphere 6.78712e-05 0.00306066 0.00149988 0.000194418
2079 Sphere 0.000626687 0.000650655 0.00500494 0.000175984
2080 Sphere 0.00644821 8.11802e-05 0.00316517 0.000234273
2081 Sphere 0.0016253 0.00554015 0.00506204 0.000183722
2082 Sphere 0.00317946 0.00361898 0.00303675 0.000164553
2083 Sphere 0.00274114 0.000959065 0.00465151 0.000175577
2084 Sphere 0.00411965 0.000597312 0.000203901 0.000203554
2085 Sphere 0.00383743 0.00497839 5.27294e-05 0.00023877
2086 Sphere 0.00173528 0.00132744 0.00198251 0.000212376
2087 Sphere 0.00346342 0.00121935 0.00404344 0.000160141
2088 Sphere 0.00622723 0.00583208 0.00153395 0.000203641
2089 Sphere 0.00643524 0.00299665 0.00375969 0.000203466
2090 Sphere 0.0041217 0.00590849 0.00184342 0.000199886
2091 Sphere 0.00655625 0.000579697 0.00135741 0.000161841
2092 Sphere 0.000679152 0.00210673 0.00461332 0.000178232
2093 Sphere 0.00428809 0.00360564 0.000836232 0.000214006
2094 Sphere 0.00112396 0.00202788 0.00128312 0.000160199
2095 Sphere 0.00636583 0.00298294 0.00477809 0.000162978
2096 Sphere 0.00215667 0.00353931 0.00313917 0.00019906
2097 Sphere 0.00173623 0.00166617 0.00585302 0.000233553
2098 Sphere 0.00619231 0.00651738 0.00268933 0.000168093
2099 Sphere 0.0033812 0.0041134 0.000891223 0.00017894
2100 Sphere 0.00189072 0.00374887 0.00180376 0.000168272
2101 Sphere 0.00508199 0.00355625 0.000760986 0.000171906
2102 Sphere 0.00331793 0.0033751 0.00516207 0.000176625
2103 Sphere 8.56914e-06 0.00117567 0.00486939 0.000171981
2104 Sphere 0.00186942 0.00258502 0.00502994 0.00018215
2105 Sphere 0.000563569 0.00449943 0.00100345 0.000203762
2106 Sphere 0.00553503 0.00448091 0.00181 0.000196001
2107 Sphere 0.00343051 0.000258708 0.00467487 0.000204582
2108 Sphere 0.00482515 0.00372859 0.00348493 0.000172436
2109 Sphere 0.000788039 0.00597972 0.0055715 0.000220707
2110 Sphere 0.000480127 0.00183483 0.000560437 0.00016529
2111 Sphere 0.000554427 0.00125032 0.00257845 0.00018275
2112 Sphere 0.00546408 0.00640232 0.00431212 0.000203578
2113 Sphere 0.00212948 0.00255307 0.00541045 0.000208681
2114 Sphere 0.00295756 0.00253502 0.00364224 0.000161545
2115 Sphere 0.00480221 0.00667053 0.0026928 0.000235313
2116 Sphere 0.00481866 0.00553486 0.00306103 0.000174865
2117 Sphere 0.00585968 0.00430642 0.00199847 0.000188405
2118 Sphere 0.00134785 0.00558841 0.00205637 0.000186117
2119 Sphere 0.00181247 9.578e-05 0.00493811 0.000236807
2120 Sphere 0.00528677 0.00475221 0.00622451 0.000206995
2121 Sphere 0.0035615 0.00205517 0.00448439 0.000209985
2122 Sphere 0.00276995 0.00168114 0.00371411 0.000208054
2123 Sphere 0.00588513 0.00375102 0.00617679 0.000231724
2124 Sphere 0.00540719 0.00344394 0.00424895 0.000164045
2125 Sphere 0.00537134 0.00482685 0.0054188 0.000209619
2126 Sphere 0.00614885 0.00383599 0.00291703 0.000185573
2127 Sphere 0.00620938 0.00642745 0.00323124 0.000174182
2128 Sphere 0.00303746 0.00342283 0.000170867 0.000176585
2129 Sphere 0.00576497 0.00142403 0.00125325 0.000165571
2130 Sphere 0.000122857 0.00212827 0.00552702 0.000197718
2131 Sphere 0.00123016 0.00573429 0.00176123 0.0001632
2132 Sphere 0.000418504 0.00029832 0.00351614 0.000237826
2133 Sphere 0.000853208 0.00148554 0.00195289 0.000164073
2134 Sphere 0.00640326 0.00156877 0.00226852 0.000194521
2135 Sphere 0.00316593 0.00116576 0.00133401 0.000182318
2136 Sphere 0.00334245 0.000518914 0.00276131 0.000193324
2137 Sphere 0.00459325 0.000283441 0.00234413 0.00022421
2138 Sphere 0.00462947 0.00272246 0.00558466 0.000221907
2139 Sphere 0.00287714 0.00331564 0.00220845 0.00020969
2140 Sphere 0.00378741 0.00448238 0.000700274 0.000207208
2141 Sphere 0.00322473 0.000511605 0.000767416 0.000182409
2142 Sphere 0.000304751 0.00546146 0.0020117 0.000199814
2143 Sphere 0.00137379 0.00320365 0.00599894 0.000196642
2144 Sphere 0.00256502 0.00509148 0.0026402 0.000167455
2145 Sphere 0.00385209 0.00469035 0.00274746 0.000190044
2146 Sphere 0.000487795 0.00239105 0.00267054 0.000171355
2147 Sphere 0.00341564 0.00195508 0.00291506 0.000190802
2148 Sphere 0.000918779 0.00137319 0.00495251 0.000204242
2149 Sphere 0.00142715 0.000356993 0.00509491 0.000164324
2150 Sphere 0.000741553 0.00667348 0.00336953 0.000229712
2151 Sphere 0.00357881 0.00268843 0.00388219 0.00017473
2152 Sphere 0.00588713 0.001127 0.000152525 0.000167853
2153 Sphere 0.00466705 0.00606797 0.00492689 0.000184424
2154 Sphere 0.00586397 0.00182506 0.0030365 0.000175214
2155 Sphere 0.00545602 0.00162543 0.00269991 0.000170436
2156 Sphere 0.00314331 0.0061827 0.00110323 0.000160582
2157 Sphere 0.000961788 0.00210854 0.002825 0.000182045
2158 Sphere 0.00312706 0.00193767 0.00183751 0.000180891
2159 Sphere 0.00636361 0.0019195 0.00203009 0.000231874
2160 Sphere 0.000664728 0.00306006 0.00555571 0.000200504
2161 Sphere 0.00457087 0.00642322 0.00340269 0.000183144
2162 Sphere 0.00334229 0.00537753 0.0033744 0.000197469
2163 Sphere 0.00475418 0.00591121 0.00543461 0.0002032
2164 Sphere 0.000263329 0.00636209 0.00463065 0.000162393
2165 Sphere 0.00387569 0.00116548 0.00120861 0.000197308
2166 Sphere 0.00347169 0.000439422 0.00402883 0.000195139
2167 Sphere 0.00620096 0.00460417 0.00120617 0.000197581
2168 Sphere 0.00234059 0.00203964 0.00160514 0.00019708
2169 Sphere 0.000475614 0.00287321 0.00392398 0.000229973
2170 Sphere 0.00321961 0.000801739 0.00218291 0.000216986
2171 Sphere 0.0010413 0.000947605 0.00198025 0.000176428
2172 Sphere 0.0035584 0.00013151 0.00118352 0.000174036
2173 Sphere 0.0032274 0.00542077 0.0061882 0.000221738
2174 Sphere 0.00129191 0.00113208 0.00164725 0.000167724
2175 Sphere 0.00267443 0.00350929 0.00383947 0.00016593
2176 Sphere 0.00285226 0.00610904 0.00162934 0.000174237
2177 Sphere 0.000406359 0.00518134 0.00410388 0.0001837
2178 Sphere 0.00553502 0.00199886 0.0028809 0.00022873
2179 Sphere 0.00612615 0.00621771 0.00535947 0.000192726
2180 Sphere 0.00174852 0.00355622 0.000354741 0.000164994
2181 Sphere 0.00332321 0.00418358 0.0049762 0.000169372
2182 Sphere 0.00192183 0.00357051 0.00461489 0.000180258
2183 Sphere 0.00114332 0.0010403 0.00499439 0.00019916
2184 Sphere 0.00232262 0.00392653 0.00307857 0.000212384
2185 Sphere 0.00331861 0.000965074 0.00164419 0.000219733
2186 Sphere 0.00225546 0.00186265 0.00336017 0.000184036
2187 Sphere 0.0016003 0.00493347 0.00177039 0.000180908
2188 Sphere 0.00496136 0.000436969 0.00461436 0.000209551
2189 Sphere 0.00553876 0.00239359 0.00562664 0.000224566
2190 Sphere 0.00326647 0.0053781 0.000357406 0.00018554
2191 Sphere 0.0040517 0.00334254 0.00522487 0.000206709
2192 Sphere 0.00247641 0.000468326 0.0046387 0.000184625
2193 Sphere 0.00285632 0.00328316 0.00369181 0.00016067
2194 Sphere 0.000944897 0.00149564 0.00409965 0.000198912
2195 Sphere 0.00324267 0.00358333 0.00396349 0.000178379
2196 Sphere 0.00330984 0.00618726 0.00372151 0.000204348
2197 Sphere 0.00482028 0.0034557 0.00271431 0.000210802
2198 Sphere 0.0022784 0.00484632 0.00526248 0.000169563
2199 Sphere 0.000705304 0.00517676 0.00574315 0.000237011
2200 Sphere 0.000660664 0.00492438 0.00294554 0.000166751
2201 Sphere 0.000984869 0.000626067 0.00136065 0.000162912
2202 Sphere 0.00135882 0.00227557 0.00124177 0.00018386
2203 Sphere 0.00547464 0.00127646 0.00305311 0.000188783
2204 Sphere 0.000600735 0.00176544 0.00515437 0.000194322
2205 Sphere 0.000970755 0.00593731 0.00237702 0.000161163
2206 Sphere 0.00599573 0.00326051 0.00263205 0.00019498
2207 Sphere 0.00240507 0.00375304 0.00380696 0.000200284
2208 Sphere 0.00107669 0.00335042 0.00577529 0.000201055
2209 Sphere 0.00592347 0.0063779 0.0056481 0.000197045
2210 Sphere 0.000479438 0.00353016 6.99337e-05 0.000167046
2211 Sphere 0.00109926 0.00509992 0.00121354 0.000204482
2212 Sphere 0.00192961 0.00587586 0.00455292 0.000204289
2213 Sphere 0.00512317 0.00210566 0.00273252 0.000222492
2214 Sphere 0.00650163 0.000208058 0.00405623 0.00016915
2215 Sphere 0.00207985 0.000232314 0.000772172 0.000212495
2216 Sphere 0.00159903 0.00659558 0.00468221 0.000162491
2217 Sphere 0.00386011 0.00329496 0.00377228 0.000193782
2218 Sphere 0.00639811 0.00165251 0.00263135 0.000178383
2219 Sphere 0.00575873 0.0022578 0.00122757 0.000163379
2220 Sphere 0.00298466 0.00629937 0.00420552 0.000186325
2221 Sphere 0.00220782 0.000428361 0.00320742 0.000187781
2222 Sphere 0.0063415 0.00641548 0.0013729 0.000230566
2223 Sphere 0.00123492 0.000685998 0.00217489 0.000191072
2224 Sphere 0.00568644 0.00435267 0.00428064 0.000179085
2225 Sphere 0.00429679 0.00626743 0.000369108 0.00021846
2226 Sphere 0.00153399 0.00179115 0.000470568 0.000187774
2227 Sphere 0.00509499 0.0045264 0.00116491 0.000226105
2228 Sphere 0.00531659 0.0044943 0.00072591 0.000160273
2229 Sphere 0.00577826 0.000943721 0.00611176 0.000205271
2230 Sphere 0.000949243 0.00431287 0.00204958 0.000168079
2231 Sphere 0.00541977 0.000823237 0.005974 0.000197615
2232 Sphere 0.00291054 0.00480021 0.0056868 0.000236648
2233 Sphere 0.00506365 0.00528064 0.00544951 0.000209837
2234 Sphere 0.00226535 0.00577702 0.00543494 0.000185482
2235 Sphere 0.00109269 0.0060137 0.00299534 0.000183895
2236 Sphere 0.00421691 0.00625242 0.00552301 0.000196858
2237 Sphere 0.00243693 0.000213574 0.00575331 0.00019054
2238 Sphere 0.000722445 0.00548556 0.000481321 0.000227523
2239 Sphere 0.00198635 0.000673229 0.00559575 0.000188211
2240 Sphere 0.00492709 0.00564237 0.00386404 0.000172929
2241 Sphere 0.00419326 0.00372202 0.00121392 0.000178391
2242 Sphere 9.19367e-05 0.00499056 0.0048878 0.000175844
2243 Sphere 0.000961721 0.00640411 0.00500977 0.000228774
2244 Sphere 0.00349864 0.00180156 0.00528898 0.000199858
2245 Sphere 0.00661228 0.000971836 0.000451812 0.000162873
2246 Sphere 0.000191823 0.00644826 0.00105741 0.000192559
2247 Sphere 0.00154026 0.00372308 0.00289331 0.000201959
2248 Sphere 0.00555263 0.00581102 0.00533459 0.000169087
2249 Sphere 0.00167843 0.00419765 0.00280255 0.00023401
2250 Sphere 3.36634e-05 0.0023451 0.00177539 0.000189252
2251 Sphere 0.00278605 0.00325592 0.0060425 0.000162391
2252 Sphere 0.00602269 0.0050429 0.00188803 0.000189139
2253 Sphere 0.00383713 0.0053047 0.00523465 0.000177686
2254 Sphere 0.0034964 0.00529858 0.00509791 0.000190251
2255 Sphere 0.00523487 0.00420477 0.00050684 0.000167074
2256 Sphere 0.00622744 0.00508745 0.00621375 0.000178069
2257 Sphere 0.00472244 0.00467931 0.00120099 0.000178891
2258 Sphere 0.00455466 0.00263595 0.0026895 0.000164501
2259 Sphere 0.00505064 0.00629497 0.00152336 0.000202449
2260 Sphere 0.00415112 0.00548676 0.0011521 0.000191123
2261 Sphere 0.00218009 3.77873e-05 0.00515963 0.000197591
2262 Sphere 0.00158255 0.00311269 0.00155744 0.000211343
2263 Sphere 0.00510384 0.00455715 0.00179933 0.000177007
2264 Sphere 0.0028848 0.000737696 0.00235155 0.000164535
2265 Sphere 0.00269185 0.0049191 0.000588638 0.000174263
2266 Sphere 0.000208725 0.00292449 0.0019034 0.000211779
2267 Sphere 0.0045496 0.00315707 0.00418093 0.000205886
2268 Sphere 0.000716817 0.00599352 0.00206599 0.000207557
2269 Sphere 0.000958619 0.00327946 0.00165005 0.000170979
2270 Sphere 0.00494796 0.000681251 0.00511987 0.000176908
2271 Sphere 0.00592357 0.00369864 0.00502082 0.000197181
2272 Sphere 0.00319028 0.000342988 0.00328875 0.00019252
2273 Sphere 0.00497407 0.00401419 0.00448406 0.00023146
2274 Sphere 0.000887772 0.00498791 0.00475784 0.000207856
2275 Sphere 0.00614598 0.00535578 0.00205512 0.000187507
2276 Sphere 0.00152466 0.00510837 0.00554993 0.000197144
2277 Sphere 0.000207627 0.002034 0.000507068 0.000178375
2278 Sphere 0.00483293 0.000816688 0.00099975 0.00019328
2279 Sphere 0.00461125 0.000687403 0.00385793 0.000226644
2280 Sphere 0.00427477 0.00179858 0.00450311 0.000231867
2281 Sphere 0.00516939 0.00144945 0.00285841 0.000196534
2282 Sphere 0.00181233 0.00529157 0.00056654 0.000173294
2283 Sphere 0.00607209 0.0012722 0.00409169 0.000185435
2284 Sphere 0.00537468 0.00192569 0.00212593 0.000206466
2285 Sphere 0.00305134 0.0039276 0.000786049 0.000214464
2286 Sphere 0.00520945 0.00562527 0.00424622 0.000231186
2287 Sphere 0.00262756 0.00380666 0.00614875 0.000234092
2288 Sphere 0.00434926 0.00654971 0.00512535 0.000169343
2289 Sphere 0.00172241 0.00546505 0.00169708 0.000194188
2290 Sphere 0.00637078 0.00423138 0.00512082 0.000162654
2291 Sphere 0.000332092 0.00111521 0.00533405 0.000161779
2292 Sphere 0.00249184 0.00565951 0.00167546 0.000165687
2293 Sphere 0.00340267 0.00157891 0.00273049 0.000228766
2294 Sphere 0.00148238 0.00419392 0.00612465 0.000163344
2295 Sphere 0.00153359 0.00416873 0.00577496 0.000191485
2296 Sphere 0.00573667 0.00653843 0.00200206 0.000175514
2297 Sphere 0.00334631 0.000916982 0.00494902 0.000162107
2298 Sphere 0.00343028 0.00490663 0.00443886 0.00017263
2299 Sphere 0.000618841 0.000991224 0.00555442 0.0002205
2300 Sphere 0.00321349 0.00115537 0.00261529 0.000166463
2301 Sphere 0.00432412 0.000437666 0.00552497 0.000194131
2302 Sphere 0.00546198 0.000108515 0.00129759 0.00018182
2303 Sphere 0.00605055 0.000451974 0.0053422 0.000178838
2304 Sphere 0.00563447 0.00162367 0.00153513 0.000204585
2305 Sphere 0.00514652 0.000722604 0.00118439 0.000181921
2306 Sphere 0.00324052 0.00191272 0.00480603 0.000204667
2307 Sphere 0.00598082 0.00291637 0.00595552 0.000187846
2308 Sphere 0.000123696 0.00433872 0.00261428 0.000164046
2309 Sphere 4.56811e-05 0.00154634 0.00259354 0.000165319
2310 Sphere 0.00375933 0.00662142 0.000827082 0.000184339
2311 Sphere 0.0063923 0.0057413 0.000161976 0.000172809
2312 Sphere 0.00634525 0.00569229 0.00218635 0.000186914
2313 Sphere 0.00360599 0.00462071 0.00179393 0.000216454
2314 Sphere 0.0049412 0.00113578 0.00483674 0.000186156
2315 Sphere 0.00411197 0.00557848 0.000238399 0.000195099
2316 Sphere 0.0060374 0.00545859 0.00463069 0.000203889
2317 Sphere 0.00194791 0.00486171 0.00532413 0.000167122
2318 Sphere 0.00071437 0.000795612 0.00161003 0.000174579
2319 Sphere 0.00284407 0.00571236 0.00273415 0.000178829
2320 Sphere 0.00127074 0.00515011 0.00296866 0.000218438
2321 Sphere 0.00581045 0.00558592 0.000575455 0.000231172
2322 Sphere 0.00623829 0.000639352 0.00328442 0.000211202
2323 Sphere 0.00106849 0.00327777 0.00348622 0.000172238
2324 Sphere 0.000934095 0.00631743 0.00193598 0.000171214
2325 Sphere 0.0048543 0.00529062 0.00576262 0.000165222
2326 Sphere 0.000683347 0.00256522 0.000744555 0.000192997
2327 Sphere 0.000317076 0.00170236 0.00112794 0.000181193
2328 Sphere 0.00267922 0.000558305 0.00130032 0.000174974
2329 Sphere 0.0047546 0.00430251 0.00591489 0.000171958
2330 Sphere 0.000252202 0.00309438 0.000756301 0.000168133
2331 Sphere 0.00652665 0.00321125 0.00176864 0.000183135
2332 Sphere 0.00113394 0.00337394 0.00462865 0.000170676
2333 Sphere 0.00103631 0.00085294 0.00602254 0.000189097
2334 Sphere 0.000287419 8.87477e-05 0.00276798 0.000161546
2335 Sphere 0.0029963 0.000614047 0.00194066 0.000162904
2336 Sphere 0.006531 0.00493962 0.00340331 0.000186754
2337 Sphere 0.00549953 0.0048157 0.00428218 0.000207694
2338 Sphere 0.00634111 0.000587358 0.00416505 0.000195304
2339 Sphere 0.00113564 8.72874e-05 0.00577183 0.000197682
2340 Sphere 0.00199971 0.00289747 0.00112305 0.000200479
2341 Sphere 0.00346673 0.00257449 0.00525188 0.000182669
2342 Sphere 0.0012944 0.000186071 0.00198744 0.000180648
2343 Sphere 0.00490939 0.00530185 0.00021569 0.000203407
2344 Sphere 0.00192342 0.0065939 0.00067427 0.00018971
2345 Sphere 0.00604696 0.00290216 0.00429831 0.000162071
2346 Sphere 0.000956209 0.00465777 0.000412331 0.000160764
2347 Sphere 0.00530529 0.00263401 0.00164301 0.000176744
2348 Sphere 0.00258067 0.00391967 0.00407989 0.00016591
2349 Sphere 0.00111594 0.0008267 0.00532581 0.000196483
2350 Sphere 0.000124865 0.00425236 0.0040984 0.00020461
2351 Sphere 0.00269897 0.00395054 0.000367972 0.000168396
2352 Sphere 0.00510904 0.00146387 0.00250576 0.000162525
2353 Sphere 0.00209661 0.00566838 0.00176501 0.000237166
2354 Sphere 0.000943213 0.00368821 0.00446207 0.000192789
2355 Sphere 0.00427398 0.00623423 0.000786539 0.00020109
2356 Sphere 0.00494874 0.00605303 0.0036618 0.00021976
2357 Sphere 0.00489821 0.00277847 0.00044479 0.000220866
2358 Sphere 0.00223864 0.00300269 0.00480938 0.000231753
2359 Sphere 5.81083e-05 0.006251 0.00134375 0.000180218
2360 Sphere 0.00163361 0.000764273 0.000884174 0.000187986
2361 Sphere 0.00486009 0.000829135 0.00542624 0.000174009
2362 Sphere 0.00122944 0.000635421 0.00370074 0.000236292
2363 Sphere 0.00639422 0.000522499 8.42333e-05 0.000186679
2364 Sphere 0.00155575 0.00178299 0.00232214 0.000169629
2365 Sphere 0.0014289 0.00107377 0.00379107 0.000218977
2366 Sphere 0.00654889 0.00320604 5.12026e-05 0.000161466
2367 Sphere 0.00405753 0.00264148 0.00456982 0.000233264
2368 Sphere 0.00622893 0.00131949 0.0048157 0.000175096
2369 Sphere 0.00464465 0.00166698 0.00257268 0.000170217
2370 Sphere 0.00204788 0.00573545 0.00419613 0.000166031
2371 Sphere 0.00345823 0.00589488 0.00248808 0.000186888
2372 Sphere 0.00568295 0.00140331 0.00520682 0.000199448
2373 Sphere 0.00450109 0.000209693 0.000133348 0.000173134
2374 Sphere 0.0057835 0.00618597 0.00114002 0.000184472
2375 Sphere 0.0033605 0.00278098 0.00114507 0.000163849
2376 Sphere 0.00173837 0.00207869 0.0022625 0.000183515
2377 Sphere 0.00347515 0.00533671 0.00429681 0.000239698
2378 Sphere 0.00243046 0.00102715 0.00599178 0.000171997
2379 Sphere 0.00482965 0.00634617 0.00472439 0.000165228
2380 Sphere 0.00465076 0.00549271 4.37041e-05 0.000160002
2381 Sphere 0.000149093 0.00565313 0.00548201 0.000175259
2382 Sphere 0.00558598 0.00324259 0.00605792 0.000181851
2383 Sphere 0.00367626 0.00204956 0.00548761 0.000160316
2384 Sphere 0.00329012 0.0042825 0.00119966 0.000185207
2385 Sphere 0.000603993 0.000661213 0.00124637 0.000210365
2386 Sphere 3.65669e-05 0.00628335 0.00170636 0.000185022
2387 Sphere 0.00183302 0.000982283 0.00614962 0.000181952
2388 Sphere 0.00122308 0.00213642 0.002512 0.000170085
2389 Sphere 0.000942752 0.00203077 0.00539294 0.000237205
2390 Sphere 0.00147919 0.00140666 0.00231442 0.000215428
2391 Sphere 0.00552493 0.00339499 0.00145317 0.000179021
2392 Sphere 0.00508253 0.00492922 0.00114781 0.000177913
2393 Sphere 0.00621617 0.00164359 0.0050407 0.000219813
2394 Sphere 0.00178376 0.0058746 0.00109819 0.000214274
2395 Sphere 0.00289778 0.00607791 0.00588816 0.000166164
2396 Sphere 0.00374269 0.00480369 0.00429594 0.00017885
2397 Sphere 0.000206028 0.00660024 0.00187291 0.000175779
2398 Sphere 0.00380012 0.00202793 0.00399281 0.000197105
2399 Sphere 0.00406966 0.0023807 0.00498755 0.000228477
2400 Sphere 0.00593852 0.00655493 0.00144428 0.000161904
2401 Sphere 7.50268e-05 0.00626011 0.000617241 0.000229039
2402 Sphere 0.00171623 0.00463621 0.00251405 0.000181379
2403 Sphere 0.00106979 0.00609268 0.00361691 0.000180483
2404 Sphere 0.00298184 0.00649425 0.00535427 0.000210881
2405 Sphere 0.00222807 0.00178063 0.00289647 0.000162856
2406 Sphere 0.00172538 0.00548147 0.00222891 0.000165882
2407 Sphere 0.00264253 0.00195096 0.00133308 0.000220103
2408 Sphere 0.00413346 0.00542813 0.00180864 0.000163215
2409 Sphere 0.00392341 0.00177179 0.0050624 0.000185901
2410 Sphere 0.0024255 0.00115526 0.0032896 0.000166786
2411 Sphere 0.00497162 0.00535413 0.00406674 0.000174765
2412 Sphere 0.00522455 0.00303878 0.0055729 0.000197406
2413 Sphere 0.000934793 0.00333018 0.00385214 0.000222399
2414 Sphere 0.00558138 0.00432083 0.0051826 0.000207871
2415 Sphere 0.00391651 0.000548286 0.00572663 0.000171033
2416 Sphere 0.00498176 0.00501633 0.00292868 0.000182136
2417 Sphere 0.00523385 0.00215459 0.00350199 0.000180659
2418 Sphere 0.00521784 0.000829041 0.0008488 0.000178758
2419 Sphere 0.00570193 0.00471796 0.00118064 0.000165672
2420 Sphere 0.00527224 0.00278714 0.000233376 0.000166791
2421 Sphere 0.00338329 0.000164029 0.00252527 0.00023381
2422 Sphere 0.00128359 0.000549337 0.00097189 0.000196652
2423 Sphere 0.00225684 0.00383838 0.00246025 0.000165564
2424 Sphere 0.00307121 0.00298979 0.00427002 0.000170395
2425 Sphere 5.23041e-05 0.00345043 0.00310012 0.000224564
2426 Sphere 0.00481106 0.00636331 0.00436383 0.000196183
2427 Sphere 0.000986625 0.00466893 0.00202963 0.00018976
2428 Sphere 0.00228505 0.00550654 0.00313805 0.000187348
2429 Sphere 0.0055085 0.00101826 0.000949952 0.000183289
2430 Sphere 0.00561698 0.00286234 0.00544963 0.000168098
2431 Sphere 0.00242292 0.00643148 0.000101803 0.000162255
2432 Sphere 0.00320696 0.00226359 0.00301802 0.000168378
2433 Sphere 0.00636709 0.00487347 0.00186102 0.000186684
2434 Sphere 0.00580904 0.00386516 0.000291032 0.000168411
2435 Sphere 0.001921 0.00660653 0.00460618 0.000168548
2436 Sphere 0.00036362 0.00393375 0.00585761 0.000176802
2437 Sphere 0.00624362 0.0044097 0.00484048 0.000193458
2438 Sphere 0.00646583 0.00471753 0.00580354 0.000173025
2439 Sphere 0.00445496 0.00555863 0.000811012 0.000168519
2440 Sphere 0.00226038 0.00615538 0.00324891 0.00019993
2441 Sphere 0.00323242 0.00278117 0.00233882 0.000203835
2442 Sphere 0.00393535 0.00286582 0.0059014 0.000222327
2443 Sphere 0.0026526 0.00015547 0.002449 0.000203193
2444 Sphere 0.00620188 0.00597854 0.00237409 0.000184684
2445 Sphere 0.00604175 0.00203965 0.00509382 0.000176798
2446 Sphere 0.00587344 0.000216202 0.00604245 0.000197885
2447 Sphere 0.00512363 0.00134503 0.00218997 0.000175766
2448 Sphere 0.00528616 0.00528105 0.000939668 0.000226989
2449 Sphere 0.000865733 0.00286171 0.00242641 0.000190114
2450 Sphere 0.00223815 0.00251504 0.00476734 0.000192675
2451 Sphere 0.00523774 0.000919594 0.00277382 0.000164378
2452 Sphere 0.00391519 0.00666401 0.00366976 0.000207057
2453 Sphere 0.00521457 0.00314443 0.00427334 0.00017039
2454 Sphere 0.00402341 0.00643837 0.000108585 0.000196137
2455 Sphere 0.000243454 0.00544813 0.00478893 0.000188866
2456 Sphere 5.62534e-05 0.00479713 0.0046008 0.00017354
2457 Sphere 0.00606224 0.00287207 0.00110591 0.000208279
2458 Sphere 0.00644934 0.00602174 0.000696768 0.000163819
2459 Sphere 0.00653321 0.00594354 0.00517513 0.000223842
2460 Sphere 0.00335852 0.00658588 0.000871516 0.000207261
2461 Sphere 0.00613434 0.00400857 0.003396 0.000181856
2462 Sphere 0.00118672 0.00488682 0.000550513 0.000183437
2463 Sphere 0.00506483 0.000600068 0.00149792 0.000166742
2464 Sphere 0.00376864 0.00359684 0.00182384 0.00020279
2465 Sphere 0.00207387 0.00592753 0.00359601 0.000175244
2466 Sphere 0.00184469 0.00621201 0.00382951 0.000186031
2467 Sphere 0.00064502 0.00313187 0.00365605 0.00018053
2468 Sphere 0.00454111 0.00225985 0.00208459 0.000188758
2469 Sphere 0.00654039 0.00338125 0.00434701 0.00016213
2470 Sphere 0.00254201 0.00608409 0.00582895 0.000195019
2471 Sphere 0.00143512 0.000828727 0.00474413 0.000236476
2472 Sphere 0.00615796 0.00446229 0.00570942 0.000184899
2473 Sphere 0.00423885 0.00151752 0.00158088 0.000183038
2474 Sphere 0.00126991 0.00666835 0.000507051 0.000168628
2475 Sphere 0.00522973 0.00580307 0.00389012 0.000165525
2476 Sphere 0.00472447 0.00362654 0.00304529 0.000166287
2477 Sphere 0.00303949 0.00473874 0.00320504 0.000177647
2478 Sphere 0.00313217 0.00221983 0.00504153 0.000166898
2479 Sphere 0.000480693 0.00450117 0.0046288 0.000173308
2480 Sphere 0.00481543 0.00105835 0.00409518 0.000234174
2481 Sphere 0.00061459 0.000514242 0.00227354 0.000178931
2482 Sphere 0.000129068 0.00420855 0.00308933 0.000219526
2483 Sphere 0.00415937 0.00153595 0.00306176 0.000220735
2484 Sphere 0.00271761 0.000807049 0.00338817 0.000167717
2485 Sphere 0.00633691 0.00430041 0.000952231 0.000223078
2486 Sphere 0.00497592 0.00398578 0.00377055 0.000221004
2487 Sphere 0.000296921 2.17993e-05 0.00561545 0.000183675
2488 Sphere 0.00153281 0.00430678 0.00239049 0.000217395
2489 Sphere 0.00665238 0.00318656 0.00405343 0.000209826
2490 Sphere 0.00345331 0.0044536 0.000551579 0.000160017
2491 Sphere 0.000451005 0.00423367 0.00199919 0.000196464
2492 Sphere 0.00251477 0.00571807 0.00406567 0.000195481
2493 Sphere 0.00297717 0.00476495 0.00270598 0.000230646
2494 Sphere 0.00635004 0.00123698 0.00614653 0.00016863
2495 Sphere 0.00458999 0.00642099 0.00493625 0.00016334
2496 Sphere 0.000388983 0.000544927 0.000131021 0.000166217
2497 Sphere 0.00280864 0.00227563 0.00235425 0.000176057
2498 Sphere 0.00417612 0.0008969 0.00230256 0.000180265
2499 Sphere 0.00420532 0.00131375 0.00186779 0.000172077
2500 Sphere 0.000169197 0.00350596 0.00405588 0.00016384
2501 Sphere 0.000495044 0.00526104 0.00502952 0.000207396
2502 Sphere 0.00193399 0.0041653 0.00562587 0.000236146
2503 Sphere 0.00131321 0.00346474 0.00158546 0.000234541
2504 Sphere 0.000738017 0.004449 0.00614127 0.000182297
2505 Sphere 0.00610981 0.00644805 0.00438592 0.000161116
2506 Sphere 0.00601749 0.00387138 0.00221444 0.000227631
2507 Sphere 0.00557333 0.00228751 0.000963143 0.000161088
2508 Sphere 0.000108613 0.00392237 0.0021248 0.000171587
2509 Sphere 0.000578649 0.00068409 0.00340524 0.000196104
2510 Sphere 0.00451089 0.00602899 0.00204067 0.000231647
2511 Sphere 0.000922732 0.00244492 0.000410167 0.000210724
2512 Sphere 0.00578405 0.00641177 0.000351676 0.000186387
2513 Sphere 0.00364742 0.00436575 0.00524173 0.00017979
2514 Sphere 0.00535621 0.00556405 0.0060958 0.000235477
2515 Sphere 0.00531129 0.000747038 0.00173608 0.000206727
2516 Sphere 0.00448825 0.00260476 0.00323958 0.000183736
2517 Sphere 0.00262055 0.00233493 0.00158129 0.000183133
2518 Sphere 0.00509673 0.00112498 0.00440294 0.000189186
2519 Sphere 0.00407564 0.000303717 0.0048606 0.000179287
2520 Sphere 0.00507579 0.000572492 0.00282456 0.000204024
2521 Sphere 0.00414921 0.000697368 0.00598577 0.00020844
2522 Sphere 0.000765284 0.00158843 0.00597065 0.000193663
2523 Sphere 0.00562934 0.00236653 0.00226026 0.000192485
2524 Sphere 0.0063162 0.00363956 0.00414321 0.000225177
2525 Sphere 0.000967474 0.000237354 0.000418034 0.00018252
2526 Sphere 0.00538225 0.00279353 0.00382618 0.000190916
2527 Sphere 0.00416624 0.00120804 0.00613517 0.00018284
2528 Sphere 0.00477466 0.00532007 0.000823134 0.000215965
2529 Sphere 0.000622776 0.00667086 0.00292304 0.000233709
2530 Sphere 0.000307178 0.00568961 0.00408985 0.000223299
2531 Sphere 0.00603976 0.00517841 0.00380613 0.000177566
2532 Sphere 0.00213052 0.00217573 0.000978196 0.000175129
2533 Sphere 0.000978247 0.00659788 0.000222537 0.000225232
2534 Sphere 0.00465068 0.00598776 0.00444136 0.000220671
2535 Sphere 0.00131995 0.00538919 9.45672e-05 0.000193329
2536 Sphere 0.00665521 0.00293296 0.00565039 0.000206304
2537 Sphere 0.00602189 0.000480303 8.7489e-05 0.000160119
2538 Sphere 0.00133626 0.00210474 0.00444666 0.000169087
2539 Sphere 0.00422479 0.00501134 0.000597623 0.000161043
2540 Sphere 0.0019461 0.00283107 0.00313878 0.000198269
2541 Sphere 0.00100725 0.00216923 0.00319606 0.000197028
2542 Sphere 0.00556676 0.00652947 0.0039655 0.000180072
2543 Sphere 0.00572469 0.00461273 0.004012 0.000196335
2544 Sphere 0.00356958 0.0065934 0.00573601 0.0001968
2545 Sphere 0.00364764 0.00490358 0.00300035 0.000199301
2546 Sphere 0.00213332 0.000125408 0.00553633 0.000193735
2547 Sphere 0.00629359 0.0053615 0.00432042 0.000210367
2548 Sphere 0.00196486 0.0022856 0.00488126 0.000164712
2549 Sphere 0.00521452 0.00295223 0.00308644 0.00016446
2550 Sphere 0.000523108 0.00151757 0.00489971 0.000170095
2551 Sphere 0.0033182 0.00155097 0.0040144 0.00018275
2552 Sphere 0.00277846 0.00173724 0.00420016 0.000187577
2553 Sphere 0.00176701 0.00254444 0.0012408 0.000239169
2554 Sphere 0.000211834 0.00265014 4.81328e-05 0.000172266
2555 Sphere 0.00512525 0.000197953 0.00277088 0.000178401
2556 Sphere 0.00585438 0.00155388 0.00491998 0.00016602
2557 Sphere 0.00524493 0.00276879 0.00196646 0.000177824
2558 Sphere 0.000752138 0.0017912 3.97921e-05 0.000195108
2559 Sphere 0.00199908 0.00630454 0.00176395 0.000226469
2560 Sphere 0.000814835 0.00406056 0.00518278 0.000164359
2561 Sphere 0.00558522 0.00546684 0.00540777 0.000182534
2562 Sphere 0.00193402 0.00163507 0.00525073 0.00021409
2563 Sphere 0.00386762 0.000106121 0.00153963 0.00017939
2564 Sphere 0.00229044 0.00225435 0.00588145 0.000196878
2565 Sphere 0.00320787 0.00155427 0.00611467 0.000201327
2566 Sphere 0.00584859 0.00405468 0.00407355 0.000214198
2567 Sphere 0.00591409 0.00520051 0.00272997 0.000216786
2568 Sphere 0.0053398 0.00316405 0.00332852 0.000181724
2569 Sphere 0.00274393 0.000171729 0.00376531 0.000205397
2570 Sphere 0.000541664 0.00616896 0.00279958 0.000175869
2571 Sphere 0.000986184 0.00660377 0.000990361 0.000165144
2572 Sphere 0.00596922 0.00198398 0.00334577 0.000188977
2573 Sphere 0.000622469 0.00329429 0.000752884 0.000165499
2574 Sphere 0.00557088 0.00586907 0.00409361 0.000232017
2575 Sphere 0.00292321 0.00517649 0.00589265 0.000193096
2576 Sphere 0.00432269 0.000137381 0.00412995 0.000210487
2577 Sphere 0.000344936 0.00555628 0.000629526 0.0001748
2578 Sphere 0.00350426 0.00214557 0.00324551 0.000201271
2579 Sphere 0.00443509 0.00619072 0.001683 0.000169269
2580 Sphere 0.00531742 0.00543337 0.000257093 0.000211863
2581 Sphere 0.00345653 0.00460361 0.00469536 0.000174304
2582 Sphere 0.0012274 0.00609259 0.00461891 0.000206194
2583 Sphere 0.00268384 0.00296177 0.00493398 0.000190113
2584 Sphere 0.00422345 0.00407647 0.000324214 0.000208543
2585 Sphere 0.00591871 0.00555776 0.00528786 0.000184221
2586 Sphere 0.00622416 0.00229301 0.00358501 0.000202991
2587 Sphere 0.00462108 0.00282162 0.0034801 0.000166492
2588 Sphere 0.00380173 0.00518605 0.00594206 0.000168331
2589 Sphere 0.00483678 0.00183841 0.0055019 0.000186681
2590 Sphere 0.00380538 0.000834922 0.00282404 0.000187956
2591 Sphere 0.00236612 0.00266316 0.000612421 0.000187465
2592 Sphere 0.0055018 0.00145207 0.00475895 0.000229288
2593 Sphere 0.00176107 0.00525152 0.00368852 0.000238864
2594 Sphere 0.00665999 0.00265032 0.000407895 0.000168374
2595 Sphere 0.00497421 0.00594287 0.0009637 0.000180016
2596 Sphere 0.00407849 0.00650721 0.000989981 0.00019196
2597 Sphere 0.000712021 0.0061007 0.000158054 0.000161145
2598 Sphere 0.00198158 0.00124815 0.00262059 0.000163544
2599 Sphere 0.000932993 0.00116085 0.00425197 0.000162534
2600 Sphere 6.72226e-05 0.00467819 0.00358471 0.00019719
2601 Sphere 0.00283729 0.00529824 0.00517839 0.000169671
2602 Sphere 0.00562577 0.000790911 0.00368895 0.000226612
2603 Sphere 0.00364817 0.000694528 0.00597654 0.000224896
2604 Sphere 0.00631568 0.000979851 0.00524712 0.000215182
2605 Sphere 0.00413193 0.00539396 0.000624481 0.000233723
2606 Sphere 0.00323993 0.00555737 0.00255625 0.00021083
2607 Sphere 0.00427534 0.00526737 0.00207152 0.000176508
2608 Sphere 0.00555361 0.00010097 0.00191592 0.000170133
2609 Sphere 0.0063704 0.00226602 0.000952369 0.000183984
2610 Sphere 0.00443861 0.00195794 0.0055742 0.000166315
2611 Sphere 0.00295987 0.00196517 0.00281733 0.000192129
2612 Sphere 0.00179401 0.00333718 0.00224382 0.000163793
2613 Sphere 0.000662721 0.00112782 0.00479999 0.000172746
2614 Sphere 0.00340477 0.00580259 0.00568931 0.000204756
2615 Sphere 0.00191818 0.00495351 0.00428512 0.00021987
2616 Sphere 0.00369171 0.00473703 0.000367709 0.000184361
2617 Sphere 0.00478208 0.00216369 0.000378727 0.000219446
2618 Sphere 0.00194635 0.000685889 0.00517943 0.000167172
2619 Sphere 0.000965928 0.00319846 0.00608804 0.000164731
2620 Sphere 0.00419864 5.2028e-05 0.00255146 0.000221606
2621 Sphere 0.00119608 0.00442669 0.00320119 0.000232769
2622 Sphere 0.0012354 0.00411027 0.000876054 0.000181641
2623 Sphere 0.000571485 0.00292637 0.000899244 0.000215511
2624 Sphere 0.00259532 0.00271589 0.00404814 0.000185478
2625 Sphere 0.00190096 0.00470004 0.00062526 0.000187435
2626 Sphere 0.00412138 0.00170942 0.00217101 0.000211846
2627 Sphere 0.000109251 0.00445658 0.00465668 0.000176961
2628 Sphere 0.00578892 0.00336677 0.003689 0.000200045
2629 Sphere 0.00336484 0.00381681 0.00274791 0.000231839
2630 Sphere 0.00316149 0.00624502 0.000453476 0.000202591
2631 Sphere 0.00175748 0.00670728 0.00188104 0.000183772
2632 Sphere 0.00323622 0.00621187 0.00330052 0.000221472
2633 Sphere 0.00647837 0.00578394 0.0059088 0.000219084
2634 Sphere 0.00421812 0.00252135 0.00140546 0.00017312
2635 Sphere 0.0034725 0.000518056 0.00105181 0.000169951
2636 Sphere 0.00326652 0.00527835 0.00547563 0.000187228
2637 Sphere 0.00173722 0.00518398 0.00202024 0.000198013
2638 Sphere 0.00502375 0.00151401 0.00481351 0.000201895
2639 Sphere 0.000761843 0.00348219 0.0022827 0.000177033
2640 Sphere 0.000608626 0.00387399 0.000304762 0.000172866
2641 Sphere 0.00565017 0.00308017 0.00253169 0.000207606
2642 Sphere 0.00524574 0.00229851 0.00173331 0.000172094
2643 Sphere 0.00633943 0.00353108 1.22137e-05 0.000227188
2644 Sphere 0.00204579 0.000994723 0.00544541 0.000169693
2645 Sphere 0.0054626 0.000595 0.000353859 0.000204127
2646 Sphere 0.00411918 0.00476165 0.00430645 0.000200487
2647 Sphere 0.00528602 0.00663327 0.00107018 0.00016444
2648 Sphere 0.00183155 0.000589224 0.00317147 0.000183352
2649 Sphere 0.0061563 0.00368403 0.00534918 0.00020654
2650 Sphere 0.00611377 0.00594472 0.00568942 0.000236629
2651 Sphere 0.00573126 0.00469949 0.00511266 0.000206016
2652 Sphere 0.00567198 0.00111173 0.00337531 0.000225233
2653 Sphere 0.00570886 0.00374769 0.000915566 0.000179541
2654 Sphere 0.00280802 0.00305109 0.00406578 0.000168887
2655 Sphere 0.00452252 1.91153e-05 0.00129331 0.000235777
2656 Sphere 0.000361259 0.00662321 0.00377127 0.000173577
2657 Sphere 0.000127108 0.000111209 0.00242141 0.00022284
2658 Sphere 0.00662465 0.0066297 0.00473625 0.000233135
2659 Sphere 0.000895663 0.00143711 0.00450996 0.000218929
2660 Sphere 0.00442959 0.00655484 0.00546171 0.000178634
2661 Sphere 0.00550867 0.00382387 0.00289826 0.000214891
2662 Sphere 0.00381049 0.00072843 0.000407454 0.000189832
2663 Sphere 0.00135476 0.00456399 0.00492237 0.000198848
2664 Sphere 0.0059354 0.00647782 0.00234663 0.000226986
2665 Sphere 0.00569108 0.00200212 0.00566733 0.00018654
2666 Sphere 0.00564264 0.00390479 0.00589623 0.000170804
2667 Sphere 0.000556624 0.00112768 0.00440777 0.000231917
2668 Sphere 0.0058192 0.000313486 0.0013088 0.000229779
2669 Sphere 0.00582487 0.00577818 0.000159664 0.000228948
2670 Sphere 0.00214264 0.00597036 0.00584928 0.000221482
2671 Sphere 0.00512086 0.00472086 0.000557538 0.000181727
2672 Sphere 0.00595806 0.000759206 0.003494 0.000160017
2673 Sphere 0.00122402 0.000623256 0.00503308 0.000176506
2674 Sphere 0.00399292 0.00391959 0.00515996 0.000204916
2675 Sphere 0.00412986 0.00395298 0.00421875 0.000180956
2676 Sphere 0.00385548 0.00159913 0.00155729 0.000202134
2677 Sphere 0.00012942 0.000658775 0.00511766 0.000163027
2678 Sphere 0.00580943 0.0062977 0.00377276 0.000207063
2679 Sphere 0.00527388 0.00651291 0.00599339 0.000180105
2680 Sphere 0.00164341 0.00307601 0.00201317 0.000211409
2681 Sphere 2.51089e-05 0.00622047 0.0020522 0.000168156
2682 Sphere 0.00148531 0.00155668 0.000808864 0.000227321
2683 Sphere 0.00389751 0.00014168 0.00018536 0.000219158
2684 Sphere 0.0040353 0.00381075 0.0016156 0.000197827
2685 Sphere 0.00354629 0.00405362 0.00193302 0.000221084
2686 Sphere 0.00473801 0.00525559 0.00516104 0.000227349
2687 Sphere 0.00662953 0.0066932 0.00547523 0.000190836
2688 Sphere 0.00633208 0.0050465 0.00104155 0.000191557
2689 Sphere 0.00111062 0.00532388 0.00265586 0.000175887
2690 Sphere 0.00369048 0.00304297 0.00403181 0.000206044
2691 Sphere 0.00111278 0.00338759 0.00424588 0.000214761
2692 Sphere 0.00145674 0.00565838 0.00346633 0.000227237
2693 Sphere 0.00064462 0.000149013 0.000240268 0.000197419
2694 Sphere 0.00602579 0.00064169 0.00104822 0.000237058
2695 Sphere 0.00422466 0.00306438 0.00464849 0.000171094
2696 Sphere 0.00365073 0.00196153 0.000473177 0.000163853
2697 Sphere 0.00104994 0.000623609 0.00272875 0.000168333
2698 Sphere 0.00217944 0.00658134 0.00483358 0.000173343
2699 Sphere 0.00207337 0.00158855 0.0026277 0.000189894
2700 Sphere 0.00516097 0.00534203 0.00245501 0.000195143
2701 Sphere 0.00373214 0.00595289 0.00344587 0.00021491
2702 Sphere 0.00631749 0.00234023 0.00209252 0.000194175
2703 Sphere 0.00561034 0.00103825 0.00461939 0.000200839
2704 Sphere 0.00391057 0.00217422 0.00357211 0.000209699
2705 Sphere 0.00427516 0.00385527 0.00265542 0.000202228
2706 Sphere 0.0028585 0.00197258 0.00494025 0.000189142
2707 Sphere 0.00342847 0.00372664 0.0017514 0.000169568
2708 Sphere 0.00232589 0.00665497 0.000581161 0.000216781
2709 Sphere 7.79324e-05 0.000100932 0.00594357 0.000220678
2710 Sphere 0.00195824 0.00414656 0.00470524 0.000169408
2711 Sphere 0.00483485 0.00087219 0.002525 0.000229843
2712 Sphere 0.00639149 0.00332726 0.00476853 0.000183577
2713 Sphere 0.00197061 0.00278258 0.00277575 0.000163089
2714 Sphere 0.00487451 0.00216152 0.00577713 0.000211726
2715 Sphere 0.00263465 0.0017534 0.00292065 0.000199213
2716 Sphere 0.00531473 0.00264949 0.00474542 0.000176561
2717 Sphere 0.00271322 0.00356984 0.00021936 0.000182545
2718 Sphere 0.00354877 0.00609545 0.0048577 0.000166535
2719 Sphere 0.003831 0.00579387 0.00304899 0.000224606
2720 Sphere 0.00346063 0.00310288 0.00321964 0.00022646
2721 Sphere 0.00221584 0.00145601 0.00467712 0.000185576
2722 Sphere 0.0066657 0.00575265 0.00332383 0.000223482
2723 Sphere 0.000502249 0.00116107 0.000200363 0.000169176
2724 Sphere 0.00302067 0.0029551 0.00160159 0.000170797
2725 Sphere 0.000509435 0.00301164 0.00227872 0.000224477
2726 Sphere 0.00200937 0.000447497 0.00494796 0.000167113
2727 Sphere 0.00521099 0.00444342 0.000225423 0.000203859
2728 Sphere 0.00119486 0.00583855 0.00100179 0.000170488
2729 Sphere 0.00264087 0.00650613 0.00467889 0.000213537
2730 Sphere 0.00486692 0.00463206 0.0036522 0.000160107
2731 Sphere 0.000483808 0.001631 0.0025258 0.000160234
2732 Sphere 0.000334813 0.00101177 0.00286103 0.000214678
2733 Sphere 0.00271205 0.00416176 0.00450532 0.000202533
2734 Sphere 0.00384135 0.0020685 0.000936112 0.000239196
2735 Sphere 0.00276729 0.00330315 0.00145158 0.000165384
2736 Sphere 0.00377517 0.00505883 0.00490583 0.000167414
2737 Sphere 0.00122633 0.00611325 0.00253679 0.000189421
2738 Sphere 0.00625819 0.000278961 0.00608681 0.000195168
2739 Sphere 0.00409777 0.00172853 0.000892625 0.000184052
2740 Sphere 0.000384766 0.00140823 0.00143051 0.000194644
2741 Sphere 0.000375245 0.00187441 0.00473664 0.00022376
2742 Sphere 0.00106102 0.00150374 0.00566381 0.000197854
2743 Sphere 0.00543009 0.00164192 0.00304945 0.000179815
2744 Sphere 0.00134909 0.00533038 0.0052569 0.000210702
2745 Sphere 0.00172267 0.00288732 0.00466473 0.000178191
2746 Sphere 0.00585102 0.00172917 0.000784825 0.000217607
2747 Sphere 0.00367678 0.000935276 0.00554311 0.000166806
2748 Sphere 0.00514976 0.00618661 0.00188941 0.000192352
2749 Sphere 0.0034723 0.00471949 0.0026605 0.000200789
2750 Sphere 0.00651428 0.00646531 0.00102243 0.000164248
2751 Sphere 0.00556831 0.00205319 0.00508305 0.000181358
2752 Sphere 0.00334371 0.00107597 0.00430966 0.000164303
2753 Sphere 0.00153492 0.00326676 0.000361679 0.000180622
2754 Sphere 0.00491411 0.000427484 0.00113944 0.000180751
2755 Sphere 0.000814359 0.00355577 0.000676674 0.000167862
2756 Sphere 0.000990096 0.00377399 0.00252188 0.000166685
2757 Sphere 0.00543622 0.00501645 0.00161844 0.000170746
2758 Sphere 0.00575052 0.000340751 0.0017019 0.000172784
2759 Sphere 0.00654955 0.00487973 0.000759835 0.000171579
2760 Sphere 0.00148052 0.00201499 0.00184343 0.000234434
2761 Sphere 0.00580776 0.00225981 0.000237169 0.000222525
2762 Sphere 0.00547896 0.00236018 0.00523521 0.000173242
2763 Sphere 0.00298406 0.00593828 0.00473166 0.000216132
2764 Sphere 0.00474012 0.00286744 7.4547e-05 0.000191725
2765 Sphere 0.00497704 0.00596904 0.00273838 0.000183959
2766 Sphere 0.0010562 0.00209266 0.0047167 0.000173545
2767 Sphere 0.00629964 0.00353227 0.00208369 0.000233095
2768 Sphere 0.0016489 0.00453392 0.00542357 0.000217415
2769 Sphere 0.0059717 0.00232064 0.00243551 0.000196791
2770 Sphere 0.00425284 0.00416139 0.00539708 0.000223007
2771 Sphere 0.00562674 0.00310281 0.00513764 0.000212196
2772 Sphere 0.00298043 0.00414415 0.00520538 0.000232376
2773 Sphere 0.00427867 0.0009055 0.00398454 0.000191316
2774 Sphere 0.00626874 0.00233801 0.00302011 0.000172883
2775 Sphere 0.00226478 0.00383437 0.00151697 0.000164084
2776 Sphere 0.00077263 0.00413232 0.00175489 0.000220318
2777 Sphere 2.8898e-05 0.00358582 0.000386279 0.000161844
2778 Sphere 0.00351101 0.00337811 0.00407011 0.000176337
2779 Sphere 0.00233418 0.00312721 0.000747895 0.000222555
2780 Sphere 0.00568384 0.00667667 0.00490171 0.000205051
2781 Sphere 0.00124676 0.00532537 0.00371335 0.000239295
2782 Sphere 0.0052365 0.00477341 0.00345906 0.000192302
2783 Sphere 0.00547808 0.00638263 0.00362426 0.000166971
2784 Sphere 0.00349459 0.00412985 0.0045901 0.000169815
2785 Sphere 0.000671005 0.00417031 0.000459206 0.000167546
2786 Sphere 0.00480686 0.00581657 9.41391e-05 0.000201835
2787 Sphere 0.000773404 0.0039951 0.000842688 0.000187848
2788 Sphere 0.000853962 0.00576991 0.00284907 0.000173458
2789 Sphere 0.0014607 0.000929196 0.00512613 0.000162695
2790 Sphere 0.00139343 0.000658703 0.000368017 0.000178891
2791 Sphere 0.0038899 0.00148427 0.00358071 0.00022353
2792 Sphere 0.00526802 0.00114 0.00470943 0.000164699
2793 Sphere 0.00625947 0.00655152 0.00548662 0.00018982
2794 Sphere 0.00481054 0.00161896 0.00389809 0.000192725
2795 Sphere 0.00374213 0.00211028 0.00588165 0.00020212
2796 Sphere 0.00433725 0.00580067 0.00494836 0.000195796
2797 Sphere 0.00426149 0.00408915 0.00154776 0.000167606
2798 Sphere 0.00310428 0.00328216 0.00546271 0.000204145
2799 Sphere 0.00413337 0.00588876 0.00556588 0.000163566
2800 Sphere 0.000896879 0.0028952 0.00379971 0.000191847
2801 Sphere 0.00433032 0.00546768 0.00622869 0.00017041
2802 Sphere 0.00464876 0.00248491 0.000611491 0.000199558
2803 Sphere 0.0049988 0.000571255 0.00407588 0.000233349
2804 Sphere 0.00319605 0.00022742 0.00105402 0.000223409
2805 Sphere 0.00380091 0.00604042 0.000772354 0.000202494
2806 Sphere 0.000437334 0.00425939 0.00435007 0.00019449
2807 Sphere 0.0040773 0.0031182 0.00557809 0.000212692
2808 Sphere 0.00127868 0.00299809 0.000493046 0.000212118
2809 Sphere 0.00508619 0.00112388 0.00312971 0.000236858
2810 Sphere 0.00543782 0.00340635 0.00232531 0.000180378
2811 Sphere 0.0028044 0.00348948 0.00327936 0.000169868
2812 Sphere 0.000171706 0.00258826 0.00264234 0.000202609
2813 Sphere 0.00285169 0.000869137 0.00414188 0.000208807
2814 Sphere 0.00242495 0.0061008 0.00291506 0.000177653
2815 Sphere 0.00120815 0.0050728 0.00453088 0.000195198
2816 Sphere 0.0024859 0.00602932 0.00119541 0.000173332
2817 Sphere 0.00319399 0.00528883 0.00178861 0.000226048
2818 Sphere 0.00432401 0.00603625 0.0046615 0.000178044
2819 Sphere 0.0020178 0.00554661 0.00358582 0.000166231
2820 Sphere 0.00298564 0.00524695 0.00484953 0.000193994
2821 Sphere 0.00518945 0.00277377 0.00583288 0.000175979
2822 Sphere 0.00212577 0.00123771 0.00218415 0.000236585
2823 Sphere 0.00360504 0.00533299 0.00165139 0.000210668
2824 Sphere 0.00250952 0.00200994 0.000963351 0.000162808
2825 Sphere 0.00331186 0.00122832 0.00599158 0.000164011
2826 Sphere 0.00432207 0.00604401 0.00579322 0.000160871
2827 Sphere 0.00162487 0.0042169 0.000806629 0.00022931
2828 Sphere 0.000668901 0.00209157 0.00376955 0.000199642
2829 Sphere 0.00291495 0.00392487 0.00265253 0.000232838
2830 Sphere 0.001554 0.00154937 0.00293564 0.000197584
2831 Sphere 0.00625691 0.00251253 0.00266945 0.000221074
2832 Sphere 0.00566094 0.000287401 0.000131745 0.000219458
2833 Sphere 0.00070951 0.00650951 0.00178745 0.0001613
2834 Sphere 0.00481277 0.000757463 0.00202708 0.000162399
2835 Sphere 0.00207006 0.00218115 0.00180059 0.000166257
2836 Sphere 0.00395207 0.000614369 0.00442917 0.000171961
2837 Sphere 0.00188405 0.00320656 0.00552415 0.000210805
2838 Sphere 0.000980084 0.00661512 0.00160439 0.000161473
2839 Sphere 0.00567917 0.00494627 0.00236847 0.000171138
2840 Sphere 0.00373293 0.00366617 0.000490998 0.000171415
2841 Sphere 0.000569619 0.00289762 0.00270696 0.000191574
2842 Sphere 0.00475471 0.00283329 0.00487914 0.000163495
2843 Sphere 0.00392898 0.000311882 0.0036967 0.000160283
2844 Sphere 0.00572196 0.00253914 0.00316586 0.00019365
2845 Sphere 0.00396921 0.00647831 0.00404434 0.000215761
2846 Sphere 0.00418775 0.00574706 0.00418291 0.000191647
2847 Sphere 0.00621434 0.00277717 0.00502466 0.000191822
2848 Sphere 0.00258861 0.00118704 0.00156066 0.000194943
2849 Sphere 0.00361693 3.23145e-05 0.00395944 0.000218124
2850 Sphere 0.00117173 0.00047639 0.00303307 0.000177957
2851 Sphere 0.00396721 0.00290201 0.0038285 0.00016606
2852 Sphere 0.00543207 0.00311196 0.00025275 0.000181203
2853 Sphere 0.0040337 0.0035748 0.0040486 0.000173637
2854 Sphere 0.00249294 0.0048482 0.000185674 0.000217115
2855 Sphere 0.00198575 0.00211502 0.00327975 0.000194684
2856 Sphere 0.0062025 0.0016884 0.0056176 0.000163304
2857 Sphere 0.00572654 0.00318507 0.00554929 0.000186928
2858 Sphere 0.00592032 0.00331547 0.00621213 0.000193655
2859 Sphere 0.00158029 0.0020584 0.00146194 0.000164839
2860 Sphere 0.00198076 0.00348755 0.00199766 0.000169768
2861 Sphere 0.00172994 0.00634246 0.00451205 0.000169608
2862 Sphere 0.003745 0.00509098 0.00454061 0.000200583
2863 Sphere 0.00191015 0.00492441 0.0033304 0.00019018
2864 Sphere 0.00252359 0.00065714 0.00309053 0.000220064
2865 Sphere 0.00511194 0.00511394 0.0034768 0.000167708
2866 Sphere 0.00520132 0.00189743 0.00379038 0.000207469
2867 Sphere 0.000398631 0.00185555 0.00227491 0.000174368
2868 Sphere 0.00622957 0.00100782 0.00362101 0.000186578
2869 Sphere 0.00496299 0.00640034 0.000760011 0.000208019
2870 Sphere 0.00308792 0.000938628 0.00290419 0.000216413
2871 Sphere 0.00487561 0.00310406 0.00506748 0.000188193
2872 Sphere 0.00296981 0.00449622 0.00127813 0.000208314
2873 Sphere 0.001253 0.00469598 0.00589239 0.000168947
2874 Sphere 0.00260597 0.00563708 0.00113905 0.000197378
2875 Sphere 0.00503228 0.00246297 0.00153319 0.000161494
2876 Sphere 0.005121 0.00260677 0.00301366 0.000203016
2877 Sphere 0.00663731 0.000515042 0.00173038 0.000216705
2878 Sphere 0.00223765 0.0047018 0.00321828 0.000221487
2879 Sphere 0.00138372 0.00605843 0.00545485 0.000182742
2880 Sphere 0.00141057 0.000580934 0.00435285 0.00019964
2881 Sphere 0.00369958 0.00465669 0.00597592 0.000177021
2882 Sphere 0.00196926 0.000783049 0.00343816 0.000165318
2883 Sphere 0.00470101 0.000315784 0.00612014 0.0001834
2884 Sphere 0.000699167 0.00292007 0.0059598 0.00023046
2885 Sphere 0.00357457 0.000510815 0.00204848 0.000170786
2886 Sphere 8.49427e-05 0.0065229 0.00218335 0.000167914
2887 Sphere 0.00235422 0.00210482 0.00549863 0.00021946
2888 Sphere 0.00620148 0.00237182 0.00578366 0.000164008
2889 Sphere 0.000732765 0.00642161 0.00260834 0.000183552
2890 Sphere 0.00429151 0.00473036 0.00110313 0.000233201
2891 Sphere 0.00232077 0.00580963 0.00141733 0.000180223
2892 Sphere 0.00356257 0.00130228 0.00372705 0.00017867
2893 Sphere 0.00619672 0.00555354 0.00551837 0.000177305
2894 Sphere 0.004473 0.00534875 0.00309212 0.000177485
2895 Sphere 0.00360023 0.00278066 0.00207915 0.000231935
2896 Sphere 0.0002359 0.00333664 0.00180691 0.000212967
2897 Sphere 0.00487194 0.00078433 0.00442637 0.000191572
2898 Sphere 0.00575066 0.00279065 0.00387457 0.000166659
2899 Sphere 0.00367799 0.00433612 0.00387212 0.000174392
2900 Sphere 0.00632179 0.00193795 0.00528423 0.000176974
2901 Sphere 0.00242853 0.00170882 0.00532102 0.000219496
2902 Sphere 0.00309835 0.00415752 0.000249924 0.000160033
2903 Sphere 0.00234825 0.00456055 0.00544137 0.000173291
2904 Sphere 0.00205745 0.00426132 0.0040306 0.000184603
2905 Sphere 0.00559921 0.000972054 0.00028044 0.000183376
2906 Sphere 0.00531818 0.00340571 0.00114666 0.000191139
2907 Sphere 0.00281586 0.00520593 0.000961845 0.000178565
2908 Sphere 0.00563046 0.00414097 0.00266319 0.000197046
2909 Sphere 0.000724806 0.00539032 0.00267494 0.000216398
2910 Sphere 0.00663923 0.00357512 0.00233199 0.000190497
2911 Sphere 0.00617263 0.00263207 0.00231065 0.000168696
2912 Sphere 0.00584677 0.00255245 0.0062421 0.000169139
2913 Sphere 0.00161447 0.00518282 0.00409936 0.00020384
2914 Sphere 0.00311237 0.00370937 0.0052389 0.000223338
2915 Sphere 0.00635915 0.00334437 0.00387242 0.000170562
2916 Sphere 0.00498252 0.00315909 0.00589676 0.000212815
2917 Sphere 0.00132347 0.00394053 0.000581604 0.000172544
2918 Sphere 0.00542565 0.0039355 0.00140533 0.000195428
2919 Sphere 0.00129693 0.00472974 0.00460205 0.000165757
2920 Sphere 0.00120219 0.00446243 0.00224274 0.000178234
2921 Sphere 0.00656289 0.00269011 0.00295945 0.000237754
2922 Sphere 0.0065279 0.00478934 0.00615425 0.000182294
2923 Sphere 0.000361198 0.00345423 0.00239277 0.000174348
2924 Sphere 0.000559823 0.00410499 0.00625236 0.000221098
2925 Sphere 0.00167069 0.000147628 0.000742633 0.000188158
2926 Sphere 0.00237087 0.0015114 0.00377218 0.000228987
2927 Sphere 0.0034809 0.00180348 0.00196971 0.000220799
2928 Sphere 0.00142588 0.00588708 0.00125595 0.000177878
2929 Sphere 0.00066185 0.00326244 0.00192614 0.000235697
2930 Sphere 0.00415173 0.00133489 0.00443102 0.00019025
2931 Sphere 0.00502339 0.00309904 0.00282156 0.000195063
2932 Sphere 0.0020175 0.00143052 1.64831e-05 0.000179697
2933 Sphere 0.0038423 0.00306898 0.00119877 0.000191871
2934 Sphere 0.00466212 0.0017452 0.00422489 0.000166124
2935 Sphere 0.00165386 0.000406249 9.30135e-05 0.000178035
2936 Sphere 0.00267283 0.0023945 0.00383303 0.000209138
2937 Sphere 0.0053558 1.21442e-06 0.00571388 0.00017693
2938 Sphere 0.00398118 0.00436696 0.0033813 0.000169059
2939 Sphere 0.00441657 0.00242762 0.00618019 0.000166419
2940 Sphere 0.00533259 0.00519262 0.00437639 0.000215549
2941 Sphere 0.00455044 0.00617734 0.00603973 0.000183215
2942 Sphere 0.00552842 0.00183596 0.00537712 0.000186991
2943 Sphere 0.00332324 0.000839415 0.000882014 0.000179121
2944 Sphere 3.8789e-05 0.00143987 0.00394525 0.000160514
2945 Sphere 0.00516041 0.00542248 0.00323124 0.00019836
2946 Sphere 0.00297731 0.000137709 0.00428266 0.000176713
2947 Sphere 0.00455211 0.00484273 0.000815254 0.000171095
2948 Sphere 0.00277655 0.0054095 0.00184025 0.000208819
2949 Sphere 0.000408963 0.0013156 0.00558355 0.00016759
2950 Sphere 0.00208541 0.00662089 0.00148834 0.000179606
2951 Sphere 0.00324988 0.00378633 0.00567476 0.000187859
2952 Sphere 0.000684754 0.00420681 0.00357076 0.000188281
2953 Sphere 0.00194925 0.00650878 0.00288321 0.000197446
2954 Sphere 0.00319397 0.00261504 2.84448e-05 0.000226183
2955 Sphere 0.000195951 0.00490644 0.000624248 0.000164562
2956 Sphere 0.00645765 0.00634899 0.00293009 0.000162293
2957 Sphere 0.00464916 0.00550499 0.0044835 0.000186265
2958 Sphere 0.00435326 0.000313594 0.00103098 0.000193682
2959 Sphere 0.000114906 0.00330178 0.0060415 0.000163514
2960 Sphere 0.00049924 0.00357722 0.0051319 0.000171593
2961 Sphere 0.00469622 0.0022324 0.00462819 0.000163158
2962 Sphere 0.00383144 0.00265457 0.00142947 0.000173607
2963 Sphere 0.00518373 0.00251737 0.00514681 0.000173259
2964 Sphere 0.00223375 0.00184435 0.00118162 0.000228958
2965 Sphere 0.00403968 0.00471077 0.00551894 0.000166761
2966 Sphere 0.00288776 0.000414542 0.00573641 0.000199209
2967 Sphere 0.00634324 0.00477043 0.00447841 0.00023572
2968 Sphere 0.00501177 0.00195511 0.00481861 0.000234164
2969 Sphere 0.00348702 0.00528556 0.00127817 0.000179778
2970 Sphere 0.0039491 0.00385608 0.000180129 0.000169118
2971 Sphere 0.000353173 0.00155776 0.00346058 0.000220413
2972 Sphere 0.00488715 0.00297993 0.00544727 0.000167405
2973 Sphere 0.00568145 0.00653554 0.00542378 0.000169043
2974 Sphere 0.00296244 0.00232874 0.000617118 0.000183119
2975 Sphere 0.00259202 0.00414756 0.00117208 0.000226539
2976 Sphere 0.00495372 0.00379711 0.00111786 0.000181237
2977 Sphere 0.00219341 0.00247841 0.00194402 0.000185893
2978 Sphere 0.00267273 0.00480846 0.00600464 0.000161191
2979 Sphere 0.00642351 0.000333369 0.00469122 0.000165976
2980 Sphere 0.000703208 0.00180089 0.00439394 0.000199384
2981 Sphere 0.00342843 0.000926352 0.00122372 0.000190057
2982 Sphere 0.00608612 0.0034952 0.00594143 0.000171688
2983 Sphere 0.00455516 0.00259687 0.00197048 0.000167424
2984 Sphere 0.00570347 0.00308756 0.000936593 0.000170806
2985 Sphere 0.00371174 0.00140671 0.00322405 0.000179048
2986 Sphere 0.00490229 0.0048855 4.34805e-05 0.000190736
2987 Sphere 0.000293617 0.00184622 0.00568894 0.000163009
2988 Sphere 0.00393842 0.000597261 0.00497192 0.00016389
2989 Sphere 0.00665043 0.00206184 0.00118895 0.000236118
2990 Sphere 0.00268904 0.00315874 0.00176479 0.000188791
2991 Sphere 0.00558514 0.00497193 0.00573778 0.00020097
2992 Sphere 0.00631248 7.74734e-05 0.00121775 0.00018068
2993 Sphere 0.00500023 0.00495052 0.00378035 0.000195787
2994 Sphere 0.00627909 0.00629511 0.000832456 0.000182817
2995 Sphere 0.00652893 0.00664002 0.00171103 0.000216637
2996 Sphere 0.00371131 0.0034141 0.00335419 0.000195721
2997 Sphere 0.00612754 0.00016956 0.000160486 0.000175271
2998 Sphere 0.00450395 0.00373818 0.00607154 0.00017825
2999 Sphere 0.00655443 0.00305349 0.0060053 0.000181929
3000 Sphere 0.00131455 0.00255853 0.00059382 0.000237028
3001 Sphere 0.00320776 0.000874311 0.000263974 0.000182987
3002 Sphere 0.00464259 0.000127166 0.00564372 0.000190959
3003 Sphere 0.000841123 0.00517644 0.006193 0.000213689
3004 Sphere 0.00562002 0.00467984 0.0060419 0.000178833
3005 Sphere 2.64823e-05 0.00544892 0.00397843 0.00016351
3006 Sphere 0.00497466 0.00409374 0.000246409 0.00021874
3007 Sphere 0.00416394 0.00377339 0.00547289 0.000182587
3008 Sphere 0.00181443 0.00270964 0.00622834 0.000197039
3009 Sphere 0.000398385 0.00135844 0.00382522 0.000198117
3010 Sphere 0.00217182 0.00311441 0.00135603 0.000162593
3011 Sphere 0.0057255 0.00629642 0.00173087 0.000185533
3012 Sphere 0.00354907 0.00172097 0.00319367 0.0001761
3013 Sphere 0.000352979 0.00544365 0.0029939 0.000200677
3014 Sphere 0.00460764 0.000675378 0.00227236 0.000164107
3015 Sphere 0.00266705 0.00371157 0.00456991 0.000175521
3016 Sphere 0.0030347 0.00594809 0.00134617 0.000195125
3017 Sphere 0.00381287 0.00633309 0.00551632 0.000201382
3018 Sphere 0.00554112 0.00630894 0.000823243 0.000233271
3019 Sphere 0.00316502 0.00191411 0.0051676 0.000166125
3020 Sphere 0.00437125 0.00517531 0.000962843 0.000235257
3021 Sphere 0.00139396 0.00205973 0.00411376 0.000168943
3022 Sphere 0.00377537 0.00661813 0.00523724 0.000196044
3023 Sphere 0.00465392 0.00220573 0.00544638 0.000186462
3024 Sphere 0.00288494 0.00124883 0.000759468 0.000185358
3025 Sphere 0.00514533 0.00343193 0.00291277 0.000171607
3026 Sphere 0.00548163 0.00467378 0.00283263 0.000224392
3027 Sphere 0.00165518 0.000664399 0.00345515 0.000161015
3028 Sphere 0.00155072 0.00606294 0.00437978 0.000187967
3029 Sphere 3.59603e-05 0.00189867 0.0059301 0.000195231
3030 Sphere 0.00275207 0.00173266 0.00101809 0.000181418
3031 Sphere 0.00459254 0.000554972 0.00314416 0.000218867
3032 Sphere 0.000923745 0.00558657 0.00504814 0.00017866
3033 Sphere 0.00293735 5.96962e-05 0.00215107 0.000220035
3034 Sphere 0.00517969 0.00366694 0.00135713 0.000172764
3035 Sphere 0.00392324 0.00197108 0.00442996 0.000165149
3036 Sphere 0.00394534 0.000637735 0.00205293 0.000221048
3037 Sphere 0.00656979 0.00358753 0.00275903 0.000176844
3038 Sphere 0.00322796 0.00491886 0.00167608 0.000162744
3039 Sphere 0.00211172 4.08899e-05 0.00185442 0.000176639
3040 Sphere 0.00379936 0.00465715 0.00397154 0.000182948
3041 Sphere 0.00377645 0.00481179 0.0024232 0.000165767
3042 Sphere 0.00236717 0.00528025 0.00172332 0.000236695
3043 Sphere 0.00137722 0.000691912 0.00280769 0.000174986
3044 Sphere 0.00172643 0.00173906 0.00264761 0.000187991
3045 Sphere 0.0058078 0.00636577 0.00512172 0.000196901
3046 Sphere 0.00551929 0.00452501 0.00348778 0.000185451
3047 Sphere 0.00490433 0.00315921 0.00396916 0.000207952
3048 Sphere 0.00613781 0.00292668 0.00397737 0.000173126
3049 Sphere 0.000769778 0.00462984 0.00475919 0.000169783
3050 Sphere 0.000924682 0.00293202 3.18587e-05 0.000174996
3051 Sphere 0.00198869 0.00549705 0.00103819 0.000173784
3052 Sphere 0.00309328 0.00444398 0.000446167 0.000169695
3053 Sphere 0.00565465 0.00287962 0.000510517 0.000231877
3054 Sphere 0.000468079 0.00304426 0.00522983 0.000179166
3055 Sphere 0.00497665 0.00499047 0.00254321 0.000206766
3056 Sphere 0.00474929 0.00171448 0.00353807 0.00018694
3057 Sphere 0.00300395 0.00637345 0.00181341 0.000178834
3058 Sphere 0.000628481 0.00492573 0.00379303 0.000161338
3059 Sphere 0.00151911 0.000181307 0.00255757 0.000179099
3060 Sphere 0.002989 0.00420899 0.00103959 0.00016367
3061 Sphere 0.00470661 0.00528053 0.00276121 0.000234831
3062 Sphere 4.3016e-06 0.00126918 0.00608793 0.000160789
3063 Sphere 0.000409064 0.00331055 0.00348618 0.000161214
3064 Sphere 0.0010999 0.00659227 0.00320787 0.000162541
3065 Sphere 0.00300138 0.00211271 0.00362136 0.000224349
3066 Sphere 0.000580383 0.00202337 0.00275035 0.000216323
3067 Sphere 0.00529846 0.00462338 0.00378682 0.000173992
3068 Sphere 0.00473717 0.00282524 0.00298847 0.000234134
3069 Sphere 0.000329117 0.00411792 0.00519894 0.000183954
3070 Sphere 0.00581514 0.00394366 0.00129698 0.000190682
3071 Sphere 0.000661274 0.00510912 0.00441219 0.000223157
3072 Sphere 0.00484053 0.00253483 0.00338991 0.000206597
3073 Sphere 0.00356958 0.00173928 0.00599759 0.000221822
3074 Sphere 0.00174939 0.00584247 0.00152964 0.000217616
3075 Sphere 0.00419504 0.000576367 0.00520138 0.000181598
3076 Sphere 0.00121206 0.00229297 0.00624602 0.000175867
3077 Sphere 0.00197849 0.00357116 0.00109801 0.000208368
3078 Sphere 0.00508849 0.00241459 0.0045541 0.000202146
3079 Sphere 0.00089402 0.00315949 0.00119353 0.000199078
3080 Sphere 0.0001651 0.00114592 0.00246779 0.000235298
3081 Sphere 0.00396306 0.00398718 0.00316434 0.000208663
3082 Sphere 0.00219962 0.00603661 0.00482028 0.000209499
3083 Sphere 0.000479386 0.000844246 1.52074e-07 0.000173286
3084 Sphere 0.00495261 0.00462838 0.00234921 0.000204853
3085 Sphere 0.00331903 0.00470594 0.000348623 0.000191098
3086 Sphere 0.00652568 0.00393747 0.00235072 0.000171962
3087 Sphere 0.00333403 0.00668613 0.00547298 0.000168383
3088 Sphere 0.00430264 0.00360667 0.00510373 0.000177558
3089 Sphere 0.00377835 0.00422639 0.00422707 0.000211049
3090 Sphere 0.00284966 0.00450603 0.00300353 0.00018474
3091 Sphere 0.00363418 0.00423768 0.00109511 0.000170375
3092 Sphere 0.00447127 0.00448332 0.000805805 0.000193463
3093 Sphere 0.00465157 0.00514049 0.00451177 0.000162866
3094 Sphere 0.00534792 0.00234312 0.00131824 0.000239943
3095 Sphere 0.00101469 0.00436743 0.000166662 0.000225149
3096 Sphere 0.00514699 0.00544522 0.00577615 0.000166934
3097 Sphere 0.00406308 0.00242718 0.000971022 0.000184599
3098 Sphere 0.0028441 0.000607427 0.00442749 0.000179069
3099 Sphere 0.00121013 0.00283238 0.00114392 0.000217396
3100 Sphere 0.00594233 0.00477243 0.00473049 0.000238474
3101 Sphere 0.00290832 0.00622012 0.000777723 0.000209699
3102 Sphere 0.00583367 0.00522869 0.00520361 0.000166066
3103 Sphere 0.00229617 0.00228878 0.00377257 0.000186923
3104 Sphere 0.00477373 0.00196768 0.00286681 0.000168546
3105 Sphere 0.00531433 0.00337621 2.2802e-05 0.000189385
3106 Sphere 0.000909285 0.00230016 0.0035676 0.000160466
3107 Sphere 0.00136008 0.00364204 0.00594 0.000237829
3108 Sphere 0.00616701 0.00511694 0.00457327 0.000165038
3109 Sphere 0.000188748 0.00488812 0.0020374 0.000206496
3110 Sphere 1.97076e-07 0.00385887 0.00566357 0.000212437
3111 Sphere 0.00543113 0.00619138 0.00595285 0.000181384
3112 Sphere 0.00214495 0.00340145 0.00423499 0.000188052
3113 Sphere 0.000455382 0.00523399 0.00329062 0.000177426
3114 Sphere 0.00108781 0.00256592 0.00326367 0.000213382
3115 Sphere 0.00403646 0.00312246 0.00196658 0.000184349
3116 Sphere 0.003665 0.00239902 0.00502419 0.000166978
3117 Sphere 0.000989874 0.0052183 0.0032489 0.000184793
3118 Sphere 0.00137284 0.0015619 0.00608119 0.000208397
3119 Sphere 0.00666792 0.00471038 0.000361106 0.000222794
3120 Sphere 0.00588902 0.00186862 0.00266247 0.000202595
3121 Sphere 1.79542e-05 0.00534038 0.00533012 0.000196004
3122 Sphere 0.00226943 0.00517236 0.00246554 0.000177942
3123 Sphere 0.00599204 0.00488604 0.00131025 0.000168798
3124 Sphere 0.00621883 0.00440522 0.00536269 0.000171924
3125 Sphere 0.00265844 0.00117651 0.00383845 0.000217747
3126 Sphere 0.00630633 0.00369493 0.00572318 0.000197325
3127 Sphere 0.00105122 0.00292032 0.00213025 0.000161788
3128 Sphere 0.00437057 0.00641954 0.0062431 0.000174029
3129 Sphere 0.00429745 0.00186315 0.00604405 0.000170286
3130 Sphere 0.00330731 0.00292625 0.000579378 0.000183996
3131 Sphere 0.00188273 0.00463378 0.00283426 0.000179872
3132 Sphere 0.00279974 0.00281399 0.00184949 0.000183248
3133 Sphere 0.00523338 0.00382635 0.0047274 0.000171027
3134 Sphere 0.00410219 0.00518451 0.00468928 0.000198748
3135 Sphere 0.00393436 0.00529843 0.00203216 0.000162479
3136 Sphere 0.00275325 0.00280749 0.000504767 0.000161754
3137 Sphere 0.000928024 0.00088336 0.000584716 0.000171479
3138 Sphere 0.00174445 0.00452703 0.00478664 0.000204753
3139 Sphere 0.000349923 0.00670023 0.00132213 0.000195512
3140 Sphere 0.00196797 0.00214946 0.00141145 0.000237717
3141 Sphere 0.0051961 0.0034471 0.00170522 0.000239427
3142 Sphere 0.00660233 0.00395505 0.00483937 0.00016973
3143 Sphere 0.00318882 0.00278529 0.00337111 0.000197147
3144 Sphere 0.000118484 0.00445161 0.00177308 0.000170278
3145 Sphere 0.00223516 0.00570772 0.00382253 0.000175523
3146 Sphere 0.00183011 0.000238862 0.00374351 0.000163956
3147 Sphere 0.00638418 0.00646708 0.000550769 0.000164279
3148 Sphere 0.00191078 0.00281782 0.00569742 0.000216115
3149 Sphere 0.00511035 0.00232376 0.00610117 0.000189569
3150 Sphere 0.00111988 0.00651274 0.00251776 0.000225488
3151 Sphere 0.0030109 0.00227859 0.00168177 0.000190546
3152 Sphere 0.00194931 0.00492882 0.00112057 0.000202415
3153 Sphere 0.00433427 0.000915847 6.49339e-05 0.000206358
3154 Sphere 0.00259842 0.00359934 0.00526109 0.000165779
3155 Sphere 0.00151641 0.00384302 0.00403556 0.000160445
3156 Sphere 0.00184419 0.00157484 0.00233128 0.000187445
3157 Sphere 2.34361e-05 0.00422226 0.00503781 0.000177253
3158 Sphere 0.00531488 0.0042803 0.00448054 0.000201004
3159 Sphere 0.00200248 0.00454877 0.00578956 0.000186589
3160 Sphere 0.00451351 0.00206922 3.89227e-05 0.000224728
3161 Sphere 0.00159861 0.00392005 9.702e-05 0.000167739
3162 Sphere 0.00208126 0.00359387 0.0054592 0.000219432
3163 Sphere 0.00109698 0.00193796 0.00614065 0.000212702
3164 Sphere 0.00528777 0.0058397 0.00118892 0.00021967
3165 Sphere 0.000190469 0.00639827 0.0039967 0.00018932
3166 Sphere 1.93218e-05 0.000482951 0.00334894 0.00021152
3167 Sphere 0.00109196 0.00154039 0.00374532 0.000187801
3168 Sphere 0.00572085 0.00123343 0.00240363 0.000174844
3169 Sphere 0.000798248 0.00371135 0.00387327 0.000180782
3170 Sphere 0.000763975 0.00473879 0.000121878 0.00019721
3171 Sphere 0.000491777 0.00554364 9.12561e-05 0.000210283
3172 Sphere 0.000619839 0.00500661 0.00538601 0.000165398
3173 Sphere 0.00633012 0.00179425 0.004232 0.00016502
3174 Sphere 0.00521668 0.00533751 0.00209442 0.000171377
3175 Sphere 0.00449606 0.00394773 0.00104267 0.00023697
3176 Sphere 0.00663661 0.00135069 0.000570655 0.000235477
3177 Sphere 0.0032908 0.000746354 0.00457987 0.000228081
3178 Sphere 0.000823059 0.000754433 0.0044188 0.000185217
3179 Sphere 0.00558501 0.00512355 0.00294618 0.000185629
3180 Sphere 0.00133035 0.00538609 0.00585056 0.000234263
3181 Sphere 1.37634e-07 0.0042852 0.00346781 0.000186479
3182 Sphere 0.00411791 0.00534675 0.00502477 0.000176055
3183 Sphere 0.00160232 0.00192423 0.00622169 0.000237475
3184 Sphere 0.00546801 0.00134164 0.0058068 0.000161225
3185 Sphere 0.00612454 0.00314855 0.00136231 0.000174216
3186 Sphere 0.00204225 0.00503873 0.00391567 0.000181401
3187 Sphere 0.00286708 0.00596966 0.00332878 0.000161451
3188 Sphere 0.000132931 0.00234216 0.00620175 0.000165239
3189 Sphere 0.00625374 0.00622062 7.76719e-05 0.000171538
3190 Sphere 0.000247026 0.000899014 0.00396893 0.000204231
3191 Sphere 0.00419454 0.00400141 0.00615456 0.000231173
3192 Sphere 0.00449396 0.00521578 0.000577056 0.000171688
3193 Sphere 0.00169297 0.00355818 0.00137796 0.000182615
3194 Sphere 0.00139819 0.00578489 0.000709897 0.00019002
3195 Sphere 0.000480445 0.00575961 0.0019024 0.000163579
3196 Sphere 0.00263267 0.00426333 0.00227165 0.000167978
3197 Sphere 0.00259181 0.00608895 0.00468748 0.000206143
3198 Sphere 0.00209305 0.00412786 0.00170103 0.00022341
3199 Sphere 0.00391352 0.000158498 0.00425152 0.000216926
3200 Sphere 0.0014966 0.0010302 0.000468234 0.000177802
3201 Sphere 0.00584728 0.00470478 0.00434757 0.000163968
3202 Sphere 0.00537271 0.00323005 0.00460725 0.00020886
3203 Sphere 0.00372128 0.000860672 0.00145473 0.000190468
3204 Sphere 0.000399269 0.00526854 0.000347835 0.000178469
3205 Sphere 0.00299444 0.000367598 0.00136539 0.000167025
3206 Sphere 0.000438235 0.000471464 0.000775612 0.000204049
3207 Sphere 0.0052049 0.000357972 0.00131582 0.000166591
3208 Sphere 0.00655884 0.00507631 0.000474177 0.000176168
3209 Sphere 0.00348974 0.00334869 0.00117617 0.000164399
3210 Sphere 0.00159949 0.00233173 0.00398359 0.000160971
3211 Sphere 0.00434789 0.00596849 0.00529527 0.000191154
3212 Sphere 0.00605286 0.00489806 0.00333045 0.000170542
3213 Sphere 0.00638999 0.00179093 0.00625165 0.000163997
3214 Sphere 0.00596793 0.00581821 0.0047583 0.000163645
3215 Sphere 0.00206475 0.00399312 0.00273939 0.000208254
3216 Sphere 0.00410568 0.00274098 0.00548412 0.000177208
3217 Sphere 0.00458241 0.00609652 0.000176219 0.000166825
3218 Sphere 0.00504712 0.00265701 0.00107497 0.000189226
3219 Sphere 0.00663452 0.00114131 0.00556572 0.000180498
3220 Sphere 0.00215326 0.00103445 0.00100612 0.000212854
3221 Sphere 9.79894e-06 0.00427198 0.00210277 0.00016609
3222 Sphere 0.0038831 0.0058538 0.00587633 0.00023707
3223 Sphere 0.00471643 0.00115599 0.00451342 0.000208727
3224 Sphere 0.00295715 0.00445073 0.00587871 0.000165102
3225 Sphere 0.00467768 0.00397583 0.00551294 0.000209227
3226 Sphere 0.00202455 0.000451972 0.00284789 0.000218228
3227 Sphere 0.00161161 0.001412 0.00393533 0.000161043
3228 Sphere 0.00573714 0.000576709 0.00591746 0.000207369
3229 Sphere 0.00383427 0.00492748 0.00373059 0.00018113
3230 Sphere 0.00259965 0.00556001 0.00541118 0.00020763
3231 Sphere 0.0038738 0.0036801 0.00362634 0.000218702
3232 Sphere 0.003178 0.00643226 0.00581044 0.000170213
3233 Sphere 0.00195584 0.00445748 0.00446861 0.000183604
3234 Sphere 0.00175616 0.00418849 0.00526737 0.000166074
3235 Sphere 0.00190766 0.00384745 0.00146329 0.000187342
3236 Sphere 0.00206168 0.00147328 0.00405374 0.000192623
3237 Sphere 0.00492869 0.00384074 0.00162086 0.000231108
3238 Sphere 0.00440828 0.00651293 0.0028136 0.000202138
3239 Sphere 0.00265583 0.00670162 0.00557981 0.000171349
3240 Sphere 0.00386547 0.000599358 0.00396217 0.000236592
3241 Sphere 0.00193508 0.00458708 0.00413229 0.00017802
3242 Sphere 0.00140087 0.00422454 0.00399217 0.000185437
3243 Sphere 0.00148079 0.00318267 0.0056144 0.000204393
3244 Sphere 0.000947098 0.0026709 0.00573388 0.000166975
3245 Sphere 0.00407301 0.00274495 0.00075619 0.000200188
3246 Sphere 0.00652593 0.00241552 0.00603665 0.000171392
3247 Sphere 0.000979027 0.00561849 0.00149343 0.000199097
3248 Sphere 0.00469297 0.00103052 0.00320351 0.000171721
3249 Sphere 0.000391512 0.00323509 0.00288771 0.000226826
3250 Sphere 0.00477607 0.00552276 0.00048993 0.000174382
3251 Sphere 0.00440456 0.0050545 0.0051193 0.000166681
3252 Sphere 0.00200442 0.00450574 0.00514366 0.000236323
3253 Sphere 0.00579308 0.00555466 0.00186542 0.000230572
3254 Sphere 0.00644779 0.00114902 0.00395177 0.000234682
3255 Sphere 0.000636796 0.00212093 0.00619961 0.000168982
3256 Sphere 0.00648661 0.00127832 0.00147344 0.000196739
3257 Sphere 0.00179012 0.00044681 0.000889322 0.000166184
3258 Sphere 0.00063926 0.00170617 0.00127856 0.000174366
3259 Sphere 0.00607234 0.00667873 0.00300527 0.000191566
3260 Sphere 0.00365485 0.00208235 0.0014211 0.000192803
3261 Sphere 0.00255841 0.00446658 0.00366679 0.000229261
3262 Sphere 0.000747155 0.0024564 0.005084 0.000171112
3263 Sphere 0.00359007 0.00158207 0.000128905 0.000203806
3264 Sphere 0.000858637 0.00212153 0.00500144 0.000175885
3265 Sphere 0.00210817 0.00381035 0.00342707 0.000190417
3266 Sphere 0.00384029 0.000251329 0.00189762 0.000208577
3267 Sphere 0.00440563 0.0048177 0.00455905 0.000185696
3268 Sphere 0.00654304 0.00297783 0.000284158 0.00016472
3269 Sphere 0.00371342 0.00141097 0.000491567 0.000183503
3270 Sphere 0.00306277 0.00240994 0.00570185 0.000200829
3271 Sphere 0.00211909 0.000641502 0.00464095 0.000213616
3272 Sphere 0.00660457 0.00299242 0.000664436 0.000180877
3273 Sphere 0.000810275 0.00390234 0.00333096 0.000220443
3274 Sphere 0.000701122 0.00537291 0.00118307 0.000166563
3275 Sphere 0.0064262 0.00545776 0.0061755 0.000205714
3276 Sphere 0.000857897 0.00127163 0.00119451 0.000160069
3277 Sphere 0.00130584 0.00452563 0.0038156 0.000177255
3278 Sphere 0.00273953 0.00321618 0.00278593 0.000239439
3279 Sphere 0.00145482 0.00327567 0.00525618 0.000166454
3280 Sphere 0.00273312 0.00201601 0.00391067 0.000182015
3281 Sphere 0.000157599 0.00538696 0.0061594 0.000206653
3282 Sphere 0.0039242 0.00258903 0.00282207 0.000236556
3283 Sphere 0.00576056 0.00446529 0.00308705 0.000207195
3284 Sphere 0.00381673 0.0059125 0.00383466 0.00018469
3285 Sphere 0.00473789 0.00191156 0.00322027 0.000190057
3286 Sphere 0.00560596 0.00426884 0.000597156 0.000220235
3287 Sphere 0.00592937 0.00547788 0.00232841 0.000160569
3288 Sphere 0.00499717 0.00531801 0.00372473 0.000176048
3289 Sphere 0.00516345 0.000967063 0.0014551 0.000180355
3290 Sphere 0.00613299 0.00146682 0.00307033 0.000199786
3291 Sphere 0.00270343 0.00587192 0.00181816 0.000161784
3292 Sphere 0.00666424 0.00447893 3.53095e-05 0.000178723
3293 Sphere 0.000820148 0.00627759 0.00302082 0.000196654
3294 Sphere 0.00476099 0.00286138 0.00426716 0.000167768
3295 Sphere 0.000974245 0.00338242 0.0053733 0.000215461
3296 Sphere 0.000164208 0.000291931 0.00456334 0.000237207
3297 Sphere 0.00288511 0.00142717 0.00209521 0.000203379
3298 Sphere 0.000426397 0.00652308 0.00234475 0.00017304
3299 Sphere 0.00580771 0.00296084 0.00284151 0.000160061
3300 Sphere 0.00525135 0.00205614 0.00448928 0.000185621
3301 Sphere 0.00161681 0.00353805 0.00257105 0.000170413
3302 Sphere 0.00227708 0.00599849 0.00401488 0.000173796
3303 Sphere 0.00486093 0.00247949 0.00275505 0.000186112
3304 Sphere 5.76448e-05 0.00547881 0.000305724 0.000224952
3305 Sphere 0.0051488 0.00311994 0.00361009 0.000161628
3306 Sphere 0.00539114 0.00560701 0.000720116 0.000179617
3307 Sphere 0.0032258 0.00341703 0.00200391 0.000206587
3308 Sphere 0.0059928 0.0057097 0.00420672 0.000212588
3309 Sphere 0.000307001 0.0063685 0.00304528 0.000220413
3310 Sphere 0.00117112 0.0054897 0.00117693 0.000193683
3311 Sphere 0.00168245 0.00430102 0.0013379 0.000238714
3312 Sphere 0.00344315 0.00158351 0.0056249 0.000202675
3313 Sphere 0.000682219 0.00317483 2.17938e-05 0.000169529
3314 Sphere 0.00208628 0.00629329 0.00453657 0.000191132
3315 Sphere 0.00600616 0.001199 0.00597288 0.000160647
3316 Sphere 0.0015722 0.00554839 0.00613866 0.000176006
3317 Sphere 0.0024793 0.000745875 0.000334057 0.000210824
3318 Sphere 0.000339923 0.0042667 0.00486163 0.000187005
3319 Sphere 0.000743446 0.00276143 0.00426135 0.000215373
3320 Sphere 0.000619566 0.00562267 0.00139743 0.000173126
3321 Sphere 0.00597807 0.00153746 0.00030872 0.000160979
3322 Sphere 0.00218335 0.00188457 0.00372769 0.000193039
3323 Sphere 0.00143019 0.00459211 0.00620712 0.000201259
3324 Sphere 0.000910006 0.0051503 0.00236277 0.000218913
3325 Sphere 0.000648786 0.00362863 0.00298281 0.000179738
3326 Sphere 0.0052561 0.00220499 0.00502316 0.000171271
3327 Sphere 0.000205396 0.00289623 0.000285273 0.000171102
3328 Sphere 0.00448551 0.00363041 0.00540604 0.00017659
3329 Sphere 0.00527148 0.00459485 0.00212204 0.000189026
3330 Sphere 2.63327e-05 0.00160628 0.00620531 0.000196884
3331 Sphere 0.00436538 0.00108889 0.00365959 0.00019202
3332 Sphere 0.00487248 0.000557763 0.000352944 0.000203294
3333 Sphere 0.000347375 0.000761649 0.00433214 0.000197741
3334 Sphere 0.00552713 0.00160495 0.0010152 0.000199988
3335 Sphere 0.00475779 0.00158443 0.00098835 0.000197375
3336 Sphere 0.00117191 0.000444465 0.000612087 0.000167864
3337 Sphere 0.00358474 0.00579362 0.00102094 0.000161398
3338 Sphere 0.00621048 0.00473706 0.00548396 0.0001755
3339 Sphere 0.00175288 0.00249499 0.00286591 0.000172787
3340 Sphere 0.00654495 0.00337512 0.00351 0.000231248
3341 Sphere 0.00633462 6.29211e-05 0.00042566 0.000176986
3342 Sphere 0.00572388 0.000349144 0.000874936 0.000217677
3343 Sphere 0.000755931 0.00643436 0.00224122 0.000183742
3344 Sphere 0.00232557 0.00482234 0.0021378 0.000198299
3345 Sphere 0.000431047 0.00183119 0.00604335 0.0002193
3346 Sphere 0.00231025 0.00226648 0.00233897 0.000180675
3347 Sphere 0.00424135 0.00516427 0.000227376 0.000239181
3348 Sphere 0.00500602 0.00557814 0.00103937 0.00019341
3349 Sphere 0.00427193 0.00668556 0.000209231 0.000168781
3350 Sphere 0.00602136 0.00548445 0.00295951 0.000164466
3351 Sphere 0.00287739 0.00139963 0.00436195 0.000174279
3352 Sphere 0.00446429 0.00408614 0.00583694 0.000194134
3353 Sphere 0.00497968 0.00164613 0.00609587 0.000184901
3354 Sphere 0.00183251 0.00111872 0.00387066 0.000195134
3355 Sphere 0.00402184 1.31521e-05 0.00464166 0.000188726
3356 Sphere 0.00620253 0.00389139 0.000124745 0.000174545
3357 Sphere 0.00432578 0.000492167 0.00179015 0.000238404
3358 Sphere 0.00337499 0.00265271 0.000820637 0.000187023
3359 Sphere 0.00490785 0.00147014 0.00188069 0.00020193
3360 Sphere 0.00032772 0.00612419 0.000906672 0.000179266
3361 Sphere 0.00124056 0.000464476 0.00173732 0.000160189
3362 Sphere 0.00334023 0.00625237 0.0042494 0.000175491
3363 Sphere 0.00302869 0.00290041 0.000912336 0.000239384
3364 Sphere 0.00233863 0.00268373 0.00141427 0.000215749
3365 Sphere 0.000353736 0.00140325 0.00191031 0.000199202
3366 Sphere 0.00665976 0.00187836 0.00235529 0.000210404
3367 Sphere 0.00031995 0.00554211 0.00340187 0.000177332
3368 Sphere 0.00294464 6.75248e-06 0.00173581 0.000179092
3369 Sphere 0.00273922 0.000646018 0.00479577 0.000170212
3370 Sphere 0.000676746 0.00262769 0.00153976 0.000239579
3371 Sphere 0.00183577 0.00628078 0.00262085 0.000168613
3372 Sphere 0.00309102 0.00162234 0.00463424 0.00016467
3373 Sphere 0.00375678 0.00173285 0.000704169 0.00017812
3374 Sphere 0.00395634 0.00506759 0.00285683 0.000179234
3375 Sphere 0.000232554 0.00240464 0.00127683 0.0001946
3376 Sphere 0.00212953 0.00666671 0.00261133 0.000165462
3377 Sphere 0.000423823 0.0039406 0.00476107 0.000165371
3378 Sphere 0.00127894 0.00393622 0.00622434 0.000180567
3379 Sphere 0.00605063 0.00127479 0.00513788 0.000196828
3380 Sphere 0.000922336 0.00559873 0.0058091 0.00021604
3381 Sphere 0.00545607 0.00224188 0.00375749 0.00016934
3382 Sphere 0.00605399 0.00648812 0.00179658 0.000200788
3383 Sphere 0.00167295 0.00135735 0.00263745 0.000164973
3384 Sphere 0.00627935 0.00399041 0.00187966 0.000213037
3385 Sphere 0.00492041 0.00150659 0.00325774 0.000199539
3386 Sphere 0.00525771 0.00622396 0.000462258 0.000235182
3387 Sphere 0.00506575 0.00022826 0.00430026 0.000182757
3388 Sphere 0.00636555 0.00267832 0.00573397 0.000185388
3389 Sphere 0.00622597 0.00465734 0.00161464 0.000171397
3390 Sphere 0.000330314 0.00475125 0.00167013 0.000210554
3391 Sphere 0.000805303 0.00485168 0.00330578 0.000229824
3392 Sphere 0.00483932 0.00209219 0.00185109 0.000196607
3393 Sphere 0.00414951 0.00319991 0.00405491 0.000216449
3394 Sphere 0.00193348 0.001773 0.00348652 0.000173405
3395 Sphere 0.000298107 0.00500166 0.00292073 0.000206098
3396 Sphere 0.00548059 0.000196135 0.00256957 0.000232287
3397 Sphere 0.00462047 0.00308681 0.00327839 0.000167108
3398 Sphere 0.00463835 0.000306801 0.000514116 0.000176075
3399 Sphere 0.000251174 0.000235727 0.000164427 0.000174272
3400 Sphere 0.00114061 0.00336882 0.0010349 0.00016142
3401 Sphere 0.0053091 0.00451789 0.00317595 0.00019285
3402 Sphere 2.22235e-05 0.00619616 0.00483996 0.000198555
3403 Sphere 0.00513062 0.00544882 0.00509583 0.000187963
3404 Sphere 0.0046093 0.00604371 0.00344903 0.000181566
3405 Sphere 0.000854529 0.000316647 0.00595334 0.000208447
3406 Sphere 0.00610157 0.00153685 0.00619331 0.000224986
3407 Sphere 0.00497424 0.000520258 0.00362821 0.00017819
3408 Sphere 0.00601762 0.00428365 0.00281741 0.000205407
3409 Sphere 0.00543047 0.0051113 0.00194933 0.000170622
3410 Sphere 0.00155376 0.000999799 0.00132318 0.000205093
3411 Sphere 0.00605832 0.00438192 0.000603897 0.000230399
3412 Sphere 0.00393417 0.000518047 0.00295663 0.000178943
3413 Sphere 0.00177311 0.00620049 0.00030593 0.000197088
3414 Sphere 0.000557898 0.00464166 0.00433218 0.000165048
3415 Sphere 0.0064244 0.00643094 0.00203224 0.000181382
3416 Sphere 0.00107061 0.00661789 0.00210748 0.000201844
3417 Sphere 0.00468382 0.00313485 0.00135175 0.000188515
3418 Sphere 0.00442539 0.000117955 0.0029996 0.000171732
3419 Sphere 0.00484985 0.00237387 0.00234938 0.000234057
3420 Sphere 0.00590906 0.00100733 0.000486427 0.000190404
3421 Sphere 0.0063256 0.00653926 0.0035723 0.000204553
3422 Sphere 0.000869925 0.00271683 0.00464766 0.00019516
3423 Sphere 0.00304375 0.00521265 0.00430041 0.000204618
3424 Sphere 0.0048923 0.00160573 0.00518804 0.000206234
3425 Sphere 0.00152752 0.00494688 0.0059157 0.000203946
3426 Sphere 0.000890253 0.00666079 0.00608444 0.000189318
3427 Sphere 0.00414686 0.000331529 0.00583532 0.000163698
3428 Sphere 0.00509411 0.000449522 0.00561114 0.000233919
3429 Sphere 0.000251341 0.00374136 0.00151109 0.0001687
3430 Sphere 0.00438746 0.00646509 0.00204217 0.00022196
3431 Sphere 0.00401982 0.0058596 0.00452049 0.000202496
3432 Sphere 0.00617503 0.0023679 0.00466639 0.000227279
3433 Sphere 0.00519339 0.00418811 0.00406572 0.000197709
3434 Sphere 0.000420062 0.00500251 0.00472431 0.000185411
3435 Sphere 0.00296782 0.00205283 0.00319501 0.000196486
3436 Sphere 0.00513874 0.000787351 0.00478269 0.000218196
3437 Sphere 0.000811612 0.00612453 0.00388532 0.000193896
3438 Sphere 0.00604821 0.00133718 0.00346276 0.00022279
3439 Sphere 0.00659491 0.00158246 0.000915156 0.000182423
3440 Sphere 0.00227456 0.00423768 0.00236543 0.000204345
3441 Sphere 7.58779e-05 0.00454286 0.000765015 0.000223241
3442 Sphere 0.0027852 0.00416824 0.00400994 0.000163858
3443 Sphere 0.00380999 0.00500621 0.00215193 0.000170288
3444 Sphere 0.00383355 0.00595335 0.00250639 0.000189964
3445 Sphere 0.00201948 0.00661137 0.00384186 0.000190795
3446 Sphere 0.00191393 0.00653605 0.00424568 0.000199595
3447 Sphere 9.18311e-05 0.00582131 0.000730483 0.000176496
3448 Sphere 0.00500491 0.00374937 0.00289186 0.000176398
3449 Sphere 0.000905596 0.00632622 0.00460168 0.000192128
3450 Sphere 0.00612299 0.00376505 0.000807047 0.000160154
3451 Sphere 0.0010816 0.00431425 0.00512463 0.000209582
3452 Sphere 0.00585467 0.00118041 0.00299224 0.000199393
3453 Sphere 0.00417495 0.00320482 0.00053019 0.000167704
3454 Sphere 0.00447627 0.00310148 0.00558962 0.000187006
3455 Sphere 0.00486655 0.00256074 0.00585691 0.000173841
3456 Sphere 0.00663418 0.00386991 0.000975555 0.000163441
3457 Sphere 0.0047059 0.00248145 0.000975423 0.000170258
3458 Sphere 0.002357 0.00464931 0.0059183 0.000203945
3459 Sphere 0.00303553 0.00177459 0.00395971 0.000167694
3460 Sphere 0.00157156 0.00261199 0.00443171 0.000213036
3461 Sphere 0.00562653 0.0040701 0.0022718 0.000184253
3462 Sphere 0.00638541 0.00426175 0.000202096 0.000212207
3463 Sphere 0.00298575 0.00270313 0.00494118 0.000208313
3464 Sphere 0.00345302 0.00445432 0.000880685 0.000170224
3465 Sphere 0.00473741 0.00500864 0.00106285 0.000179923
3466 Sphere 0.000552261 0.0026577 0.00485637 0.000189954
3467 Sphere 0.00556998 0.00542303 0.00261886 0.000207982
3468 Sphere 0.00582082 0.00486017 0.00306151 0.000186669
3469 Sphere 0.00115023 0.00440733 0.0056504 0.000202126
3470 Sphere 0.00325013 0.000346734 0.00214997 0.000204707
3471 Sphere 0.00395243 0.00344524 0.00067555 0.000191563
3472 Sphere 0.00301611 0.00516092 0.00329034 0.000203556
3473 Sphere 0.00343995 0.000264121 0.00179834 0.000204799
3474 Sphere 0.00654236 0.000566534 0.00591779 0.000238981
3475 Sphere 0.0033312 0.00114697 0.00552875 0.000205224
3476 Sphere 0.00389529 0.00370608 0.00246143 0.000160632
3477 Sphere 0.0052993 0.00469899 0.00246028 0.000166013
3478 Sphere 0.00127282 0.00292413 0.00329965 0.000174603
3479 Sphere 0.00577762 0.00214867 0.00066842 0.000224589
3480 Sphere 0.00413502 0.00573345 0.00147051 0.000212875
3481 Sphere 0.00653979 0.000685898 0.00105035 0.000163307
3482 Sphere 0.00178937 0.000654897 0.000322034 0.000182465
3483 Sphere 0.000688855 0.000861484 0.000305614 0.000198178
3484 Sphere 0.00376429 0.00356649 0.00137535 0.000239982
3485 Sphere 0.00142358 0.00273548 0.00617727 0.00019825
3486 Sphere 0.00227214 0.00257613 0.00320652 0.000176803
3487 Sphere 0.00606055 0.00655486 0.000640631 0.000180673
3488 Sphere 0.00082575 0.00123834 0.000443289 0.00022563
3489 Sphere 0.00576545 0.00113438 0.00146349 0.000192504
3490 Sphere 0.00585161 0.00218982 0.00392066 0.000210996
3491 Sphere 0.00135759 0.000230841 0.00616065 0.000195965
3492 Sphere 0.00342683 0.00625695 0.00560921 0.000190547
3493 Sphere 0.00196082 0.00556641 0.00600119 0.000224732
3494 Sphere 0.0018618 0.00387984 0.00491408 0.000170418
3495 Sphere 0.000244834 0.00608124 0.00333464 0.000192871
3496 Sphere 0.00554889 0.00236801 0.00441192 0.000182429
3497 Sphere 0.00520153 0.00597612 0.00625305 0.000231281
3498 Sphere 0.00244999 0.000301595 0.00401683 0.000203006
3499 Sphere 0.000366507 0.0032023 0.00418316 0.000203507
3500 Sphere 0.00401335 0.00627423 0.00585569 0.000194828
3501 Sphere 0.00175227 0.0010867 0.00237532 0.000210047
3502 Sphere 0.00332396 0.00661752 0.00282985 0.000175409
3503 Sphere 0.00389094 0.0040024 0.00586515 0.00018928
3504 Sphere 0.00282397 0.000208712 0.0053463 0.000194466
3505 Sphere 0.00343743 0.000867067 0.00403264 0.000184957
3506 Sphere 0.0017092 0.00446355 0.00381483 0.00023202
3507 Sphere 0.000887299 0.00314291 0.00057156 0.000189691
3508 Sphere 0.0010387 4.0607e-06 0.00406918 0.000195683
3509 Sphere 0.00230232 0.000768092 0.00278102 0.000178226
3510 Sphere 0.00653826 0.00493628 0.00416516 0.000169321
3511 Sphere 0.00133305 0.00629372 0.00139697 0.000176688
3512 Sphere 0.00535433 0.00192684 0.00168786 0.00021707
3513 Sphere 0.00490487 0.00176615 0.000219648 0.000226098
3514 Sphere 0.000547742 0.00342649 0.00546261 0.000196584
3515 Sphere 0.000352571 0.00487047 0.00258548 0.000160374
3516 Sphere 0.00540048 0.00518138 0.00384468 0.000163762
3517 Sphere 0.00104718 0.00580555 0.0020749 0.000174052
3518 Sphere 0.00452817 0.00563356 0.00290163 0.000171348
3519 Sphere 0.00316124 0.00514866 0.00105307 0.000183826
3520 Sphere 0.000978737 0.00536665 0.00441943 0.00018121
3521 Sphere 0.00476385 0.000763024 6.59002e-06 0.000213854
3522 Sphere 0.00161366 0.00313099 0.000715611 0.000181486
3523 Sphere 0.000978639 0.0051081 0.00417962 0.000171616
3524 Sphere 0.00367926 0.00439904 0.00143684 0.000211439
3525 Sphere 0.00327174 0.00609772 0.00592386 0.000195508
3526 Sphere 7.22791e-06 0.00163545 0.0042442 0.000172539
3527 Sphere 0.00290219 0.00454536 0.00454327 0.000227417
3528 Sphere 0.00219484 0.00600062 0.00201839 0.000192175
3529 Sphere 0.00193566 0.000658958 0.00211917 0.000161414
3530 Sphere 0.00216085 0.00376218 0.00417949 0.000178207
3531 Sphere 0.00620803 0.00190414 0.00240107 0.000171553
3532 Sphere 0.00275342 0.000257087 0.000337799 0.000169927
3533 Sphere 0.00172976 0.00092367 0.00200814 0.000193149
3534 Sphere 0.00372954 0.00449626 0.00561266 0.000222084
3535 Sphere 0.00168643 0.00524338 0.0010106 0.000222935
3536 Sphere 0.00563499 0.00372098 0.00248932 0.000227
3537 Sphere 0.00174966 0.0049452 0.000427307 0.000162967
3538 Sphere 0.00323701 0.00118966 6.23657e-05 0.000166974
3539 Sphere 0.00436027 0.00304939 0.00171005 0.000235628
3540 Sphere 0.0019629 0.00529568 0.00130499 0.00016198
3541 Sphere 0.00503295 0.00319027 0.002031 0.000206085
3542 Sphere 0.00447377 0.00340096 0.00314788 0.000186531
3543 Sphere 0.00465627 0.00380108 0.0039059 0.000171813
3544 Sphere 0.00129567 0.00402044 0.0050471 0.000163101
3545 Sphere 0.00646462 0.00216287 0.00383487 0.00016801
3546 Sphere 0.00553872 0.00295314 0.00416966 0.000220153
3547 Sphere 0.00596203 0.00364251 0.00178701 0.000230243
3548 Sphere 0.00592734 0.0036021 0.00113948 0.000165785
3549 Sphere 0.00174981 0.00561309 0.000815149 0.00017384
3550 Sphere 0.00189542 0.003649 0.00237895 0.000186456
3551 Sphere 0.00642869 0.00134615 0.00332536 0.000183363
3552 Sphere 0.0021334 8.69945e-05 0.0034065 0.000185454
3553 Sphere 0.00496597 0.00208141 0.00143617 0.000238356
3554 Sphere 0.00228113 0.00499103 0.00137751 0.00022315
3555 Sphere 0.00445809 0.00496959 0.00352702 0.000232317
3556 Sphere 0.000189307 0.00358286 0.0036314 0.000170298
3557 Sphere 0.00637749 0.00553334 0.00474083 0.000160251
3558 Sphere 0.00613833 0.00127424 0.00194426 0.000198773
3559 Sphere 0.00410022 0.00467 0.000300468 0.000236793
3560 Sphere 0.00193225 0.00639514 0.00587844 0.000218924
3561 Sphere 0.0066441 0.00549309 0.00449147 0.00020224
3562 Sphere 0.00490044 0.00601438 0.00591281 0.000223633
3563 Sphere 0.00137036 0.00366036 0.000297319 0.000231879
3564 Sphere 0.00230386 0.000292296 0.00259314 0.000192416
3565 Sphere 0.00466886 0.00428613 0.00316938 0.000212754
3566 Sphere 0.000841941 0.00237342 0.00476677 0.000170332
3567 Sphere 0.00650067 0.00477888 0.00484519 0.000164555
3568 Sphere 0.000726123 0.005034 0.00121784 0.000175236
3569 Sphere 0.00351734 0.00482126 0.00210797 0.000169458
3570 Sphere 0.00405995 0.00656928 0.00045305 0.000174777
3571 Sphere 0.00360147 0.00401725 0.000320847 0.000238598
3572 Sphere 0.00521113 0.000282502 0.00381844 0.000208202
3573 Sphere 0.00556412 0.00121511 0.00376223 0.0001903
3574 Sphere 0.00188496 0.00336065 0.00391456 0.000227324
3575 Sphere 0.00555656 0.00556651 0.00223129 0.000205758
3576 Sphere 0.00420876 0.00239007 0.00323536 0.000169397
3577 Sphere 0.000339129 0.00318842 0.000114715 0.000181836
3578 Sphere 0.00410314 0.00667901 0.00179287 0.000196765
3579 Sphere 0.00213325 0.00350387 0.00364633 0.000165566
3580 Sphere 0.00117858 0.00452209 0.000723836 0.000220834
3581 Sphere 0.00474711 0.00598092 0.00241458 0.000214668
3582 Sphere 0.00362557 0.0054689 0.00315299 0.000173933
3583 Sphere 0.00636139 0.00068191 0.00363711 0.000167148
3584 Sphere 0.0029282 0.00552839 0.00101005 0.000167346
3585 Sphere 0.00241804 0.00374854 0.00121722 0.000184635
3586 Sphere 0.0015554 0.0037599 0.000805757 0.000198627
3587 Sphere 0.00246777 0.00327884 0.00501573 0.000182374
3588 Sphere 0.002411 0.000258559 0.00622571 0.000160177
3589 Sphere 0.00602437 0.00654257 0.00105536 0.000236805
3590 Sphere 0.00142265 0.00601009 0.000388239 0.000203534
3591 Sphere 0.000235107 0.00285065 0.00425243 0.000178475
3592 Sphere 0.000906909 0.00381781 0.000147046 0.000170351
3593 Sphere 0.00479756 0.00633305 0.00399147 0.000178934
3594 Sphere 0.00124989 0.00462499 0.00532903 0.000198918
3595 Sphere 0.00190859 0.000210201 0.00314623 0.000180814
3596 Sphere 0.00503387 0.00389318 0.00498687 0.000162008
3597 Sphere 0.00302189 0.00164097 0.00497202 0.000181892
3598 Sphere 0.000365986 0.00231207 0.0022888 0.000231079
3599 Sphere 0.00284253 0.000469807 0.00349571 0.000209505
3600 Sphere 0.00356858 0.000946367 0.00198933 0.000208361
3601 Sphere 0.00437529 0.00489175 0.0054234 0.000181969
3602 Sphere 0.00307355 0.00361232 0.00362199 0.000203727
3603 Sphere 0.000440985 0.00100661 0.00361546 0.000213947
3604 Sphere 0.0062721 0.00304316 0.00574323 0.000191226
3605 Sphere 0.000279719 0.00351353 0.0043707 0.00017035
3606 Sphere 0.00603688 0.00655039 0.00491165 0.000164748
3607 Sphere 0.00378567 0.00340728 0.00430509 0.000160792
3608 Sphere 0.00405463 0.00554284 0.00545158 0.000197832
3609 Sphere 0.00446277 0.000850489 0.00196698 0.000184644
3610 Sphere 0.00291484 0.00535761 0.00292306 0.000226277
3611 Sphere 0.00158394 0.000313654 0.00162549 0.000203633
3612 Sphere 0.00525505 0.00562004 0.005397 0.00018226
3613 Sphere 0.000420678 0.00540638 0.00376513 0.000223765
3614 Sphere 0.00101645 0.00547126 0.00297531 0.000190205
3615 Sphere 0.00528883 0.00644854 0.00497074 0.000233177
3616 Sphere 0.000852164 0.000859355 0.00402847 0.000222598
3617 Sphere 0.000320494 0.000745047 0.00168455 0.000213117
3618 Sphere 0.00302199 0.00652841 0.00387829 0.000215775
3619 Sphere 0.00189286 0.00435166 0.00214673 0.00018203
3620 Sphere 0.00466987 0.00564256 0.00208355 0.000180598
3621 Sphere 0.00661589 0.000662891 0.0054127 0.000188093
3622 Sphere 0.000481869 0.00385074 0.00273895 0.000164062
3623 Sphere 0.000552653 0.00623249 0.00443318 0.000211294
3624 Sphere 0.00318099 0.00510688 0.00363133 0.000179314
3625 Sphere 0.00138781 0.00332597 0.00272971 0.000180433
3626 Sphere 0.00280683 0.00602664 0.000459714 0.000176531
3627 Sphere 0.000470594 0.00462945 0.00133966 0.000169207
3628 Sphere 0.00223481 0.00105301 0.00570993 0.000161587
3629 Sphere 0.00239927 0.00633762 0.00491525 0.000165413
3630 Sphere 2.21467e-05 0.00604122 0.00299265 0.000217741
3631 Sphere 0.00155345 0.00504446 0.00443422 0.000164698
3632 Sphere 0.00414173 0.0023952 0.000551369 0.000210994
3633 Sphere 0.00366179 0.00415489 0.00297003 0.000182082
3634 Sphere 0.00330471 0.00283364 0.00475757 0.000182751
3635 Sphere 0.00564398 0.00196337 0.00102549 0.000177031
3636 Sphere 0.00667296 0.00218422 0.00210866 0.000182933
3637 Sphere 0.00123213 0.0050878 0.00613655 0.000191331
3638 Sphere 0.00565607 0.000770018 0.00438085 0.00016193
3639 Sphere 0.00263765 0.00445716 0.00569672 0.000203168
3640 Sphere 0.00350399 0.00175362 0.00152643 0.000182855
3641 Sphere 0.000479461 0.00369311 0.00123484 0.000188446
3642 Sphere 0.000183668 0.00255129 0.00588624 0.000217793
3643 Sphere 0.00257209 0.00503795 0.00568625 0.000177082
3644 Sphere 0.000641886 0.00467878 0.0026981 0.000182991
3645 Sphere 0.00101549 0.000230824 3.72263e-05 0.000172154
3646 Sphere 0.00348467 0.00329487 8.55008e-06 0.000182688
3647 Sphere 0.00272364 0.000450226 0.00215404 0.000221087
3648 Sphere 0.00462447 0.00303855 0.00458279 0.000219847
3649 Sphere 0.00280761 0.00658318 0.00501929 0.000173303
3650 Sphere 0.0059958 0.00512985 0.00233429 0.0001949
3651 Sphere 0.00436557 0.00273519 0.00048544 0.000199332
3652 Sphere 0.00235608 0.00532116 0.00556558 0.000167179
3653 Sphere 0.00193866 0.00589972 0.000415204 0.000163674
3654 Sphere 0.00148498 0.00658214 0.00234563 0.000180469
3655 Sphere 0.000424107 0.000742361 0.00529302 0.000190399
3656 Sphere 0.000796385 0.00301508 0.0015149 0.000167552
3657 Sphere 0.00214251 0.0041119 0.00501959 0.000199798
3658 Sphere 0.00467232 0.000688607 0.00173866 0.000165582
3659 Sphere 0.00304918 0.000917717 0.000615018 0.000205631
3660 Sphere 0.000639399 0.00337412 0.00594319 0.000228015
3661 Sphere 0.00539043 0.00335519 0.00267607 0.000178635
3662 Sphere 0.00346574 0.00549415 0.00368954 0.000161421
3663 Sphere 0.00544151 0.00443707 0.00101673 0.000161805
3664 Sphere 0.001756 0.00345619 0.00584207 0.000160274
3665 Sphere 0.000320673 0.000543323 0.00485698 0.00018184
3666 Sphere 0.000322801 0.00179091 0.00432058 0.000187401
3667 Sphere 0.00625009 0.000877537 0.000309099 0.000210516
3668 Sphere 0.000295203 0.00643182 0.00584113 0.000180631
3669 Sphere 0.00645101 0.00266219 0.00469911 0.000179859
3670 Sphere 0.00175599 0.00346232 0.000685554 0.000180446
3671 Sphere 0.00197315 0.0023339 0.00253875 0.000217205
3672 Sphere 0.000514588 0.00397047 0.00306384 0.000184508
3673 Sphere 0.00185878 0.00416322 0.000139353 0.000191216
3674 Sphere 0.00251105 0.00307738 0.00224608 0.000225479
3675 Sphere 0.00213619 0.00594595 0.000709997 0.000194812
3676 Sphere 0.000743419 0.00366296 0.00479264 0.000195313
3677 Sphere 0.000916359 0.00216715 0.000138595 0.000178503
3678 Sphere 0.00293748 0.00142712 0.00348854 0.000171078
3679 Sphere 0.00277842 0.00384966 0.00536993 0.000162221
3680 Sphere 0.00235808 0.000530585 0.00106961 0.000221435
3681 Sphere 0.00346268 0.00556023 0.000662374 0.000221766
3682 Sphere 0.00069697 0.000378905 0.00320706 0.000186899
3683 Sphere 0.00191048 0.00554727 0.00295722 0.000211453
3684 Sphere 0.00420242 0.000432763 0.00350441 0.000195839
3685 Sphere 0.000179982 0.00359981 0.000985931 0.000179898
3686 Sphere 0.00551227 0.00529533 0.000574239 0.000185345
3687 Sphere 0.00503807 0.00294901 0.00168663 0.000215459
3688 Sphere 0.00410926 0.00597157 0.000585516 0.000165172
3689 Sphere 4.08487e-05 0.0020159 0.00413235 0.000219478
3690 Sphere 0.00406533 0.00406507 0.00188342 0.000173155
3691 Sphere 1.69059e-05 0.00660512 0.0028798 0.000189986
3692 Sphere 0.00458373 0.00399169 0.00145066 0.000183619
3693 Sphere 0.000778103 0.00208212 0.00145893 0.000232212
3694 Sphere 0.000478848 0.00440663 0.00167474 0.000164428
3695 Sphere 0.00457142 0.00368647 0.0057312 0.000164649
3696 Sphere 0.00438372 0.001765 0.000239293 0.000161756
3697 Sphere 0.00543745 0.00560508 0.00569959 0.000173477
3698 Sphere 0.00603239 0.00494758 0.00525616 0.000182239
3699 Sphere 0.00515518 0.0046249 0.00436492 0.000196085
3700 Sphere 0.00504285 0.000890508 0.00603608 0.000171437
3701 Sphere 0.000555138 0.00443294 0.000241535 0.000193072
3702 Sphere 0.0025959 0.00520651 0.00485211 0.000196882
3703 Sphere 0.00118997 0.00595516 0.00421561 0.000222877
3704 Sphere 0.00660667 0.00275503 0.0012944 0.000163195
3705 Sphere 0.000264804 0.00417457 0.00147494 0.000209172
3706 Sphere 0.00405536 0.00161407 0.00420393 0.000183282
3707 Sphere 0.00337472 0.00234023 0.00177995 0.000186491
3708 Sphere 0.0048139 0.00197683 0.00252754 0.000172517
3709 Sphere 0.0059141 0.000779096 0.00219079 0.000204836
3710 Sphere 0.00574209 0.000458554 0.00204192 0.000188834
3711 Sphere 0.00628663 0.00275336 0.00138577 0.000160645
3712 Sphere 0.00529429 0.00444013 0.00542159 0.000184771
3713 Sphere 0.00632376 0.000911001 0.00130391 0.000239619
3714 Sphere 0.00227396 0.00427814 0.00438904 0.000190926
3715 Sphere 0.00627229 0.00578701 0.00300373 0.000231348
3716 Sphere 0.0003021 0.00159739 0.000796817 0.000161998
3717 Sphere 0.00198059 0.00625692 0.00348994 0.000183727
3718 Sphere 0.00144093 0.00555927 0.00399654 0.000176895
3719 Sphere 0.00178089 0.00344381 0.00520174 0.000204434
3720 Sphere 0.00284169 0.00265638 0.00246366 0.000222388
3721 Sphere 0.00222641 0.000916031 0.00513804 0.00019652
3722 Sphere 0.00316977 0.00176197 0.0058135 0.000168599
3723 Sphere 0.00455246 0.002289 0.00269201 0.000181957
3724 Sphere 0.0059193 0.0040444 0.00460566 0.000168224
3725 Sphere 0.00614206 0.00506076 0.00571451 0.000229121
3726 Sphere 0.00546436 0.00346572 0.003502 0.000188419
3727 Sphere 0.00534972 0.0026759 0.00337514 0.00023088
3728 Sphere 0.000494485 0.00509827 0.000654623 0.000181047
3729 Sphere 0.00331134 0.00249337 0.00492857 0.000179459
3730 Sphere 0.00515509 0.00158258 0.00549263 0.000161894
3731 Sphere 0.000302144 0.00280571 0.00128468 0.000212917
3732 Sphere 0.00339693 0.00120028 0.00303065 0.000207936
3733 Sphere 0.00474846 0.000738916 0.00350195 0.000161266
3734 Sphere 0.00306646 0.0024625 0.00215253 0.000201722
3735 Sphere 0.00564027 0.000435161 0.00534384 0.000205995
3736 Sphere 0.00150426 0.00197134 0.0029606 0.000204653
3737 Sphere 0.000476623 0.00572079 0.0027782 0.000172377
3738 Sphere 0.00128923 0.00344642 0.00371206 0.000176703
3739 Sphere 0.00288951 0.00184645 0.00596172 0.000160208
3740 Sphere 0.00441871 0.000635799 0.00140793 0.000181802
3741 Sphere 0.000456717 0.00646125 0.000637539 0.000203461
3742 Sphere 0.00266515 0.0020097 0.00524272 0.000171727
3743 Sphere 0.00622279 0.00314667 0.00609147 0.000173579
3744 Sphere 0.00318837 0.00445492 0.000104017 0.000183426
3745 Sphere 0.00118031 0.00572166 0.00317951 0.000172497
3746 Sphere 0.00525998 0.00569755 0.00196691 0.00021313
3747 Sphere 0.0048164 0.00449519 0.000103147 0.000213798
3748 Sphere 0.00213785 0.000799979 0.00312173 0.000192708
3749 Sphere 0.000229675 0.00135991 0.00508648 0.000188112
3750 Sphere 0.000190926 0.00441251 0.00536019 0.000161732
3751 Sphere 0.00638372 0.00397645 0.000695195 0.000194636
3752 Sphere 0.00475505 0.00554077 0.00542731 0.000163505
3753 Sphere 0.0022473 0.00668377 0.00415897 0.000175679
3754 Sphere 0.00316273 0.00383186 0.00200462 0.000213327
3755 Sphere 0.00300531 0.00179614 0.00149758 0.000208195
3756 Sphere 0.00617447 0.000553003 0.00470812 0.000166513
3757 Sphere 0.00259008 0.00492089 0.00334678 0.000197016
3758 Sphere 0.00356496 0.000318288 0.00369009 0.000176913
3759 Sphere 0.00122608 0.00362717 0.00270377 0.00016063
3760 Sphere 0.0011553 0.0040122 0.000286654 0.000175814
3761 Sphere 0.000513617 0.00301166 0.00451845 0.000209552
3762 Sphere 0.00294104 0.00539546 0.00356046 0.000162278
3763 Sphere 0.000181505 0.00330874 0.00498129 0.000227862
3764 Sphere 0.00252548 0.00659531 0.00265792 0.000168842
3765 Sphere 0.0002313 0.00356755 0.00210289 0.000163413
3766 Sphere 0.00338183 0.00644765 0.00397341 0.000164989
3767 Sphere 0.00155694 0.0045897 0.000537399 0.00018438
3768 Sphere 0.00540802 0.00227619 0.00472365 0.000172903
3769 Sphere 0.00264698 0.000503571 0.00269486 0.000223413
3770 Sphere 0.00545798 0.00517588 0.00347395 0.000184501
3771 Sphere 0.00422033 0.000772435 0.00561396 0.000162609
3772 Sphere 0.00234003 0.000581171 0.00518472 0.00016079
3773 Sphere 0.00340486 0.00414432 0.00426065 0.000171568
3774 Sphere 0.00287844 0.00588277 0.00377731 0.000179541
3775 Sphere 0.00539119 0.00503914 0.00260722 0.000215838
3776 Sphere 0.00598305 0.00245762 0.00210569 0.000160528
3777 Sphere 0.00481784 0.00341489 0.00371304 0.000162572
3778 Sphere 0.00604038 0.000990285 0.00326162 0.000179235
3779 Sphere 0.00460418 0.00293834 0.00065867 0.000160032
3780 Sphere 0.00417158 0.00634234 0.00153951 0.00016768
3781 Sphere 0.00390208 0.00172216 0.000350932 0.000205306
3782 Sphere 0.00547097 0.00153716 0.00193583 0.000238013
3783 Sphere 0.000199644 0.000880175 0.00554766 0.000176979
3784 Sphere 0.0053953 0.00215323 0.00592624 0.000186553
3785 Sphere 0.00656047 0.000231925 0.00144755 0.00019185
3786 Sphere 0.00233778 0.00205659 0.00440628 0.000175291
3787 Sphere 0.00336097 0.00377495 0.0042284 0.000167352
3788 Sphere 0.00272643 0.000835956 0.00580201 0.000214619
3789 Sphere 0.00124253 0.000327576 0.00479482 0.000191508
3790 Sphere 0.00184599 0.002587 0.000376352 0.000210272
3791 Sphere 0.00372072 0.00650492 0.00467272 0.000189009
3792 Sphere 0.00446655 0.00240282 0.00120228 0.000169279
3793 Sphere 0.00123186 0.00128132 0.00432001 0.000167851
3794 Sphere 0.00300336 0.00196113 0.00114952 0.000179999
3795 Sphere 0.0027765 0.00313204 0.000181058 0.000214538
3796 Sphere 0.00558837 0.00344536 0.00195269 0.000224026
3797 Sphere 0.00026547 0.0021736 0.00595301 0.000164074
3798 Sphere 0.00389802 0.00107835 0.00256609 0.00017889
3799 Sphere 0.00551668 0.000714817 0.00560714 0.000198464
3800 Sphere 0.00354753 0.00240032 0.00555111 0.000161484
3801 Sphere 0.000333402 0.00146617 0.00284859 0.000227844
3802 Sphere 0.00432716 0.00278854 6.253e-05 0.000229611
3803 Sphere 0.00029144 0.00321563 0.00571381 0.000220162
3804 Sphere 0.000562347 0.00569626 0.00491316 0.000208941
3805 Sphere 0.000945297 0.00511189 0.00517838 0.000236481
3806 Sphere 0.00330543 0.00553361 0.00296454 0.000204961
3807 Sphere 0.00461561 0.00626758 0.00527602 0.000211025
3808 Sphere 0.00566806 0.00541928 0.00461042 0.000165184
3809 Sphere 0.000675423 0.00210626 0.00105033 0.000193391
3810 Sphere 0.00226978 0.00118028 0.00396157 0.000167268
3811 Sphere 0.00256824 0.00640428 0.00291904 0.000160453
3812 Sphere 0.0021774 0.00644574 0.00216159 0.000181724
3813 Sphere 0.00505852 0.00666622 0.00305361 0.000206157
3814 Sphere 0.0047614 0.00455289 0.000525518 0.000216382
3815 Sphere 0.00481104 0.00569073 0.00508665 0.0002131
3816 Sphere 0.00400184 0.0056783 0.00505586 0.000177477
3817 Sphere 0.000501412 0.0021355 0.00414058 0.000211357
3818 Sphere 0.00360013 0.00273454 0.000359078 0.000230169
3819 Sphere 0.00530882 0.00122256 0.000435553 0.000230318
3820 Sphere 0.00493752 0.00614117 0.00325738 0.000195082
3821 Sphere 0.00168054 0.00653312 0.00367578 0.000195247
3822 Sphere 0.00597788 0.00300092 0.000767166 0.000164296
3823 Sphere 0.00415443 0.00227242 0.0027347 0.000164577
3824 Sphere 0.000445672 0.00306149 0.00159212 0.000195196
3825 Sphere 0.00404668 0.0013313 0.00232249 0.000202583
3826 Sphere 0.000656525 0.00376418 0.00246475 0.000172854
3827 Sphere 0.00461481 0.00346864 0.00396871 0.000165956
3828 Sphere 0.0055051 0.00113874 0.00625679 0.000160412
3829 Sphere 0.00652078 0.00552891 0.00190414 0.000184164
3830 Sphere 0.00540819 0.00334367 0.0053924 0.000202052
3831 Sphere 0.00609929 0.00396965 0.00152834 0.000169846
3832 Sphere 0.000682493 0.00122243 0.00402949 0.00017939
3833 Sphere 0.00523503 0.00297541 0.000515423 0.000175997
3834 Sphere 0.00594193 0.00202503 0.00219613 0.000185029
3835 Sphere 0.00105108 0.00176268 0.00298589 0.000210038
3836 Sphere 0.00541332 0.00615815 0.00282086 0.000234218
3837 Sphere 0.00137601 0.000848652 0.00185594 0.000194255
3838 Sphere 0.0032853 0.00452224 0.00154231 0.00020282
3839 Sphere 0.00459831 0.00267499 0.00604064 0.00017093
3840 Sphere 0.000638287 0.00594838 0.00416343 0.000178987
3841 Sphere 0.00139609 0.00172994 0.00392304 0.000212984
3842 Sphere 0.00377154 0.00411504 0.00346599 0.000170728
3843 Sphere 0.000897981 0.00454261 0.00386179 0.000234189
3844 Sphere 0.00245848 0.00522626 7.65752e-05 0.000179201
3845 Sphere 0.00166045 0.00563161 0.000430053 0.000223702
3846 Sphere 0.000879416 0.00232841 0.00181971 0.000218228
3847 Sphere 0.00217024 0.00216556 0.00411722 0.000176037
3848 Sphere 0.00225106 0.00660315 0.00578567 0.000173442
3849 Sphere 0.00409554 0.00219192 0.00606708 0.000205326
3850 Sphere 0.000148025 0.00416766 0.00610294 0.000221646
3851 Sphere 0.00147414 0.00616106 5.60421e-05 0.000165212
3852 Sphere 0.00317504 0.00476401 0.00198975 0.000192122
3853 Sphere 0.00071132 0.00391873 0.00581277 0.000174588
3854 Sphere 0.00246699 0.00412387 0.00384309 0.000167156
3855 Sphere 0.000127377 0.00516498 0.0045859 0.000177324
3856 Sphere 0.0012073 0.000223513 0.0033711 0.000234628
3857 Sphere 0.00146894 0.00455239 0.00103081 0.000203538
3858 Sphere 0.00542547 0.00350211 0.0031286 0.000190284
3859 Sphere 0.00598205 0.00484001 0.000534612 0.000239195
3860 Sphere 0.00547486 0.00126268 0.00427613 0.000232467
3861 Sphere 0.00215081 0.00436613 0.00617445 0.000231256
3862 Sphere 0.00426322 0.00199759 0.00325789 0.000227556
3863 Sphere 0.00322058 0.00443838 0.00319699 0.000172978
3864 Sphere 0.00171237 0.000112286 0.00344224 0.000183897
3865 Sphere 0.00525909 0.00277772 0.0013334 0.00016748
3866 Sphere 0.00619643 0.00228418 0.0054159 0.000214326
3867 Sphere 0.00234644 0.00310973 0.00262647 0.00019052
3868 Sphere 5.90588e-05 0.00293179 0.00481473 0.000202354
3869 Sphere 0.00291838 0.00521272 0.000346788 0.000167767
3870 Sphere 0.0063868 0.00386951 0.00456416 0.000165765
3871 Sphere 0.00614446 0.000352304 0.00299824 0.000206516
3872 Sphere 0.00516385 0.00241476 0.00575477 0.000173131
3873 Sphere 0.00620717 0.00116912 0.00448907 0.000186465
3874 Sphere 0.00163746 0.00553188 0.00552903 0.000234751
3875 Sphere 0.00190799 0.00517805 0.000266325 0.000161653
3876 Sphere 0.000317632 0.00536237 0.00127261 0.000227532
3877 Sphere 5.05204e-05 0.00207392 0.00297056 0.000168004
3878 Sphere 0.00083001 0.00455786 0.00167321 0.000217326
3879 Sphere 0.00126939 0.00657443 0.00606663 0.000200298
3880 Sphere 0.00564059 0.00189409 0.00601559 0.000181954
3881 Sphere 0.000427533 0.0054674 0.00165167 0.000181763
3882 Sphere 0.00570242 0.00535764 5.26666e-05 0.000223816
3883 Sphere 0.00280358 0.00496084 0.00303048 0.000187882
3884 Sphere 0.00357017 0.000592822 0.00559178 0.000182518
3885 Sphere 0.00412921 0.00194808 0.00535503 0.000213386
3886 Sphere 0.00595737 0.00393899 0.00261885 0.000184898
3887 Sphere 0.00564624 0.00341787 0.00100683 0.000165956
3888 Sphere 0.00571351 0.0022796 0.0026797 0.000160283
3889 Sphere 0.00479391 0.00570973 0.000776813 0.000169615
3890 Sphere 0.00595449 0.000823345 0.00179867 0.000192567
3891 Sphere 0.000751348 0.000509505 4.52088e-05 0.000208266
3892 Sphere 0.00249958 0.000605155 0.00428368 0.00019411
3893 Sphere 0.00602746 0.00278649 0.00465814 0.000217086
3894 Sphere 0.00428355 0.00332068 0.00441221 0.000183177
3895 Sphere 0.00302886 0.0024972 0.00281718 0.000187543
3896 Sphere 0.00642849 0.00168106 0.00320491 0.000173567
3897 Sphere 0.00251867 0.00645594 0.00528197 0.000239059
3898 Sphere 0.00485053 0.000585381 0.00593133 0.000169572
3899 Sphere 0.00464914 0.000478176 0.00201976 0.000160301
3900 Sphere 0.000753876 0.00633812 0.000425967 0.000169918
3901 Sphere 0.00415893 0.00198671 0.00575926 0.000170402
3902 Sphere 0.00188848 0.00172453 0.000678123 0.000228894
3903 Sphere 0.00145865 0.00555519 0.000975725 0.000164428
3904 Sphere 0.00102687 0.00299611 0.00564359 0.000175095
3905 Sphere 0.00110026 0.000458465 0.00550483 0.000174177
3906 Sphere 0.00647152 1.90063e-05 0.00262352 0.00017454
3907 Sphere 0.00601628 0.00434346 0.00383492 0.000195842
3908 Sphere 0.00037838 0.00236002 0.000213939 0.000203078
3909 Sphere 0.00375966 0.00614786 0.00621266 0.000226957
3910 Sphere 0.00645742 0.0043398 0.00282427 0.000238611
3911 Sphere 0.00395644 0.00440821 0.00300793 0.000208824
3912 Sphere 0.00207681 0.00575782 0.000105255 0.000205069
3913 Sphere 0.00576651 0.00663256 0.00426114 0.00018
3914 Sphere 0.00620952 0.000306279 0.00378177 0.000219545
3915 Sphere 0.000176897 0.00306536 0.00329708 0.000226269
3916 Sphere 0.0057702 0.00603941 0.000529409 0.000227849
3917 Sphere 0.00409834 0.00493459 0.00498912 0.000189641
3918 Sphere 0.00049829 0.00179997 0.00160209 0.000190646
3919 Sphere 0.00209626 0.00347177 0.00151471 0.000236842
3920 Sphere 0.000892177 0.00463959 0.00296224 0.000182945
3921 Sphere 0.00347722 0.0015754 0.0049447 0.000210434
3922 Sphere 0.00230773 0.00524343 0.00336533 0.00016148
3923 Sphere 0.00227975 0.00667707 0.00612951 0.000181163
3924 Sphere 0.00566826 0.00535067 0.00586914 0.000205693
3925 Sphere 0.00615411 0.00545017 0.00587914 0.000193832
3926 Sphere 0.000896939 0.000802376 0.00481811 0.00018637
3927 Sphere 0.00482609 0.00439497 0.000886104 0.000180236
3928 Sphere 0.0019445 0.00104305 0.00134937 0.000189046
3929 Sphere 0.000130996 0.0059241 0.000373648 0.000190386
3930 Sphere 0.00314943 0.00576724 0.000443381 0.000213324
3931 Sphere 0.00571239 0.00210425 0.00357339 0.00017505
3932 Sphere 0.00489665 0.00200614 0.00614435 0.000187754
3933 Sphere 0.000751818 0.00665273 0.00437898 0.000232382
3934 Sphere 0.00573429 0.00413024 0.00616818 0.000178318
3935 Sphere 0.000138186 0.00631585 0.00520236 0.000201589
3936 Sphere 8.80229e-05 0.00455258 0.00136946 0.000222432
3937 Sphere 0.00436728 0.00425644 0.00497429 0.000175263
3938 Sphere 0.000402183 0.00377778 0.00397422 0.000187786
3939 Sphere 0.00268912 0.000931301 0.00502847 0.000197674
3940 Sphere 0.00268513 0.00198855 0.00248286 0.000162989
3941 Sphere 0.00650645 0.0018943 0.00360521 0.000188183
3942 Sphere 0.00129613 0.00307941 0.0036453 0.000170048
3943 Sphere 0.00517314 0.00417542 0.000892126 0.000227232
3944 Sphere 0.00562541 0.00587694 0.000915922 0.000216536
3945 Sphere 0.000599028 0.00625789 0.0057805 0.000175822
3946 Sphere 0.00582991 0.00403531 0.00312145 0.000230451
3947 Sphere 0.00440896 0.000857318 0.0033551 0.00019333
3948 Sphere 0.000384941 0.00666404 0.00455211 0.000171938
3949 Sphere 0.0010073 0.00431272 0.00251903 0.000192659
3950 Sphere 0.0043324 0.00379182 0.00195919 0.000217192
3951 Sphere 0.00379226 0.00300599 0.00483742 0.00023128
3952 Sphere 0.00558034 0.00610902 0.0044958 0.000161636
3953 Sphere 0.0014257 0.000985979 0.00597041 0.000226173
3954 Sphere 0.00620439 0.00389176 0.0011586 0.000223403
3955 Sphere 0.00374421 0.0062344 0.00275881 0.000172668
3956 Sphere 0.000455863 0.00509625 0.00100863 0.000172571
3957 Sphere 0.00104978 0.00127277 0.00219062 0.000211708
3958 Sphere 0.00533071 0.00266783 0.00437826 0.000189997
3959 Sphere 0.00517204 0.00626321 0.00111431 0.000225945
3960 Sphere 0.00662561 0.00254905 0.00206681 0.000178961
3961 Sphere 0.00183018 0.00178515 0.00108804 0.000189474
3962 Sphere 0.00430964 0.00224745 0.00458596 0.000226641
3963 Sphere 0.0063189 0.00189246 0.000876387 0.00020134
3964 Sphere 0.00253354 0.00105384 0.00550629 0.000200859
3965 Sphere 0.00373271 0.0063371 0.00136598 0.000179468
3966 Sphere 0.00546004 0.00174971 0.00573989 0.000164452
3967 Sphere 1.47423e-05 0.00308417 0.00290589 0.000180662
3968 Sphere 0.0041451 0.00276388 0.00315936 0.000202916
3969 Sphere 0.00380988 0.0021107 0.00517143 0.000189695
3970 Sphere 0.00457291 0.00537103 0.00594291 0.000177445
3971 Sphere 0.00197356 0.00393121 0.00529479 0.000171916
3972 Sphere 0.00487753 0.00657459 0.00370611 0.000205263
3973 Sphere 0.00527609 0.00242626 0.000924237 0.000170068
3974 Sphere 0.00420937 0.00307132 0.00116771 0.000176731
3975 Sphere 0.00296481 0.00170431 0.00249586 0.000222605
3976 Sphere 0.00265325 0.00380637 0.00322607 0.000161732
3977 Sphere 0.00637481 0.00317027 0.00277348 0.000174012
3978 Sphere 0.00373848 0.00247486 0.000715174 0.000231833
3979 Sphere 0.00025893 0.00654329 0.00619951 0.000199087
3980 Sphere 0.00401834 0.00599719 0.00024146 0.000190262
3981 Sphere 0.00576899 0.00487264 0.00159326 0.000192805
3982 Sphere 0.000268833 0.00258987 0.000963679 0.000170367
3983 Sphere 0.00427396 0.00386807 0.00486304 0.000179149
3984 Sphere 0.00385071 0.00611619 0.00418327 0.000190331
3985 Sphere 0.000271223 0.00595736 0.00505523 0.000208575
3986 Sphere 0.00156871 0.0046033 0.00160787 0.00018162
3987 Sphere 0.00138264 0.00120811 0.00323255 0.00019266
3988 Sphere 0.0031212 0.000820155 0.00387939 0.00017123
3989 Sphere 0.00201316 0.00284665 0.000705967 0.000206185
3990 Sphere 0.00505475 0.00435929 0.00370327 0.0001659
3991 Sphere 0.000452246 0.00341182 0.0038382 0.000206032
3992 Sphere 0.000933804 0.00599735 0.00330994 0.000169326
3993 Sphere 0.00387156 0.0046435 0.00211336 0.000200156
3994 Sphere 0.00634679 0.000963502 0.00478764 0.000194154
3995 Sphere 0.00394209 0.00120296 0.00161947 0.000178727
3996 Sphere 0.00338515 0.00192869 0.000133773 0.000175694
3997 Sphere 0.00287879 0.000913132 0.00366212 0.000168941
3998 Sphere 0.00139167 0.00418405 0.00538885 0.000218421
3999 Sphere 0.00546086 6.16724e-05 0.0045 0.000217691
4000 Sphere 0.00523127 0.0053499 0.00169777 0.000228766
4001 Sphere 0.00294009 0.000575611 0.00307325 0.000202609
4002 Sphere 0.00443765 0.00432372 7.58e-05 0.000204405
4003 Sphere 0.00472561 0.00446862 0.00500792 0.000233346
4004 Sphere 0.0034913 0.00658073 0.000476052 0.0001834
4005 Sphere 0.00620308 0.00627782 0.00382711 0.000182292
4006 Sphere 0.00194659 5.48356e-05 0.00585501 0.000160528
4007 Sphere 0.00443599 0.00121246 0.00302595 0.000174301
4008 Sphere 0.00576376 0.00014556 0.0056243 0.000216288
4009 Sphere 0.00302241 0.00648715 0.00476087 0.00017723
4010 Sphere 0.000267775 0.00555811 0.00250942 0.000206803
4011 Sphere 0.00543278 0.00494185 0.00126281 0.000189569
4012 Sphere 0.00470986 0.00471753 0.00469734 0.000163349
4013 Sphere 0.00543889 0.00364903 0.00450907 0.000164429
4014 Sphere 0.00645765 0.00616888 0.00035488 0.000177122
4015 Sphere 0.00618066 0.00212031 0.00267577 0.000179975
4016 Sphere 0.0046085 0.00628566 0.000656821 0.000162128
4017 Sphere 0.00594626 0.00389786 0.00565173 0.00022101
4018 Sphere 0.00338792 0.00218569 0.00214365 0.000209451
4019 Sphere 0.00255669 0.00454764 0.00198493 0.000192316
4020 Sphere 0.00281299 0.00588928 0.00532409 0.000194492
4021 Sphere 0.00470445 0.00478626 0.00553329 0.000161902
4022 Sphere 0.00449603 0.00328916 0.00104219 0.000205688
4023 Sphere 0.000672431 0.00326671 0.0049514 0.000227919
4024 Sphere 0.00250728 0.00534472 0.000952417 0.000160232
4025 Sphere 0.00430335 0.00562964 0.00204224 0.000189566
4026 Sphere 0.00648178 0.000152657 0.0044004 0.000181343
4027 Sphere 0.00143677 0.00403484 0.00468405 0.000194459
4028 Sphere 0.00430831 0.00229647 0.00243701 0.000171429
4029 Sphere 0.000608823 0.00580898 0.00603569 0.000220499
4030 Sphere 0.00459725 0.00415712 0.000710633 0.000169229
4031 Sphere 0.00651643 0.00540929 0.00569377 0.000215238
4032 Sphere 0.0032242 0.00359102 0.000915364 0.000185714
4033 Sphere 0.0048255 0.00137782 0.00550159 0.000188074
4034 Sphere 0.000566626 0.00123676 0.00329768 0.000198459
4035 Sphere 0.00457192 0.00118257 0.00614758 0.000194285
4036 Sphere 0.00382498 0.0015459 0.00395557 0.000163465
4037 Sphere 0.00252262 0.00514356 0.00600924 0.000166443
4038 Sphere 0.0012534 0.0026908 0.00547459 0.000228531
4039 Sphere 0.000224318 0.00456818 0.00432651 0.000177009
4040 Sphere 0.0001097 0.00280033 0.00521355 0.000188689
4041 Sphere 0.00539046 0.00608511 0.00546438 0.000169577
4042 Sphere 0.00383934 0.00572696 2.37782e-05 0.000183195
4043 Sphere 0.00188147 0.00446945 0.00172987 0.000180203
4044 Sphere 0.00334593 0.0020493 0.00105469 0.000186911
4045 Sphere 0.00125069 0.00503762 0.00212996 0.000200494
4046 Sphere 0.00247575 0.00249682 0.00259467 0.000197838
4047 Sphere 0.000417255 0.00334854 0.00100818 0.000166595
4048 Sphere 0.00514665 0.00241372 0.000292422 0.000231851
4049 Sphere 0.00367547 0.00627588 0.00384659 0.000192554
4050 Sphere 0.000660516 0.00567112 0.00531067 0.000203185
4051 Sphere 0.00618986 0.0017695 0.000243022 0.000160289
4052 Sphere 0.000607857 0.00483991 0.0050416 0.000218052
4053 Sphere 0.00570337 0.0017498 0.00223032 0.000181048
4054 Sphere 0.00655724 0.00101347 0.00272362 0.00016986
4055 Sphere 0.000117345 0.00629682 0.00433637 0.000175514
4056 Sphere 0.00647729 0.00150205 0.00180879 0.000198748
4057 Sphere 0.00433671 0.00118143 0.00215114 0.000167652
4058 Sphere 0.00198894 0.0050052 0.00281239 0.000197649
4059 Sphere 0.00637058 0.000811359 0.000652604 0.000160507
4060 Sphere 0.00441865 0.00628011 0.00245143 0.000230364
4061 Sphere 0.00573214 0.00164005 0.00622496 0.000160213
4062 Sphere 0.0020778 0.00158118 0.0018768 0.000227525
4063 Sphere 0.00313263 0.00607998 0.00524575 0.000182069
4064 Sphere 0.00246468 0.00606566 0.00538459 0.000166894
4065 Sphere 0.00217277 0.000779749 0.00417229 0.000167873
4066 Sphere 0.000866761 0.00294683 0.00335723 0.000237424
4067 Sphere 0.00498074 0.00495012 0.00455378 0.000219847
4068 Sphere 0.00464724 0.00670882 0.00472755 0.000162713
4069 Sphere 0.00385132 0.00502905 0.00178314 0.000202352
4070 Sphere 0.00148859 0.00122218 0.00492121 0.000197159
4071 Sphere 0.00123529 0.0018402 0.00155279 0.000184571
4072 Sphere 0.000153741 0.0026596 0.00385107 0.000163942
4073 Sphere 0.00412837 0.00181062 0.00359105 0.00017777
4074 Sphere 0.00588587 0.00432646 0.000967736 0.000169729
4075 Sphere 0.00651177 0.00198282 0.00271267 0.000181031
4076 Sphere 0.00053396 0.00578618 0.00450272 0.000213221
4077 Sphere 0.00283902 0.0046 0.000213427 0.000210839
4078 Sphere 0.00496519 0.00221958 0.000723471 0.000175544
4079 Sphere 0.00665616 0.000281373 0.00283105 0.000207988
4080 Sphere 0.00497686 0.00433144 0.00206932 0.000198934
4081 Sphere 0.0056756 0.002149 0.00190329 0.000229943
4082 Sphere 0.00189212 0.0025432 0.0046422 0.000177291
4083 Sphere 0.00149389 0.00028297 0.00578138 0.000210956
4084 Sphere 0.0034096 0.00387597 0.00481738 0.000180206
4085 Sphere 0.00060596 0.00578996 0.000779076 0.000205876
4086 Sphere 0.00382081 0.0057377 0.000483138 0.000217535
4087 Sphere 0.00598659 0.00350638 0.0039696 0.000171265
4088 Sphere 0.0030814 0.00559457 0.0037918 0.000172532
4089 Sphere 8.32922e-05 0.00379831 0.000655845 0.000187971
4090 Sphere 0.00338057 0.00296013 0.00514014 0.0002277
4091 Sphere 0.00604112 0.000717262 0.00387436 0.000234496
4092 Sphere 0.00169709 0.0057353 0.001975 0.000194307
4093 Sphere 0.00618386 0.00196002 0.00376249 0.000176987
4094 Sphere 0.00585909 0.000713748 0.005471 0.000170917
4095 Sphere 0.00190207 0.00240462 0.0041501 0.000184851
4096 Sphere 0.0059492 0.00406533 0.00523575 0.000227973
4097 Sphere 0.00214464 0.00457752 0.00379598 0.000218864
4098 Sphere 0.00400544 0.00478418 0.00147965 0.000217273
4099 Sphere 0.00410033 0.00110516 0.00288864 0.000204884
4100 Sphere 0.00655165 0.00210191 0.00621274 0.000189327
4101 Sphere 0.00588131 0.00646113 0.00279796 0.000164576
4102 Sphere 0.00237695 0.00221818 0.000702542 0.000196441
4103 Sphere 0.00470403 9.62507e-05 0.00326878 0.000216792
4104 Sphere 0.00237438 0.00589819 0.00616815 0.000179636
4105 Sphere 0.00341977 0.00151228 0.000741051 0.000217249
4106 Sphere 0.00132464 0.00587842 0.00381554 0.000207371
4107 Sphere 0.00548821 0.00108351 0.0050166 0.0002198
4108 Sphere 0.00348551 0.00357136 0.00543296 0.000198052
4109 Sphere 0.00649026 0.000865709 5.60563e-06 0.000178925
4110 Sphere 0.00252204 0.00400637 0.00479224 0.000176742
4111 Sphere 0.00642253 0.00540028 0.00324456 0.000212771
4112 Sphere 0.00158614 0.00301667 0.00427175 0.000223104
4113 Sphere 0.00166553 0.00064082 0.00576327 0.000175563
4114 Sphere 0.00473725 0.00322408 0.0029991 0.000165705
4115 Sphere 0.000263139 0.00123012 0.00465841 0.000160719
4116 Sphere 0.00606248 0.00329503 0.000548913 0.00016444
4117 Sphere 0.00320845 0.00442082 0.00285152 0.000173005
4118 Sphere 0.00523394 0.0061753 0.00230469 0.000200157
4119 Sphere 0.00148919 0.00552221 0.00304381 0.00022001
4120 Sphere 0.00661152 0.00456713 0.00404047 0.000161195
4121 Sphere 0.0032042 0.00320101 0.00111424 0.0001637
4122 Sphere 0.000621643 0.00253203 0.0058255 0.000188636
4123 Sphere 0.0030416 0.00506413 0.000719027 0.000182353
4124 Sphere 0.0060319 0.000211047 0.00063944 0.000194961
4125 Sphere 0.00569448 0.00482459 0.00199692 0.000221714
4126 Sphere 0.000906309 0.00225958 0.00599209 0.000190256
4127 Sphere 0.00314705 0.000751223 0.00256058 0.000171156
4128 Sphere 0.001593 0.0023198 0.00473316 0.000207369
4129 Sphere 0.00147903 0.00344072 0.00404556 0.000207104
4130 Sphere 0.0024649 0.00437689 0.0030196 0.000222151
4131 Sphere 0.00347693 0.000562656 0.00239896 0.000195919
4132 Sphere 0.00225155 0.00363902 0.000380188 0.000196037
4133 Sphere 0.00533281 0.00335895 0.0057913 0.000204842
4134 Sphere 0.00654052 0.00274027 0.00404379 0.000193743
4135 Sphere 0.00138391 0.00192918 0.0058377 0.000204966
4136 Sphere 0.00478771 0.00606716 0.00170685 0.000189839
4137 Sphere 0.0065304 0.00658186 0.00392046 0.000201792
4138 Sphere 0.00644779 0.00380763 0.00358939 0.000174749
4139 Sphere 0.00646753 0.00658037 0.00579237 0.000184086
4140 Sphere 0.00651527 0.00288444 0.00255889 0.000210341
4141 Sphere 0.00352764 0.003254 0.000549654 0.000179104
4142 Sphere 0.00451971 0.00525012 0.00556092 0.000228298
4143 Sphere 0.000321351 0.00248202 0.00295847 0.000164597
4144 Sphere 0.00269112 0.0039729 0.000694402 0.000160015
4145 Sphere 0.000623994 0.00112295 0.00181672 0.000202021
4146 Sphere 0.00117193 0.00624645 0.00326368 0.000179273
4147 Sphere 0.000482901 0.00265866 0.00245072 0.000170755
4148 Sphere 0.0056024 0.000140169 0.00331908 0.000200209
4149 Sphere 0.000745839 0.00169696 0.00340395 0.000200706
4150 Sphere 0.00241448 0.000728938 0.00487826 0.000175295
4151 Sphere 0.00440266 0.00274324 0.00241388 0.000168773
4152 Sphere 0.00452582 0.00393178 0.000121856 0.000178475
4153 Sphere 0.00261565 0.000646688 0.00184295 0.000164001
4154 Sphere 0.0026821 0.00414044 0.00550313 0.000173113
4155 Sphere 0.0032731 0.00259079 0.00366929 0.000160109
4156 Sphere 0.00613843 0.000978933 0.00621946 0.000173697
4157 Sphere 0.000345889 0.00624985 0.000308188 0.000182147
4158 Sphere 0.000831021 0.00177023 0.00480104 0.000229617
4159 Sphere 0.00387577 0.00136818 0.00497299 0.000231188
4160 Sphere 0.00139995 0.00340284 0.001975 0.000167969
4161 Sphere 0.00186956 0.00613474 0.00309855 0.000220107
4162 Sphere 0.00519124 0.00374423 0.0042155 0.000207356
4163 Sphere 0.00477812 0.00279855 0.00219057 0.00020556
4164 Sphere 0.00268336 0.00584629 0.00144987 0.000186221
4165 Sphere 0.00623773 0.000649909 0.00235265 0.000177359
4166 Sphere 0.00581081 0.00135556 0.00176317 0.000184464
4167 Sphere 0.00174323 0.00617165 0.00556566 0.000210999
4168 Sphere 0.00608915 0.00336285 0.00560176 0.000194328
4169 Sphere 0.00557023 0.00287951 0.00455869 0.000177143
4170 Sphere 0.003193 0.00326033 0.000725166 0.000199091
4171 Sphere 0.00121884 0.00135758 0.00261708 0.000189897
4172 Sphere 0.00449266 0.00636397 0.00459448 0.000197527
4173 Sphere 0.00660932 0.00596182 0.00160826 0.000167439
4174 Sphere 0.00396919 0.00408758 0.00127074 0.000236893
4175 Sphere 9.00863e-05 0.00396447 0.00378687 0.000221355
4176 Sphere 0.000590262 0.00611085 0.00243347 0.000201016
4177 Sphere 0.00473038 0.00378436 0.00424792 0.000177811
4178 Sphere 0.0041447 0.00280065 0.00408235 0.000160222
4179 Sphere 0.00370335 0.0046091 0.00363219 0.000174396
4180 Sphere 0.00305725 0.00214015 0.00539744 0.000169723
4181 Sphere 6.40445e-05 0.00521707 0.00423433 0.000184575
4182 Sphere 0.00383225 0.00268146 0.00505578 0.000161797
4183 Sphere 0.00124295 0.00573062 0.00272228 0.000237529
4184 Sphere 0.0034031 0.00341331 0.00265451 0.000184289
4185 Sphere 0.00530427 0.0035133 0.00485762 0.0001754
4186 Sphere 0.000521831 0.00372388 0.000757362 0.000179327
4187 Sphere 0.00289072 0.00464379 0.000627268 0.000168076
4188 Sphere 0.00259731 0.00370639 0.00573176 0.000163363
4189 Sphere 0.00574035 0.00524099 0.00161214 0.000177978
4190 Sphere 0.00326222 0.0038286 6.87196e-05 0.000162235
4191 Sphere 0.00015153 0.000492316 0.00103647 0.000184605
4192 Sphere 0.00525253 9.41246e-05 0.00514877 0.000173736
4193 Sphere 0.00244737 0.000216607 0.00535695 0.000179866
4194 Sphere 0.000135007 0.00375497 0.00512147 0.000235118
4195 Sphere 0.00391564 0.00423441 0.000115818 0.000195501
4196 Sphere 0.00227457 0.00045492 0.00554879 0.000165145
4197 Sphere 0.003975 0.00167686 0.00473044 0.000164001
4198 Sphere 0.00319628 0.00321121 0.00242069 0.000188287
4199 Sphere 0.00396568 0.00559653 0.00229628 0.00023484
4200 Sphere 0.00347126 0.00444888 0.00616371 0.000164406
4201 Sphere 0.00493659 0.00647779 0.00589392 0.0001749
4202 Sphere 0.00271965 0.00439851 0.00423073 0.000162287
4203 Sphere 0.00189562 0.000950149 0.00486976 0.000231863
4204 Sphere 0.00448004 0.00088414 0.002882 0.000187409
4205 Sphere 0.00322834 0.00498235 0.00587628 0.000169061
4206 Sphere 0.00247318 0.00581472 0.00507957 0.000229576
4207 Sphere 0.00245998 0.00400283 0.00348097 0.000214931
4208 Sphere 0.00267251 0.00160175 0.00493813 0.000172137
4209 Sphere 0.00316715 1.237e-05 0.00621979 0.000170102
4210 Sphere 0.00337645 0.00286102 0.00266784 0.000165079
4211 Sphere 0.00140756 0.0061109 0.00510004 0.00016269
4212 Sphere 0.00469186 0.00668741 0.00417561 0.000197666
4213 Sphere 0.00475543 0.00153222 0.00455388 0.000172459
4214 Sphere 0.00216983 0.00125435 0.0030963 0.000169425
4215 Sphere 0.0025431 0.00411225 0.00272448 0.00018271
4216 Sphere 0.00664564 0.00333275 0.000807655 0.000191114
4217 Sphere 0.0035762 0.000214657 0.00295782 0.00023834
4218 Sphere 0.00167936 0.00569944 0.00427029 0.000212936
4219 Sphere 0.00372207 0.00605296 0.00198857 0.000223843
4220 Sphere 0.00242855 0.000581648 0.0058249 0.000176415
4221 Sphere 0.00552823 0.000731361 0.00407306 0.000174811
4222 Sphere 0.000244518 0.00204259 5.74576e-05 0.000175711
4223 Sphere 0.00539463 0.000689201 0.0050466 0.000163365
4224 Sphere 0.00592006 0.000374804 0.00328594 0.000160907
4225 Sphere 0.00235923 0.00627003 0.000868438 0.000203676
4226 Sphere 0.00212537 0.00270477 0.000157493 0.000165148
4227 Sphere 0.00477549 0.0025622 0.00408379 0.000183959
4228 Sphere 0.00623832 0.00338744 0.00510226 0.000189355
4229 Sphere 0.00528381 0.00340973 0.000461396 0.000212261
4230 Sphere 0.000386891 0.00238918 0.00558357 0.000178362
4231 Sphere 0.00628483 0.00107474 0.00562872 0.000180934
4232 Sphere 0.000845251 0.000117106 0.00185616 0.000199668
4233 Sphere 0.00578482 3.59497e-07 0.0016885 0.000169712
4234 Sphere 0.000826464 0.00248217 0.00253755 0.000204083
4235 Sphere 0.00268837 0.00479733 0.00421518 0.00023953
4236 Sphere 0.00438003 0.000553526 0.00487594 0.00019443
4237 Sphere 0.00568355 0.00346647 0.00473275 0.000201396
4238 Sphere 0.00582562 0.00523613 0.00321906 0.000178886
4239 Sphere 0.00653803 0.00431144 0.00240495 0.000173432
4240 Sphere 0.00455449 0.00445282 0.00282666 0.000186303
4241 Sphere 0.00499672 0.00635855 0.0052574 0.00018176
4242 Sphere 0.000287404 0.000900592 0.000364382 0.000206837
4243 Sphere 0.00441231 0.00420889 0.0018635 0.000203664
4244 Sphere 0.00275993 0.000239006 0.00109147 0.000215086
4245 Sphere 0.00429747 0.00407698 0.00225425 0.000172646
4246 Sphere 0.00414625 0.0021114 0.00209503 0.000196188
4247 Sphere 0.00369532 0.000521144 0.00271205 0.000163002
4248 Sphere 0.00388079 0.00665572 0.00329668 0.000170169
4249 Sphere 6.1062e-05 0.0056076 0.00369685 0.000162345
4250 Sphere 0.00436911 0.00252771 0.00580257 0.000170046
4251 Sphere 0.00342984 0.00601377 0.000222424 0.000221144
4252 Sphere 0.00547542 0.000469798 0.00151175 0.000185889
4253 Sphere 0.00458258 0.0010301 0.00485146 0.000177636
4254 Sphere 0.00274396 0.00118065 0.00610683 0.000192561
4255 Sphere 0.00596549 0.00519203 0.000832529 0.000197185
4256 Sphere 0.00168853 0.000542403 0.00375904 0.000170501
4257 Sphere 0.00654452 0.00295455 0.00441876 0.000238608
4258 Sphere 0.00546758 0.00057594 0.00466763 0.000182123
4259 Sphere 0.0045086 0.00338772 0.00245551 0.000200105
4260 Sphere 0.00662386 0.000276809 0.00043756 0.000171137
4261 Sphere 0.00584459 0.00521025 0.000466772 0.000161821
4262 Sphere 0.00579248 0.0030856 0.00478553 0.000178311
4263 Sphere 0.00295734 0.00510101 0.00542316 0.000168768
4264 Sphere 0.00166364 0.0023036 0.00336235 0.000188668
4265 Sphere 0.0030941 0.00206302 0.00236772 0.000180211
4266 Sphere 0.00524764 0.000261696 0.000243532 0.000207685
4267 Sphere 0.00393313 0.00371678 0.00486502 0.000160509
4268 Sphere 0.00494462 0.00289399 0.00132119 0.000168566
4269 Sphere 0.00289158 0.0062566 0.00454216 0.000167023
4270 Sphere 0.00135498 0.00572871 0.00528488 0.000187612
4271 Sphere 0.000246198 0.000327213 0.00143885 0.000182995
4272 Sphere 0.00108291 0.00654933 0.00130138 0.000166573
4273 Sphere 0.00180305 0.00378152 0.00614379 0.000160418
4274 Sphere 0.00286958 0.00386196 0.00225395 0.000174022
4275 Sphere 0.00577692 0.00132283 0.00616962 0.000165104
4276 Sphere 0.00643604 0.00366853 0.00496057 0.000183392
4277 Sphere 0.00240193 0.00274726 0.00446565 0.000221881
4278 Sphere 0.00473016 0.00491315 0.00166774 0.000163456
4279 Sphere 0.00601457 0.00282225 0.000298365 0.000175938
4280 Sphere 0.00428295 9.57229e-05 0.00564305 0.000170559
4281 Sphere 0.00317825 0.0018063 0.0054818 0.000167825
4282 Sphere 0.00542342 0.00115835 0.00545793 0.000235736
4283 Sphere 0.00582282 0.00279979 0.00499274 0.00017659
4284 Sphere 0.00505849 0.0018049 0.00195757 0.000172387
4285 Sphere 0.00560332 0.00554824 0.00336272 0.000230611
4286 Sphere 0.00412346 0.000813201 0.0026455 0.000177886
4287 Sphere 0.00116102 0.00402185 0.00580479 0.000208358
4288 Sphere 0.00175314 0.000964558 0.00307213 0.000212236
4289 Sphere 0.00199779 0.00555447 0.00522429 0.000221355
4290 Sphere 0.00583885 0.006049 0.0028833 0.00018184
4291 Sphere 0.00667361 0.00280761 0.000964011 0.000178115
4292 Sphere 0.00190347 0.00475672 0.00606117 0.000165366
4293 Sphere 0.0059284 0.00136302 0.000600226 0.000183823
4294 Sphere 0.0046732 0.00634484 0.00147623 0.000181977
4295 Sphere 0.000305272 0.00463831 0.00489506 0.000173991
4296 Sphere 0.00459146 0.00451434 0.00165708 0.000206418
4297 Sphere 0.00625907 0.00618425 0.00418795 0.000196913
4298 Sphere 0.00248919 0.00332452 0.000408335 0.000199663
4299 Sphere 0.00263259 0.00490586 0.00376664 0.000227565
4300 Sphere 0.00193415 0.00136795 0.00150835 0.000172896
4301 Sphere 0.00280696 0.00421686 0.00154812 0.000213673
4302 Sphere 0.000759129 0.00520314 0.00357442 0.000215557
4303 Sphere 0.00531168 0.00474541 0.00496839 0.000232941
4304 Sphere 0.00331263 0.000535961 0.00497367 0.000220828
4305 Sphere 0.0034137 0.00348703 0.0043998 0.000160224
4306 Sphere 0.00328471 0.00595001 0.00082393 0.000231235
4307 Sphere 0.00250134 0.00313479 0.00134166 0.000168322
4308 Sphere 0.00307334 0.0056525 0.00195137 0.000190896
4309 Sphere 0.00112321 0.00289769 0.00599199 0.000185722
4310 Sphere 0.00136683 0.00209018 0.000252126 0.00017462
4311 Sphere 0.00202011 0.00568027 0.0013179 0.000163159
4312 Sphere 0.00499825 0.00350662 0.00239081 0.000162815
4313 Sphere 0.00379921 0.000409115 0.00130238 0.000212488
4314 Sphere 0.00490806 0.00104305 0.00217229 0.000166855
4315 Sphere 0.00329344 0.00315429 0.000290218 0.000185603
4316 Sphere 0.00199247 0.00194536 0.00247965 0.000176675
4317 Sphere 0.00224444 0.00355954 0.0022527 0.000183154
4318 Sphere 0.00357866 0.00552966 0.00542548 0.000212859
4319 Sphere 0.00301935 0.000873851 0.00485334 0.00018061
4320 Sphere 0.00299112 0.00378916 0.00328885 0.000182636
4321 Sphere 0.000449118 0.00104969 0.00150619 0.000163088
4322 Sphere 0.00595916 0.00532611 0.00412258 0.000181764
4323 Sphere 0.00387649 0.00444111 0.00245361 0.000196251
4324 Sphere 0.00157208 0.0046244 0.00303504 0.000190578
4325 Sphere 0.00484084 0.000172641 0.000244672 0.000188502
4326 Sphere 0.000304404 0.0061877 0.00222443 0.000162417
4327 Sphere 0.00426575 0.00346252 0.00564 0.000185842
4328 Sphere 0.0027719 0.00283009 0.00434252 0.000176987
4329 Sphere 0.00353871 0.000916542 0.00236101 0.000166583
4330 Sphere 0.00525157 0.00156206 0.00590157 0.000160491
4331 Sphere 0.00114557 0.00423133 0.00476519 0.000166577
4332 Sphere 0.00638239 0.0024386 0.00050612 0.000173355
4333 Sphere 0.000681809 0.000400354 0.00448194 0.000201968
4334 Sphere 0.00612074 0.000470156 0.00188192 0.000206754
4335 Sphere 6.9527e-05 0.00174541 0.00303326 0.000167198
4336 Sphere 0.00199607 0.00236512 0.00570727 0.000163292
4337 Sphere 0.000415655 0.0061949 0.00125666 0.00019173
4338 Sphere 0.00155009 0.0062438 0.00243584 0.000173997
4339 Sphere 0.00500524 0.000446578 0.00185985 0.00023357
4340 Sphere 0.00570411 0.00064925 0.00328242 0.000189847
4341 Sphere 0.000516125 0.006257 0.00405344 0.000171346
4342 Sphere 0.00269011 0.00382543 0.00503327 0.000168996
4343 Sphere 0.00186669 0.00348994 0.00284433 0.000203088
4344 Sphere 0.00513118 0.00589467 0.00162509 0.000203259
4345 Sphere 0.00454848 0.000785282 0.00423999 0.00017569
4346 Sphere 0.00195598 0.00243398 0.00603127 0.000172078
4347 Sphere 0.00601459 0.00291116 0.00191452 0.00018277
4348 Sphere 0.00339289 0.00355486 0.0003136 0.0002285
4349 Sphere 0.000917543 0.000405215 0.00161615 0.000182836
4350 Sphere 0.00618978 0.00235513 0.00130118 0.000171464
4351 Sphere 0.00125505 0.00579063 0.00493698 0.000179746
4352 Sphere 0.00117338 0.0012155 0.00354659 0.000164212
4353 Sphere 0.00356354 0.00177091 0.000993611 0.000172399
4354 Sphere 0.00429159 0.00498037 0.00313124 0.000197577
4355 Sphere 0.00538708 0.00379173 0.00219585 0.000166879
4356 Sphere 0.00655695 0.00231433 0.00281328 0.000166432
4357 Sphere 0.00556819 0.00200008 0.00136382 0.000166041
4358 Sphere 0.00275099 0.00161975 0.00181674 0.00016086
4359 Sphere 0.00305107 0.00370011 0.00442606 0.000206723
4360 Sphere 0.000429138 0.00360259 0.000401284 0.000167425
4361 Sphere 0.00472127 0.00302532 0.00189501 0.00017227
4362 Sphere 0.00232734 0.00393634 0.000586732 0.00017572
4363 Sphere 0.00331979 0.000622248 0.00184038 0.000176025
4364 Sphere 0.00227886 0.000129136 0.00123326 0.00019919
4365 Sphere 0.00350621 0.00579705 0.00466045 0.000190755
4366 Sphere 0.00274142 0.00375982 0.0035805 0.000161538
4367 Sphere 0.000447149 0.00217407 0.0031227 0.000207706
4368 Sphere 0.000598886 0.000500068 0.000407048 0.000184746
4369 Sphere 0.00187921 0.00588868 0.00280874 0.000160434
4370 Sphere 0.00525858 0.000731475 0.00534636 0.00016946
4371 Sphere 0.00495282 0.000140704 0.00588542 0.000203236
4372 Sphere 0.00578516 0.00362414 0.00310287 0.00018427
4373 Sphere 0.00430845 0.000616225 0.00216563 0.000160067
4374 Sphere 0.00428934 0.00623088 0.00497152 0.000191645
4375 Sphere 0.00447709 0.00149684 0.00401204 0.000180982
4376 Sphere 0.00424092 0.00415475 0.00290033 0.000187677
4377 Sphere 0.00174719 0.00590339 0.00247301 0.000200837
4378 Sphere 0.000212919 0.00143057 0.000236564 0.000191225
4379 Sphere 0.00592831 0.00464209 0.00225321 0.000173199
4380 Sphere 0.00530203 0.00548172 0.0036355 0.00018227
4381 Sphere 0.00506468 0.00662391 0.00223372 0.000170095
4382 Sphere 0.000753846 0.00537788 0.00473173 0.000206226
4383 Sphere 0.00371578 0.00517729 0.00248605 0.000210661
4384 Sphere 0.000497704 0.000151597 0.00611964 0.000213138
4385 Sphere 0.00637512 0.00442867 0.00604057 0.000212919
4386 Sphere 0.00546603 0.00248343 0.00289781 0.000181308
4387 Sphere 0.000740126 0.0039477 0.00420583 0.000199208
4388 Sphere 0.00431209 0.00304046 0.000807565 0.000183787
4389 Sphere 0.00464924 0.00480489 0.00387242 0.000196054
4390 Sphere 0.0062745 0.000682328 0.00272573 0.000201407
4391 Sphere 1.52317e-05 0.00629768 0.00362368 0.000237174
4392 Sphere 0.00250039 0.000959087 0.00197692 0.000194993
4393 Sphere 0.00217626 0.00068267 0.00137566 0.000165837
4394 Sphere 0.00182004 0.00270065 0.00392231 0.000198302
4395 Sphere 0.00272264 0.00448263 0.00530336 0.000200317
4396 Sphere 0.00405075 0.00232122 0.00165455 0.000188028
4397 Sphere 0.00662154 0.00648439 0.000299942 0.00018206
4398 Sphere 0.00511699 0.00248189 0.00372411 0.00023199
4399 Sphere 0.000676758 0.00165747 0.00278455 0.000162914
4400 Sphere 0.00319131 0.00133531 0.00373322 0.000194213
4401 Sphere 0.00647389 0.00432421 0.000576256 0.000178624
4402 Sphere 0.00614565 0.000648308 0.00606569 0.000191685
4403 Sphere 0.00465588 0.00666152 0.00611953 0.000190357
4404 Sphere 0.000252202 0.000209892 0.00395802 0.000201778
4405 Sphere 0.0065184 0.00424723 0.00171013 0.00017697
4406 Sphere 0.000242444 0.000458481 0.00226173 0.000176794
4407 Sphere 0.00626246 0.00365437 0.000515247 0.000180674
4408 Sphere 0.00288757 0.000966529 0.00179123 0.00023628
4409 Sphere 0.00375468 0.000256351 0.00579394 0.000169938
4410 Sphere 0.00518455 0.00381959 0.000501876 0.000211954
4411 Sphere 0.00088376 0.00435609 0.00461272 0.000162052
4412 Sphere 0.00226111 0.00313352 0.00370503 0.000168112
4413 Sphere 0.00412664 0.000597422 0.00120639 0.000175883
4414 Sphere 0.00208075 0.0005062 0.000124921 0.00019973
4415 Sphere 0.00425902 0.00279485 0.0027163 0.000170156
4416 Sphere 0.00645774 0.00153953 0.000200873 0.000164445
4417 Sphere 0.00647103 0.00521804 0.00468082 0.000172916
4418 Sphere 0.0046021 0.00374613 0.00250282 0.00017375
4419 Sphere 0.00348801 0.00516088 0.00573671 0.000175653
4420 Sphere 0.00257251 0.00231547 0.00202157 0.000234586
4421 Sphere 0.00446095 0.00241995 0.000273903 0.000192741
4422 Sphere 0.00622618 0.00183152 0.00292367 0.000205062
4423 Sphere 0.00238629 0.00081548 0.000767245 0.000187582
4424 Sphere 0.00320643 0.00328375 0.00295989 0.000180687
4425 Sphere 0.00162705 0.00288346 0.00539229 0.000196161
4426 Sphere 0.000207996 0.00497653 0.00614325 0.000187701
4427 Sphere 0.000903254 0.00401784 0.00484418 0.000165994
4428 Sphere 0.00171713 0.00317856 0.00266888 0.000184617
4429 Sphere 0.00442642 0.00470791 0.00489165 0.000166115
4430 Sphere 0.00145913 0.00560338 0.00239808 0.000172646
4431 Sphere 0.0012881 0.00226984 0.00342453 0.000178961
4432 Sphere 0.00458953 0.00161902 0.00296297 0.00022911
4433 Sphere 0.00629078 0.00493694 0.0027515 0.000194282
4434 Sphere 0.00184694 0.0043542 0.000473292 0.000194781
4435 Sphere 0.00251291 0.00641231 0.00568268 0.000167126
4436 Sphere 0.000139711 0.00150416 0.00580663 0.000230445
4437 Sphere 0.000955776 0.00299906 0.00484733 0.000163411
4438 Sphere 0.000695499 0.00119811 0.00292646 0.000196765
4439 Sphere 0.00598864 0.00244209 0.000956037 0.00023733
4440 Sphere 0.00588544 0.00471848 0.00576238 0.000192729
4441 Sphere 0.00291187 0.00432797 0.00269898 0.000173898
4442 Sphere 0.000272709 0.00477516 0.00106035 0.000201495
4443 Sphere 0.00135101 0.00495751 0.00148844 0.000195085
4444 Sphere 0.00186202 0.00633575 0.00488481 0.000226011
4445 Sphere 0.00434065 0.00455202 0.00522553 0.000213695
4446 Sphere 0.00628564 0.000705965 0.00164887 0.000164123
4447 Sphere 0.00385876 0.00312027 0.00621185 0.000187588
4448 Sphere 0.00105461 0.00384681 0.00541663 0.000231809
4449 Sphere 0.000100559 0.00323 0.000416572 0.000204061
4450 Sphere 0.00655009 0.000108471 8.26946e-05 0.000230748
4451 Sphere 0.00655927 0.00151931 0.00482351 0.000174172
4452 Sphere 0.00215422 0.00418718 0.00367724 0.000189001
4453 Sphere 0.00249995 0.00613758 0.00151166 0.000162475
4454 Sphere 0.00434323 0.0021884 0.00180059 0.000165369
4455 Sphere 0.00525595 0.00100822 0.00395835 0.000230753
4456 Sphere 0.00282182 0.00231867 0.00516858 0.000183012
4457 Sphere 0.00272095 0.00483237 0.00503756 0.000239183
4458 Sphere 0.00354303 0.00121929 0.00252829 0.000180775
4459 Sphere 0.00303442 0.00557173 0.00325416 0.00018604
4460 Sphere 0.00576083 0.00613701 0.00480453 0.000197451
4461 Sphere 0.000787732 0.00173512 0.00222373 0.000174063
4462 Sphere 0.0013659 0.00638569 0.00486511 0.000201309
4463 Sphere 0.00426514 0.00405621 0.000700365 0.000160001
4464 Sphere 0.00345269 0.00529703 0.000939535 0.000162816
4465 Sphere 0.00326945 0.000318999 0.00434138 0.000170444
4466 Sphere 0.000109321 0.00334453 0.00261794 0.000177853
4467 Sphere 0.00297091 0.00343581 0.00170566 0.000186634
4468 Sphere 0.0059464 0.00445354 0.00608247 0.00022042
4469 Sphere 0.0030043 0.000987439 0.00100562 0.000194826
4470 Sphere 0.000327244 0.00610895 0.00187783 0.000194269
4471 Sphere 0.000921507 0.00178815 0.000419542 0.000216721
4472 Sphere 0.00246823 0.00516112 0.00447328 0.00020556
4473 Sphere 0.00140441 0.00236393 0.00306217 0.000213617
4474 Sphere 0.00631454 0.00405855 0.00551721 0.000202992
4475 Sphere 0.000841402 0.00425261 0.00584831 0.000186103
4476 Sphere 0.00185634 0.00309208 0.000436546 0.000191045
4477 Sphere 0.00506043 0.00653105 0.00191274 0.00016486
4478 Sphere 0.00424845 0.00608971 0.00431567 0.000181313
4479 Sphere 0.00473466 0.00198758 0.00514365 0.000188196
4480 Sphere 0.000416479 0.0017763 0.0031178 0.000191544
4481 Sphere 0.00492062 0.00591528 0.00203825 0.000193792
4482 Sphere 0.00357009 0.00104428 0.00340525 0.000233498
4483 Sphere 0.00249931 0.00529141 0.00375376 0.000180631
4484 Sphere 0.000703187 0.0020646 0.00236209 0.000194312
4485 Sphere 0.00129089 0.00163106 0.00519375 0.000166405
4486 Sphere 0.00332572 0.000113593 0.00026066 0.000186885
4487 Sphere 0.00448377 0.00379808 0.000507766 0.000215079
4488 Sphere 0.00405983 0.000488324 0.000878196 0.000174817
4489 Sphere 0.00273732 0.0040161 0.00299354 0.000163158
4490 Sphere 0.00247114 0.00291454 0.00189504 0.000163916
4491 Sphere 0.00646212 0.00419516 0.00463463 0.000176382
4492 Sphere 0.00189999 0.00321976 0.00313108 0.000193227
4493 Sphere 0.00552519 0.00406661 0.00178755 0.000217431
4494 Sphere 0.000121228 0.00519234 0.00172408 0.000235506
4495 Sphere 0.00628494 0.00436101 0.00332299 0.000168541
4496 Sphere 0.00356884 0.00245234 0.00445159 0.000186059
4497 Sphere 0.0033755 0.000192449 0.000635779 0.000194511
4498 Sphere 0.00156438 0.00338061 0.00446284 0.000189967
4499 Sphere 0.00120758 0.00303635 0.00401115 0.000209048
4500 Sphere 0.00147034 0.00427338 0.000268592 0.000232805
4501 Sphere 0.00606122 0.00152506 0.00264058 0.000182782
4502 Sphere 6.48652e-05 0.000505681 0.00418166 0.000214647
4503 Sphere 0.00229941 0.00434434 0.00338062 0.000176595
4504 Sphere 0.00237182 0.000297381 0.000332217 0.000214642
4505 Sphere 0.00157211 0.000321771 0.0041324 0.000171758
4506 Sphere 0.00326531 0.00663115 0.00192355 0.000205319
4507 Sphere 0.00392234 0.00132783 0.000163161 0.000216831
4508 Sphere 0.00327315 0.00531541 0.0039202 0.000188918
4509 Sphere 0.00312348 0.0060113 0.00401542 0.000185772
4510 Sphere 0.00143353 0.00670275 0.00173061 0.000174127
4511 Sphere 0.00487712 0.0059802 0.00132711 0.000199182
4512 Sphere 0.0011783 0.00238083 0.00274928 0.000174485
4513 Sphere 0.00355341 0.00121884 0.000181018 0.000165945
4514 Sphere 0.00537973 0.000468861 0.00346652 0.00022467
4515 Sphere 0.0043515 0.00122006 0.00501741 0.000166508
4516 Sphere 0.00666659 0.000427222 0.00490674 0.00017219
4517 Sphere 0.00222447 0.00508058 0.00478427 0.000197632
4518 Sphere 0.0047729 0.00215487 0.00352676 0.00020411
4519 Sphere 0.0044949 0.0049537 0.00140422 0.000195961
4520 Sphere 0.000673831 0.00662653 0.00479621 0.000193213
4521 Sphere 0.00392749 0.00231937 0.00130009 0.000188192
4522 Sphere 0.00245796 0.00613899 0.00182956 0.000160282
4523 Sphere 0.00288844 0.00421771 0.000594003 0.000170762
4524 Sphere 0.00595318 0.00107714 0.000839212 0.000174299
4525 Sphere 0.00589497 0.00402776 0.000761355 0.00019046
4526 Sphere 0.000380927 0.00173984 0.000155897 0.000170779
4527 Sphere 0.00370793 0.0041291 0.00492159 0.0002231
4528 Sphere 0.00262846 0.00150488 0.000289405 0.000228861
4529 Sphere 0.00179522 0.000396386 0.00250344 0.000168073
4530 Sphere 0.00190398 0.00502788 0.000765278 0.000169717
4531 Sphere 0.000674235 0.00085889 0.00281516 0.000161312
4532 Sphere 0.00195874 0.00220603 0.00540913 0.000178454
4533 Sphere 0.0042361 0.000597451 0.00381805 0.000162525
4534 Sphere 0.00451538 0.00500757 0.00194373 0.000200763
4535 Sphere 0.00619304 0.00485762 0.00217761 0.000177824
4536 Sphere 0.00288333 0.00662218 0.00350702 0.000192202
4537 Sphere 0.0029779 0.000328576 7.72452e-05 0.000174426
4538 Sphere 0.00574713 0.00257086 0.00534933 0.000167049
4539 Sphere 0.000467944 0.00433187 0.00594945 0.000169425
4540 Sphere 0.00333098 0.00350241 0.00477629 0.000175593
4541 Sphere 0.00261107 0.00538519 0.00419924 0.000176193
4542 Sphere 0.00150314 0.00282277 0.00579708 0.000200807
4543 Sphere 0.000896683 0.00351009 0.00273867 0.000189253
4544 Sphere 0.00549425 0.00465954 0.000441385 0.000214305
4545 Sphere 0.000298363 0.00404657 0.00343289 0.000197813
4546 Sphere 0.00217424 0.00126996 0.00518063 0.00016421
4547 Sphere 0.00357369 0.00374746 2.72622e-05 0.000162395
4548 Sphere 0.00274795 0.00478213 0.000889028 0.000160773
4549 Sphere 0.00118183 0.00534226 0.0048534 0.000227202
4550 Sphere 0.0035368 0.00390182 0.0036151 0.000180601
4551 Sphere 0.00494444 0.00136742 0.00147326 0.000205661
4552 Sphere 0.00393299 0.00383053 0.00213218 0.000194344
4553 Sphere 0.00303723 0.00118815 0.000343692 0.000177989
4554 Sphere 0.00362571 0.00631282 0.00100697 0.000198336
4555 Sphere 0.0042977 0.00259089 0.00386915 0.000173064
4556 Sphere 0.00409584 0.000986862 0.000373648 0.000187414
4557 Sphere 0.00236882 0.00162084 0.00314466 0.0001603
4558 Sphere 0.00130644 0.00520339 0.000919526 0.00016996
4559 Sphere 0.00317355 0.00235534 0.00394825 0.00021845
4560 Sphere 0.00309452 0.00390462 0.00118866 0.000191335
4561 Sphere 0.00127658 0.00305269 7.36135e-05 0.000185522
4562 Sphere 0.00611078 0.000325196 0.00436893 0.00020999
4563 Sphere 0.00512622 0.00367374 0.00329384 0.000188589
4564 Sphere 0.00129681 0.00374325 0.00188267 0.000173671
4565 Sphere 0.0010134 0.00664941 0.00539297 0.00023039
4566 Sphere 3.31927e-05 0.00414224 0.000777465 0.000181072
4567 Sphere 0.00215408 0.00629006 0.000540619 0.0001843
4568 Sphere 0.00529218 0.00263149 0.000617426 0.000185396
4569 Sphere 0.00284201 0.00576746 0.000731527 0.000200869
4570 Sphere 0.00188733 0.00475585 0.00203092 0.000236342
4571 Sphere 0.00497743 0.000180221 0.00353483 0.000174542
4572 Sphere 0.00358151 0.00353385 0.00601088 0.000182583
4573 Sphere 0.00463894 0.00574611 0.00474766 0.000171755
4574 Sphere 0.00411275 0.00442819 0.00405694 0.000215157
4575 Sphere 0.00363308 0.0031728 0.00147247 0.000168779
4576 Sphere 0.00645766 0.00252167 0.000122626 0.000201115
4577 Sphere 0.00113776 0.0011504 0.000691954 0.000183134
4578 Sphere 0.00445211 0.00670394 0.00445611 0.000172003
4579 Sphere 0.000977216 0.00492041 0.00592696 0.000179829
4580 Sphere 0.00591574 0.00580404 0.00360624 0.000222917
4581 Sphere 0.003746 0.00130732 0.00556348 0.00021249
4582 Sphere 0.00102129 0.00318848 0.00298368 0.000235493
4583 Sphere 0.00658661 0.00458356 0.00319846 0.000226874
4584 Sphere 0.00247634 0.00571287 0.00467585 0.000187979
4585 Sphere 0.000453243 0.00487799 0.0056371 0.000163792
4586 Sphere 0.00163418 0.00223056 0.00432117 0.000178325
4587 Sphere 0.00455435 0.00410731 0.00248127 0.000161075
4588 Sphere 0.00579004 0.00155091 0.00448891 0.000179785
4589 Sphere 0.00512274 0.00343691 0.00441739 0.000167201
4590 Sphere 0.00632885 0.000953876 0.00248852 0.000163566
4591 Sphere 0.00625311 0.000933493 0.00422961 0.000168023
4592 Sphere 0.00543032 0.00664966 0.00221729 0.000196864
4593 Sphere 0.00398789 0.00389534 0.000572223 0.000181486
4594 Sphere 0.000788684 7.44491e-05 0.00225533 0.000160403
4595 Sphere 0.00651009 0.00211029 0.000605493 0.000190062
4596 Sphere 0.00323446 0.00217956 0.00267965 0.000181893
4597 Sphere 0.00656073 0.000769007 0.00395014 0.000162728
4598 Sphere 0.00470896 0.00359861 0.000905554 0.000194599
4599 Sphere 0.00149295 0.000551944 0.0060449 0.000166829
4600 Sphere 0.00312942 0.00445653 0.00423566 0.000166476
4601 Sphere 0.00645658 0.0057764 0.00552217 0.000162532
4602 Sphere 0.00623496 0.00256897 0.00426982 0.000221713
4603 Sphere 0.00108384 0.000129496 0.000753411 0.000188992
4604 Sphere 0.00573613 0.00038979 0.000494937 0.000166751
4605 Sphere 0.00293519 0.000201876 0.000686595 0.000228679
4606 Sphere 0.00401502 0.00426516 0.00216135 0.000171933
4607 Sphere 0.00244458 0.00288058 0.0034882 0.000180996
4608 Sphere 0.00372916 0.00295777 0.00247145 0.000216709
4609 Sphere 0.00553856 0.00210468 0.00415257 0.000188198
4610 Sphere 0.00641207 0.000392481 0.00112012 0.000164724
4611 Sphere 0.00137366 0.00514894 0.00247835 0.000187811
4612 Sphere 0.00563386 0.00299035 0.00355486 0.000228687
4613 Sphere 0.00372744 0.000301026 0.000896775 0.000182882
4614 Sphere 0.00623677 0.00200906 0.00123402 0.000183955
4615 Sphere 0.00492722 0.000339218 0.00498932 0.00018011
4616 Sphere 0.00523441 0.00192003 0.00416348 0.000168152
4617 Sphere 0.00481705 0.00498991 0.000535082 0.000224917
4618 Sphere 0.000350153 0.00652559 0.00342141 0.000192844
4619 Sphere 0.00106526 0.00334111 0.00247485 0.000166654
4620 Sphere 0.00616258 0.00462746 0.00304296 0.000227835
4621 Sphere 0.00252867 0.00414993 0.00515334 0.000213235
4622 Sphere 0.00498726 5.99063e-05 0.0012362 0.000206915
4623 Sphere 0.00212355 0.00610379 0.00273521 0.000173311
4624 Sphere 0.00243363 0.000159377 0.000900153 0.00017168
4625 Sphere 0.00169033 3.36496e-05 0.000370157 0.000202047
4626 Sphere 0.00593192 0.00598982 0.003953 0.000170745
4627 Sphere 0.00379981 0.00554814 0.00412967 0.000176518
4628 Sphere 0.00546567 0.00421165 0.00300849 0.000190013
4629 Sphere 0.00290098 0.00461842 0.00169789 0.000222593
4630 Sphere 0.0032262 0.00165077 0.00308146 0.00017357
4631 Sphere 0.00362132 0.00542117 0.0062377 0.0001757
4632 Sphere 0.00187258 0.00608166 0.00618036 0.000220936
4633 Sphere 0.00276448 0.00292321 0.00371103 0.000211651
4634 Sphere 0.00644755 0.00392136 0.00520149 0.000166936
4635 Sphere 0.00519326 0.00577725 0.00490421 0.000166372
4636 Sphere 0.0031487 0.00583683 0.00351057 0.000200247
4637 Sphere 0.0058334 0.00588168 0.00509964 0.000200498
4638 Sphere 0.00259193 0.00305574 0.00460392 0.000166569
4639 Sphere 0.000670015 0.00489591 0.0016344 0.000160149
4640 Sphere 0.00389006 0.00297087 0.00525093 0.000193142
4641 Sphere 0.00218804 0.00556836 0.00450448 0.000178135
4642 Sphere 0.00230043 0.00225434 0.00341261 0.000174905
4643 Sphere 0.000223049 0.00384458 0.000155571 0.00023561
4644 Sphere 0.00122387 0.00450766 0.00164959 0.000178691
4645 Sphere 0.00655609 0.00563232 0.00156927 0.000169101
4646 Sphere 0.000900208 0.00541293 0.00546043 0.000180195
4647 Sphere 0.00171976 0.00506034 0.00141672 0.000195251
4648 Sphere 0.0032111 0.00657651 0.00424098 0.000173817
4649 Sphere 0.00334865 0.00101578 0.00373203 0.000162566
4650 Sphere 0.00557375 0.00349089 0.00508931 0.000174508
4651 Sphere 0.00531551 0.00466148 0.00150485 0.000201648
4652 Sphere 0.00261455 0.00206011 0.00595788 0.000189338
4653 Sphere 0.000878508 0.00316696 0.00224202 0.00016029
4654 Sphere 0.00367012 0.00421261 0.00226245 0.00016676
4655 Sphere 0.00544477 0.000249228 0.000584879 0.000161036
4656 Sphere 0.00317479 0.00581563 0.00226872 0.000181732
4657 Sphere 0.000266353 0.00362806 0.00604709 0.000196357
4658 Sphere 0.00400226 0.00546973 0.00443308 0.00019782
4659 Sphere 0.00375544 0.00169042 0.0025635 0.000177324
4660 Sphere 0.00139194 0.0040361 0.00119378 0.000180148
4661 Sphere 0.00561078 0.00496467 0.000628803 0.000164298
4662 Sphere 0.000970079 0.00278199 0.000653789 0.000178988
4663 Sphere 0.00383187 0.00361504 0.00533908 0.000162072
4664 Sphere 0.00599306 0.00203658 0.000978724 0.000169786
4665 Sphere 0.0035098 0.00598053 0.00532371 0.000216135
4666 Sphere 0.00263824 0.00661196 0.000319367 0.000193796
4667 Sphere 0.00657709 0.00500093 0.00302156 0.00020467
4668 Sphere 0.00191707 0.00656073 0.0053788 0.000195832
4669 Sphere 0.000136172 0.00124128 0.00165113 0.000177895
4670 Sphere 0.00628641 0.00467657 0.00346359 0.000177961
4671 Sphere 0.00226328 0.000233429 0.00483004 0.000185337
4672 Sphere 0.00464155 0.00347206 0.0045014 0.000215643
4673 Sphere 0.00304168 0.0044268 0.00348406 0.000163243
4674 Sphere 0.0060715 0.00024223 0.00101281 0.000163987
4675 Sphere 0.00362724 0.00646152 0.00195823 0.000196882
4676 Sphere 0.00556184 0.00258573 0.000203859 0.00018812
4677 Sphere 0.000732564 0.00350748 0.00101808 0.000187034
4678 Sphere 0.000221553 0.000433988 0.00611148 0.000180554
4679 Sphere 0.00410421 0.00517877 0.00365012 0.000196837
4680 Sphere 0.00138067 2.02514e-05 0.00307189 0.000166938
4681 Sphere 0.00473527 0.000708559 0.00478801 0.000184754
4682 Sphere 0.00505844 0.00447903 0.00471926 0.000202185
4683 Sphere 0.00490607 0.00245258 0.00553507 0.000168305
4684 Sphere 0.00607158 0.00512073 0.00154073 0.000171956
4685 Sphere 0.00619994 0.00572045 0.000690425 0.000198756
4686 Sphere 0.00463136 0.00332382 0.00529932 0.000180035
4687 Sphere 0.00568519 0.00328948 0.000602388 0.000189491
4688 Sphere 0.00305071 0.00287288 0.000316877 0.000187439
4689 Sphere 0.0054666 0.000378685 0.00573994 0.000164639
4690 Sphere 0.00183144 0.000616204 0.00611443 0.000186038
4691 Sphere 0.00172153 0.00131006 0.00605481 0.000175222
4692 Sphere 0.00089801 0.00350967 0.00623358 0.00018576
4693 Sphere 0.000537536 0.00263491 0.00041499 0.000173069
4694 Sphere 0.000564991 0.00463242 0.00197913 0.000195851
4695 Sphere 0.00343512 0.00380635 0.000670863 0.000204526
4696 Sphere 0.00460743 0.00104147 0.000840122 0.000163487
4697 Sphere 0.00176571 0.00090607 0.00444365 0.00021815
4698 Sphere 0.00261678 0.00336763 0.00471995 0.000161123
4699 Sphere 0.00031182 0.00605094 0.00421598 0.000161777
4700 Sphere 0.00378951 0.00485892 0.00525624 0.000227098
4701 Sphere 0.000645952 0.00374275 0.0061115 0.000178573
4702 Sphere 0.00152743 0.00132058 0.00450466 0.000183135
4703 Sphere 0.00419157 0.00604564 0.00614356 0.000214071
4704 Sphere 0.000446203 0.00189779 0.000878644 0.000160918
4705 Sphere 0.00576898 0.00276596 0.000871332 0.000164294
4706 Sphere 0.00246298 0.00338151 0.00555908 0.000229376
4707 Sphere 0.00334489 0.00443486 0.0020807 0.000189612
4708 Sphere 0.00599847 0.00644021 0.00407172 0.000176002
4709 Sphere 0.000173616 0.0039047 0.00122914 0.000167092
4710 Sphere 0.00533514 0.00663628 0.000647741 0.000191794
4711 Sphere 0.00540046 0.000179304 0.00606145 0.000216774
4712 Sphere 0.000564733 0.00206078 0.00197019 0.000221614
4713 Sphere 0.00642725 0.00011455 0.00521108 0.000170493
4714 Sphere 0.0012807 0.00463662 0.000306568 0.000178823
4715 Sphere 0.00319273 0.00551659 0.00580926 0.000171194
4716 Sphere 0.00038295 0.00236404 0.000608638 0.000194169
4717 Sphere 0.00466176 0.00110634 0.00170007 0.000219438
4718 Sphere 0.00398334 0.00443884 0.00531761 0.000172348
4719 Sphere 0.00628197 0.00468243 0.0051204 0.000200233
4720 Sphere 0.000562105 0.00202316 0.000274883 0.000186976
4721 Sphere 0.00103669 0.00528672 0.000315141 0.000167103
4722 Sphere 0.00495841 0.0052494 0.00117889 0.000167215
4723 Sphere 0.000274878 0.00583128 0.00358962 0.000165977
4724 Sphere 0.0035873 0.00314467 0.0059119 0.000219147
4725 Sphere 0.00593074 0.00658763 3.83071e-05 0.000203091
4726 Sphere 0.00412193 0.00662038 0.00134411 0.000175119
4727 Sphere 0.00417034 0.00670911 0.00608736 0.000200293
4728 Sphere 9.06722e-05 0.00189385 0.000821263 0.000186115
4729 Sphere 0.00636601 0.00564683 0.00124728 0.00016711
4730 Sphere 0.00642366 0.000208149 0.005777 0.000165085
4731 Sphere 0.000469914 0.00418527 0.000833027 0.00016769
4732 Sphere 0.00585624 0.00528573 0.00554709 0.000173251
4733 Sphere 0.00111359 0.000611756 0.00458998 0.000182147
4734 Sphere 0.00586096 4.35642e-05 0.000362656 0.000172222
4735 Sphere 0.00254602 0.00459346 0.00124658 0.000227918
4736 Sphere 0.00268185 0.00155798 0.000700857 0.000189724
4737 Sphere 0.00138384 0.0013374 0.0011768 0.000178299
4738 Sphere 0.00299504 0.00121113 0.00320037 0.000164542
4739 Sphere 0.00180712 0.00554295 0.00395706 0.000160731
4740 Sphere 0.0040316 0.00427261 0.00569041 0.000162132
4741 Sphere 0.00414486 0.00115789 0.00475177 0.000177093
4742 Sphere 0.00598227 0.0025201 0.000524414 0.000203337
4743 Sphere 0.0014252 0.0025414 0.00102601 0.000165573
4744 Sphere 0.00111785 0.00556933 0.0061285 0.000161688
4745 Sphere 0.00443817 0.00282137 0.00134193 0.00020456
4746 Sphere 0.00494077 0.00596794 0.00410074 0.00022879
4747 Sphere 0.000183962 0.00486773 0.00325487 0.000173896
4748 Sphere 0.00321997 0.00222609 8.6138e-05 0.000168393
4749 Sphere 0.00128308 0.00137053 0.00399771 0.000172182
4750 Sphere 0.000177152 0.00322776 0.00456762 0.000190439
4751 Sphere 0.00398326 0.000623038 0.00158167 0.000186133
4752 Sphere 0.00138625 0.00605211 0.00346429 0.000173334
4753 Sphere 0.0054857 0.00354126 0.000748275 0.000163565
4754 Sphere 0.00426872 0.00158576 0.00502901 0.000208688
4755 Sphere 0.00107287 0.00469876 0.00618431 0.000174066
4756 Sphere 0.000513025 0.00301875 0.000482737 0.000215303
4757 Sphere 0.0065698 0.00230409 0.00475416 0.000181676
4758 Sphere 0.00238097 0.00177411 0.00461002 0.000161817
4759 Sphere 0.0020126 0.00193366 0.00566177 0.000196563
4760 Sphere 0.00473908 0.00611688 0.00296257 0.000162103
4761 Sphere 0.00521011 0.00516566 0.00484867 0.000196247
4762 Sphere 0.00153016 0.00633523 0.00310498 0.000170126
4763 Sphere 0.00412551 0.00533187 0.0032693 0.000215626
4764 Sphere 0.000628862 0.00552635 0.00223163 0.000198043
4765 Sphere 0.00265571 0.00247155 0.00589036 0.000228678
4766 Sphere 0.000381645 0.00668398 0.00524771 0.000199809
4767 Sphere 0.00540228 0.005619 0.00290631 0.000178123
4768 Sphere 0.00481456 0.00564245 0.00575842 0.000188324
4769 Sphere 0.000952582 0.0019626 0.00201501 0.000176693
4770 Sphere 0.00280835 0.0041047 0.00193596 0.000168542
4771 Sphere 0.00595668 0.00171212 0.00361144 0.000192487
4772 Sphere 0.00193313 0.00217692 0.000626596 0.000229379
4773 Sphere 0.00446719 0.00217042 0.00588169 0.000208948
4774 Sphere 0.00413661 0.00346003 0.00182599 0.000190529
4775 Sphere 0.00358876 0.00236058 0.00407249 0.000205548
4776 Sphere 0.00299842 0.00562182 0.00417636 0.000219853
4777 Sphere 0.000366882 0.00647971 0.00267798 0.000170056
4778 Sphere 0.00468308 0.000591621 0.00276749 0.000171118
4779 Sphere 0.00230436 0.00629293 0.00605704 0.00019586
4780 Sphere 0.0035765 0.00113691 0.000921255 0.000207921
4781 Sphere 0.00405906 0.00089326 0.00135646 0.000162996
4782 Sphere 0.00344904 0.00477581 8.34232e-06 0.000180541
4783 Sphere 0.000168048 0.00472663 0.00555268 0.000169967
4784 Sphere 0.00374096 0.000519524 8.88531e-05 0.000200366
4785 Sphere 0.000715063 8.87434e-05 0.00380534 0.000227477
4786 Sphere 0.00218223 0.00660553 0.000951726 0.000185129
4787 Sphere 0.00103691 0.00193352 0.00361477 0.000230149
4788 Sphere 0.00556183 0.00486129 0.00365995 0.000195978
4789 Sphere 0.000732198 0.00122054 0.00148481 0.000161129
4790 Sphere 0.004389 0.00544994 0.0042439 0.000173182
4791 Sphere 0.00388525 0.00521581 0.00555826 0.000162129
4792 Sphere 0.00223753 0.00353766 0.000795868 0.000191953
4793 Sphere 0.00119776 0.00473513 0.00121831 0.000173426
4794 Sphere 0.00230161 0.00192876 0.00607809 0.000171246
4795 Sphere 0.0065484 0.00115593 0.00456448 0.00016269
4796 Sphere 0.00654666 0.00404653 0.00429997 0.000180172
4797 Sphere 0.00459642 0.000569174 0.00111543 0.000168818
4798 Sphere 0.000642203 0.00640973 0.00367803 0.000187628
4799 Sphere 0.00407626 0.0010658 0.000863053 0.00021223
4800 Sphere 0.00216182 0.00617537 0.000188908 0.000186282
4801 Sphere 0.00192352 0.00611693 0.0042103 0.00021581
4802 Sphere 0.00193752 0.00578103 0.00491284 0.000168328
4803 Sphere 0.00271766 0.00619906 0.00554248 0.000160244
4804 Sphere 0.0025782 0.00581193 0.0031387 0.000219457
4805 Sphere 0.00427287 0.000546861 0.00416873 0.000195847
4806 Sphere 0.0046597 0.00344326 0.0005628 0.000185258
4807 Sphere 0.00496312 0.000425567 0.00326429 0.000192121
4808 Sphere 0.0054584 0.00632536 0.00203192 0.000176303
4809 Sphere 0.00647822 0.00310312 0.00117418 0.000229072
4810 Sphere 0.000590406 0.000370029 0.00148529 0.000167279
4811 Sphere 0.00192531 0.00582349 0.00555172 0.000177351
4812 Sphere 0.0012638 0.00407373 0.00211612 0.000232868
4813 Sphere 0.00380354 0.00654549 0.00605562 0.000203002
4814 Sphere 0.000476334 0.000847787 0.00245471 0.000196611
4815 Sphere 0.00102889 0.00421902 0.000530644 0.000169451
4816 Sphere 0.00477025 0.00081631 0.00139855 0.000212724
4817 Sphere 0.00220508 0.00236891 0.00509349 0.000166649
4818 Sphere 0.00155253 0.00223387 0.000508737 0.000173229
4819 Sphere 0.00334928 0.00145391 0.00144933 0.000162288
4820 Sphere 0.000648291 0.00602627 0.00513802 0.000164508
4821 Sphere 0.00288333 0.00166884 0.00321653 0.000197545
4822 Sphere 0.00613437 0.00554003 0.00385921 0.000200212
4823 Sphere 0.00314903 0.00466478 0.00234766 0.000180999
4824 Sphere 0.00378716 0.00163375 0.00294048 0.000183032
4825 Sphere 0.00165253 0.00630236 0.00521962 0.000171452
4826 Sphere 0.00587439 0.00450586 0.00542724 0.00019078
4827 Sphere 0.00411043 0.00401268 0.00355949 0.000196196
4828 Sphere 0.00421598 0.00180936 0.000512886 0.000160254
4829 Sphere 0.00346076 0.00063629 0.000364238 0.000163907
4830 Sphere 0.00525657 0.00175362 0.00129952 0.000220092
4831 Sphere 0.00340774 0.00644384 0.00613331 0.000213622
4832 Sphere 0.00336814 0.00202628 0.00412145 0.000198538
4833 Sphere 0.00667304 0.00549605 0.00223716 0.000184586
4834 Sphere 0.00388613 0.00629298 0.00328338 0.00019299
4835 Sphere 0.00528614 0.0011614 0.00601345 0.000167965
4836 Sphere 0.00555725 0.0017083 0.00505145 0.000165336
4837 Sphere 0.00602106 0.0016402 0.0023169 0.000163414
4838 Sphere 0.0025646 0.00131394 0.00461877 0.000197223
4839 Sphere 0.005407 0.00226648 2.72494e-05 0.000166402
4840 Sphere 0.000843598 0.00428386 0.00140606 0.000167493
4841 Sphere 0.00587467 0.00324096 0.00586405 0.000166252
4842 Sphere 5.5148e-05 0.00146455 0.00124026 0.000190208
4843 Sphere 0.00559972 0.000817254 0.00526948 0.000165356
4844 Sphere 0.00396113 0.00657475 0.00212983 0.000173067
4845 Sphere 0.00498153 0.00427536 0.00549614 0.000176827
4846 Sphere 0.0051593 0.00314047 0.00243357 0.00021976
4847 Sphere 0.00128116 0.0033973 0.000648303 0.000214881
4848 Sphere 0.00220845 0.00145762 0.00340633 0.000174894
4849 Sphere 0.00155458 0.00382211 0.0016146 0.000198246
4850 Sphere 0.00226017 0.00301827 0.0056184 0.000180427
4851 Sphere 0.00262602 0.00538028 0.00577722 0.000181232
4852 Sphere 0.00545367 0.00436971 0.00622441 0.000161271
4853 Sphere 0.00119048 0.00104968 0.00408782 0.000163013
4854 Sphere 0.00504737 0.0042729 0.00312777 0.0001705
4855 Sphere 0.00504445 0.00518842 0.00613061 0.000186806
4856 Sphere 0.00306714 0.0026229 0.00122566 0.000180116
4857 Sphere 0.00343129 0.00578318 0.00176829 0.000230712
4858 Sphere 0.00409153 0.00182447 0.00393027 0.000163944
4859 Sphere 0.000946243 0.0040875 0.00386584 0.000223826
4860 Sphere 0.000252563 0.00258457 0.00159862 0.000174682
4861 Sphere 0.00400928 0.00282276 0.00219992 0.000196742
4862 Sphere 0.00336976 0.00493192 0.00331139 0.000219549
4863 Sphere 0.00572071 0.00572566 0.00279598 0.000173857
4864 Sphere 0.00258769 0.00480718 0.00542348 0.000168914
4865 Sphere 0.00197179 0.00650958 0.000328802 0.000171219
4866 Sphere 0.000528607 0.00359413 0.00169167 0.000194116
4867 Sphere 0.00651956 0.00511069 0.00597071 0.000181399
4868 Sphere 0.00130961 0.000490192 0.00250244 0.000198281
4869 Sphere 0.00019089 0.00311953 0.00109885 0.000167399
4870 Sphere 0.00207786 0.00333713 0.000555709 0.000161401
4871 Sphere 0.000389596 0.00195289 0.00352767 0.000182796
4872 Sphere 0.00549466 0.00404648 0.00424266 0.000178458
4873 Sphere 0.00374996 0.00627638 0.000380461 0.000221818
4874 Sphere 0.00555026 0.00426977 0.00381769 0.000235235
4875 Sphere 0.000674284 0.00440247 0.00230161 0.000215767
4876 Sphere 0.00604938 0.00425505 0.00130542 0.000196092
4877 Sphere 0.00547613 0.00090293 0.000600242 0.000166402
4878 Sphere 0.00177137 0.00393181 0.00110306 0.000207894
4879 Sphere 0.00484356 0.00390811 0.00591628 0.000232456
4880 Sphere 0.00222506 0.00131639 0.000314351 0.000201156
4881 Sphere 0.00597315 2.46404e-05 0.00524856 0.000230923
4882 Sphere 0.00494847 0.00325946 0.000997777 0.000231036
4883 Sphere 0.00278579 0.00627428 0.00129815 0.000202047
4884 Sphere 0.00653621 0.000617021 0.00300714 0.000190157
4885 Sphere 0.00447927 0.000379214 0.00585069 0.000171683
4886 Sphere 0.00596061 0.00567179 0.00323006 0.000170723
4887 Sphere 0.00332543 0.00302106 0.00176696 0.000180595
4888 Sphere 0.003059 0.00543967 0.000672835 0.000197122
4889 Sphere 0.0031825 0.00412753 0.00233355 0.000230376
4890 Sphere 0.0013362 0.00313614 0.000919773 0.000163851
4891 Sphere 0.000921889 0.0058853 0.00175485 0.000179631
4892 Sphere 0.00502937 0.00502502 0.00416601 0.000172448
4893 Sphere 0.00351048 0.00218452 0.00618755 0.000166138
4894 Sphere 0.00592142 0.00322909 0.00216498 0.000226272
4895 Sphere 0.006414 0.0033301 0.00048599 0.000177731
4896 Sphere 0.00564159 0.000431469 0.00389877 0.000190866
4897 Sphere 0.00126357 0.000798578 0.000679752 0.000188603
4898 Sphere 8.19535e-06 0.00225717 0.000295406 0.000190067
4899 Sphere 0.00581284 0.000979076 0.00113894 0.000172605
4900 Sphere 0.00203887 0.00404367 0.0004428 0.000161175
4901 Sphere 0.00252731 0.00572715 0.000528076 0.000176191
4902 Sphere 0.00408064 0.00637802 0.00521613 0.000162286
4903 Sphere 0.000926645 0.00144386 0.00279493 0.000163334
4904 Sphere 0.00449826 0.00587217 0.000547342 0.000238802
4905 Sphere 0.000207061 0.000599799 0.00265188 0.000221098
4906 Sphere 0.00373367 0.00528168 0.000674849 0.000166441
4907 Sphere 0.00579456 0.00246527 0.00465056 0.000160674
4908 Sphere 0.000287382 0.00392056 0.000917165 0.000165977
4909 Sphere 0.00291669 0.000732834 0.000135098 0.000166105
4910 Sphere 0.00226425 0.00167494 0.000177295 0.000185066
4911 Sphere 0.00466983 0.00275725 0.00165632 0.000191204
4912 Sphere 0.00520473 0.00145116 0.00449974 0.000166618
4913 Sphere 0.00557634 0.000809085 0.00201093 0.000165614
4914 Sphere 0.00474118 0.0053253 0.00340495 0.000238599
4915 Sphere 0.0066693 0.00600475 0.00398937 0.000233401
4916 Sphere 0.00322653 0.00118815 0.000799836 0.000163815
4917 Sphere 0.00496119 0.00285953 0.003735 0.000177187
4918 Sphere 0.00607789 0.000411384 0.00575529 0.000205185
4919 Sphere 0.00199506 0.000225458 0.00458545 0.000177876
4920 Sphere 0.00440682 0.00648262 0.00584107 0.0002099
4921 Sphere 0.000385965 0.00362839 0.00570997 0.000161807
4922 Sphere 0.0016958 0.00480316 0.00401379 0.00016214
4923 Sphere 0.00186116 0.00226441 0.000102351 0.000213927
4924 Sphere 0.00168515 0.000707523 0.00540844 0.00016666
4925 Sphere 0.00290006 0.000903996 0.00136846 0.000194175
4926 Sphere 0.000781425 0.00441027 0.000686615 0.000181631
4927 Sphere 0.00271459 0.00265272 0.00343875 0.000176299
4928 Sphere 0.00282345 0.00231328 0.00116771 0.000217524
4929 Sphere 0.000533437 0.000495212 0.00598006 0.000160477
4930 Sphere 0.00611842 0.00109825 0.00161331 0.000177683
4931 Sphere 0.00320735 0.00621735 0.00490207 0.000180012
4932 Sphere 0.0031222 0.00643665 0.000132645 0.000174157
4933 Sphere 0.000301482 0.0060079 0.00469217 0.000160558
4934 Sphere 0.00109543 0.00129244 0.000140442 0.000184663
4935 Sphere 0.0052999 0.00383591 0.00586338 0.000160592
4936 Sphere 0.000823922 0.00452969 0.00529712 0.000169323
4937 Sphere 0.00360667 0.00450917 0.00292605 0.000163899
4938 Sphere 4.80394e-05 0.00401855 0.00273754 0.000187911
4939 Sphere 0.00643748 0.00111881 0.00179572 0.000169789
4940 Sphere 0.000135888 0.00314244 0.00535303 0.000183351
4941 Sphere 0.00367937 0.000820912 0.0050489 0.000173992
4942 Sphere 0.00252122 0.00515976 0.00041268 0.000169825
4943 Sphere 0.000941125 0.00403782 0.00613259 0.00018453
4944 Sphere 0.00040117 0.00126355 0.000554955 0.000214748
4945 Sphere 0.00636525 4.15011e-05 0.000821375 0.000222477
4946 Sphere 0.00191221 0.00412217 0.00341092 0.000168668
4947 Sphere 0.00354361 0.000879015 0.000136369 0.000177112
4948 Sphere 0.0054594 0.00519483 0.00227101 0.000161969
4949 Sphere 0.0061284 0.00631468 0.000390225 0.000173987
4950 Sphere 0.00380412 0.00268055 0.00421529 0.000200545
4951 Sphere 0.00158018 0.00308017 0.00386511 0.000189879
4952 Sphere 0.00291689 0.00360925 0.00559713 0.000197282
4953 Sphere 0.00293018 0.002126 0.00206221 0.000173149
4954 Sphere 0.00220031 0.000983593 0.000486363 0.000174367
4955 Sphere 0.00120903 0.000906716 0.0043989 0.000177734
4956 Sphere 0.00453714 0.000286593 0.00272967 0.000166287
4957 Sphere 0.00439197 0.00580288 0.000155798 0.000173431
4958 Sphere 0.00610087 0.00313626 0.003577 0.000202326
4959 Sphere 0.00270756 0.00591694 0.00239218 0.000168875
4960 Sphere 0.00458486 0.00469366 0.00310045 0.000180571
4961 Sphere 0.00483581 0.00604368 0.000671228 0.000160136
4962 Sphere 0.00190716 0.0053834 0.00423723 0.000176976
4963 Sphere 0.0015408 0.00341973 0.000973118 0.000181541
4964 Sphere 0.00156366 0.00491579 0.0027497 0.00021613
4965 Sphere 0.00626574 0.00501808 0.000298761 0.000170497
4966 Sphere 0.00291672 0.00622872 0.00359201 0.000211942
4967 Sphere 0.00625148 0.000948561 0.000915598 0.000160298
4968 Sphere 0.00264266 0.00159513 0.00150113 0.000173318
4969 Sphere 0.00293647 0.0018003 8.8126e-05 0.000234091
4970 Sphere 0.00307137 0.000119405 0.00505897 0.000195873
4971 Sphere 0.0022453 0.00620086 0.00372176 0.000172282
4972 Sphere 0.00534711 0.000746614 0.00310289 0.000223237
4973 Sphere 0.00175972 0.00180016 0.00379364 0.000178011
4974 Sphere 0.00316124 0.0036081 0.00235309 0.000197139
4975 Sphere 0.00496126 0.00532544 0.00441755 0.000181549
4976 Sphere 0.00111726 0.000730879 0.00329754 0.000194569
4977 Sphere 0.00426756 0.00167497 0.00565863 0.000175192
4978 Sphere 0.000538834 0.00477085 0.00232386 0.000178278
4979 Sphere 0.0021402 0.00412326 0.00124937 0.000232814
4980 Sphere 0.0024383 0.0017359 0.00179329 0.000173021
4981 Sphere 0.00301754 0.00278349 0.00572522 0.000176757
4982 Sphere 3.43721e-05 0.00010974 0.00108617 0.000219398
4983 Sphere 0.00468321 0.0033083 0.00625008 0.000208987
4984 Sphere 0.00258901 0.004285 0.00606518 0.000206924
4985 Sphere 0.00404069 0.00301812 0.000260673 0.000188034
4986 Sphere 0.00132246 0.00326606 0.00325063 0.000174396
4987 Sphere 0.00024558 0.0049868 0.00526154 0.000230688
4988 Sphere 0.0038896 0.000337951 0.00328473 0.000198105
4989 Sphere 0.000472269 0.0019972 0.00542896 0.000188941
4990 Sphere 0.00195159 0.00319578 0.00179693 0.000185768
4991 Sphere 0.00325629 0.00244697 0.000383665 0.000171871
4992 Sphere 0.00371987 0.00634903 0.00499654 0.000170793
4993 Sphere 0.000196563 0.00166924 0.0004953 0.000161026
4994 Sphere 0.00571439 0.00543367 0.00380126 0.000236941
4995 Sphere 0.00155366 0.000306565 0.00121553 0.000207701
4996 Sphere 0.0044889 0.00373822 0.00356538 0.000173662
4997 Sphere 0.000834204 0.00477217 0.00559237 0.000214364
4998 Sphere 0.000320468 0.00501346 0.00358982 0.000218862
4999 Sphere 0.00446308 0.00414274 0.00391139 0.000173085
5000 Sphere 0.00491951 0.00466825 0.00150786 0.000186508
5001 Sphere 0.00588481 0.00556031 0.00494501 0.000160388
5002 Sphere 0.00397528 0.000206563 0.00518245 0.000173571
5003 Sphere 0.00127166 0.00350017 0.00300348 0.000165204
5004 Sphere 0.000825746 5.14865e-05 0.00258671 0.000170826
5005 Sphere 0.000160243 0.005873 0.00107157 0.000165257
5006 Sphere 0.000679926 0.000550762 0.00377859 0.000211401
5007 Sphere 0.00185655 0.00317425 0.00491204 0.000199517
5008 Sphere 0.00170723 0.00214401 0.00577004 0.000189728
5009 Sphere 0.00321287 0.00392097 0.00395603 0.000161631
5010 Sphere 0.000472318 0.0047578 0.000745702 0.000172614
5011 Sphere 0.000743435 0.00320818 0.00256392 0.000192843
5012 Sphere 0.00625026 0.00115131 0.000616512 0.000202465
5013 Sphere 0.00145788 0.00116882 0.00285466 0.000194967
5014 Sphere 0.00544743 0.00187906 0.000711326 0.000203817
5015 Sphere 0.00233051 0.00651725 0.0032495 0.00016945
5016 Sphere 0.00320555 0.00327257 0.00456419 0.00016173
5017 Sphere 0.000942581 0.00458134 0.00589789 0.000162258
5018 Sphere 0.00487475 0.0056303 0.00177144 0.000193196
5019 Sphere 0.00456958 0.00629006 0.00372924 0.000171401
5020 Sphere 0.00205329 0.000154402 0.00228519 0.000228015
5021 Sphere 0.00255272 0.00393889 0.00170258 0.000194973
5022 Sphere 0.00314714 0.000654197 0.00118288 0.000204486
5023 Sphere 0.000310074 0.00493167 0.000298207 0.000166697
5024 Sphere 0.00136079 0.000634372 0.00140128 0.000215912
5025 Sphere 0.0025887 0.0052193 0.00135705 0.000160479
5026 Sphere 0.00235683 0.00664085 0.00237906 0.000161752
5027 Sphere 0.0026449 0.000393973 0.00602799 0.000174917
5028 Sphere 0.000488632 0.000345725 0.00533558 0.000180724
5029 Sphere 0.00047608 0.00215063 0.00505987 0.000213586
5030 Sphere 0.00580408 0.00328984 0.00329502 0.000203141
5031 Sphere 0.00523635 0.00428023 0.00573709 0.000173937
5032 Sphere 0.00498304 0.00222324 0.00528344 0.000181658
5033 Sphere 0.00172181 0.00385479 0.00260482 0.000164998
5034 Sphere 0.00402635 0.00278769 0.00179859 0.000190561
5035 Sphere 0.00135028 0.000271075 0.00030927 0.000217371
5036 Sphere 0.000541388 0.000791009 0.00467297 0.000197711
5037 Sphere 0.00130783 0.00533256 0.00331876 0.000160219
5038 Sphere 0.00549079 0.00665525 0.000289105 0.000200459
5039 Sphere 0.00377744 0.000750244 0.00317771 0.00017749
5040 Sphere 0.00547709 0.00305077 0.00213549 0.000225879
5041 Sphere 0.00157428 0.0032803 0.00354483 0.000188284
5042 Sphere 0.00491215 0.00212409 0.00439413 0.000174019
5043 Sphere 0.000814625 0.00279592 0.00117148 0.00017117
5044 Sphere 0.00610288 0.00251881 0.000183151 0.000160118
5045 Sphere 0.000723813 0.00020213 0.000906176 0.000209682
5046 Sphere 0.00340866 0.00219596 0.00528456 0.000202058
5047 Sphere 9.15663e-05 0.00512381 0.00389124 0.00016634
5048 Sphere 0.00299945 0.00133467 0.00589678 0.000172563
5049 Sphere 0.00654016 0.0051521 0.00208942 0.000213717
5050 Sphere 0.00573831 0.00521226 0.00207926 0.000177426
5051 Sphere 0.00563078 0.00608358 0.00349252 0.000189073
5052 Sphere 0.00438447 0.00532492 0.00140861 0.000192385
5053 Sphere 0.00164636 0.00629546 0.00341238 0.000161565
5054 Sphere 0.00157497 0.00488132 0.00473268 0.000177144
5055 Sphere 0.00586194 0.00567459 0.00600401 0.000195197
5056 Sphere 0.00609279 0.00193671 0.00452035 0.000167544
5057 Sphere 0.000267829 0.00273549 0.000634866 0.000189351
5058 Sphere 0.00237374 0.00564664 0.0057629 0.000186229
5059 Sphere 0.00125471 0.00493839 0.00487573 0.000178239
5060 Sphere 0.00272379 0.00104286 0.000213052 0.000192506
5061 Sphere 0.00334285 0.0009133 0.00607581 0.000164605
5062 Sphere 0.0050274 0.00171673 0.00162126 0.000177467
5063 Sphere 0.00439051 0.00277734 0.00481947 0.0002036
5064 Sphere 0.00311136 0.00602581 0.00185669 0.000180774
5065 Sphere 0.00211446 0.00349686 0.00495279 0.000215843
5066 Sphere 0.00170692 0.000340199 0.00533566 0.000207565
5067 Sphere 0.000757028 0.0055643 0.00181495 0.000186208
5068 Sphere 0.00563194 0.00505391 0.000965106 0.000187543
5069 Sphere 0.00527762 0.0007637 0.00437154 0.000216819
5070 Sphere 0.000885591 0.0055241 0.00011136 0.000180332
5071 Sphere 0.00605538 0.00300161 0.0054497 0.000175605
5072 Sphere 0.00181859 0.000360601 0.000503567 0.000164978
5073 Sphere 0.00626494 0.000392985 0.000381868 0.000163679
5074 Sphere 0.00069685 0.00122884 0.00587339 0.000185826
5075 Sphere 0.00542005 0.00295514 0.00485799 0.000166368
5076 Sphere 0.00623871 0.00351219 0.00100832 0.000183985
5077 Sphere 0.00558766 0.00590863 0.00611678 0.000182829
5078 Sphere 0.00617764 0.00399847 0.00430411 0.00019263
5079 Sphere 0.000750745 0.00482079 0.00094218 0.000174401
5080 Sphere 0.00607203 0.0012388 0.00117218 0.000193016
5081 Sphere 0.0060679 0.00620431 0.00260517 0.000166426
5082 Sphere 0.00481745 0.00188092 0.000684691 0.000186196
5083 Sphere 0.000633133 0.00257662 0.00347166 0.00021705
5084 Sphere 0.00586039 9.08043e-05 0.00457432 0.000191338
5085 Sphere 0.00359082 0.00391124 0.00567924 0.0001754
5086 Sphere 0.00304246 0.00640529 0.00299408 0.000186887
5087 Sphere 0.00336633 0.00517975 0.00064024 0.00017141
5088 Sphere 0.0063695 0.00374174 0.00157941 0.000187496
5089 Sphere 0.00438789 0.00440685 0.000448429 0.000180854
5090 Sphere 0.00628141 0.00507794 0.000682926 0.000171913
5091 Sphere 0.00223878 0.00667998 0.000211062 0.00016671
5092 Sphere 0.00652117 0.00046892 0.0025051 0.000192419
5093 Sphere 0.0019708 0.0017679 0.00623877 0.000163205
5094 Sphere 0.00403819 0.00636757 0.00248025 0.000161259
5095 Sphere 0.0046305 0.00445547 0.00350828 0.000169442
5096 Sphere 0.00539073 0.0023306 0.0031947 0.000161275
5097 Sphere 0.00512882 0.00439317 0.00508161 0.000180789
5098 Sphere 0.000324687 0.00254575 0.00194803 0.00018463
5099 Sphere 0.00515053 0.006367 0.0035605 0.00016798
5100 Sphere 0.00476351 0.00257758 0.0013251 0.000197837
5101 Sphere 0.00210905 0.00125958 0.000688045 0.000179569
5102 Sphere 0.00358929 0.000474559 0.00438994 0.000188007
5103 Sphere 0.00332073 0.00645927 0.00227422 0.000189606
5104 Sphere 0.00217503 0.00587329 0.0010711 0.000167701
5105 Sphere 0.00273339 0.00478055 0.00220517 0.000173733
5106 Sphere 0.00332791 0.00342363 0.00575764 0.000192432
5107 Sphere 0.00405312 0.00106039 0.00548833 0.000179561
5108 Sphere 0.00502437 0.00491373 0.00186665 0.000194794
5109 Sphere 0.00371575 0.00409435 0.000719336 0.000173569
5110 Sphere 0.00443966 0.00169579 0.00127098 0.000228584
5111 Sphere 0.0059081 0.00263337 0.0056847 0.000211726
5112 Sphere 0.00138472 0.00323853 0.00124446 0.000181002
5113 Sphere 0.0046725 0.00190302 0.00453337 0.000180794
5114 Sphere 0.0026971 0.0027102 0.00120415 0.000202142
5115 Sphere 0.006214 0.00670813 0.00457354 0.000177593
5116 Sphere 0.00241156 0.00440669 0.00405641 0.000191446
5117 Sphere 0.000588724 0.00629545 0.00329461 0.000163072
5118 Sphere 0.00667542 0.00459478 0.00511011 0.000203169
5119 Sphere 0.00546813 0.00578226 0.00038491 0.000188809
5120 Sphere 0.00606256 0.00255995 0.00386652 0.000217679
5121 Sphere 0.00550492 0.00383304 0.00330933 0.000196319
5122 Sphere 0.00591247 0.00402941 0.00179449 0.000161908
5123 Sphere 0.000555697 0.00385863 0.00364347 0.00018585
5124 Sphere 0.00592405 0.0045872 0.0017735 0.000178176
5125 Sphere 0.00262011 0.00366857 0.0027014 0.000161656
5126 Sphere 0.00509634 0.00496466 0.000806302 0.000166248
5127 Sphere 0.00612303 0.00609401 0.00123815 0.000180894
5128 Sphere 0.00205655 0.000686084 0.00247853 0.000221823
5129 Sphere 0.00123709 0.00340359 1.60579e-05 0.000173272
5130 Sphere 0.00185685 0.0013917 0.00435896 0.000184792
5131 Sphere 0.00381364 0.0041074 0.00164906 0.000174401
5132 Sphere 0.00257412 0.00365834 0.00222838 0.000161946
5133 Sphere 0.00117411 0.00279042 0.00433867 0.000202187
5134 Sphere 0.00213739 0.00238762 0.00443029 0.000182435
5135 Sphere 0.00265967 0.00208675 0.00426607 0.000177143
5136 Sphere 0.00263013 0.00107668 0.00435677 0.000163284
5137 Sphere 0.00017858 0.00315172 0.00370695 0.000194799
5138 Sphere 0.000989493 0.00496314 0.00382822 0.000197374
5139 Sphere 0.00548643 0.000597642 0.000717617 0.000161203
5140 Sphere 0.00175813 0.00135176 0.0056069 0.000169019
5141 Sphere 0.00264077 0.00132902 0.00307895 0.000180293
5142 Sphere 0.00322191 0.00147602 0.00527982 0.000222216
5143 Sphere 0.00607485 6.4952e-05 0.00337797 0.000196222
5144 Sphere 0.00095417 0.000125042 0.00476016 0.000162576
5145 Sphere 0.00101743 0.00228371 0.00222494 0.000213238
5146 Sphere 0.00567558 0.00336549 0.00404991 0.000179748
5147 Sphere 0.00359464 0.000326482 0.000371849 0.000174484
5148 Sphere 0.00262851 0.00319553 0.00430627 0.000164723
5149 Sphere 0.000437517 0.000513358 0.00407329 0.00017228
5150 Sphere 0.00257552 0.0034005 0.00200023 0.000167669
5151 Sphere 0.00345476 0.00603492 0.00130761 0.000236954
5152 Sphere 0.00289282 0.00132805 0.00245337 0.000163094
5153 Sphere 0.00646447 0.000449363 0.00211108 0.000207399
5154 Sphere 0.00363612 0.00570137 0.00508017 0.000177218
5155 Sphere 0.00256825 0.000660903 0.00379197 0.000237785
5156 Sphere 0.00640425 0.00607697 0.0021061 0.000166926
5157 Sphere 0.00334255 0.00642805 0.0012271 0.000179546
5158 Sphere 0.00635614 0.000942534 0.00595014 0.000174707
5159 Sphere 0.000903136 0.000494096 0.00106938 0.000170338
5160 Sphere 0.00357269 0.0026005 0.00263248 0.000163003
5161 Sphere 0.00256899 0.00426197 0.000450883 0.000171607
5162 Sphere 0.00302891 0.00401859 0.00476226 0.000230737
5163 Sphere 0.00222428 0.00260218 0.00577533 0.000172887
5164 Sphere 0.0047674 0.00139104 0.00021616 0.000173725
5165 Sphere 0.00089789 0.00364778 0.00511468 0.000163151
5166 Sphere 0.00555845 0.00631526 0.00565019 0.000170704
5167 Sphere 0.000891627 0.00299147 0.00521774 0.00021396
5168 Sphere 0.00449428 0.00163551 0.0019306 0.00017823
5169 Sphere 0.000429609 0.00443808 0.000595119 0.000184418
5170 Sphere 0.00177 0.00311437 0.00598341 0.000209797
5171 Sphere 0.000586002 0.00538887 0.000854524 0.000183592
5172 Sphere 0.00584296 0.00508356 0.00439983 0.000204694
5173 Sphere 0.00461802 0.00250464 0.00524826 0.000173942
5174 Sphere 0.0017146 0.00653607 0.00153703 0.000204459
5175 Sphere 0.00430738 0.00210945 0.000368439 0.000167291
5176 Sphere 0.00586482 0.00174646 0.00522257 0.000189318
5177 Sphere 0.00545555 0.00115264 0.00211252 0.000181429
5178 Sphere 0.0030993 0.0048404 0.00435379 0.000174486
5179 Sphere 0.00379761 0.00547591 0.00574754 0.000171822
5180 Sphere 0.00265175 0.000190923 0.00292797 0.000166717
5181 Sphere 0.00612926 0.00464322 0.00409882 0.000218952
5182 Sphere 0.000600047 0.000461387 0.00186273 0.000223268
5183 Sphere 0.000774202 0.004045 0.00267152 0.000193898
5184 Sphere 0.00350835 0.00453916 0.00435163 0.000180348
5185 Sphere 5.52672e-05 0.00174425 0.00510062 0.000222901
5186 Sphere 0.00365028 0.00272877 0.00611968 0.000162524
5187 Sphere 0.00351176 0.00599355 0.00405254 0.000193449
5188 Sphere 0.00441627 0.00191995 0.00092473 0.000186348
5189 Sphere 0.0055548 0.00641041 0.00467206 0.000170122
5190 Sphere 0.0051381 0.000831833 0.000480544 0.000199621
5191 Sphere 0.00160775 0.00290336 0.00102597 0.0002035
5192 Sphere 0.00186462 0.00233731 0.00203555 0.000183515
5193 Sphere 0.00244869 0.00540762 0.000633599 0.000169187
5194 Sphere 0.00111998 0.00100267 0.00131339 0.000229608
5195 Sphere 0.00616079 0.00415683 0.00618701 0.000160828
5196 Sphere 0.0029685 0.00295734 0.00526189 0.000202
5197 Sphere 0.000981011 0.00357022 0.000377024 0.000175984
5198 Sphere 0.00636362 0.000731838 0.0044981 0.00016796
5199 Sphere 0.00599902 0.00444095 0.00510063 0.000166233
5200 Sphere 0.0017337 0.00110915 0.00165112 0.000185451
5201 Sphere 0.000858302 0.00449702 0.00346898 0.000165803
5202 Sphere 0.00364279 0.00320629 0.00192698 0.000220416
5203 Sphere 0.00409995 0.00490558 0.00256654 0.000183745
5204 Sphere 0.00204915 0.00521486 0.00313139 0.000188975
5205 Sphere 0.00623631 0.00144833 0.00379035 0.000165947
5206 Sphere 0.000720071 0.00259796 0.00213649 0.000228401
5207 Sphere 0.00604575 0.00518925 0.0011914 0.000161733
5208 Sphere 0.00615695 0.0036357 0.0047454 0.000170871
5209 Sphere 0.00139234 0.00175371 0.00353657 0.000176146
5210 Sphere 0.00493338 0.00546638 0.00221072 0.000161753
5211 Sphere 0.00480388 0.00420977 0.00414004 0.000199478
5212 Sphere 0.00338739 0.00039751 0.00140682 0.000213745
5213 Sphere 0.00642269 0.00554564 0.00363658 0.000164586
5214 Sphere 0.000759393 0.00554359 0.00323995 0.000187048
5215 Sphere 0.00513077 0.00198099 0.000497847 0.000192487
5216 Sphere 0.00552574 0.00433113 0.00590769 0.000165829
5217 Sphere 0.00396254 0.00207906 0.000445439 0.000164005
5218 Sphere 0.000344048 0.00098744 0.0049789 0.000216134
5219 Sphere 0.000226986 0.00124436 0.000946335 0.000215336
5220 Sphere 0.00394993 0.000828709 0.00473488 0.000167758
5221 Sphere 0.002487 0.00670895 0.0049639 0.000169967
5222 Sphere 0.00280255 0.00596645 0.00105307 0.000180008
5223 Sphere 0.00204074 0.00514833 0.00552502 0.000195215
5224 Sphere 0.00352989 0.00210115 0.00494731 0.00016936
5225 Sphere 0.00377034 0.000579404 0.0035526 0.000182856
5226 Sphere 0.00643401 0.000465003 0.000756703 0.000207076
5227 Sphere 0.00331286 0.00302208 0.00139788 0.000188985
5228 Sphere 0.00233137 0.000429202 0.00354708 0.000175211
5229 Sphere 0.00444845 0.00478501 0.000490609 0.000174668
5230 Sphere 0.000525034 0.003119 0.00123584 0.000175354
5231 Sphere 0.00613466 0.00599499 0.000912103 0.000160233
5232 Sphere 0.00553471 0.00272228 0.00236682 0.000181889
5233 Sphere 0.0020397 0.000133465 0.00041213 0.000164941
5234 Sphere 0.00374192 0.00011576 0.00489817 0.000206317
5235 Sphere 0.0022519 0.00204052 0.00206169 0.00018233
5236 Sphere 0.00120942 0.00141321 0.00297636 0.000174716
5237 Sphere 0.00552628 0.003595 0.00382939 0.000169837
5238 Sphere 0.000781629 0.00646864 0.00400562 0.000172689
5239 Sphere 0.00510212 0.000205582 0.00240939 0.000179717
5240 Sphere 0.000102064 0.000319999 0.000734293 0.000167682
5241 Sphere 0.005837 0.00137925 0.000935498 0.000164064
5242 Sphere 0.00498623 0.00229154 0.00107336 0.000182943
5243 Sphere 0.00651187 0.00279864 0.00339748 0.000219227
5244 Sphere 0.00422766 0.00329029 6.2581e-05 0.000197363
5245 Sphere 0.00313176 0.00200984 0.000642801 0.000179353
5246 Sphere 0.00460831 0.00336751 0.00346907 0.000162394
5247 Sphere 0.0061879 0.000479148 0.00137755 0.00016596
5248 Sphere 0.00477535 0.00405733 0.00192325 0.000171334
5249 Sphere 0.00399069 0.000261774 0.00553296 0.000183175
5250 Sphere 0.00379163 0.00490127 0.00570681 0.000198205
5251 Sphere 0.00663554 0.00417899 0.00537605 0.000168364
5252 Sphere 0.00481396 0.00662362 0.000495622 0.000161953
5253 Sphere 0.00367692 0.00558305 0.00266919 0.000237386
5254 Sphere 0.00622553 0.00221679 0.00610161 0.000174695
5255 Sphere 0.00124069 0.00307695 0.00183885 0.00021972
5256 Sphere 0.00499676 0.00345246 0.00505532 0.00017076
5257 Sphere 0.0028945 0.00562528 0.00239217 0.000177701
5258 Sphere 0.00145003 0.00430355 0.00356682 0.000162949
5259 Sphere 0.00044889 0.00534467 0.00542717 0.000203829
5260 Sphere 0.00309721 0.00264841 0.000603732 0.0001664
5261 Sphere 0.00660601 0.00249026 0.00109216 0.000170909
5262 Sphere 0.00230171 0.00118873 0.00254763 0.000170447
5263 Sphere 0.00324516 0.00161206 0.00172326 0.00017165
5264 Sphere 0.00213091 0.000366022 0.00598747 0.000224879
5265 Sphere 0.00302534 0.000746087 0.00550792 0.00021532
5266 Sphere 0.00278016 0.00422344 0.000182769 0.000171892
5267 Sphere 0.0039207 0.000314415 0.00609066 0.000178759
5268 Sphere 0.00624432 0.00502974 0.00492038 0.000202715
5269 Sphere 0.00413195 0.00435585 0.000668774 0.000161244
5270 Sphere 0.00556177 0.00550868 0.00134778 0.000238733
5271 Sphere 0.00665077 0.00201659 0.00160671 0.000186493
5272 Sphere 0.00064865 0.0035292 0.00420797 0.000230262
5273 Sphere 0.00460564 0.00655961 0.000220052 0.000187935
5274 Sphere 0.00598207 0.00353177 0.000278973 0.000205936
5275 Sphere 0.000352286 0.000314385 0.00578706 0.000160561
5276 Sphere 0.00610335 0.00626898 0.00599407 0.000209207
5277 Sphere 0.00407801 7.2405e-05 0.000738531 0.000187176
5278 Sphere 1.65519e-05 0.000946986 0.00585718 0.000175196
5279 Sphere 0.00558004 0.000960628 0.00285985 0.000176554
5280 Sphere 0.004956 0.00169787 0.00269419 0.000165237
5281 Sphere 0.00165809 0.00480199 0.00509706 0.000206046
5282 Sphere 0.0044903 0.00596756 0.00274161 0.000203299
5283 Sphere 0.0023676 0.000507043 0.00162483 0.000194733
5284 Sphere 0.000432262 0.00140446 0.00613804 0.000218787
5285 Sphere 0.00130927 0.00157005 0.0047187 0.000206851
5286 Sphere 0.00492504 0.0007761 0.00323659 0.000162413
5287 Sphere 0.0030428 0.0015315 0.000529094 0.000213042
5288 Sphere 0.00312503 0.00628972 0.00148256 0.000184441
5289 Sphere 0.00201292 0.00035712 0.00111909 0.000166917
5290 Sphere 0.00110773 0.00148748 0.000572232 0.00016812
5291 Sphere 0.00339533 0.00079616 0.00530608 0.000210096
5292 Sphere 0.00383268 0.00143956 0.000910858 0.000189474
5293 Sphere 9.25085e-05 0.00602333 0.00552325 0.000198349
5294 Sphere 0.000767724 0.000981342 0.00514942 0.000212395
5295 Sphere 0.0041913 0.000802649 0.00307916 0.000162083
5296 Sphere 0.0027478 0.00264902 0.00529647 0.000179251
5297 Sphere 0.00241952 0.0024191 0.00418625 0.00018638
5298 Sphere 0.00427305 0.00120803 0.0013541 0.00020225
5299 Sphere 0.0031202 0.00313174 0.00581412 0.000170683
5300 Sphere 0.00403415 0.00642056 0.00285111 0.000180585
5301 Sphere 0.000465135 0.00576811 0.000390742 0.000167187
5302 Sphere 0.000437927 0.000117686 0.00209932 0.000224965
5303 Sphere 0.00614263 0.00351391 0.00365036 0.00018465
5304 Sphere 0.00376417 0.00532111 0.00385788 0.000181157
5305 Sphere 0.00199656 0.00242114 0.00351122 0.000185711
5306 Sphere 0.00506451 0.00051836 3.57571e-05 0.000170519
5307 Sphere 0.00422892 0.00216282 0.00378398 0.000173454
5308 Sphere 0.00492316 0.00382546 0.00257054 0.000164047
5309 Sphere 0.00158688 0.00199618 0.000783562 0.000191866
5310 Sphere 0.00275134 0.000990973 0.0031001 0.000177361
5311 Sphere 0.00273476 0.00166892 0.00457809 0.0001996
5312 Sphere 0.00527163 0.00206901 0.00100206 0.000186116
5313 Sphere 0.0030541 0.00579396 0.00607145 0.000206575
5314 Sphere 0.00367996 0.00177161 0.00376033 0.000170225
5315 Sphere 0.00137964 0.00118023 0.00201436 0.000174399
5316 Sphere 0.00168622 0.00251427 0.00364286 0.000164217
5317 Sphere 0.0011497 0.00128285 0.00528414 0.000179468
5318 Sphere 0.00405222 0.0046516 0.00365528 0.000178449
5319 Sphere 0.00348243 0.00498145 0.00106737 0.000179362
5320 Sphere 0.00554452 0.000104222 0.00376905 0.000173244
5321 Sphere 0.0057699 0.000140484 0.00225875 0.000197357
5322 Sphere 0.00145279 0.00490135 0.00372289 0.000229444
5323 Sphere 0.00240219 0.00136263 0.00620642 0.000207631
5324 Sphere 0.000998344 0.00186187 0.00576905 0.000181275
5325 Sphere 0.00406495 0.00274036 0.00116759 0.000185325
5326 Sphere 0.00132609 0.00237483 0.00422998 0.000174556
5327 Sphere 0.00525038 0.0006568 0.00378013 0.000165305
5328 Sphere 0.00623686 2.90571e-06 0.00417256 0.0001838
5329 Sphere 0.00516231 0.00155162 0.000615602 0.000172822
5330 Sphere 0.00096918 0.00574559 0.00393625 0.000190951
5331 Sphere 0.00578569 0.00149418 0.00413757 0.000177595
5332 Sphere 0.00355741 8.6714e-05 0.00213927 0.000197951
5333 Sphere 0.00114971 0.00306746 0.0014532 0.000177327
5334 Sphere 0.00615768 0.00594455 0.000366607 0.000199172
5335 Sphere 0.00216623 0.00475669 0.00456843 0.000195785
5336 Sphere 0.00163622 0.00391104 0.00196775 0.000175766
5337 Sphere 0.00320098 0.00396964 0.00352527 0.000173594
5338 Sphere 0.00273846 0.00441834 0.000875852 0.000201616
5339 Sphere 0.00519965 0.00497027 0.00220268 0.000185337
5340 Sphere 0.0048548 0.000858659 0.0029231 0.000171671
5341 Sphere 0.000986085 0.00243187 0.00532874 0.000171922
5342 Sphere 0.00435033 0.00336225 0.00210478 0.000175444
5343 Sphere 0.00652624 0.00365293 0.00538419 0.000166715
5344 Sphere 0.000351925 0.00108366 0.00589919 0.000189602
5345 Sphere 0.00112829 0.00486217 0.000898749 0.000160853
5346 Sphere 0.00491362 0.00421472 0.000603394 0.000163514
5347 Sphere 0.00110033 0.00181587 0.00446339 0.000204801
5348 Sphere 0.00533421 0.00162587 0.000299022 0.000196636
5349 Sphere 0.000592647 0.00112576 0.00225877 0.000162992
5350 Sphere 0.000704682 0.000558953 0.00263126 0.000192705
5351 Sphere 0.000955401 0.00499742 0.00274736 0.000197076
5352 Sphere 0.000446837 0.00501695 0.00142232 0.00017165
5353 Sphere 0.00557572 0.00385004 0.000586887 0.000190307
5354 Sphere 0.00327198 0.00491934 0.00552898 0.000176584
5355 Sphere 0.00640337 0.0052275 0.00393601 0.000211906
5356 Sphere 0.000292281 0.0049292 0.00435733 0.000191665
5357 Sphere 0.00266946 0.0063909 0.00162257 0.000162006
5358 Sphere 0.00578575 0.00605635 0.00230769 0.000190923
5359 Sphere 0.00135892 0.00476336 0.00238793 0.000191356
5360 Sphere 0.00647858 0.00599103 0.00127606 0.000191431
5361 Sphere 0.00433846 0.00308681 0.00294681 0.000210422
5362 Sphere 0.00422085 0.00427035 0.000989462 0.00018356
5363 Sphere 0.000321468 0.00656446 0.00489619 0.000178529
5364 Sphere 0.00280675 0.00662707 0.00283857 0.000167003
5365 Sphere 0.00305897 0.00617853 0.00559189 0.000185563
5366 Sphere 0.00465381 0.00660205 0.00231057 0.00018163
5367 Sphere 0.0060073 0.0054851 0.00142993 0.000215092
5368 Sphere 0.00257193 0.00319923 0.00387469 0.000162769
5369 Sphere 0.00628945 0.00572554 0.00446869 0.000184337
5370 Sphere 0.00209126 0.00103514 0.00285086 0.000169696
5371 Sphere 0.0063463 0.00286355 4.23929e-05 0.000167306
5372 Sphere 0.00659415 0.000872914 0.00427603 0.000181855
5373 Sphere 0.00365894 0.00364168 0.00463028 0.000209998
5374 Sphere 0.000457352 0.00239678 0.00611378 0.000171472
5375 Sphere 0.000937395 0.000149498 0.00308091 0.000170041
5376 Sphere 0.00349478 0.0056259 0.000237567 0.000171562
5377 Sphere 0.00558625 0.000651879 4.62784e-08 0.000176721
5378 Sphere 0.000870071 0.00597993 0.00482282 0.000220835
5379 Sphere 0.00210032 0.00438168 0.00268173 0.000186453
5380 Sphere 0.00247398 0.00266472 0.00223905 0.000189414
5381 Sphere 0.00299709 0.000350894 0.00470868 0.000231878
5382 Sphere 0.00633667 0.00633786 0.00239107 0.00020079
5383 Sphere 0.00597487 0.00070869 0.0029845 0.000181185
5384 Sphere 0.00579924 0.00435421 0.00479524 0.000209136
5385 Sphere 0.00449263 0.00340865 0.00592424 0.000183087
5386 Sphere 0.00161933 0.000674293 0.00231077 0.000209812
5387 Sphere 0.00492068 0.00492568 0.00496552 0.00019826
5388 Sphere 0.00110707 0.00163285 0.00231307 0.000173604
5389 Sphere 0.000431053 0.000291985 0.00113624 0.000173578
5390 Sphere 0.000600994 0.00245881 0.0045031 0.000197816
5391 Sphere 0.00488103 0.0038983 0.000747239 0.000186611
5392 Sphere 0.00460501 0.00617431 0.00566402 0.000176907
5393 Sphere 0.00526147 0.00368653 0.00520161 0.000212174
5394 Sphere 0.00381838 0.00526399 0.0010529 0.000221641
5395 Sphere 0.00381604 0.00199853 0.00285415 0.000193169
5396 Sphere 0.00301587 0.00107498 0.00443634 0.000186748
5397 Sphere 0.00331023 0.004341 0.00528641 0.000161264
5398 Sphere 0.00324387 0.00550555 0.0049246 0.000179963
5399 Sphere 0.00222025 0.00190487 0.000792647 0.000165755
5400 Sphere 0.00648821 0.00306509 0.00512919 0.000220011
5401 Sphere 0.00575258 0.0015065 0.00320682 0.000204168
5402 Sphere 0.00313417 0.00334636 0.00140399 0.000167958
5403 Sphere 0.00467799 0.00543334 0.00117589 0.000168282
5404 Sphere 0.00129259 0.00392223 0.00381527 0.000163669
5405 Sphere 0.00262763 0.000452707 0.000102761 0.000161762
5406 Sphere 0.00412695 0.000985975 0.00196041 0.000177893
5407 Sphere 0.00580446 0.00468492 0.0033762 0.000160288
5408 Sphere 0.00234477 0.00360321 0.00593337 0.000176253
5409 Sphere 0.00337918 0.00028669 0.00571544 0.000188847
5410 Sphere 0.00277699 0.00230449 0.000126814 0.00018478
5411 Sphere 0.00348967 0.0050213 0.00184588 0.000162295
5412 Sphere 0.000593788 0.0047277 0.000436625 0.000161682
5413 Sphere 0.00632114 0.00223573 0.0050153 0.000173568
5414 Sphere 0.00402352 0.00288852 0.00349387 0.000174192
5415 Sphere 0.00530176 0.00591744 0.00341649 0.000187421
5416 Sphere 0.00189379 0.004818 0.00162463 0.000166375
5417 Sphere 0.00369394 0.0018943 0.00344886 0.000165706
5418 Sphere 0.00590549 0.00178712 0.00125896 0.000216242
5419 Sphere 0.00294247 0.00139239 6.75435e-05 0.000170682
5420 Sphere 0.0051864 0.00504933 0.00518629 0.000161705
5421 Sphere 0.000938779 0.00628092 0.00619212 0.00020786
5422 Sphere 0.00104188 0.00140353 0.00167675 0.000180638
5423 Sphere 0.00606837 0.000863447 0.00458708 0.000163323
5424 Sphere 0.00341299 0.00316714 0.00480179 0.000170837
5425 Sphere 0.000268761 0.00395058 0.00424633 0.000161314
5426 Sphere 0.00197633 0.00299459 0.00011696 0.000164718
5427 Sphere 0.0017101 0.00601721 0.000672162 0.000200705
5428 Sphere 0.00580379 0.00511926 0.00355149 0.00017484
5429 Sphere 0.00563022 0.000665577 0.00269354 0.00016642
5430 Sphere 0.00466698 0.00286913 0.00394526 0.000167773
5431 Sphere 0.00317472 0.00369172 0.00149685 0.000191968
5432 Sphere 0.00233586 0.00546945 0.0049125 0.000177957
5433 Sphere 0.00431684 0.00341806 0.00371685 0.000220389
5434 Sphere 0.00253986 0.00165347 0.00253942 0.000207757
5435 Sphere 0.00302638 0.000962687 0.00617624 0.000171137
5436 Sphere 0.00388969 0.00040391 0.000575663 0.000182128
5437 Sphere 0.00590159 0.00457597 0.00142265 0.000174571
5438 Sphere 0.00437 0.00265628 0.000979584 0.000182962
5439 Sphere 0.000825669 0.00658187 0.000667082 0.000178433
5440 Sphere 0.00437873 0.00511649 0.00258088 0.000166265
5441 Sphere 0.00217374 0.00116127 0.001692 0.000180614
5442 Sphere 0.00116894 0.0022349 0.00571935 0.000187715
5443 Sphere 0.0055693 0.00614489 0.000160426 0.000206633
5444 Sphere 0.00633716 0.00592014 0.00475118 0.000164252
5445 Sphere 0.00374274 0.00194221 5.13835e-05 0.000192382
5446 Sphere 0.00573095 0.000486271 0.00241155 0.000182814
5447 Sphere 0.00107785 0.00495248 0.000196092 0.000190093
5448 Sphere 0.00132298 0.00246034 0.00152923 0.000160373
5449 Sphere 0.00563552 0.00211786 0.00324237 0.000166937
5450 Sphere 0.00273182 0.00536969 0.00221638 0.000172728
5451 Sphere 0.00230026 0.0055903 0.000961318 0.000161386
5452 Sphere 0.00609725 0.00398426 0.000452102 0.000181916
5453 Sphere 0.000803486 0.00423177 0.00548316 0.000182824
5454 Sphere 0.00363047 0.00112233 0.00613023 0.000173747
5455 Sphere 0.00576401 0.00484136 0.00545059 0.000163548
5456 Sphere 0.00215552 0.00201215 0.000119063 0.000174377
5457 Sphere 0.00154302 0.00608302 0.00280075 0.000225473
5458 Sphere 0.00657749 0.000868554 0.00160989 0.000162314
5459 Sphere 0.00361398 0.000113187 0.00341456 0.000170148
5460 Sphere 8.08277e-05 0.00219559 0.00255849 0.000179389
5461 Sphere 0.00440288 0.0022969 0.000858539 0.000196751
5462 Sphere 0.00510334 0.00498775 0.00150295 0.000182781
5463 Sphere 0.00385166 0.00373939 0.00610691 0.000170488
5464 Sphere 0.00647386 0.00364284 0.000788492 0.000164437
5465 Sphere 6.86838e-05 0.00579171 0.00625446 0.000218727
5466 Sphere 0.00346092 0.00406216 0.00327771 0.000197321
5467 Sphere 0.00528344 0.00640264 8.13892e-05 0.000187238
5468 Sphere 0.00233687 0.000108392 0.00160635 0.000165955
5469 Sphere 0.0057442 0.00511064 0.0012946 0.000166773
5470 Sphere 0.00284886 0.000225201 0.00320279 0.00017334
5471 Sphere 0.000559948 0.00146478 0.00222145 0.00018052
5472 Sphere 0.0045391 0.00190133 0.00164853 0.000213699
5473 Sphere 0.00382922 0.00302205 0.000592015 0.000205284
5474 Sphere 0.0028124 0.00316225 0.000605403 0.000212478
5475 Sphere 0.0029245 0.000599975 0.00608124 0.000176802
5476 Sphere 0.00538032 0.000480227 0.00226406 0.000197889
5477 Sphere 3.4928e-05 0.00186645 0.00452734 0.000175894
5478 Sphere 0.00362692 0.0038176 0.00306109 0.000169466
5479 Sphere 0.00302178 0.00597975 0.00435234 0.000167832
5480 Sphere 0.00519302 0.000427932 0.00520808 0.000171123
5481 Sphere 0.00118774 0.00523006 0.000605278 0.000164877
5482 Sphere 0.000925334 0.00587964 8.45757e-06 0.000180668
5483 Sphere 0.00588785 0.00284679 0.00231255 0.000184936
5484 Sphere 0.00337319 0.00306774 0.00560005 0.000167248
5485 Sphere 0.00642489 0.00219141 0.00241969 0.000180974
5486 Sphere 0.000860869 0.000687614 0.00303561 0.0001747
5487 Sphere 0.00143818 0.00262238 0.0027697 0.000178769
5488 Sphere 0.000733299 0.00519277 0.00395837 0.000170207
5489 Sphere 0.00230107 0.000256563 0.00438011 0.000193419
5490 Sphere 0.00024183 0.000652012 0.00132812 0.000161258
5491 Sphere 0.00247947 0.00609149 0.000561487 0.000172683
5492 Sphere 0.00108357 0.000749034 0.00165676 0.000174716
5493 Sphere 0.0046621 1.76326e-05 0.00527451 0.00017044
5494 Sphere 0.00465259 0.00126676 0.00206035 0.000172523
5495 Sphere 0.00292731 0.00653437 0.000545195 0.000181815
5496 Sphere 0.00297402 0.00221352 0.00605561 0.000213821
5497 Sphere 0.00589174 0.00643534 0.00463387 0.000171014
5498 Sphere 0.00278316 0.00546412 0.00455289 0.000226292
5499 Sphere 0.00156742 0.00665169 0.00524621 0.000189878
5500 Sphere 0.00201174 0.00160142 0.00312397 0.00019808
5501 Sphere 0.000396649 0.00596939 0.00574003 0.00017912
5502 Sphere 0.00234575 0.00588554 0.0023471 0.000163537
5503 Sphere 1.97111e-05 0.00585223 0.00208879 0.000202626
5504 Sphere 0.0053356 0.00643888 0.00539245 0.000192288
5505 Sphere 0.00340731 0.00252443 0.00317453 0.000196351
5506 Sphere 0.000544581 0.00562768 0.00567826 0.000185518
5507 Sphere 0.00200699 0.0057276 0.00217332 0.000172026
5508 Sphere 0.0023603 0.00554183 0.00353392 0.000180942
5509 Sphere 0.00492913 0.00464531 0.00598024 0.000214911
5510 Sphere 0.00337427 0.000697022 0.00353328 0.000185633
5511 Sphere 0.00383781 0.00165163 0.00192415 0.000170414
5512 Sphere 0.00369675 0.00462248 0.00492837 0.000160597
5513 Sphere 0.00432011 9.62824e-05 0.00337855 0.000182894
5514 Sphere 0.000920066 0.000735505 0.00567219 0.000185271
5515 Sphere 0.00415828 0.00154146 0.00597564 0.0001875
5516 Sphere 1.66041e-05 0.0011216 0.00522981 0.000161294
5517 Sphere 0.00631999 0.00272111 0.00201383 0.000176472
5518 Sphere 0.00143326 0.00527132 0.00131448 0.000172954
5519 Sphere 0.000366083 0.00358638 0.00471973 0.000197145
5520 Sphere 0.00586548 0.00562127 0.00563756 0.000175541
5521 Sphere 0.00623459 0.00188544 0.00165518 0.000166936
