# idA idB nx ny nz Fn uN cellDistX cellDistY cellDistZ
1119 4998 0.0870432 0.546971 -0.832614 -0.0107479 -6.50497e-07 0 0 0
3 5363 0.190501 -0.968792 -0.158595 -0.0187238 -1.5439e-06 0 0 0
2740 740 0.420315 0.0308313 -0.906854 -0.00194341 -1.5965e-07 1 0 0
1119 5356 -0.014525 0.419829 0.907487 -0.0321963 -2.38912e-06 0 0 0
3173 1548 0.103793 -0.991992 0.0719667 -0.00618458 -5.25683e-07 0 0 0
285 4157 0.878412 0.324692 0.350668 -0.00377117 -2.69467e-07 1 0 1
2277 2110 0.798156 -0.598841 0.0658488 -0.00454419 -3.62471e-07 0 0 0
1615 65 -0.077295 0.194574 -0.977838 -0.0376277 -2.84977e-06 0 0 0
1491 367 0.365308 -0.686368 0.628848 -0.00949485 -8.83568e-07 0 0 0
4175 2350 0.150742 0.667492 0.729199 -0.0135201 -8.75748e-07 0 0 0
1314 262 0.976849 0.139974 -0.161783 -0.00454891 -4.03977e-07 0 0 0
878 3066 0.919003 0.346406 0.188247 -0.0175338 -1.13951e-06 0 0 0
3938 5123 0.461026 0.170766 -0.870801 -0.012497 -8.60619e-07 0 0 0
1314 4406 0.229502 -0.913211 0.336712 -0.00229106 -1.90596e-07 0 0 0
1965 3622 0.795561 0.383142 0.469344 -0.00330154 -2.74349e-07 0 0 0
4030 1026 0.114291 0.100013 -0.9884 -0.0101422 -7.67442e-07 0 0 -1
2941 5392 0.0988313 -0.0395885 -0.994316 -0.0175746 -1.28743e-06 0 0 0
2938 3911 -0.0188795 -0.0107953 -0.999763 -0.027989 -2.35583e-06 0 0 0
1785 663 -0.0374148 0.385733 -0.921851 -0.0358489 -2.65806e-06 0 0 0
1686 4585 0.469549 -0.78299 -0.407983 -0.0218701 -2.08389e-06 0 0 0
4072 2169 0.809582 0.557377 0.184143 -0.00167145 -1.55611e-07 0 0 0
703 3035 0.108382 -0.0451166 -0.993085 -0.0213228 -1.82882e-06 0 0 0
1686 5259 0.483282 0.385646 -0.785949 -0.0265257 -1.79718e-06 0 0 0
3109 3390 0.430913 -0.278162 -0.858452 -0.0106927 -6.65781e-07 0 0 0
722 3876 0.423757 -0.888278 -0.177179 -0.0147939 -1.17204e-06 0 0 0
2397 1744 0.5443 -0.540979 -0.641155 -0.0122682 -9.85288e-07 0 0 0
722 1737 0.00744578 -0.171177 0.985212 -0.00655284 -4.66863e-07 0 0 0
164 4876 -0.312355 -0.156216 -0.937033 -0.0251003 -1.77295e-06 0 0 0
4055 601 0.185181 -0.977705 0.0989972 -0.00161546 -1.21824e-07 0 0 0
4110 1934 -0.241745 -0.201698 -0.949145 -0.0151273 -1.14387e-06 0 0 0
2812 4143 0.409457 -0.25937 0.874684 -0.0231967 -1.99639e-06 0 0 0
2853 3393 0.368783 -0.922031 0.117719 -0.00800154 -6.5906e-07 0 0 0
2583 4638 -0.212175 0.3503 -0.912289 -0.011567 -9.46656e-07 0 0 0
4089 4908 0.639261 0.329681 0.694735 -0.00417423 -3.41427e-07 0 0 0
1087 3204 0.603107 0.0606311 -0.795353 -0.00307209 -2.19706e-07 1 0 -1
1087 2577 0.469321 0.882981 -0.00906017 -0.0107383 -7.91649e-07 0 0 0
2059 1803 0.091739 -0.358368 -0.929062 -0.0531004 -4.08377e-06 0 0 0
3642 5374 0.711028 -0.439863 0.548598 -0.00655422 -5.51284e-07 1 0 0
4905 4814 0.664695 0.652132 -0.364559 -0.0218559 -1.49439e-06 1 0 0
3855 5356 0.528907 -0.63482 -0.56326 -0.015639 -1.16834e-06 0 0 0
3080 1256 0.0395822 0.864479 -0.501107 -0.0191634 -1.27691e-06 0 0 0
1701 2292 0.164654 -0.0146974 -0.986242 -0.041776 -3.7707e-06 0 0 0
517 4143 0.427613 -0.458952 -0.778787 -0.00831914 -7.03166e-07 0 0 0
1198 2806 0.764818 0.393103 -0.510415 -0.00368905 -2.48554e-07 0 0 0
4291 3982 0.738134 -0.670895 0.0711245 -0.00309415 -2.36498e-07 0 0 0
1212 476 0.0342946 -0.0871754 -0.995602 -0.0178745 -1.22785e-06 0 0 0
1199 4927 -0.0609984 -0.853698 0.517184 -0.0165502 -1.40538e-06 0 0 0
4747 4998 0.390448 0.462696 0.795904 -0.0156242 -1.28859e-06 0 0 0
4747 3395 0.264825 0.49501 -0.827546 -0.00937165 -7.48571e-07 0 0 0
1795 5331 -0.771662 -0.473335 0.424844 -0.00213778 -1.55957e-07 0 0 0
3985 3804 0.67563 -0.676486 -0.293071 -0.0114182 -6.97632e-07 1 0 0
2246 430 0.985293 0.170083 -0.0164009 -0.00874947 -6.31249e-07 1 0 0
5219 4944 0.420143 0.0526983 -0.905926 -0.0236985 -1.40309e-06 1 0 0
4643 4657 0.129478 -0.553362 -0.822816 -0.010203 -7.27722e-07 0 0 0
960 3986 0.159517 0.335731 -0.928353 -0.0213529 -1.64524e-06 0 0 0
1499 1507 0.801775 -0.43094 -0.414062 -0.0261848 -2.24867e-06 1 0 0
4752 2692 0.149603 -0.988711 0.0083025 -0.00122273 -1.03782e-07 0 0 0
988 1079 0.50644 -0.229553 0.831158 -0.0107611 -9.2424e-07 0 0 0
395 5344 0.436353 -0.125014 -0.891049 -0.00935979 -6.9687e-07 0 0 0
1974 2132 0.249324 -0.811181 -0.528983 -0.000426899 -3.72516e-08 0 -1 0
498 2132 0.433528 0.430185 0.79183 -0.0144767 -8.73145e-07 0 0 0
988 1851 0.144891 -0.876704 -0.45869 -0.0164663 -1.37834e-06 0 0 0
241 2608 0.44258 -0.896687 0.00871237 -0.0106116 -8.08608e-07 0 0 0
3047 1104 -0.639435 -0.0433703 -0.767621 -0.00086575 -7.84403e-08 0 0 0
4628 2661 0.127809 -0.953933 -0.271435 -0.0070317 -5.02025e-07 0 0 0
1243 2732 0.38915 -0.54446 -0.743052 -0.0128787 -8.62663e-07 0 0 0
1365 4199 -0.324346 -0.138215 -0.935787 -0.00982541 -5.78326e-07 0 0 0
4643 2924 0.726144 0.599942 -0.335833 -0.0148668 -8.82455e-07 1 0 0
2959 792 0.423054 -0.905507 0.0329089 -0.00265135 -2.42361e-07 0 0 0
3783 3655 0.635352 -0.364388 -0.680844 -0.0163966 -1.22435e-06 0 0 0
2508 369 0.150027 0.612716 -0.775932 -0.0302118 -2.2713e-06 0 0 0
5331 42 -0.948549 0.304604 0.0864329 -0.0105198 -8.15065e-07 0 0 0
4747 1226 0.453001 -0.879393 0.146489 -0.00306685 -2.44093e-07 0 0 0
2487 778 0.918578 -0.33216 -0.214207 -0.000104912 -8.49348e-09 0 0 0
1923 1756 0.847914 -0.472565 0.240259 -0.00694832 -4.71891e-07 1 0 0
2500 3991 0.76952 -0.213789 -0.601775 -0.0150921 -1.32239e-06 0 0 0
1169 3918 -0.169162 0.304465 -0.937382 -0.0112003 -9.38316e-07 0 0 0
1057 1163 0.485622 -0.60014 -0.635613 -0.00124828 -6.91474e-08 0 0 0
4466 1225 0.199778 -0.979153 -0.0367186 -0.00942996 -6.75168e-07 0 0 0
347 1068 0.189649 -0.682879 -0.705485 -0.00278865 -2.57469e-07 0 0 0
2767 1401 0.0753893 -0.996751 -0.0283361 -0.00714385 -4.73603e-07 0 0 0
1808 3592 0.0375435 -0.143549 -0.988931 -0.0227472 -1.76151e-06 0 0 -1
2971 4034 0.56902 -0.749676 -0.337939 -0.0013233 -8.95936e-08 1 0 0
4378 4526 0.40156 0.906049 -0.13351 -0.00668202 -5.27173e-07 0 0 0
1 3668 0.534959 0.0669654 0.84222 -0.0266275 -2.19491e-06 0 0 0
2486 3543 -0.867217 -0.345364 0.35869 -0.0020047 -1.69827e-07 0 0 0
2359 2246 0.282628 0.5001 -0.818548 -0.0100601 -7.35078e-07 0 0 0
369 3705 0.341628 0.246569 -0.906914 -0.0438507 -3.46827e-06 0 0 0
5006 1974 -0.970992 0.217151 -0.100098 -0.00548563 -4.47903e-07 -1 0 0
2457 3822 -0.256982 0.434225 -0.86337 -0.00764085 -6.71399e-07 0 0 0
3139 430 0.652675 -0.435287 -0.620114 -0.00253864 -1.79626e-07 0 0 0
3188 2554 0.245953 0.910871 0.331393 -0.00699512 -5.46773e-07 0 0 0
1198 5425 0.308801 -0.37308 -0.874902 -0.0103612 -9.30667e-07 0 0 0
3188 3642 0.18388 0.553382 -0.812377 -0.0163429 -1.45731e-06 0 0 0
3979 705 0.110481 0.322875 0.939971 -0.0315046 -2.09173e-06 0 0 1
1923 4731 0.665612 -0.261157 -0.699112 -0.013029 -1.08132e-06 0 0 0
1198 3377 0.743162 -0.419163 0.521549 -0.0134939 -1.1653e-06 0 0 0
2829 4274 -0.127006 -0.103343 -0.986504 -0.00923111 -7.89532e-07 0 0 0
1133 5185 0.313662 -0.124691 -0.941312 -0.0191027 -1.11177e-06 0 0 0
2732 317 0.379627 -0.841337 0.384754 -0.0175489 -1.39412e-06 1 0 0
3219 5516 0.302541 -0.0259621 -0.952783 -0.00975407 -8.15806e-07 0 0 0
2677 3665 0.589143 -0.36486 -0.720964 -0.0132429 -1.09061e-06 0 0 0
4248 4834 0.0850592 -0.993533 -0.0752088 -0.00614535 -4.90639e-07 0 0 0
4669 3365 0.564442 0.483346 0.669165 -0.0144269 -1.09267e-06 0 0 0
3855 3434 0.810968 -0.424566 0.402584 -0.00588698 -4.31142e-07 1 0 0
3495 4723 0.063354 -0.745443 0.663552 -0.0126356 -1.04448e-06 0 0 0
3495 3309 0.115516 0.732282 -0.671132 -0.0161231 -1.13334e-06 0 0 0
3495 840 0.733083 -0.405142 -0.546305 -0.0031775 -2.34537e-07 0 0 0
3280 1242 -0.827733 -0.398573 0.394965 -0.00918437 -7.1318e-07 0 0 0
4271 5389 0.583212 -0.139032 -0.800334 -0.0228479 -1.72142e-06 0 -1 0
4271 1672 -0.117183 -0.297786 0.947413 -0.0257818 -1.91218e-06 0 -1 0
2312 1650 -0.948613 0.315735 -0.021067 -0.00673462 -4.65792e-07 0 0 0
1243 4034 0.972896 0.00647264 0.231155 -0.00868022 -5.59195e-07 1 0 0
257 2688 -0.0748553 0.350551 -0.933547 -0.000514751 -3.5717e-08 0 0 0
3292 1648 0.431234 0.270045 -0.860879 -0.0229004 -1.90377e-06 0 0 0
5344 1301 -0.124593 -0.983425 -0.131727 -0.00629427 -4.43105e-07 0 0 0
1737 2142 0.325476 -0.542463 0.774467 -0.000285865 -2.03189e-08 0 0 0
4114 3542 -0.622002 0.630152 0.464782 -0.00180548 -1.47447e-07 0 0 0
1737 3881 0.793082 -0.592756 -0.140219 -0.00154799 -1.09657e-07 0 0 0
3750 236 0.750413 0.278514 0.599425 -0.0144015 -1.35923e-06 1 0 0
3666 2004 0.282513 -0.737788 0.61307 -0.00333228 -2.29821e-07 0 0 0
498 2334 0.13757 -0.0709632 -0.987947 -0.003309 -3.07682e-07 0 0 0
860 3375 -0.240548 0.497843 0.83324 -0.0109404 -7.53801e-07 0 0 0
3763 5519 0.530189 0.654729 -0.53873 -0.0162724 -1.1305e-06 0 0 0
860 4716 0.349044 0.392585 -0.850909 -0.0345335 -2.36944e-06 0 0 0
1329 5501 0.673075 -0.436296 -0.597173 -0.0177036 -1.34766e-06 0 0 0
1822 540 0.582025 -0.717497 0.382681 -0.00744412 -6.08033e-07 0 0 0
3915 1495 0.771425 -0.550685 -0.318825 -0.0243891 -1.38184e-06 0 0 0
1558 2204 0.751199 0.386841 -0.534841 -0.00268302 -1.78839e-07 0 0 0
3915 3063 0.599655 0.635104 0.486885 -0.00968291 -9.17033e-07 0 0 0
3249 2841 0.532423 -0.726232 -0.434871 -0.00807189 -5.85833e-07 0 0 0
3915 5137 0.0760223 0.134973 0.987929 -0.0211343 -1.48956e-06 0 0 0
3937 543 0.323809 -0.874092 0.362093 -0.00177781 -1.32119e-07 0 0 0
1686 4426 -0.134705 -0.529532 0.837526 -0.00621813 -4.78681e-07 0 0 0
672 1413 0.555704 -0.413052 0.721513 -0.0117014 -9.65915e-07 0 0 0
5005 722 -0.226758 -0.535747 0.813361 -0.0129968 -1.04505e-06 0 0 0
1581 2586 0.679779 -0.110818 0.724996 -0.000502214 -4.14833e-08 0 0 0
3028 2029 -0.334064 -0.837493 0.432442 -0.00226122 -1.9162e-07 0 0 0
4616 2866 -0.123234 -0.0824973 -0.988943 -0.0234348 -1.98192e-06 0 0 0
5315 2174 -0.215662 -0.157405 -0.963698 -0.00532559 -4.12325e-07 0 0 0
4987 2501 0.541537 0.631927 -0.554441 -0.0157701 -1.02251e-06 0 0 0
3750 3069 0.447465 -0.780337 -0.436863 -0.00338815 -2.85056e-07 0 0 0
679 3189 -0.0805199 -0.958242 -0.274389 -0.0154183 -1.20421e-06 0 0 0
3281 1542 0.164378 0.636445 -0.753603 -0.00710387 -4.47924e-07 0 0 0
3658 4816 0.217467 0.319912 -0.922152 -0.0354444 -3.11347e-06 0 0 0
400 2573 0.860406 -0.457084 0.225333 -0.00461582 -3.76477e-07 1 0 0
395 5284 0.541311 0.776004 -0.323728 -0.0083825 -6.70421e-07 1 0 0
395 3083 0.713113 -0.700345 0.031415 -0.00830129 -6.14919e-07 1 0 0
3390 3627 0.414359 -0.351957 -0.839305 -0.00147966 -1.24944e-07 0 0 0
1119 1753 0.0268984 -0.880158 -0.473918 -0.00637105 -3.4787e-07 0 0 0
4643 4360 0.511857 -0.605261 0.609641 -0.0103499 -9.47368e-07 1 0 0
3285 3104 0.11285 0.115327 -0.986896 -0.0343072 -2.75704e-06 0 0 0
2465 1885 -0.974648 0.22362 0.00737153 -0.000204978 -1.68153e-08 0 0 0
2266 5098 0.358647 -0.912575 0.196416 -0.00376819 -2.78965e-07 0 0 0
1910 1225 0.167911 0.671457 0.72177 -0.0250612 -1.92779e-06 0 0 0
1910 2812 0.092797 -0.539824 0.836647 -0.0296867 -1.87135e-06 0 0 0
4010 976 0.327562 0.727265 -0.603149 -0.0198266 -1.3426e-06 0 0 0
4480 4367 0.053183 0.991467 0.119019 -0.014552 -1.00811e-06 0 0 0
1592 1856 0.431426 -0.881308 0.192791 -0.0223792 -1.72102e-06 0 -1 0
1910 2266 0.172727 0.342703 -0.923428 -0.0218482 -1.38112e-06 0 0 0
4940 3803 0.389848 0.147169 0.909044 -0.030049 -2.2888e-06 0 0 0
4940 3763 0.0663525 0.348989 -0.934775 -0.0162718 -1.26252e-06 0 0 0
2508 429 0.687401 0.438319 0.5791 -0.0271983 -2.41359e-06 0 0 0
1748 3294 -0.895897 0.259665 0.360475 -0.0164873 -1.39868e-06 0 0 0
2125 4303 -0.210445 -0.173945 -0.962006 -0.0231607 -1.48505e-06 0 0 0
588 3476 -0.89558 0.16989 0.411186 -0.0104289 -9.27147e-07 0 0 0
471 3761 0.579723 0.812359 -0.0632016 -0.0249102 -1.68329e-06 0 0 0
5057 3982 0.0792718 -0.512771 0.854858 -0.00827999 -6.53281e-07 0 0 0
2627 3318 0.706985 -0.55931 0.432833 -0.0125328 -9.2527e-07 0 0 0
3327 2554 0.0595669 -0.767547 -0.638219 -0.00601889 -4.46383e-07 0 0 0
1818 3165 0.051206 -0.831534 -0.553108 -0.00549069 -3.87804e-07 0 0 0
3327 4756 0.777749 0.339024 0.529309 -0.00108779 -9.11596e-08 1 0 1
2045 4184 -0.499112 -0.0999888 -0.860749 -0.0224625 -1.60235e-06 0 0 0
4378 4944 0.529152 -0.424451 0.734738 -0.0091527 -6.469e-07 1 0 1
2812 2146 0.85063 -0.513033 0.115003 -0.0130226 -1.05588e-06 0 0 0
586 5509 -0.928799 0.118808 0.351023 -0.00911278 -6.86539e-07 0 0 0
3988 5510 0.661233 -0.273438 -0.698572 -0.00309858 -2.40095e-07 0 -1 0
2777 4643 0.528796 0.624544 -0.574735 -0.00497333 -4.80418e-07 0 0 -1
2446 4008 -0.285591 -0.182658 -0.940784 -0.0211423 -1.4236e-06 0 0 0
4186 2755 0.803166 -0.502232 -0.320448 -0.00126055 -9.88781e-08 0 0 0
1648 4783 0.038823 0.30753 -0.950746 -0.0278639 -2.49864e-06 0 0 0
2003 1301 0.511202 -0.187119 -0.838844 -0.0217588 -1.64448e-06 0 0 0
3029 3797 0.623382 0.781755 0.0159673 -0.00267788 -2.27538e-07 0 0 0
5516 2291 0.866262 0.0566461 0.496368 -1.64153e-05 -1.29775e-09 0 0 0
1119 1150 0.538323 -0.798951 0.268115 -0.0176801 -1.63573e-06 0 0 0
2116 3518 -0.887779 0.182328 -0.422618 -0.0144679 -1.08608e-06 0 0 0
1912 2504 0.375617 -0.841681 0.387924 -0.00719282 -5.70917e-07 0 0 0
3908 4720 0.512475 -0.850845 0.115896 -0.00304026 -2.15945e-07 1 0 0
3062 395 0.69737 -0.493896 0.519367 -0.0110684 -9.20836e-07 0 0 0
3938 5272 0.569749 -0.652681 0.499393 -0.0012102 -9.13341e-08 0 0 0
3080 4814 0.788984 -0.613643 -0.0307612 -0.0100958 -7.18114e-07 1 0 0
674 144 -0.904055 -0.295909 -0.308418 -0.011086 -9.1251e-07 0 0 0
5460 3598 0.801133 0.257545 -0.540237 -0.00572716 -4.63331e-07 0 0 0
2066 652 -0.056882 -0.48508 -0.872618 -0.0186773 -1.57572e-06 0 0 0
51 3801 0.960516 0.0763453 -0.267545 -0.00907759 -5.1831e-07 0 0 0
1777 1343 0.623953 -0.754219 -0.204541 -0.00891033 -5.65857e-07 0 0 0
3375 3982 0.260964 0.466618 -0.845083 -0.00717594 -5.74435e-07 0 0 0
5124 5437 -0.064545 -0.108581 -0.99199 -0.00475057 -3.50061e-07 0 0 0
3982 1077 0.81196 -0.327341 0.483289 -0.00649289 -5.3599e-07 0 0 0
1069 4618 0.740988 -0.616568 -0.266046 -0.000295578 -2.16251e-08 0 0 0
792 3803 0.123128 0.665469 -0.7362 -0.00054219 -3.13723e-08 0 0 0
792 2554 -0.132801 -0.768096 0.626412 -0.00321312 -2.69505e-07 0 0 0
4494 53 0.96172 -0.209658 0.176462 -0.00169597 -1.62979e-07 0 0 0
2327 652 0.062066 0.921821 0.382614 -0.0121768 -9.29347e-07 0 0 0
3863 4117 0.024085 -0.0612598 -0.997831 -0.0014536 -1.07003e-07 0 0 0
2399 3116 -0.996261 -0.0108582 0.0857152 -0.00151751 -1.37022e-07 0 0 0
949 5169 0.667169 0.516104 0.537143 -0.00376971 -2.95301e-07 0 0 -1
3850 1648 0.00820339 0.92549 -0.378683 -0.00234931 -1.40052e-07 0 0 0
949 1735 0.612487 -0.637998 0.46671 -0.0147547 -1.15672e-06 0 0 0
5041 558 0.077415 0.380772 -0.921423 -0.000772016 -6.52161e-08 0 0 0
285 1329 0.209883 -0.111652 -0.97133 -0.0149181 -1.03594e-06 0 0 0
3556 1413 0.608632 0.112454 -0.785443 -0.00316829 -2.77232e-07 0 0 0
395 2723 0.863172 0.181173 0.471286 -0.00451191 -3.47478e-07 1 0 0
3367 1092 0.789963 0.42723 0.43981 -0.000830008 -6.68294e-08 0 0 0
299 3790 0.257693 0.172693 -0.950669 -0.0298112 -1.84737e-06 0 0 -1
650 3642 0.165991 -0.181644 0.969254 -0.0222321 -1.8777e-06 0 0 0
3985 1711 0.445723 -0.06753 0.89262 -0.0229877 -1.86899e-06 0 0 0
842 3876 0.556914 0.533665 0.636434 -0.0115134 -6.78059e-07 0 0 0
2363 3474 0.371081 0.138132 -0.918269 -0.00503499 -3.91517e-07 0 0 0
2490 1858 0.419737 -0.173526 -0.890904 -0.0194808 -1.62623e-06 0 0 0
2830 5013 -0.222611 -0.940724 -0.255896 -0.00581798 -3.82495e-07 0 0 0
1172 3395 0.45631 -0.798278 0.393107 -0.0159522 -1.19617e-06 0 0 0
36 1301 0.185678 0.534706 0.824387 -0.0127294 -9.28231e-07 0 0 0
36 3655 0.433366 0.624868 -0.64941 -0.0308945 -2.30494e-06 0 0 0
1172 4010 0.254706 0.709677 -0.656874 -0.0203058 -1.52494e-06 0 0 0
5185 1558 0.637796 -0.30633 0.706667 -0.0135558 -9.05158e-07 0 0 0
3935 3985 0.272867 -0.908897 -0.315356 -0.00625179 -4.01706e-07 0 0 0
1024 5218 0.542787 0.383875 0.747009 -0.00472762 -2.92221e-07 1 0 0
3668 3945 0.840986 -0.522823 -0.139277 -0.0173605 -1.27438e-06 1 0 0
4222 3908 0.403392 0.828634 0.388125 -0.00228194 -1.78231e-07 -1 0 0
2350 5425 0.337719 -0.878151 0.338817 -0.000776384 -6.9241e-08 0 0 0
2350 1753 0.484344 0.172488 -0.857705 -0.00624562 -4.1575e-07 0 0 0
1753 356 0.63464 0.716954 -0.288459 -0.00623194 -5.08246e-07 1 0 0
5240 3206 0.897717 0.422233 0.125793 -0.00598504 -5.03735e-07 1 1 0
1301 4929 0.651563 -0.679323 0.337617 -0.010421 -8.8675e-07 1 0 0
2482 4545 0.37231 -0.467016 0.802048 -0.0252168 -1.71083e-06 0 0 0
122 262 0.58375 -0.805384 -0.102922 -0.00132153 -1.12892e-07 0 0 0
1225 3249 0.471776 0.488926 0.733742 -0.0164184 -1.33667e-06 0 0 0
2882 3027 -0.923977 -0.375269 0.07375 -0.00331245 -2.65432e-07 0 -1 0
4271 4810 0.993413 0.0782714 0.0836947 -0.00425254 -3.38886e-07 1 0 0
4010 3737 0.621954 0.459125 0.634332 -0.021504 -1.74145e-06 0 0 0
722 888 0.779697 0.407529 0.475387 -0.0261833 -1.96456e-06 1 0 0
5356 2177 0.273334 0.645311 -0.713345 -0.00380075 -2.69144e-07 0 0 0
4436 2949 0.79664 -0.448486 -0.405246 -0.00599311 -5.39165e-07 1 0 0
1853 2956 0.0983587 0.762337 0.639662 -0.00892732 -7.93061e-07 0 0 0
3803 3660 0.771077 0.320377 0.550271 -0.0277037 -1.62758e-06 1 0 0
2242 4987 0.400155 -0.0119306 0.91637 -0.0314398 -2.62858e-06 0 0 0
3783 1301 0.392453 -0.47011 0.790555 -0.0120617 -8.84342e-07 0 0 0
846 557 0.0209132 -0.5389 -0.84211 -0.0123119 -9.95317e-07 0 0 0
3765 343 0.878356 0.462462 -0.120909 -0.00285425 -2.70808e-07 0 0 0
2554 3908 0.461224 -0.789433 0.405054 -0.00370124 -2.97266e-07 0 0 0
1102 1066 -0.903499 0.254005 -0.345211 -0.0027402 -1.99303e-07 0 0 0
2091 3481 -0.121481 0.258117 -0.958446 -0.00378079 -2.9879e-07 0 0 0
3296 3948 0.478543 -0.877756 -0.0232576 -0.00268621 -2.36668e-07 0 0 0
2989 3375 0.554839 0.795119 0.244823 -0.000463831 -3.35851e-08 0 0 0
2886 3298 0.901271 0.0019446 0.433252 -0.0101059 -7.77985e-07 0 0 0
1818 3948 0.724487 -0.0392396 0.68817 -0.00190485 -1.55994e-07 0 0 0
1084 4442 0.389611 -0.578223 -0.716841 -0.0178192 -1.38463e-06 0 0 0
999 1314 0.377077 -0.68892 0.619034 -0.00455885 -3.83362e-07 0 0 0
3296 1945 0.682568 -0.244428 -0.688735 -0.00911706 -8.56343e-07 1 0 0
4249 4723 0.632872 0.750241 -0.191342 -0.0281598 -2.22228e-06 0 0 0
4277 2624 0.444437 -0.1337 -0.885777 -0.00550689 -4.15124e-07 0 0 0
5456 303 -0.796678 -0.260337 0.545463 -0.00441189 -3.36927e-07 0 0 0
3556 3991 0.764219 -0.404281 0.50252 -0.00259416 -2.14302e-07 0 0 0
2455 2006 0.305646 -0.102166 -0.946648 -0.00711796 -5.01598e-07 0 0 0
2130 4230 0.724977 0.680537 0.106191 -0.0175341 -1.31959e-06 0 0 0
1910 2725 0.841814 0.539767 -0.000979468 -0.00645209 -4.20678e-07 0 0 0
3080 2732 0.48305 -0.281341 0.829162 -0.0221523 -1.37139e-06 0 0 0
3340 2425 0.424672 0.178939 -0.887488 -0.0170538 -9.81299e-07 0 0 0
1753 4545 -0.110222 -0.748503 -0.653907 -0.024886 -1.74639e-06 0 0 0
1753 1150 0.509563 0.233864 0.828042 -0.0172658 -1.58427e-06 0 0 0
1592 4368 0.990262 -0.121752 -0.0675126 -0.00314236 -2.17587e-07 0 0 0
4709 3705 0.188089 0.743136 0.642162 -0.0100207 -8.59721e-07 0 0 0
122 3365 0.10125 0.829097 -0.54986 -0.00701448 -6.00386e-07 0 0 0
2482 1343 0.746077 0.180984 -0.640792 -0.0159198 -9.26455e-07 0 0 0
803 1402 -0.90621 -0.334883 -0.258142 -0.00479366 -3.78841e-07 0 0 0
1401 946 -0.496278 0.335151 -0.800863 -0.01939 -1.2215e-06 0 0 0
3296 3665 0.258676 0.655616 0.709404 -0.0228118 -1.83049e-06 0 1 0
3296 3 0.12593 -0.400933 0.907411 -0.0293895 -2.83816e-06 0 0 0
1301 1727 0.930915 0.2631 0.253331 -0.0126802 -9.11324e-07 1 0 0
3399 705 0.137034 -0.891449 0.431903 -0.00715658 -5.49872e-07 -1 0 1
3642 1457 0.452658 0.701787 -0.550087 -8.99486e-05 -6.32857e-09 0 0 0
1829 3436 0.078329 -0.442212 -0.893484 -0.0102585 -6.38353e-07 0 0 0
3979 3668 0.21664 -0.279859 -0.935279 -0.0276081 -2.04547e-06 0 0 0
3395 3515 0.118752 -0.184302 -0.975669 -0.00233868 -2.1214e-07 0 0 0
4449 3327 0.206476 -0.909739 -0.360197 -0.00592201 -4.81278e-07 0 0 -1
429 2491 0.248145 0.337103 -0.908177 -0.0126307 -9.07548e-07 0 0 0
1302 36 0.788283 0.56882 -0.234635 -0.0173009 -1.43462e-06 0 1 0
943 1637 -0.312863 -0.00748229 -0.949769 -2.48872e-05 -2.06387e-09 0 0 0
740 1075 0.0434693 -0.988314 0.146101 -0.00331441 -2.79595e-07 0 0 0
4191 3206 0.745816 -0.0281253 -0.665558 -0.00258811 -1.87905e-07 1 0 0
398 2482 0.529518 0.666569 -0.524687 -0.00554319 -4.51729e-07 0 0 0
3666 2980 0.941539 -0.00582125 0.336855 -0.00114852 -8.05274e-08 1 0 0
3589 3487 0.0893371 -0.0231746 -0.995732 -0.00361003 -2.93926e-07 0 0 0
4944 3488 0.964729 -0.0515408 -0.258151 -0.00931836 -5.66481e-07 0 0 0
2657 2334 0.424429 -0.0874126 0.901232 -0.0120733 -1.12526e-06 0 0 0
2657 4406 0.316416 0.86638 -0.386349 -0.00229106 -1.8579e-07 0 1 0
1456 1744 -0.149042 -0.0537056 -0.987371 -0.0263949 -2.09335e-06 0 0 0
1425 778 0.401215 0.859384 0.316995 -0.000123059 -1.05935e-08 0 0 0
3365 4145 0.717525 -0.684604 -0.128356 -0.0124063 -7.96988e-07 0 0 0
2130 4989 0.897574 -0.32567 -0.297154 -0.0183561 -1.26358e-06 0 0 0
1822 27 0.532903 0.751267 0.389374 -0.00409228 -3.0703e-07 0 0 0
1256 3365 0.446821 -0.275122 -0.851269 -0.01486 -9.63949e-07 0 0 0
3985 4933 0.0387918 0.171806 -0.984367 -0.00253073 -2.30698e-07 0 0 0
3855 2006 0.601064 0.654814 -0.458193 -0.0125444 -9.7395e-07 0 0 0
2777 4449 0.197772 -0.979607 0.0354409 -0.00827159 -7.31598e-07 0 0 0
440 184 0.0643642 -0.147202 -0.98701 -0.011332 -8.54885e-07 0 0 0
3705 1958 0.514248 -0.683773 0.517691 -0.0148962 -1.26699e-06 0 0 0
5251 3750 0.721129 0.691569 -0.0412935 -0.00502572 -4.03761e-07 0 0 0
1648 1749 0.409782 0.169049 0.896382 -0.00241344 -1.87925e-07 0 0 0
3910 4239 0.162209 -0.116862 -0.979812 -0.0190726 -1.66331e-06 0 0 0
1101 4716 0.955964 -0.178073 -0.233286 -0.00960742 -6.48106e-07 0 0 0
540 3009 0.139808 -0.985676 -0.0943233 -0.0222874 -1.55628e-06 0 0 0
3672 3273 0.846106 -0.236508 0.47767 -0.00010064 -7.62116e-09 0 0 0
3188 4222 0.302829 -0.889383 0.34248 -0.00504512 -4.01065e-07 1 0 0
2456 5356 0.708795 0.351525 -0.611588 -0.00102585 -7.90152e-08 0 0 0
2456 2627 0.12246 -0.956965 0.263101 -0.000797951 -5.90372e-08 0 0 0
2422 5159 -0.953923 -0.231165 0.191296 -0.000199269 -1.60454e-08 0 0 0
959 2004 0.797964 -0.0751465 -0.598002 -0.00563552 -4.89298e-07 0 0 0
569 1851 0.204245 0.683483 0.70081 -0.0177723 -1.2775e-06 0 0 0
4175 4545 0.548063 0.0891423 -0.831674 -0.0189164 -1.29001e-06 0 0 0
1120 5425 0.739171 0.672672 -0.0337512 -0.00998485 -8.23488e-07 0 0 0
2065 3749 0.691228 -0.138273 -0.709284 -0.00104183 -7.27886e-08 0 0 0
182 2043 0.808244 0.581871 0.0903749 -0.0039049 -2.47593e-07 0 0 0
3876 3881 0.297347 0.198989 0.933803 -0.00682586 -5.38348e-07 0 0 0
4194 2960 0.849593 -0.525007 -0.0505948 -0.00543157 -4.76453e-07 0 0 0
4723 411 0.85249 0.513994 -0.0952453 -0.0201367 -1.75651e-06 1 0 0
4194 3069 0.482306 0.853182 0.198647 -0.00125795 -9.85427e-08 0 0 0
5005 1655 0.901718 -0.315751 0.295306 -0.00962148 -7.68074e-07 0 0 0
4089 1735 0.830558 0.476642 -0.288073 -0.0172317 -1.2019e-06 0 0 0
4998 3613 0.0752761 0.923489 0.376166 -0.0127877 -7.50295e-07 0 0 0
4998 3113 0.335269 0.560094 -0.757555 -0.0166788 -1.33664e-06 0 0 0
4089 2777 -0.154862 -0.638794 -0.753631 -0.00916256 -7.75429e-07 0 0 0
4998 3058 0.855807 -0.189186 0.48146 -0.0101514 -9.40572e-07 0 0 0
3441 5169 0.847843 -0.240521 -0.472559 -0.0155715 -1.18761e-06 0 0 -1
1678 2332 0.118015 0.219013 -0.968559 -0.0164193 -1.32537e-06 0 0 0
3936 4442 0.389532 0.555281 -0.734798 -0.00800864 -5.31769e-07 0 0 0
3936 3705 0.369061 -0.904516 0.213647 -0.0057113 -3.58378e-07 0 0 0
2132 5006 0.603226 0.557361 0.570497 -0.0123206 -7.88431e-07 1 1 0
1172 1459 0.816085 -0.171817 -0.551801 -0.0148306 -1.22007e-06 0 0 0
4728 2277 0.399705 0.440002 -0.804136 -0.00273108 -1.98597e-07 0 0 0
3395 2200 0.940191 -0.244159 0.237543 -0.01069 -9.10431e-07 0 0 0
4873 3909 0.0201265 -0.320197 -0.947137 -0.00819753 -4.75991e-07 0 0 -1
1158 2886 0.202308 0.269123 -0.941618 -0.00384767 -3.22856e-07 0 0 0
999 122 0.773245 0.3135 0.551189 -0.00212251 -1.7224e-07 0 0 0
3876 5352 0.369252 -0.852399 0.370229 -0.0168246 -1.44739e-06 0 0 0
1372 2737 0.561613 -0.328147 0.759546 -0.00770003 -5.98785e-07 0 0 0
3797 5374 0.594395 0.628816 0.501283 -0.00267788 -2.12493e-07 1 0 0
2309 878 0.495549 0.849728 0.179982 -0.00889382 -7.59986e-07 0 0 0
2309 1256 0.393723 -0.149088 -0.907059 -0.0158759 -1.36699e-06 0 0 0
569 3666 0.347846 -0.82533 -0.444786 -0.00552873 -3.95352e-07 0 0 0
2540 1577 -0.867244 -0.381382 0.320056 -0.00424643 -2.78135e-07 0 0 0
4796 2350 0.678686 0.576462 -0.455057 -0.00200923 -1.51618e-07 0 0 0
4938 672 0.405859 -0.566196 0.717426 -0.0129222 -9.6027e-07 0 0 0
3365 5471 0.536694 0.149747 0.830383 -0.00148824 -1.10399e-07 1 0 0
4404 5149 0.558365 0.754222 0.34551 -0.00013288 -1.06612e-08 1 1 0
799 5219 0.344265 0.562288 -0.751874 -0.0164203 -1.00368e-06 0 0 0
2992 4945 0.0902722 -0.0889045 -0.991941 -0.0421989 -3.31769e-06 0 0 0
799 4669 0.105547 0.558311 0.82289 -0.00331649 -2.72126e-07 0 0 0
1299 1256 0.0178644 -0.641566 0.76686 -0.0149593 -1.00425e-06 0 0 0
4442 2105 0.672269 -0.721193 -0.167139 -0.00279281 -1.77469e-07 1 0 0
2386 2359 0.207134 -0.125196 -0.970269 -0.0280035 -2.00482e-06 0 0 0
37 3 0.613891 0.578745 -0.536835 -0.0150203 -1.20661e-06 0 0 0
3749 2550 0.801422 0.390024 -0.453436 -0.00272986 -2.15164e-07 0 0 0
553 2752 0.177982 -0.506738 -0.843528 -0.00347336 -3.21929e-07 0 0 0
2164 5363 0.195454 0.557802 0.806632 -0.000372026 -3.05752e-08 0 0 0
4249 5213 -0.948408 -0.315969 -0.0261766 -0.0119617 -9.44607e-07 0 0 0
999 3617 0.666962 -0.557119 -0.494753 -0.0195917 -1.50912e-06 1 0 0
132 5178 -0.125038 0.0660055 -0.989954 -0.0200385 -1.69425e-06 0 0 0
3309 4618 0.121777 0.310371 0.942783 -0.0202095 -1.42129e-06 0 0 0
3309 2529 0.699364 0.642453 -0.31328 -0.00781417 -4.65009e-07 1 0 0
540 1909 0.891456 -0.43214 -0.136243 -0.0235806 -1.66828e-06 1 0 0
4054 1235 0.0748931 -0.328344 -0.941585 -0.00151549 -1.21088e-07 0 0 0
195 274 -0.201174 -0.976341 -0.079289 -0.00160974 -9.9483e-08 0 0 0
792 2884 0.984195 -0.0433148 -0.171711 -0.00398065 -2.3522e-07 1 0 0
2298 5184 0.157402 -0.96057 -0.229193 -0.00598717 -4.51456e-07 0 0 0
3366 5460 0.249187 0.842058 0.478376 -0.000807925 -6.23008e-08 0 0 0
1711 4820 0.698852 0.280195 -0.658101 -0.00839133 -6.65203e-07 1 0 0
2047 2340 0.183799 0.11793 -0.975864 -0.00736546 -5.10007e-07 0 0 0
2732 4438 0.869399 0.492354 0.0416383 -0.0108447 -7.32005e-07 0 0 0
5057 4756 0.584398 0.722815 -0.368806 -0.0100103 -7.19244e-07 1 0 0
1851 5029 0.596218 -0.395046 0.698901 -0.0109051 -7.67013e-07 0 0 0
1251 3009 0.83993 0.294295 0.45597 -0.0277073 -1.95069e-06 0 0 0
5490 300 0.177222 0.413884 -0.892912 -0.0204936 -1.62658e-06 0 0 0
3915 206 0.415436 -0.621347 0.664335 -0.0108432 -9.74495e-07 0 0 0
1767 1343 0.249869 -0.687763 0.681577 -0.00776122 -6.66746e-07 0 0 0
3375 2066 0.435256 -0.523962 0.732131 -0.00868273 -6.02515e-07 0 0 0
1818 3296 0.179069 0.772719 0.608966 -0.00563061 -3.66773e-07 0 0 0
1672 5302 0.600886 -0.309871 0.736828 -0.0184749 -1.53071e-06 0 0 0
1592 2496 0.480686 0.0360017 -0.876154 -0.0037712 -3.06493e-07 0 0 -1
2530 213 0.804486 -0.581811 0.119574 -0.00355391 -3.07788e-07 1 0 0
499 1811 -0.45493 0.0178291 -0.890349 -0.00629068 -6.12699e-07 0 0 0
2594 5057 0.741055 0.22982 0.630888 -0.00862694 -6.92999e-07 0 0 0
4907 77 0.19281 -0.514296 -0.835658 -0.0185916 -1.70136e-06 0 0 0
2078 3824 0.963291 0.0537594 0.263022 -0.0123696 -8.11694e-07 0 0 0
77 1105 0.73414 -0.305977 -0.606148 -0.0127002 -8.86388e-07 0 0 0
4367 1706 0.78583 -0.615416 -0.061102 -0.0134847 -1.18187e-06 1 0 0
4442 5010 0.490971 -0.0758205 -0.86787 -0.0212487 -1.69827e-06 1 0 0
475 2359 0.261694 -0.964991 -0.0175766 -0.00718997 -6.0731e-07 0 0 0
4566 1923 0.442558 0.375765 0.814213 -0.0133182 -9.80498e-07 0 0 0
5490 3617 0.0471831 0.314218 0.948178 -0.0315801 -2.89439e-06 1 0 0
3293 2235 0.645102 -0.755734 -0.112736 -0.00158433 -1.13499e-07 0 0 0
3330 4436 0.288063 -0.251318 -0.924045 -0.0137572 -9.65496e-07 0 0 0
2667 2599 0.943463 0.0974065 -0.316842 -0.00879993 -8.36494e-07 1 0 0
4709 3641 0.773284 -0.628224 -0.0858227 -0.00382862 -3.10382e-07 0 0 0
1923 2105 0.808238 0.550985 -0.207764 -0.00203454 -1.31831e-07 1 0 0
120 3941 0.635039 0.764327 0.111935 -0.00614384 -5.10749e-07 0 0 0
3139 452 0.417004 0.217701 0.882448 -0.0180841 -1.25116e-06 0 0 0
1472 1082 0.112456 -0.145897 -0.982887 -0.0158498 -9.49801e-07 0 0 0
4047 4677 0.888557 0.453546 -0.069013 -0.00730268 -5.9236e-07 1 0 0
1499 317 0.843622 0.535048 0.0450173 -0.0179113 -1.45431e-06 1 1 0
3936 1923 0.265696 -0.661996 -0.700833 -0.00211437 -1.43356e-07 0 0 0
4040 4940 0.00397522 0.921846 0.387536 -0.0189003 -1.3265e-06 0 0 0
5219 1075 0.747099 -0.421036 0.514366 -0.00773219 -4.94601e-07 1 0 0
4040 650 -0.0709008 -0.612393 0.787368 -0.0202113 -1.57959e-06 0 0 0
4494 3881 0.804318 0.586713 -0.0940266 -0.00848296 -6.82076e-07 0 0 0
1329 3668 0.533755 0.763912 -0.362689 -0.00433975 -3.26134e-07 0 0 0
4860 5098 0.324533 -0.0711269 0.943196 -0.00979814 -7.32926e-07 0 0 0
5301 468 0.813795 0.534516 0.2281 -0.0135798 -1.04942e-06 0 0 1
5425 3938 0.472793 -0.419097 -0.775129 -0.0119016 -1.01349e-06 0 0 0
2600 1753 0.563731 -0.766406 0.307945 -0.00759897 -5.34184e-07 0 0 0
5425 2051 0.693624 -0.370637 0.617668 -0.00692982 -5.58147e-07 0 0 0
2242 3855 0.089425 0.480525 -0.87241 -0.0477541 -3.47228e-06 0 0 0
3532 969 -0.0630562 -0.501502 -0.862855 -0.00689563 -5.63041e-07 0 0 0
1558 2987 -0.082816 0.663835 0.743279 -0.00894008 -7.79768e-07 0 0 0
755 4029 0.514374 -0.326362 -0.793037 -0.00825666 -6.62143e-07 0 0 0
819 1329 0.596625 -0.721046 -0.352322 -0.00241396 -1.76515e-07 0 0 0
3598 4712 0.480274 -0.506693 -0.71596 -0.00331169 -1.94329e-07 0 0 0
1541 1533 0.383812 -0.17003 -0.907622 -0.00387697 -3.03709e-07 0 0 0
1558 282 0.859168 0.247058 0.448099 -0.0149385 -9.59782e-07 1 0 0
2738 4730 0.510892 -0.206586 -0.834453 -0.0131891 -1.10991e-06 0 0 0
4940 3054 0.881979 -0.369392 -0.292681 -0.000454588 -3.26823e-08 1 0 0
817 3863 -0.970121 -0.0227346 -0.241556 -0.00113264 -9.31151e-08 0 0 0
4709 3429 0.174553 -0.56251 0.808155 -0.000693472 -5.30966e-08 0 0 0
1585 2886 0.846941 -0.406457 -0.342759 -0.0112854 -8.63785e-07 0 0 0
2681 4326 0.86525 -0.0899812 0.4932 -0.0178092 -1.41562e-06 0 0 0
1251 3603 0.850662 -0.52557 0.0122657 -0.00573655 -3.58948e-07 0 0 0
3440 737 -0.258007 0.347879 -0.901339 -0.00269472 -2.28318e-07 0 0 0
3877 862 0.0490249 0.0699343 0.996346 -0.0277005 -2.34032e-06 0 0 0
705 4157 0.206287 -0.961532 -0.181388 -0.00659803 -4.75038e-07 1 0 0
387 3664 0.313473 0.0771619 -0.946457 -0.0004752 -4.61014e-08 0 0 0
705 3741 0.522854 -0.536348 0.662536 -0.0148491 -9.95206e-07 1 0 0
3630 3309 0.645903 0.750392 0.140429 -0.01411 -8.30142e-07 0 0 0
842 1087 0.302848 0.287148 -0.908751 -0.00710556 -5.57826e-07 0 0 0
4545 1413 0.257392 -0.894778 -0.364859 -0.0200469 -1.38794e-06 0 0 0
4545 5123 0.770352 -0.409941 0.488371 -0.00939459 -6.64059e-07 0 0 0
3850 4643 0.184452 -0.739392 0.647516 -0.00740252 -4.38631e-07 0 0 0
4915 2530 0.721612 -0.664696 0.193532 -0.0146041 -8.51556e-07 0 0 0
617 2494 0.438748 -0.0835231 -0.89472 -0.00783826 -6.37815e-07 0 0 0
3801 4480 0.217177 0.784455 0.580917 -0.0218979 -1.58912e-06 0 0 0
2350 2806 0.794698 -0.0687334 0.603101 -0.0132556 -8.90358e-07 0 0 0
2076 3803 0.656198 -0.729616 -0.192519 -0.0115371 -1.00229e-06 0 0 0
1605 161 0.817841 0.205929 0.537336 -0.00751559 -5.12856e-07 0 0 0
1800 236 0.486669 0.873537 0.00927971 -0.00406504 -2.97023e-07 1 0 0
1310 3931 0.00349584 -0.997069 -0.0764324 -0.00150717 -1.26316e-07 0 0 0
2530 3613 0.224902 -0.661219 -0.715687 -0.0212352 -1.21105e-06 0 0 0
2530 1290 0.824284 0.157481 -0.543834 -0.00546592 -4.48897e-07 0 0 0
5465 3929 0.148026 0.300044 0.94237 -0.0108644 -7.80652e-07 0 0 0
349 36 0.416862 0.547494 0.725587 -0.00879144 -7.07395e-07 0 1 0
2831 809 0.810178 -0.0494853 -0.584092 -0.00425541 -3.49441e-07 0 0 0
349 3 0.40557 -0.461555 -0.788974 -0.0114443 -1.06226e-06 0 0 0
4429 1799 -0.483731 -0.62567 -0.611997 -0.000464222 -3.66389e-08 0 0 0
85 3367 0.447927 0.737145 0.505944 -0.00174598 -1.32685e-07 0 0 0
2487 4766 0.256835 -0.195475 -0.94648 -0.0195542 -1.41504e-06 0 0 0
2076 4657 0.669749 0.257776 0.696411 -0.010686 -8.75202e-07 0 0 0
4000 1831 -0.895429 -0.116594 -0.429667 -0.00440058 -2.64713e-07 0 0 0
2709 2487 0.596296 -0.243441 -0.764962 -0.0174557 -1.32989e-06 1 0 0
1040 3949 0.306533 0.757623 0.576234 -0.0141789 -9.6543e-07 1 0 0
4957 439 0.422779 -0.170457 -0.890058 -0.00962664 -8.24857e-07 0 0 0
2709 3979 0.395197 -0.688654 0.607927 -0.00142474 -9.57937e-08 0 0 0
3188 3908 0.696212 0.0295274 0.717229 -0.00954101 -8.19353e-07 0 0 0
3429 4866 0.815781 -0.448775 0.364831 -0.00335706 -2.72268e-07 0 0 0
2687 1 0.501575 -0.854597 0.134489 -0.00212858 -1.8067e-07 0 0 0
2709 4678 0.350648 0.862435 0.365036 -0.00819196 -6.38999e-07 0 1 0
2709 1302 -0.223712 0.615499 -0.755721 -0.00813064 -7.61661e-07 0 0 0
400 4186 0.587254 0.78593 0.193512 -0.0079367 -5.73078e-07 1 0 0
4451 5185 0.549615 0.456425 0.699714 -0.00436713 -3.63906e-07 0 0 0
5047 4998 0.574446 -0.262759 -0.775222 -0.00711612 -6.30691e-07 0 0 0
74 3850 0.836225 0.540765 0.0911051 -0.000392802 -2.30137e-08 0 0 0
5477 569 0.448621 0.859956 -0.24334 -0.00355818 -2.61182e-07 0 0 0
356 3391 0.586826 0.602376 -0.54109 -0.00300057 -2.42068e-07 0 0 0
2987 3345 0.336209 -0.0235332 0.941493 -0.0103591 -9.48833e-07 1 0 0
4181 3855 0.165465 -0.130587 0.977532 -0.034825 -2.54659e-06 0 0 0
4230 4122 0.651874 0.394071 0.647896 -0.020473 -1.50356e-06 1 0 0
5047 2177 0.795366 0.203484 0.570954 -0.0114636 -9.23255e-07 0 0 0
2971 3009 0.167919 -0.427687 0.888193 -0.00964076 -6.52989e-07 0 0 0
4449 1956 -0.059187 0.557814 -0.827853 -0.00473319 -3.63639e-07 0 0 -1
2971 4480 0.153436 0.566327 -0.809773 -0.00894841 -6.37779e-07 0 0 0
1172 3013 0.714668 0.42019 0.559187 -0.00664283 -4.91699e-07 0 0 0
2386 1744 0.91785 0.240158 -0.31603 -0.0039974 -2.95785e-07 1 0 0
300 1323 0.488667 0.267943 -0.830308 -0.0174274 -1.56426e-06 1 0 0
293 2859 -0.25701 -0.767172 -0.587701 -0.000613036 -5.46976e-08 0 0 0
3591 471 0.22705 -0.408501 0.884067 -0.0116248 -8.67347e-07 0 0 0
1686 2199 0.997226 -0.00215316 -0.0744004 -0.0101122 -5.44747e-07 1 0 0
4295 4052 0.82697 0.359735 0.4321 -0.00389911 -3.21459e-07 1 0 0
5368 1304 -0.0468624 0.0712784 -0.996355 -0.0163533 -1.31681e-06 0 0 0
4796 1198 0.706622 0.0965051 0.700979 -0.0235091 -1.77968e-06 0 0 0
2987 4989 0.530465 0.491131 -0.690939 -0.0203577 -1.71555e-06 0 0 0
4230 396 0.781202 -0.251169 -0.571522 -0.000332581 -2.62232e-08 1 0 0
4122 3244 0.87483 0.391348 -0.285515 -0.0208696 -1.69459e-06 0 0 0
349 5028 0.984899 0.126885 0.117789 -0.00257823 -2.02068e-07 1 0 0
3333 2667 0.444551 0.873184 0.199811 -0.00782592 -5.46133e-07 -1 0 0
3333 5036 0.397055 0.116292 0.910398 -0.0232662 -1.49316e-06 0 0 0
3354 2365 -0.968859 -0.0908332 -0.230352 -0.00032168 -2.22717e-08 0 0 0
4833 2142 0.868504 -0.0946771 -0.486556 -0.000138282 -9.93191e-09 0 0 0
3904 325 0.609843 0.237638 -0.756055 -0.00384949 -3.12339e-07 0 0 0
1655 857 0.90684 -0.397801 -0.139271 -0.0195019 -1.51911e-06 1 0 0
71 5049 0.185849 0.615092 -0.766239 -0.0204156 -1.61051e-06 0 0 0
4833 4010 0.801749 0.14408 0.580034 -0.0226206 -1.64928e-06 0 0 0
5344 2299 0.584519 -0.20254 -0.785694 -0.0131449 -9.54644e-07 1 0 0
2600 1119 0.53316 0.194032 0.823463 -0.0252023 -1.78959e-06 0 0 0
3029 2987 0.741845 -0.131677 -0.657516 -0.0234486 -2.00849e-06 0 0 0
5458 799 0.521816 0.282313 -0.804989 -0.0117426 -1.11558e-06 0 0 0
332 2175 0.286316 -0.0786015 -0.954906 -0.00261772 -2.36014e-07 0 0 0
517 1495 0.804805 0.471876 -0.36003 -0.0100722 -7.17256e-07 0 0 0
1800 927 0.66846 -0.664337 -0.33439 -0.00635947 -4.77792e-07 1 0 0
400 4360 0.392943 0.506144 -0.767733 -0.0196089 -1.56697e-06 1 0 -1
4908 4731 0.44738 0.851597 -0.273191 -0.0068848 -5.3087e-07 0 0 0
3139 5389 0.284084 0.835254 -0.470794 -0.00501271 -3.90926e-07 -1 0 0
2669 5055 0.0137253 -0.209735 -0.977662 -0.0220996 -1.56615e-06 0 0 0
3391 3920 0.223164 -0.518205 -0.825628 -0.00106715 -8.37851e-08 0 0 0
4242 3083 0.533148 -0.135909 -0.835034 -0.00991936 -7.99394e-07 0 0 -1
4716 4693 0.375448 0.818659 -0.434554 -0.0131268 -1.02458e-06 1 0 -1
3005 4249 0.158446 0.464331 -0.871373 -0.0238939 -1.87099e-06 0 0 0
3005 4181 0.13204 -0.70801 0.693749 -0.0240637 -1.98536e-06 0 0 0
3622 5183 0.780962 0.575425 -0.242866 -0.00425256 -3.60036e-07 0 0 0
3598 5098 -0.111442 0.66466 -0.738788 -0.00847467 -6.56855e-07 0 0 0
3929 5301 0.92083 -0.38551 0.0587779 -0.0224716 -1.83008e-06 1 0 0
4426 1749 0.337099 -0.828217 0.447684 -0.00461339 -3.16356e-07 0 0 0
2246 3139 0.355379 0.661037 0.66086 -0.000569105 -3.79189e-08 1 0 0
5356 3414 0.663156 -0.736394 -0.133973 -0.00538081 -4.48565e-07 0 0 0
517 206 0.424914 0.574977 0.699178 -0.00628968 -5.20476e-07 0 0 0
2643 1097 0.177209 -0.347491 -0.920786 -0.0171131 -1.32834e-06 0 0 0
2079 5294 0.319143 0.884675 0.339849 -0.00271546 -2.16787e-07 0 0 0
4291 5057 0.623687 -0.135106 -0.76991 -0.0129506 -9.54954e-07 0 0 0
4717 4816 0.291898 -0.724374 -0.624562 -0.00628574 -3.82163e-07 0 0 0
2266 3824 0.660271 0.370905 -0.653048 -0.000913487 -6.21166e-08 0 0 0
1235 1314 0.783766 -0.153747 -0.601725 -0.00519534 -4.54132e-07 0 0 0
4157 2072 0.184691 -0.606749 0.77314 -0.00520192 -4.04001e-07 -1 0 0
4405 369 0.841441 -0.397082 0.366473 -0.00721314 -5.22822e-07 0 0 0
3213 865 0.647522 0.173202 0.742102 -0.00538619 -4.77097e-07 0 0 0
1746 2312 0.00416765 0.81381 -0.581116 -0.000535885 -3.97341e-08 0 0 0
2530 2006 0.132061 -0.673855 0.726966 -0.0120489 -7.75085e-07 0 0 0
3960 1910 0.566686 0.610821 0.552959 -0.0304016 -2.31031e-06 0 0 0
3960 2250 0.239416 -0.567828 -0.787561 -0.0263489 -1.92211e-06 0 0 0
4474 5251 0.870803 0.295981 -0.392552 -0.00502028 -4.18692e-07 0 0 0
4502 3333 0.761106 0.588745 0.272207 -0.0266657 -1.78115e-06 1 0 0
4709 4908 0.353753 0.0332878 -0.934746 -0.00786652 -6.0548e-07 0 0 0
2741 5029 0.306032 0.737768 0.601699 -0.00608266 -3.7034e-07 0 0 0
2741 2004 0.126384 -0.854459 -0.503912 -0.00349168 -2.47974e-07 0 0 0
4502 3296 0.314701 -0.530596 0.787039 -0.041348 -2.56804e-06 0 -1 0
2458 4014 0.0951034 0.271839 -0.957632 -0.00796687 -6.44345e-07 0 0 0
1843 143 -0.04282 -0.980957 0.189445 -0.00037501 -2.26987e-08 0 0 0
2309 3801 0.773664 -0.293085 0.561735 -0.00855499 -7.83476e-07 0 0 0
4165 1780 0.185195 0.538706 -0.821887 -0.0225593 -1.80124e-06 0 0 0
3691 498 0.560957 0.568926 0.601374 -0.00765738 -5.53207e-07 0 0 0
2036 3109 0.301238 0.715358 -0.630491 -0.00773562 -4.86207e-07 0 0 0
1149 4289 -0.19273 0.165852 -0.967134 -0.0475688 -3.82681e-06 0 0 0
3325 165 0.854943 0.493263 -0.160509 -0.00296887 -2.23432e-07 0 0 0
1299 3365 0.429993 -0.902789 -0.00883427 -0.00358494 -2.51798e-07 0 0 0
2959 3803 0.564835 -0.141517 -0.812979 -0.00313485 -2.86386e-07 0 0 0
4842 2740 0.861252 -0.0619223 0.504392 -0.00300806 -2.03706e-07 0 0 0
3691 3309 0.747132 -0.550784 0.372062 -0.0175434 -1.26369e-06 0 0 0
3402 2164 0.664504 0.466198 -0.584033 -0.000660245 -5.73146e-08 0 0 0
5149 5006 0.653228 0.214426 -0.726164 -0.000775907 -6.38542e-08 0 0 0
161 430 0.622461 -0.647201 0.440083 -0.0165319 -1.21601e-06 1 0 0
3402 3935 0.383741 0.365499 0.848029 -0.0137783 -8.89148e-07 0 0 0
4294 4136 0.301958 -0.704784 0.641951 -0.00747638 -5.344e-07 0 0 0
3013 3113 0.234386 -0.672924 0.701596 -0.0102634 -7.84752e-07 0 0 0
3013 3737 0.163087 0.773164 -0.612879 -0.0179649 -1.43425e-06 0 0 0
4898 2277 0.561521 -0.671819 0.483066 -0.00420286 -3.08903e-07 0 0 1
4640 3951 -0.261038 0.0875819 -0.961347 -0.0317896 -2.30255e-06 0 0 0
2953 984 0.886042 -0.320978 -0.334517 -0.00805856 -6.82795e-07 0 0 0
36 5275 0.329171 -0.672436 0.66293 -0.0117016 -9.75517e-07 0 -1 0
3948 3933 0.9134 -0.0218497 -0.406476 -0.00905671 -7.88555e-07 1 0 0
3003 3637 0.948257 -0.299747 -0.104688 -0.00248366 -1.74935e-07 0 0 0
4054 3080 0.694016 0.499416 -0.518581 -0.0131826 -1.17848e-06 0 0 0
3360 2072 0.129112 -0.188668 -0.973517 -0.0222616 -1.71162e-06 0 0 0
3360 4337 0.201814 0.0235532 0.979141 -0.0286694 -2.10014e-06 1 0 0
3292 949 0.378606 -0.565334 0.73284 -0.0182329 -1.50121e-06 0 0 1
4397 705 0.894772 0.442282 0.0613964 -0.00254583 -1.83812e-07 0 0 1
4436 1558 0.428589 0.251782 -0.867708 -0.00789234 -5.36373e-07 0 0 0
3402 3985 0.651703 -0.556989 0.514826 -0.00716332 -4.7094e-07 0 0 0
4367 2038 0.699751 0.650458 -0.295388 -0.0228719 -1.49825e-06 0 0 0
3665 2079 0.893217 0.232837 0.384643 -0.0385311 -2.81976e-06 1 0 0
3665 1110 0.739803 -0.67226 -0.0275436 -0.0209928 -1.58391e-06 1 -1 0
1881 3714 0.0766411 -0.20576 -0.975597 -0.0136157 -9.18679e-07 0 0 0
2425 3915 0.260867 -0.88742 0.380046 -0.0166708 -9.47373e-07 0 0 0
4397 285 0.233611 -0.849817 -0.47248 -0.0108478 -7.75683e-07 0 0 0
4585 3172 0.591182 0.437747 -0.677408 -0.0163044 -1.27364e-06 1 0 0
5503 976 0.925669 0.000129023 0.378334 -0.00739113 -4.94642e-07 0 0 0
5503 1737 0.339644 -0.448249 -0.82687 -0.00695755 -4.95808e-07 0 0 0
161 1856 0.0892974 0.486819 -0.868927 -0.021258 -1.65064e-06 1 0 0
1438 1824 0.0305989 0.124561 -0.99174 -0.0411945 -2.88643e-06 0 0 0
1639 3624 -0.986814 -0.155037 0.0464987 -0.00522799 -3.84318e-07 0 0 0
1251 2944 -0.0371163 0.58038 0.8135 -0.00281225 -2.75492e-07 0 0 0
3728 391 0.592309 -0.0271098 -0.805255 -0.0069191 -5.22509e-07 0 0 -1
3273 1093 0.630924 -0.474546 0.613792 -0.00126648 -8.68331e-08 1 0 0
3642 4230 0.578295 -0.396134 -0.713199 -0.000948104 -7.51617e-08 0 0 0
3062 4436 0.385668 0.593346 -0.706541 -0.0087794 -8.458e-07 0 0 0
2334 2529 0.864884 -0.353944 0.355948 -0.0091345 -8.77364e-07 1 0 0
1593 2577 0.0294241 -0.138743 -0.989891 -0.0213057 -1.6562e-06 0 0 0
1593 1655 0.540009 0.590946 0.599311 -0.00972206 -7.61394e-07 0 0 0
1507 5350 0.535457 0.57641 -0.617282 -0.000621649 -4.15157e-08 0 1 0
1361 819 0.857752 -0.513447 0.0251712 -0.00493889 -3.48857e-07 0 0 0
3390 5352 0.32041 0.69324 -0.645566 -0.0212063 -1.74758e-06 0 0 0
3366 1256 0.472793 -0.868928 -0.146393 -0.00771323 -4.84901e-07 0 0 0
158 900 0.452126 -0.874306 0.176552 -0.00318756 -2.36876e-07 0 0 0
3390 4694 0.595941 -0.443518 0.669438 -0.0201107 -1.35495e-06 1 0 0
3876 1593 0.0717396 0.599693 -0.797008 -0.0124469 -1.11981e-06 0 0 0
2485 3751 0.180613 -0.780406 -0.598619 -0.0106532 -7.4781e-07 0 0 0
824 27 0.938 -0.084491 -0.336179 -0.00486742 -3.76445e-07 0 0 0
3839 2138 0.104205 0.279452 -0.954488 -0.00491298 -4.20533e-07 0 0 0
2051 4387 0.737976 0.324836 -0.5915 -0.0214349 -1.7603e-06 1 0 0
2142 4764 0.927802 0.0578231 0.368565 -0.00214575 -1.38569e-07 1 0 0
5465 755 0.835901 0.446891 0.31868 -0.00989874 -7.88514e-07 1 0 0
5465 1329 0.0808687 0.80333 -0.590019 -0.00515017 -3.31736e-07 0 0 0
5230 335 0.400444 0.644143 0.651709 -0.00353466 -2.74093e-07 0 0 0
2433 5049 0.454008 0.630644 0.629417 -0.00327476 -2.39519e-07 0 0 0
2740 1410 0.722945 0.193857 0.663152 -0.00217328 -1.6638e-07 0 0 0
3826 2756 0.996498 -0.0346415 0.0761059 -0.00625235 -4.86429e-07 1 0 0
3866 150 0.969548 0.182798 -0.162976 -0.0211003 -1.80462e-06 0 0 0
3499 5272 0.627811 0.778297 0.0103739 -0.00864615 -5.75819e-07 0 0 0
4982 475 -0.035985 -0.689498 0.723393 -0.0086972 -8.19178e-07 0 0 0
3499 1250 0.978301 -0.164894 -0.125447 -0.00874036 -6.65007e-07 0 0 0
5278 2003 0.330215 -0.513756 0.791841 -0.000763598 -5.65645e-08 0 0 0
5519 2051 0.248692 0.699065 -0.670418 -0.0154689 -1.26133e-06 0 0 0
3185 1498 0.532765 0.846127 -0.0151678 -0.0246091 -1.81507e-06 0 0 0
5519 1797 0.737999 -0.548521 -0.393042 -0.00368006 -2.978e-07 0 0 0
116 1459 0.87134 0.20827 0.444285 -0.00285136 -2.40917e-07 0 0 0
5519 3676 0.966235 0.193674 0.169941 -0.0151758 -9.92717e-07 1 0 0
2915 2089 0.170347 -0.947882 -0.26926 -0.00371225 -3.03848e-07 0 0 0
711 1874 0.400027 -0.815187 -0.418866 -0.00219149 -1.93834e-07 0 0 0
59 4335 0.00450227 0.0425476 -0.999084 -0.0101733 -8.03348e-07 0 0 0
3309 2570 0.632337 -0.45648 -0.62592 -0.016161 -1.31811e-06 0 0 0
2529 1522 0.959373 -0.272594 -0.0727741 -0.00164996 -1.52718e-07 0 0 0
988 471 0.13788 0.240915 -0.960702 -0.0333238 -2.83199e-06 0 0 0
3069 3318 0.0219882 0.412143 -0.910854 -0.00763893 -5.31572e-07 0 0 0
430 2571 0.977878 0.197642 -0.0684985 -0.000883964 -8.13984e-08 0 0 0
3069 927 0.520914 -0.64558 0.558458 -0.0090803 -7.19375e-07 1 0 0
5325 3245 -0.00653623 0.0181623 -0.999814 -0.0151582 -1.08317e-06 0 0 0
1024 3333 0.649572 -0.173739 -0.740183 -0.00134544 -9.5125e-08 1 0 0
5302 1951 0.219594 0.231812 0.947651 -0.0231546 -1.62256e-06 1 0 0
4326 4176 0.836347 -0.210873 0.50602 -0.0191458 -1.67312e-06 1 0 0
4397 1605 0.180359 0.571519 0.800523 -0.000634257 -4.64181e-08 0 0 1
999 4669 0.254129 0.634797 -0.729692 -0.00178677 -1.28757e-07 0 0 0
5261 3704 0.123064 0.800421 0.586669 -0.00940092 -7.50787e-07 0 0 0
3333 5149 0.181348 -0.796049 -0.577424 -0.000417614 -3.31442e-08 0 0 0
2425 1413 0.805128 0.428131 0.410453 -0.0101961 -5.8292e-07 0 0 0
3304 3281 0.223573 -0.297699 -0.928111 -0.0358123 -2.30418e-06 0 0 0
2386 2681 -0.0364585 -0.270768 0.961954 -0.0286108 -2.27499e-06 0 0 0
2459 3402 0.394251 0.495397 -0.774046 -0.00297186 -2.02706e-07 0 0 0
429 1343 0.255366 0.522294 0.813632 -0.0333034 -1.99753e-06 0 0 0
2886 2397 0.280818 0.2645 -0.922595 -0.00732239 -5.68237e-07 1 0 0
2291 2299 0.778818 -0.377364 0.501038 -1.64168e-05 -1.52653e-09 1 0 0
3318 3377 0.1453 -0.970031 -0.19475 -0.00421621 -3.45262e-07 0 0 0
3318 2479 0.25886 0.711963 -0.652764 -0.0100516 -7.65882e-07 0 0 0
5465 1542 0.299257 -0.367368 -0.880617 -0.00332745 -2.16282e-07 0 0 0
1803 999 0.576211 -0.487179 -0.656229 -0.0255327 -1.96807e-06 0 0 0
4255 4261 -0.303553 0.0760892 -0.949772 -0.0137611 -1.20106e-06 0 0 -1
3086 2508 0.71299 -0.185156 -0.676285 -0.00791549 -5.88e-07 0 0 0
4391 3165 0.311503 0.0913166 0.945847 -0.00490342 -3.71448e-07 0 0 0
349 1302 -0.260439 0.0691581 0.96301 -0.00594219 -5.59173e-07 0 0 0
4436 5284 0.664413 -0.203524 0.719119 -0.00385467 -2.303e-07 1 0 0
4560 2285 -0.0398858 0.0646678 -0.997109 -0.0110554 -7.80147e-07 0 0 0
1749 3701 0.672927 -0.584542 0.453299 -0.00602166 -4.17577e-07 1 0 0
3967 1225 0.568429 -0.200082 -0.798033 -0.0108119 -7.79822e-07 0 0 0
5343 4194 0.741235 0.292633 -0.604099 -0.00201202 -1.85186e-07 0 0 0
4618 2656 -0.022256 0.16202 0.986536 -0.000649324 -4.9911e-08 0 0 0
2482 1226 0.584185 0.655149 0.479069 -0.00280003 -1.81187e-07 0 0 0
3449 727 0.0267154 -0.221407 -0.974816 -0.00101248 -8.48777e-08 0 0 0
3264 119 0.946138 0.195718 0.25791 -0.0115434 -9.62453e-07 0 0 0
3910 4583 0.275521 0.525809 0.804744 -0.0536611 -3.08941e-06 0 0 0
3689 569 0.397571 0.153303 0.904674 -0.0198623 -1.54337e-06 0 0 0
3689 540 0.670099 -0.54066 -0.50858 -0.0289126 -1.72988e-06 0 0 0
3249 1608 0.474065 0.725881 -0.498357 -0.011684 -1.0659e-06 0 0 0
2929 555 -0.243447 -0.966753 -0.078245 -0.0131915 -1.13237e-06 -1 0 0
4384 246 0.39452 -0.724663 -0.564994 -0.000662024 -5.56798e-08 0 0 0
3249 1126 0.663364 0.135433 0.735939 -0.0136008 -8.7611e-07 0 0 0
1261 4216 0.192073 -0.457079 -0.868439 -0.00984216 -8.36047e-07 0 0 0
4716 3908 -0.0728311 -0.00794355 -0.997313 -0.0331283 -2.21697e-06 0 0 -1
3176 5219 0.602091 -0.251882 0.757655 -0.0114316 -7.07542e-07 0 0 0
2506 3547 -0.0820228 -0.523869 -0.847841 -0.00967783 -5.44429e-07 0 0 0
4716 2326 0.814002 0.430465 0.39 -0.0226271 -1.4964e-06 1 0 0
4716 198 0.797237 -0.601588 0.0500587 -0.0209339 -1.48627e-06 1 0 0
5271 1299 0.540952 -0.532154 0.651293 -0.0180287 -1.40072e-06 0 0 0
2066 4712 0.601588 -0.282316 0.747255 -0.0185521 -1.08887e-06 0 0 0
2504 3095 0.691846 -0.259542 0.673786 -0.0291734 -2.27708e-06 0 0 0
5271 2250 0.207871 0.90348 0.374852 -0.0063111 -4.32854e-07 0 0 0
2681 4470 0.803473 -0.309769 -0.508404 -0.00369574 -3.01558e-07 1 0 0
1226 1517 0.857392 -0.386743 -0.33957 -0.00367885 -2.42285e-07 0 0 0
5363 4766 0.277741 0.32831 0.902814 -0.0163095 -1.22896e-06 1 0 0
5363 853 0.568428 -0.817099 -0.0961227 -0.0167191 -1.29046e-06 1 0 0
5169 4926 0.993125 -0.0116965 0.11647 -0.00152811 -1.07943e-07 1 0 1
3304 5465 0.083541 0.648709 -0.756437 -0.000603413 -3.56253e-08 0 0 0
64 1232 0.170295 0.309721 -0.935453 -0.0127891 -9.90499e-07 0 0 0
580 1903 0.244013 -0.815365 0.525012 -0.000906983 -5.39317e-08 0 0 0
1624 3985 0.68145 0.49953 0.53488 -0.0191991 -1.18206e-06 0 0 0
5010 5412 0.328874 -0.0675341 -0.941956 -0.0116998 -9.525e-07 0 0 -1
3515 4978 0.669953 -0.485834 -0.561363 -0.0212251 -1.77916e-06 0 0 0
1087 3728 0.871653 -0.471048 0.135405 -0.00498249 -3.53576e-07 1 0 0
4470 4326 -0.0172742 0.231771 0.972617 -0.00565444 -4.86735e-07 -1 0 0
862 4367 0.912767 0.0904567 -0.398339 -0.0318229 -1.95584e-06 0 0 0
1751 4216 0.926803 0.370699 -0.0601502 -0.00608611 -4.10041e-07 0 0 0
4982 3139 0.769472 -0.354047 0.531567 -0.0173954 -1.19991e-06 1 0 0
4982 161 0.817865 -0.147266 -0.556246 -0.00913077 -6.53704e-07 0 0 0
2764 1904 -0.297814 0.464522 -0.833982 -0.0309595 -2.1105e-06 0 0 0
4657 4921 0.326214 0.0313546 -0.944776 -0.0135717 -1.18195e-06 0 0 0
2577 5301 0.421602 0.66616 -0.615209 -0.0191819 -1.48784e-06 1 0 -1
3938 3991 0.079072 -0.904796 -0.418441 -0.001307 -9.29219e-08 0 0 0
4667 85 0.626477 0.679931 0.381079 -0.00174598 -1.43105e-07 0 0 0
4982 4191 0.278662 0.960339 -0.00983723 -5.75064e-05 -4.32619e-09 0 1 0
4516 3665 0.935441 0.3515 -0.0373797 -0.0169326 -1.2836e-06 0 1 0
4494 2142 0.388623 0.581501 0.714723 -0.00196602 -1.36466e-07 0 0 0
3591 2169 0.656203 0.0384684 -0.753604 -0.0111616 -9.11144e-07 0 0 0
3219 2065 0.105107 0.862013 -0.495869 -0.000118122 -8.41737e-09 0 0 0
523 1592 0.365546 -0.550881 -0.750271 -0.00831349 -6.1966e-07 1 0 0
711 4405 0.256129 -0.609048 0.750639 -0.0116334 -9.43836e-07 0 0 0
1996 3824 0.321408 -0.764246 0.559129 -0.00445274 -3.61246e-07 0 0 0
2132 2509 0.354433 0.892358 -0.27942 -0.0189823 -1.36356e-06 1 1 0
3749 1558 0.223008 0.611702 0.759005 -0.0133173 -9.32369e-07 0 0 0
3495 411 0.848197 -0.181008 0.497793 -0.00030036 -2.08164e-08 1 0 0
5465 3281 0.138815 -0.979185 -0.148081 -0.0149353 -9.47075e-07 0 0 0
4368 3483 0.20534 0.956136 -0.2089 -0.00924837 -6.60551e-07 0 0 -1
1251 1243 0.33744 -0.0245519 -0.941027 -0.0171425 -1.20538e-06 0 0 0
1413 3063 -0.0385871 -0.89391 0.446583 -0.00982399 -9.36096e-07 0 0 0
3936 3390 0.546514 0.549451 0.632001 -0.00965318 -6.00202e-07 0 0 0
4915 3165 0.419207 0.888276 0.187699 -0.000580422 -4.35787e-08 0 0 0
540 4871 0.0456249 0.374984 -0.925908 -0.0080777 -6.40573e-07 0 0 0
1079 4230 -0.0480865 -0.427385 0.90279 -0.0116617 -8.81357e-07 0 0 0
1413 227 0.788422 -0.266053 0.554623 -0.0161187 -1.12415e-06 0 0 0
2657 1951 0.96126 0.212935 0.175036 -0.00779055 -5.43166e-07 1 0 0
4766 1425 0.182124 -0.8904 0.417155 -0.00804642 -5.19031e-07 0 0 0
4731 1756 0.293681 -0.26692 0.917881 -0.023608 -2.08887e-06 1 0 0
853 4520 0.348386 0.933851 -0.0809237 -0.00381476 -2.61571e-07 0 0 0
3029 3330 -0.033616 -0.738793 0.673093 -0.0056977 -3.7316e-07 0 0 0
1589 2584 0.853777 -0.37429 -0.361901 -0.00961421 -8.49227e-07 0 0 0
4143 4367 0.306733 -0.845403 0.437274 -0.019327 -1.68429e-06 0 0 0
4757 375 0.183568 0.460347 -0.868552 -0.0216403 -1.70601e-06 0 0 0
2005 3936 0.359983 -0.738557 -0.57004 -0.00299626 -2.42972e-07 0 0 0
24 1293 -0.369205 -0.381307 -0.847521 -0.00868599 -8.45577e-07 0 0 0
1285 792 0.824001 0.552698 -0.124688 -0.00308048 -2.69324e-07 0 0 0
4329 3600 0.0685519 0.106571 -0.991939 -0.0371563 -3.19607e-06 0 1 0
582 2508 0.341056 0.634379 0.693718 -0.0262756 -2.17825e-06 0 0 0
2501 4382 0.705529 0.296684 -0.643589 -0.0242691 -1.50262e-06 1 0 0
4437 537 -0.144928 0.28949 -0.946146 -0.012238 -1.09538e-06 0 0 0
2132 4785 0.610492 -0.498841 0.615189 -0.0288183 -1.64865e-06 1 0 0
2132 3682 0.640712 0.186266 -0.744844 -0.000750082 -5.80607e-08 1 0 0
2961 473 -0.262278 -0.211007 -0.94164 -0.00476 -4.07901e-07 0 0 0
1198 3318 0.571817 0.476066 0.668121 -0.0191156 -1.36705e-06 0 0 0
5047 1119 0.450937 -0.869821 0.200167 -0.00798027 -7.39706e-07 0 0 0
3009 3832 0.784482 -0.359129 0.505584 -0.0271414 -2.02099e-06 0 0 0
4260 1605 0.213851 -0.848961 0.483252 -0.00503223 -4.03754e-07 0 -1 0
3255 1245 -0.10601 0.0287947 -0.993948 -0.0292293 -2.46367e-06 0 0 0
2245 4242 0.931627 -0.152448 -0.329896 -0.00389966 -3.45995e-07 1 0 0
842 3956 0.988376 -0.121078 0.0919419 -0.00375416 -3.14991e-07 1 0 0
1097 2076 0.902338 0.335122 -0.271071 -0.0161959 -1.2798e-06 0 0 0
3591 189 0.441253 -0.896961 -0.0274978 -0.00564711 -4.21163e-07 0 0 0
3820 554 0.274577 0.334725 -0.901425 -0.0232347 -1.57658e-06 0 0 0
2570 3293 0.788109 0.185889 0.586796 -0.0025302 -1.94004e-07 1 0 0
1441 4887 0.0166629 -0.193433 -0.980972 -0.00998576 -7.61491e-07 0 0 0
4526 3345 0.179258 0.233848 -0.955605 -0.00313831 -2.67214e-07 1 0 0
3119 3292 0.00411728 -0.614002 -0.789294 -0.0177497 -1.41711e-06 0 0 0
2385 5159 0.761701 -0.534223 -0.366631 -0.00391549 -3.2706e-07 0 0 0
3441 1923 0.344634 -0.622769 0.702415 -0.0318009 -2.16027e-06 0 0 0
5284 1394 0.874456 0.0146784 0.484883 -0.00906717 -7.45091e-07 0 0 0
1065 314 -0.0470472 -0.0951943 -0.994346 -0.0144652 -1.16464e-06 0 0 0
407 3029 0.840948 -0.39866 0.36589 -0.00184955 -1.20759e-07 0 0 0
1449 1464 -0.0922685 0.000195428 -0.995734 -0.00352998 -2.84777e-07 0 0 0
4908 4186 0.612929 -0.656716 -0.439366 -0.00384022 -3.06437e-07 1 0 0
850 582 -0.129801 0.504635 0.853519 -0.0245279 -1.49415e-06 0 0 0
5344 5284 0.132925 0.863911 0.485786 -0.0063697 -4.60667e-07 1 0 0
2245 523 0.399263 -0.548927 0.734349 -0.0111551 -1.02145e-06 0 0 0
4657 2210 0.55684 -0.276152 0.78337 -0.00914286 -7.58011e-07 0 0 0
5118 4295 0.729636 0.306763 -0.611169 -0.00113272 -8.98389e-08 0 0 0
375 471 0.716104 0.57154 0.400671 -0.0189085 -1.3306e-06 0 0 0
1744 4337 0.219976 -0.604076 -0.765965 -0.028262 -1.98706e-06 0 0 0
375 824 -0.0477854 -0.254221 -0.965965 -0.0438589 -3.62066e-06 0 0 0
1131 3905 -0.200608 -0.128092 -0.971262 -0.0283537 -2.20403e-06 0 0 0
1713 842 0.559143 -0.354949 -0.749247 -0.00734206 -4.42369e-07 0 0 0
2627 4295 0.539449 0.675251 0.503022 -0.00388648 -2.86833e-07 0 0 0
3169 4859 0.33157 0.93814 0.0997728 -0.0106492 -8.39311e-07 1 0 0
2970 5463 -0.192154 -0.288194 -0.938094 -0.00122487 -9.25899e-08 0 0 0
5074 721 0.952268 0.0974984 0.289273 -0.00867235 -6.46995e-07 0 0 0
4944 2723 0.262687 -0.222673 -0.938836 -0.0072199 -6.15261e-07 0 0 -1
4944 1074 0.445407 0.760695 -0.472181 -0.00704707 -5.34685e-07 0 0 -1
3009 1835 0.284797 0.357875 0.889278 -0.010742 -7.96604e-07 0 0 0
4842 5219 0.460938 -0.503094 -0.731049 -0.0163308 -1.16538e-06 0 0 0
1167 5005 0.694014 -0.70071 0.165381 -0.00719963 -5.7694e-07 0 0 0
3598 2146 0.236023 0.211424 0.948469 -0.00863588 -7.53503e-07 0 0 0
4871 1720 -0.0985797 0.992404 0.0735949 -0.00521228 -4.39307e-07 0 0 0
2164 3623 0.812864 -0.312113 -0.491769 -0.00086378 -7.79211e-08 1 0 0
1006 1185 -0.712396 0.332942 -0.617771 -0.00927593 -8.44567e-07 0 0 0
3561 3855 0.420988 -0.879307 0.222684 -0.0180042 -1.38301e-06 0 0 0
5078 2524 0.302465 -0.860111 -0.410761 -0.0126084 -9.03786e-07 0 0 0
3908 5374 0.243337 0.0786793 -0.966745 -0.0227734 -1.84089e-06 1 0 0
2995 475 0.505994 -0.175874 -0.844416 -0.0103091 -9.63941e-07 0 0 0
3974 4388 0.267681 -0.123407 -0.955572 -0.00656801 -4.8263e-07 0 0 0
1624 601 0.310615 0.205943 -0.927958 -0.0152076 -1.08533e-06 0 0 0
5118 3750 0.494709 -0.570007 0.656014 -0.0136299 -1.20719e-06 0 0 0
850 2078 0.249234 -0.968388 0.0103125 -0.00498744 -3.47147e-07 0 0 0
3481 4191 0.858652 -0.507094 0.0746469 -0.00191977 -1.59436e-07 0 0 0
5118 3157 0.0715327 -0.977315 -0.199346 -0.00357623 -2.75204e-07 0 0 0
5302 5182 0.320292 0.801878 -0.504385 -0.00400811 -2.29441e-07 1 1 0
3208 1087 0.764776 0.53115 0.364689 -0.012187 -8.90278e-07 0 0 0
569 2741 0.45201 -0.564734 0.69048 -0.00528982 -4.15586e-07 0 0 0
1727 5514 0.687563 -0.275093 -0.671998 -0.0259222 -1.84581e-06 0 0 0
2042 3324 0.942316 0.0452566 0.33165 -0.00100128 -6.08562e-08 1 0 0
564 2245 0.175695 0.971919 0.156539 -0.0103781 -8.79195e-07 0 0 0
3318 648 0.342461 0.52403 0.779816 -0.0264812 -1.8534e-06 0 0 0
1767 4978 0.619121 0.626472 -0.473521 -0.00641629 -4.89848e-07 0 0 0
1723 55 0.342902 -0.474665 -0.810624 -0.00559331 -4.1593e-07 0 0 0
3166 1499 0.512603 0.0684245 -0.855895 -0.0459394 -4.10574e-06 0 0 0
5458 999 0.459275 0.326587 0.82608 -0.01784 -1.47318e-06 0 0 0
705 1856 0.227793 0.84392 0.485704 -0.0216178 -1.69689e-06 1 0 0
4391 3495 0.561655 -0.524428 -0.639937 -0.0110896 -8.10357e-07 0 0 0
5278 3783 0.440982 -0.216233 -0.871079 -0.00152589 -1.11458e-07 0 0 0
4391 4915 -0.0947637 -0.71747 0.690114 -0.027523 -1.50675e-06 0 0 0
2359 1744 0.738033 0.357965 0.571986 -0.000351054 -2.72005e-08 1 0 0
1744 143 0.925625 -0.0700418 -0.371903 -0.00530709 -3.21115e-07 0 0 0
1463 862 0.582007 -0.755915 0.299767 -0.0114432 -9.86458e-07 0 0 0
1573 1356 0.344077 -0.108842 -0.932611 -0.00536855 -4.58987e-07 0 0 0
2222 2995 0.365167 0.564702 0.740111 -0.00218918 -1.328e-07 0 0 0
1856 2693 0.689594 -0.29315 -0.662211 -0.00639402 -5.05825e-07 0 0 0
4216 400 0.932177 0.270609 -0.240453 -0.0151301 -1.05149e-06 0 0 0
4040 988 0.292666 -0.5774 -0.762205 -0.0288261 -2.40769e-06 0 0 0
2006 4076 0.36677 0.904148 0.219078 -0.0178893 -1.12245e-06 1 0 0
5218 3655 0.208264 -0.657145 0.724421 -0.0180088 -1.28567e-06 -1 0 0
5004 3150 0.746569 -0.64534 -0.161774 -0.00238223 -2.05966e-07 0 0 0
1735 4731 0.191016 0.637598 0.746312 -0.0188365 -1.50081e-06 0 0 0
3208 3119 0.158418 -0.956849 -0.243608 -0.0151325 -1.23842e-06 0 0 -1
3219 3783 0.712654 -0.700269 0.0417963 -0.0163655 -1.18585e-06 0 0 0
1735 2640 0.656955 -0.350759 -0.667367 -0.0265042 -2.01251e-06 1 0 -1
2146 2038 0.62885 0.174785 0.757627 -0.0126491 -1.11773e-06 0 0 0
5477 959 0.33621 -0.745016 0.576119 -0.00207291 -1.71256e-07 0 0 0
2363 564 0.409464 0.32356 0.853023 -0.00889038 -6.1198e-07 0 0 1
1996 5230 0.557243 -0.694613 -0.454965 -0.00156928 -1.20379e-07 0 0 0
4360 770 0.651 -0.736566 -0.183495 -0.0104658 -8.20182e-07 0 0 0
3741 2072 -0.174243 -0.971851 -0.15857 -0.011031 -9.10373e-07 -1 0 0
1777 3395 0.279834 0.957662 0.0676562 -0.00709801 -4.39654e-07 0 0 0
4079 2334 0.816855 -0.540176 -0.202378 -0.00908727 -8.19048e-07 0 -1 0
5465 285 -0.118439 0.938268 0.325001 -0.000215852 -1.55282e-08 0 0 0
5284 3345 -0.0353923 0.987304 -0.154848 -0.00793702 -4.61177e-07 0 0 0
5293 5501 0.82549 -0.110195 0.553555 -0.00218935 -1.63979e-07 0 0 0
4713 37 0.842277 -0.501532 -0.197573 -0.00137718 -1.04138e-07 0 0 0
494 4341 0.605125 0.502434 0.617564 -0.00167592 -1.3317e-07 1 0 0
3576 1855 0.376836 0.360718 -0.853157 -0.00113887 -8.95686e-08 0 0 0
2006 3071 0.763855 -0.644947 0.023851 -0.00941313 -6.0533e-07 1 0 0
5372 1024 0.393081 -0.165759 0.90444 -0.0276641 -2.22796e-06 0 0 0
1817 1913 0.312878 0.112234 -0.943139 -0.00633637 -3.90336e-07 0 0 0
4618 4798 0.775604 -0.321585 0.543159 -0.00782941 -5.38686e-07 1 0 0
5490 2385 0.95989 0.0224699 -0.279476 -0.00136538 -1.24219e-07 1 0 0
3621 3783 0.692013 0.649136 0.315817 -0.00503147 -3.73345e-07 0 0 0
5516 5218 0.792725 -0.285715 -0.538474 -0.00280358 -2.58935e-07 1 0 0
3877 878 0.437686 -0.628919 -0.642567 -0.0113614 -9.49109e-07 0 0 0
4969 5419 0.0250695 -0.995109 -0.095548 -0.0119169 -1.05409e-06 0 0 0
2709 5275 0.763997 0.523647 -0.376965 -0.00643747 -6.06055e-07 0 0 0
4260 5240 0.390739 0.139208 0.909914 -0.0290835 -2.23111e-06 0 -1 0
1069 2132 0.823695 0.558322 -0.0990072 -0.0187442 -1.02381e-06 0 0 0
2036 1767 0.902539 -0.160007 0.399777 -0.00628671 -5.31082e-07 0 0 0
1069 4391 -0.0470628 -0.993391 0.104684 -0.0105108 -5.72674e-07 0 0 0
1507 317 -0.00245362 0.899055 0.437829 -0.00787906 -5.9746e-07 0 1 0
3617 4321 0.372122 0.804313 -0.463256 -0.00537344 -4.83851e-07 -1 0 0
3668 2487 -0.0202152 0.815711 -0.578106 -0.00999303 -7.10328e-07 1 0 0
3655 2299 0.474341 0.606025 0.63854 -0.0207146 -1.49021e-06 1 0 0
3655 2079 0.566625 -0.29481 -0.769431 -0.0356747 -2.68557e-06 1 0 0
1167 2401 0.301042 0.338215 -0.891619 -0.0137645 -1.11578e-06 0 0 0
3985 853 0.62568 0.646104 -0.437121 -0.00761339 -4.65083e-07 1 0 0
3278 3867 -0.910841 -0.270144 -0.312074 -0.0175138 -1.32071e-06 0 0 0
4495 432 0.196756 -0.464043 0.863685 -0.018846 -1.55871e-06 0 0 0
3666 1835 0.498784 -0.789297 -0.358085 -0.0027839 -2.006e-07 0 0 0
2003 3083 0.921121 0.293121 0.256157 -0.0186485 -1.37383e-06 1 0 0
865 3330 0.21563 -0.613668 -0.759549 -0.00244602 -1.63359e-07 0 0 0
2496 3083 0.222785 0.923719 -0.311624 -0.00259122 -2.01808e-07 0 0 0
556 601 0.929246 -0.298793 0.217313 -0.00726152 -6.19434e-07 0 0 0
2959 1956 -0.0298499 0.493265 0.869367 -0.00696279 -5.66036e-07 0 0 0
4367 1720 -0.242505 0.310419 0.919147 -0.0143842 -1.30014e-06 0 0 0
329 4249 0.132551 0.942834 0.305769 -0.00945694 -8.41203e-07 0 0 0
2072 5301 0.13333 -0.912824 -0.385973 -0.0218953 -1.67271e-06 1 0 -1
1047 2003 0.299659 0.743048 -0.598401 -0.00996734 -8.12367e-07 0 0 0
4390 4054 0.745078 0.653927 -0.131293 -0.011587 -9.4919e-07 0 0 0
4326 976 0.231326 -0.972872 -0.002783 -0.00469283 -4.03821e-07 0 0 0
5090 3208 0.851698 0.0198263 -0.523658 -0.0176716 -1.32501e-06 0 0 0
3603 2509 0.34779 -0.79433 -0.498079 -0.0174766 -1.18208e-06 1 0 0
3142 3157 0.428873 0.766851 0.477501 -0.00131609 -1.00806e-07 0 0 0
5400 3868 0.563011 -0.331497 -0.757052 -0.000185935 -1.22097e-08 0 0 0
2910 3765 0.792645 -0.0151602 -0.609495 -0.00285429 -2.39918e-07 0 0 0
3881 3320 0.610874 0.40885 -0.677993 -0.000666696 -5.02545e-08 1 0 0
3935 5363 0.403932 0.560088 -0.723285 -0.0101164 -7.68076e-07 0 0 0
3110 2076 0.0762605 -0.926711 0.367956 -0.010337 -8.79745e-07 0 0 0
2806 1150 0.275552 0.544565 -0.792162 -0.00505686 -4.19058e-07 0 0 0
4494 1084 0.0502811 -0.547567 -0.835249 -0.00930056 -7.87839e-07 0 0 0
1929 361 0.20416 -0.344865 0.916181 -0.00535822 -4.24516e-07 0 0 0
2005 1084 0.460991 0.449299 -0.765257 -0.0134247 -9.74434e-07 0 0 0
3751 5464 0.205845 -0.95396 0.218146 -0.00487434 -4.12076e-07 0 0 0
1413 3325 0.719784 -0.0369693 -0.693213 -0.0178955 -1.43902e-06 0 0 0
1299 3918 0.765435 0.0214536 -0.643156 -0.00883003 -6.63884e-07 0 0 0
1138 2036 -0.0206431 -0.712227 -0.701645 -0.0128636 -9.42356e-07 0 0 0
2927 118 0.224479 -0.894106 -0.387536 -0.00017474 -1.03527e-08 0 0 0
3071 2274 0.509176 -0.337181 0.791864 -0.0142781 -9.06808e-07 0 0 0
4050 3032 0.687552 -0.0571808 -0.72388 -0.012398 -9.44203e-07 0 0 0
2489 3499 0.948915 -0.00671886 0.315461 -0.0211755 -1.34325e-06 0 0 0
755 5301 0.16646 -0.557178 0.813538 -0.0170986 -1.33552e-06 0 0 0
755 1481 0.171111 0.718275 -0.67439 -0.0126961 -9.12443e-07 0 0 0
2489 5137 0.486155 -0.219403 -0.845882 -0.0211346 -1.43241e-06 0 0 0
2489 2500 0.462641 0.885338 -0.046265 -0.0139527 -1.23372e-06 0 0 0
3665 5036 0.578675 0.665068 -0.472037 -0.00031049 -2.26891e-08 1 0 0
1410 4789 0.258713 -0.778642 -0.571651 -0.0078721 -6.49644e-07 1 0 0
1766 681 -0.0813603 0.200065 -0.976399 -0.000753115 -6.21257e-08 0 0 0
1722 2200 -0.288802 -0.957223 -0.0178112 -0.000618906 -4.83898e-08 -1 0 0
2777 1956 0.146213 -0.426729 -0.892482 -0.00341259 -2.81795e-07 0 0 -1
164 1633 0.194555 0.537288 0.820652 -0.0193764 -1.42247e-06 0 0 0
2989 860 0.784326 0.361218 -0.504335 -0.0305808 -2.3284e-06 0 0 0
1517 1790 0.742983 -0.315305 -0.59039 -0.00620374 -4.83389e-07 1 0 0
1459 2909 0.859437 0.450085 0.242469 -0.0157239 -1.42558e-06 1 0 0
2989 4728 0.3087 -0.473494 -0.824929 -0.0103465 -8.01203e-07 0 0 0
3204 3171 0.259687 0.761827 -0.59345 -0.00212063 -1.64674e-07 0 0 0
2989 5271 -0.00308052 -0.126124 0.99201 -0.01443 -1.11355e-06 0 0 0
1300 3556 0.764827 -0.0747777 -0.639881 -0.00156339 -1.20754e-07 0 0 0
3853 115 0.718765 -0.565324 0.404706 -0.00275258 -2.0452e-07 0 0 0
3204 391 0.850287 -0.523485 0.0545453 -0.00148844 -1.1474e-07 0 0 0
1831 5403 -0.367476 0.434781 -0.822148 -0.0152154 -1.31875e-06 0 0 0
1524 2681 0.278799 0.32569 -0.903436 -0.0199877 -1.61136e-06 0 0 0
361 3630 0.0152853 0.932278 0.36142 -0.00920617 -5.66796e-07 0 0 0
3272 4216 0.112465 0.912451 0.393427 -0.00124 -8.97559e-08 0 0 0
2088 4645 0.904874 -0.424491 0.0317929 -0.00873721 -7.25048e-07 0 0 0
684 1593 0.974604 0.0926411 -0.203874 -0.00908234 -7.66546e-07 0 0 0
4788 489 0.980218 -0.180176 0.0819049 -0.000495072 -3.49037e-08 0 0 0
88 5185 -0.124527 -0.992181 0.00836801 -0.0100471 -6.16414e-07 0 0 0
3255 3677 0.763658 0.142827 0.629624 -0.00754632 -5.84611e-07 0 0 0
4356 3877 0.584795 -0.672172 0.454093 -0.004128 -3.17291e-07 0 0 0
4470 888 0.346637 -0.547972 -0.761295 -0.0129165 -8.70679e-07 0 0 0
3474 1302 0.341556 -0.636373 -0.691643 -0.0075366 -7.4189e-07 0 -1 0
4939 5458 0.501905 -0.671498 -0.545144 -0.00554344 -4.44856e-07 0 0 0
320 5519 0.988104 -0.0504842 0.145263 -0.0175588 -1.17726e-06 0 0 0
4222 3345 0.538841 -0.51771 -0.66455 -0.00236155 -1.92348e-07 0 0 0
407 1284 0.478548 0.852199 -0.211537 -0.00663998 -5.47184e-07 0 0 0
5501 1711 0.176695 -0.147835 -0.9731 -0.0304088 -2.2843e-06 0 0 0
5501 4029 0.612316 -0.316069 0.724685 -0.0175157 -1.38762e-06 1 0 0
2687 349 0.306818 0.784551 -0.538834 -0.000618509 -4.45677e-08 0 0 0
4463 2584 -0.156158 0.00986615 -0.987683 -0.0314031 -2.87803e-06 0 0 -1
1378 2677 0.6309 -0.683584 0.366986 -0.00339796 -2.68693e-07 0 0 0
1378 1024 0.471637 -0.162882 -0.866619 -0.0104777 -1.01699e-06 0 0 0
150 650 0.552606 0.732994 0.396669 -0.00337021 -2.556e-07 0 0 0
1466 1800 0.881305 -0.290386 -0.372798 -0.00224598 -1.55181e-07 0 0 0
1343 1517 0.647932 0.0700163 0.758473 -0.0361816 -2.11134e-06 0 0 0
1343 5183 0.752685 -0.61395 -0.237761 -0.0111929 -7.85958e-07 0 0 0
1466 1648 0.471986 0.769639 0.429982 -0.00763592 -5.07161e-07 0 0 0
370 1133 0.47533 0.318585 -0.820101 -0.0181193 -1.19728e-06 0 0 0
1711 4050 0.630499 -0.753239 -0.187354 -0.00952824 -7.65947e-07 1 0 0
3309 5117 0.762839 -0.251193 0.595801 -0.00732867 -6.72812e-07 1 0 0
27 1720 0.0634595 -0.233123 -0.970375 -0.0148478 -1.31487e-06 0 0 0
1466 3110 0.175092 -0.962183 -0.208679 -0.00890836 -5.56814e-07 0 0 0
1101 3982 0.67139 0.373039 0.640372 -0.00485454 -4.00032e-07 0 0 0
4337 143 0.75873 0.532344 0.375417 -0.00684843 -4.78793e-07 0 0 0
641 4693 0.00867605 -0.499825 0.866083 -0.0168263 -1.3335e-06 0 0 0
3434 4052 0.492451 -0.412188 0.766546 -0.0200801 -1.49475e-06 0 0 0
976 4176 0.558573 0.68554 0.466938 -0.0150138 -1.00204e-06 1 0 0
2091 3785 -0.00621777 -0.975908 0.218093 -0.0050772 -4.36466e-07 0 -1 0
1179 3935 0.821847 0.0488944 -0.567607 -0.00201223 -1.44265e-07 0 0 0
2722 3630 0.0701514 0.731433 -0.678296 -0.0106829 -6.31877e-07 0 0 0
4597 5372 0.219781 0.360353 0.906555 -0.00951363 -7.87192e-07 0 0 0
819 3979 0.9283 0.312896 0.200885 -0.00447512 -3.22652e-07 0 0 0
4852 5216 0.316761 -0.173942 -0.93242 -0.00360706 -2.888e-07 0 0 0
1578 4915 0.386182 0.824239 -0.414118 -0.00268379 -2.04094e-07 0 0 0
329 5047 0.329081 -0.42746 0.842012 -0.0212677 -1.82202e-06 0 0 0
3741 430 0.241277 0.169535 0.955533 -0.0128936 -8.55781e-07 0 0 0
5216 2014 0.848052 -0.269574 -0.456221 -0.00350774 -2.8862e-07 0 0 0
556 4915 0.452497 0.113329 -0.884535 -0.0196042 -1.86974e-06 0 0 0
2063 836 0.16199 -0.41471 -0.895419 -0.00552386 -3.97139e-07 0 0 0
1284 2130 0.710157 -0.586804 -0.389022 -0.00224475 -1.85692e-07 0 0 0
2169 2467 0.392259 0.6747 -0.62523 -0.0113125 -9.04945e-07 0 0 0
4079 1499 0.658365 0.611769 0.438513 -0.0132179 -1.17019e-06 0 -1 0
3274 3568 0.111634 -0.992585 0.0480984 -0.00415225 -3.25667e-07 0 0 0
2722 3367 0.791637 -0.604455 0.0891336 -0.000165306 -1.34133e-08 0 0 0
5302 4594 0.911903 -0.0902823 0.400352 -0.00249927 -2.3831e-07 1 0 0
1300 2500 0.791447 -0.288811 0.538701 -0.00802692 -6.56557e-07 0 0 0
2442 958 0.966085 -0.0132399 -0.257886 -0.00021967 -2.0876e-08 0 0 0
1391 517 0.518162 0.447826 -0.72867 -0.015923 -1.1148e-06 0 0 0
1391 4072 0.524919 0.591154 0.61237 -0.00167145 -1.5327e-07 0 0 0
494 411 0.767315 -0.205877 -0.607325 -0.00227272 -2.02544e-07 1 0 0
4480 1706 0.880429 0.469035 0.0696478 -0.00976257 -8.18476e-07 1 0 0
4871 2077 0.882931 0.458511 -0.100997 -0.00247024 -1.76709e-07 0 0 0
1391 824 0.0479671 -0.154186 0.986877 -0.0318837 -2.608e-06 0 0 0
2650 1563 -0.997623 -8.84291e-05 0.0689025 -0.0186386 -1.10815e-06 0 0 0
3621 36 0.896119 -0.342335 0.282451 -0.00619896 -4.59777e-07 0 0 0
2759 3441 0.487139 -0.872267 0.04297 -0.0191204 -1.62721e-06 0 0 0
2759 842 0.478596 0.707352 0.520191 -0.0119175 -1.00744e-06 0 0 0
3206 503 0.975965 0.160833 -0.147054 -0.00937199 -5.92801e-07 0 0 0
2005 3390 0.981945 -0.147288 0.118704 -0.00417491 -3.2983e-07 0 0 0
2177 3071 0.641076 -0.085154 0.762738 -0.0104352 -8.00932e-07 1 0 0
923 3304 0.535208 -0.706962 -0.462339 -0.00790481 -6.79389e-07 0 0 0
3648 2695 -0.986286 -0.0345058 0.161395 -0.00357411 -3.03869e-07 0 0 0
197 4502 0.301495 0.189827 0.93438 -0.0619821 -3.7025e-06 0 1 0
3991 5272 0.475768 0.191799 0.858404 -0.0185745 -1.21317e-06 0 0 0
1965 429 0.30472 0.833511 -0.460874 -0.00375608 -2.90737e-07 0 0 0
197 3166 0.225546 0.0893524 -0.970126 -0.0517844 -3.17777e-06 0 0 0
197 1069 0.223692 -0.884263 -0.409928 -0.0180379 -1.06806e-06 0 0 0
4576 2594 0.538802 0.407397 0.737374 -0.00862692 -7.15792e-07 0 0 1
3713 5458 0.666024 -0.0567597 0.743768 -0.0203173 -1.97327e-06 0 0 0
3157 3318 0.868225 0.130345 -0.478743 -0.0129282 -9.542e-07 0 0 0
5389 5045 0.784872 -0.244556 -0.569358 -0.0179062 -1.45006e-06 1 0 0
206 2169 0.38444 0.135521 0.913148 -0.0120793 -1.09582e-06 0 0 0
2910 2508 0.297689 0.812152 -0.501787 -0.0240515 -1.88305e-06 0 0 0
4367 3066 0.354506 -0.357024 -0.86421 -0.0106972 -6.68531e-07 0 0 0
3510 4181 0.562961 0.816824 0.12599 -0.00710286 -5.56678e-07 0 0 0
4367 2077 0.683343 -0.156953 0.713027 -0.0024779 -1.89114e-07 0 0 0
3272 4449 0.484602 0.666884 -0.566062 -0.00504154 -3.76953e-07 0 0 0
4590 1235 0.830856 -0.397738 -0.389208 -0.00196636 -1.66493e-07 0 0 0
4712 1169 -0.172804 -0.984201 0.0385554 -0.000743702 -6.7715e-08 0 0 0
4712 3846 0.718964 0.62419 -0.305741 -0.000934088 -5.48559e-08 1 0 0
2687 37 0.220714 -0.122221 -0.967651 -0.021959 -1.75994e-06 0 0 0
4607 900 -0.971226 -0.128714 0.200379 -0.00103232 -7.48695e-08 0 0 0
1720 5083 0.621914 0.780387 -0.0649453 -0.00882695 -8.16929e-07 1 0 0
5460 878 0.355353 -0.84364 0.402487 -0.000999685 -7.54997e-08 0 0 0
5155 2484 0.317605 0.374021 -0.871341 -0.0204138 -1.87345e-06 0 0 0
2397 1672 0.0558246 0.974568 -0.217029 -0.0132469 -9.62715e-07 -1 0 0
5401 3290 0.920509 -0.0548655 -0.386851 -0.0153525 -9.89141e-07 0 0 0
497 3812 0.183484 0.878092 -0.441915 -0.000425944 -3.15382e-08 0 0 0
4583 2600 0.459623 0.231436 0.857429 -0.029447 -2.04447e-06 0 0 0
2336 4583 0.114506 -0.879718 -0.461503 -0.0173421 -1.30933e-06 0 0 0
4471 595 0.605626 -0.0237772 0.795394 -0.00191822 -1.47314e-07 0 0 0
3037 2425 0.372651 -0.34523 0.861364 -0.0258247 -2.102e-06 0 0 0
2623 2326 0.33362 -0.898219 -0.286182 -0.0100937 -7.04743e-07 0 0 0
4929 3891 0.54901 0.110249 0.828513 -0.0127821 -1.16514e-06 0 0 0
5029 4989 -0.130474 -0.386194 0.913143 -0.0096599 -6.92927e-07 0 0 0
5240 4191 0.124034 0.477729 0.869707 -0.0164625 -1.3131e-06 0 1 0
5135 2552 0.300545 -0.940379 -0.159247 -0.00158627 -1.17373e-07 0 0 0
5127 2222 0.569186 0.791828 0.22144 -0.00193127 -1.54597e-07 0 0 0
882 3176 0.406389 -0.912909 -0.0380098 -0.0185464 -1.58085e-06 0 0 0
5049 3109 0.785015 -0.61715 -0.0536363 -0.00832631 -5.22369e-07 0 0 0
5029 3264 0.994081 -0.0945096 -0.0535825 -0.0182806 -1.45962e-06 1 0 0
88 5029 0.996201 0.0171744 -0.0853751 -0.0124355 -7.46629e-07 0 0 0
888 3320 0.558638 -0.772827 -0.301099 -0.00517152 -4.14994e-07 0 0 0
888 1911 0.639488 0.659534 0.395057 -0.0176272 -1.36595e-06 0 0 0
4756 770 0.483625 0.811579 -0.327789 -0.00605744 -4.7991e-07 0 0 -1
4583 4747 0.778691 0.623664 0.0684431 -0.0165673 -1.39542e-06 0 0 0
2681 2886 0.212307 0.928034 0.306069 -0.00995969 -7.55756e-07 0 0 0
3622 3672 -0.0153098 0.49441 0.869094 -0.0101707 -8.385e-07 0 0 0
927 3514 -0.0434154 -0.999031 -0.00725294 -0.00486599 -3.4908e-07 0 0 0
3279 1514 0.153561 0.414127 -0.897172 -0.0246674 -2.24938e-06 0 0 0
3705 1756 0.719694 -0.204106 -0.663612 -0.0204743 -1.28789e-06 1 0 0
304 2759 0.00713058 0.364123 -0.931324 -0.00163366 -1.25886e-07 0 0 0
3605 5519 0.280313 0.0840819 0.956219 -0.00445741 -3.59359e-07 0 0 0
3829 1737 0.869154 0.317228 -0.37939 -0.00454401 -3.15598e-07 0 0 0
411 1290 0.0737125 -0.718142 0.691982 -0.00407885 -3.25802e-07 -1 0 0
1069 4404 0.456804 0.340884 0.821662 -0.000132881 -9.06564e-09 0 0 0
2496 4368 0.564489 -0.164944 0.808793 -0.00228305 -1.84631e-07 0 0 1
5494 4057 -0.900268 -0.296779 0.318495 -0.00680238 -5.24114e-07 0 0 0
3324 354 0.253458 0.967304 -0.00901451 -0.000150749 -9.26668e-09 0 0 0
5088 582 0.687154 -0.170557 0.706208 -0.00908037 -6.57233e-07 0 0 0
4516 3296 0.54296 -0.365667 -0.755965 -0.00495447 -4.35518e-07 0 0 0
3281 3171 0.809231 0.431475 0.398715 -0.0203415 -1.26429e-06 1 0 0
3689 1822 0.157798 0.130976 -0.978747 -0.0410482 -3.23944e-06 0 0 0
150 2130 0.573017 -0.638992 0.513168 -0.0182834 -1.49594e-06 0 0 0
947 3719 0.212044 -0.361022 -0.90813 -0.00805445 -6.5698e-07 0 0 0
4360 2640 0.529723 0.797716 -0.288171 -0.0124275 -9.57572e-07 0 0 0
4678 2496 0.481986 0.365876 0.796131 -0.00551699 -4.40833e-07 1 0 0
5059 5054 0.890239 -0.108122 -0.442476 -0.0111082 -8.00882e-07 0 0 0
2921 3967 0.294424 0.94408 -0.148417 -0.0014804 -1.20817e-07 0 0 0
523 300 0.683714 0.0557424 0.727618 -0.00702325 -6.46024e-07 0 0 0
3935 1425 0.814464 -0.0599471 0.577109 -0.0011424 -7.29083e-08 1 0 0
285 3929 0.2874 -0.689433 0.664894 -0.0265985 -1.78088e-06 0 0 0
540 2828 0.665089 0.739041 -0.10712 -0.00838806 -5.80212e-07 0 0 0
1378 5516 0.417435 0.672774 0.610838 -0.00145127 -1.14575e-07 0 0 0
4898 3908 0.930962 0.229807 -0.283721 -0.00608922 -4.21872e-07 0 0 0
786 2627 0.600505 0.0674768 0.796769 -0.0152585 -1.14341e-06 0 0 0
786 2350 0.613942 -0.454268 -0.645535 -0.00655568 -4.47946e-07 0 0 0
2455 2501 0.651194 -0.47364 0.592968 -0.00724024 -5.12043e-07 0 0 0
3171 5301 -0.0193686 0.59047 0.806827 -0.0249756 -2.14032e-06 0 0 0
4239 2036 0.462458 0.878102 -0.122756 -0.00670531 -5.50538e-07 0 0 0
3171 4029 0.32545 0.658318 -0.678749 -0.00647977 -4.01686e-07 0 0 0
3171 1295 0.0453618 -0.49312 -0.868778 -0.0183336 -1.64073e-06 0 0 0
321 4426 0.756878 -0.474728 -0.449187 -0.00653299 -4.68024e-07 0 0 0
321 3281 0.628572 0.656497 -0.417024 -0.0213929 -1.3222e-06 0 0 0
3176 4378 0.555107 0.19062 -0.809642 -0.00563682 -4.18745e-07 0 0 -1
4989 1245 0.336421 0.287434 0.896773 -0.0268562 -1.90517e-06 1 0 0
4989 2204 0.370733 -0.683593 -0.628695 -0.0365536 -2.49458e-06 0 0 0
850 3429 0.631292 0.765867 0.122135 -0.000316695 -2.74549e-08 0 0 0
4989 396 0.549955 0.826375 -0.12105 -0.00461675 -3.7517e-07 1 0 0
385 3304 0.570007 0.272324 -0.775198 -0.0274772 -1.59362e-06 0 0 -1
4232 3416 0.598703 -0.562335 0.570381 -0.00707189 -4.53414e-07 0 0 0
178 3523 0.68949 0.682948 0.241215 -0.00851945 -6.62981e-07 0 0 0
1033 1018 0.256649 -0.100863 -0.961227 -0.000136269 -1.07348e-08 0 0 0
3208 321 -0.0210337 0.144126 -0.989336 -0.0240482 -1.89403e-06 0 0 -1
3377 2040 0.613986 -0.233208 0.754079 -0.0179758 -1.43776e-06 1 0 0
1792 395 0.870875 -0.226242 -0.436338 -0.0124119 -9.48976e-07 0 0 0
3304 2577 0.704743 0.116011 0.699913 -0.00328595 -2.73682e-07 0 0 1
3113 1722 0.749423 0.0609364 -0.659281 -0.00822978 -6.04203e-07 1 0 0
1792 2245 0.0863885 -0.612703 0.785577 -0.00936852 -8.11585e-07 0 0 1
396 1061 0.623892 0.112872 0.773317 -0.0079543 -6.10589e-07 0 0 0
1425 3945 0.352208 -0.12315 0.927784 -0.00970928 -7.59148e-07 0 0 0
1091 4729 0.347435 0.712725 0.609354 -0.00794733 -6.5509e-07 0 0 0
1711 1425 0.134732 0.988525 0.0683055 -0.00407817 -3.30119e-07 1 0 0
150 1284 -0.149874 -0.0572507 0.987046 -0.0354383 -2.69924e-06 0 0 0
4384 2693 0.332224 0.0117501 0.943127 -0.00343973 -2.30675e-07 0 0 1
1495 2841 0.240045 0.232275 -0.942564 -0.027883 -2.03413e-06 0 0 0
1495 5083 0.158066 -0.604402 0.780841 -0.0160319 -9.69347e-07 1 0 0
1495 2038 0.503752 -0.839343 -0.204299 -0.02131 -1.18859e-06 0 0 0
1495 4066 0.788205 0.21511 0.576593 -0.00437566 -2.44351e-07 0 0 0
3063 2467 0.714996 -0.466627 0.520615 -0.0069125 -5.78643e-07 0 0 0
4809 1261 0.200538 0.961248 -0.189173 -0.00202895 -1.9083e-07 0 0 0
411 3437 0.573636 0.272449 0.772472 -0.0304946 -2.09644e-06 0 0 0
2469 2489 0.318628 -0.547866 -0.773511 -0.02355 -2.11887e-06 0 0 0
2469 320 0.300267 0.519763 0.799803 -0.0228036 -2.06869e-06 0 0 0
1945 4333 0.530331 0.615794 0.582707 -0.000574231 -4.91505e-08 0 0 0
1911 143 0.263452 0.621682 -0.737635 -0.0251289 -1.98667e-06 0 0 0
4335 878 0.418262 0.26467 -0.868911 -0.00978378 -8.23423e-07 0 0 0
4997 1884 0.703147 0.708913 0.0550181 -0.0155244 -9.31104e-07 0 0 0
1605 705 0.682297 -0.131534 -0.719145 -0.0121642 -8.0949e-07 0 0 0
4701 115 0.904999 -0.00961846 -0.425305 -0.000138855 -1.04356e-08 1 0 0
1938 1179 0.391278 -0.460588 0.796718 -0.00370484 -2.73218e-07 0 0 0
206 5083 0.675308 -0.722478 -0.14827 -0.00148872 -1.30657e-07 1 0 0
2980 4158 0.439007 -0.0169848 0.898323 -0.00798233 -5.48387e-07 0 0 0
1958 343 0.367662 -0.403967 0.837637 -0.0143456 -1.30669e-06 0 0 0
198 4471 0.454599 -0.748991 -0.482029 -0.028537 -1.71691e-06 0 0 0
3785 4982 0.361799 -0.330115 -0.871852 -0.00141014 -1.00304e-07 0 0 0
882 4728 0.703036 0.407375 0.582912 -0.0113625 -8.51056e-07 0 0 0
882 865 0.324572 0.372143 -0.869576 -0.0226194 -1.80626e-06 0 0 -1
221 1871 -0.185885 -0.00333318 -0.982566 -0.0187683 -1.5796e-06 0 0 0
839 3536 0.991964 0.0500463 -0.116204 -0.0116074 -9.19757e-07 0 0 0
1116 3429 0.791605 -0.581993 -0.18613 -0.00304289 -2.34965e-07 0 0 0
3009 3603 0.0473107 -0.883689 -0.465677 -0.0118895 -7.94629e-07 0 0 0
1648 4539 0.783211 -0.618956 0.0589414 -0.00661853 -5.98616e-07 0 0 0
2910 4466 0.442791 -0.639275 0.6287 -0.00640054 -4.74497e-07 0 0 0
2004 2667 0.283298 -0.899721 -0.33203 -0.00725089 -5.24747e-07 0 0 0
2004 2550 0.202162 0.0334612 0.97878 -0.00883532 -7.05223e-07 0 0 0
3829 4833 0.307359 -0.151024 0.939533 -0.0156073 -1.0795e-06 0 0 0
3829 4645 0.0553135 0.343489 -0.937526 -0.00629876 -4.94906e-07 0 0 0
650 1457 0.687664 0.599084 0.410142 -0.0007262 -5.75441e-08 0 0 0
3801 2111 0.543131 -0.49021 -0.681691 -0.0226399 -1.77194e-06 0 0 0
1368 5271 0.375869 0.763201 0.525592 -0.00272972 -1.93094e-07 0 0 0
105 4757 0.0494147 -0.727421 -0.68441 -0.00714767 -5.32469e-07 0 0 0
1456 3343 0.805881 -0.00613672 0.592046 -0.013355 -9.74637e-07 0 0 0
4100 3188 0.721724 0.692172 0.00363971 -0.0124576 -1.02581e-06 0 0 0
4100 3029 0.46551 -0.538882 -0.702073 -0.0148483 -1.00988e-06 0 0 0
1608 5011 0.505222 -0.755567 -0.416975 -0.00315307 -2.63175e-07 1 0 0
2074 1068 -0.98928 0.0268114 0.143549 -0.0144332 -1.13049e-06 0 0 0
1048 1868 -0.242454 -0.419826 -0.874621 -0.0181004 -1.2243e-06 0 0 0
1350 1466 0.21694 -0.727792 0.650581 -0.00469772 -3.17039e-07 0 0 0
411 5117 -0.0102472 0.744512 -0.667531 -0.00548661 -4.92775e-07 0 0 0
4164 5222 0.274521 0.281508 -0.919452 -0.0371867 -2.6757e-06 0 0 0
819 285 0.40075 -0.634699 0.660724 -0.0331528 -2.33506e-06 0 0 0
3689 824 -0.222535 0.932002 -0.286094 -0.00021351 -1.73558e-08 0 0 0
3881 5067 0.907482 0.277732 0.315183 -0.00226295 -1.60456e-07 1 0 0
4470 1456 0.395863 0.873012 0.284855 -0.00613663 -4.60897e-07 0 0 0
666 3456 0.190404 0.447604 -0.873726 -0.00542269 -4.23441e-07 0 0 0
5290 1673 0.911409 -0.209397 -0.354241 -0.00835173 -7.06285e-07 0 0 -1
197 4597 -0.207162 0.898569 0.386857 -0.000969636 -8.94003e-08 0 1 0
5343 3110 0.41277 0.530015 0.740746 -0.00484566 -4.19883e-07 0 0 0
1624 2455 0.602186 -0.79629 -0.0573946 -0.00311462 -2.23231e-07 0 0 0
564 1592 0.966257 -0.24401 0.0824973 -0.0103155 -7.11171e-07 1 0 0
1054 1011 0.868998 0.0961507 0.485384 -0.0115032 -9.69861e-07 0 0 0
5301 2238 0.586548 -0.781396 0.213031 -0.0307962 -2.75372e-06 0 0 1
3561 2006 0.953798 -0.201157 -0.223172 -0.00671643 -4.26938e-07 0 0 0
564 4260 0.243375 -0.967229 0.0723635 -0.0108822 -8.50996e-07 0 0 0
5169 4731 0.123903 -0.740069 0.661019 -0.0228489 -1.81457e-06 0 0 1
5169 5010 0.101029 0.903976 0.415477 -0.012231 -9.31459e-07 1 0 1
5169 3701 0.460887 -0.0558602 -0.885699 -0.0391791 -2.76276e-06 1 0 0
450 2266 0.785972 0.442972 0.431305 -0.000719014 -4.52618e-08 0 0 0
2327 4704 0.289778 0.633528 -0.717406 -0.0125653 -1.05684e-06 0 0 0
4052 2274 0.669779 0.34937 -0.655238 -0.0154342 -9.68616e-07 0 0 0
634 4915 0.421493 0.461482 0.780627 -0.0175227 -1.7008e-06 0 0 0
4895 4449 0.960222 -0.210049 -0.183995 -0.00462407 -3.55799e-07 0 0 1
3761 1797 0.367673 0.928064 0.0592737 -0.0181208 -1.51496e-06 0 0 0
2949 2299 0.429562 -0.898343 -0.0919525 -0.0030858 -2.71443e-07 0 0 0
3705 3694 0.573847 0.682375 0.452841 -0.0130472 -1.14777e-06 0 0 0
3761 537 0.98485 0.117248 -0.127766 -0.0103771 -6.32915e-07 1 0 0
2042 4978 0.217689 -0.90715 0.360127 -0.00138759 -1.08484e-07 0 0 0
2042 53 -0.072768 0.080784 -0.994072 -0.00150603 -1.36291e-07 0 0 0
2042 4764 0.312974 0.94906 0.0365123 -0.000684191 -4.55157e-08 1 0 0
2256 321 0.932039 0.121958 0.341217 -0.00849369 -6.59726e-07 0 0 0
2336 4667 0.157282 0.211451 -0.964651 -0.0347913 -2.4804e-06 0 0 0
3488 5290 0.689756 0.627409 0.361379 -0.00606121 -5.37553e-07 0 0 0
1133 4436 0.497767 -0.652335 0.571565 -0.0189665 -1.12141e-06 0 0 0
3870 4491 0.158755 0.981765 0.104572 -0.0028966 -2.29612e-07 0 0 0
4139 819 0.279339 -0.445515 0.85058 -0.033938 -2.35105e-06 0 0 0
3617 5182 0.621629 -0.731094 0.28121 -0.0110654 -6.7683e-07 0 0 0
1133 2130 0.523771 0.849657 0.0612104 -0.0182539 -1.24064e-06 0 0 0
4756 3507 0.953196 0.183384 0.24039 -0.00733481 -5.24635e-07 0 0 0
1892 1251 0.449801 0.687491 0.570119 -0.0111596 -7.51192e-07 0 0 0
4433 71 0.382545 -0.0261789 -0.923566 -0.0137183 -1.02845e-06 0 0 0
1133 2065 0.159718 -0.917055 -0.365378 -0.00118097 -8.96079e-08 0 0 0
1047 3399 0.576709 -0.809822 0.107675 -0.00715652 -5.85527e-07 1 -1 0
4595 4898 0.458005 0.47327 -0.752493 -0.00454857 -3.04715e-07 0 0 -1
4978 4694 -0.0397549 -0.405891 -0.913057 -0.0204139 -1.52818e-06 1 0 0
4535 71 0.736352 0.219162 0.64012 -0.00559879 -4.01168e-07 0 0 0
3246 1284 0.184621 -0.178599 -0.966446 -0.0355494 -2.7263e-06 0 0 0
3876 3274 0.978332 -0.0775044 -0.19199 -0.00828361 -7.49101e-07 1 0 0
3309 4777 0.0878094 0.300286 -0.949799 -0.0256462 -2.20447e-06 0 0 0
5049 4833 0.265817 0.891219 0.36752 -0.00994673 -7.39665e-07 0 0 0
3083 1727 0.593093 -0.181932 -0.78431 -0.0349424 -2.75074e-06 0 0 0
3083 3483 0.544316 -0.0156647 0.838734 -0.0298923 -2.35245e-06 0 0 0
2131 397 0.605437 -0.543433 -0.581486 -0.00252154 -2.14634e-07 0 0 0
5218 5036 0.468161 -0.49428 -0.732471 -0.0234478 -1.58036e-06 0 0 0
1498 850 0.956367 0.034545 0.290118 -0.00614793 -4.92712e-07 0 0 0
1874 1116 0.237779 -0.598249 0.765219 -0.0061508 -5.29008e-07 0 0 0
1945 622 0.931443 0.21479 -0.293732 -0.00877404 -6.89095e-07 0 0 0
4731 2105 0.221745 0.857333 0.464552 -0.0168498 -1.41698e-06 1 0 0
4075 5460 0.698095 0.574109 -0.427859 -0.0050268 -3.57923e-07 0 0 0
4075 3877 0.648743 0.337042 0.682301 -0.0222796 -1.75221e-06 0 0 0
3439 4728 0.516643 0.801345 -0.301538 -0.00169425 -1.19448e-07 0 0 0
5374 4122 0.532613 0.441083 -0.722336 -0.0212401 -1.64743e-06 0 0 0
5374 3255 0.588291 -0.774965 0.230959 -0.0070425 -5.32573e-07 0 0 0
2667 2613 0.213759 0.0499276 0.97561 -0.0112165 -9.68313e-07 1 0 0
4814 262 0.0824306 -0.152311 -0.984889 -0.0195324 -1.26616e-06 -1 0 0
59 1943 0.0108832 -0.396033 0.918172 -0.00753088 -5.88804e-07 0 0 0
3515 1459 0.187269 0.981039 0.049931 -0.00956807 -7.66505e-07 0 0 0
3224 1352 0.22313 -0.0564079 -0.973155 -0.0038032 -3.1889e-07 0 0 0
4958 5303 0.128221 0.97262 0.193829 -0.00642621 -4.6432e-07 0 0 0
4814 1728 0.958649 0.283786 0.0213701 -0.010808 -7.71425e-07 0 0 0
2059 51 0.230658 0.225756 0.946484 -0.0250768 -2.04791e-06 0 0 0
429 4875 0.669227 0.721371 -0.178214 -0.00253723 -1.57845e-07 0 0 0
2725 2929 0.417902 0.559541 -0.715732 -0.00715491 -4.14255e-07 1 0 0
3481 523 0.653721 0.234896 -0.719356 -0.00998504 -9.14932e-07 0 0 0
4347 5517 0.853624 -0.466144 0.232457 -0.00240262 -1.76441e-07 0 0 0
3785 4271 0.976692 0.201009 -0.0752888 -0.0177466 -1.25813e-06 0 1 0
2327 740 0.678394 -0.73457 -0.0137636 -0.00172796 -1.36679e-07 1 0 0
4026 2658 0.357883 -0.580294 0.731559 -0.00968617 -7.77196e-07 0 0 0
4809 3704 0.285576 -0.936567 0.203195 -0.0132237 -1.23993e-06 0 0 0
3945 2109 0.445418 -0.735707 -0.510233 -0.0157871 -1.28917e-06 0 0 0
1274 567 0.265175 -0.2099 -0.941076 -0.0242601 -1.89105e-06 0 0 0
2767 582 0.794303 0.282219 -0.537991 -0.0176322 -1.11012e-06 0 0 0
4645 722 0.85625 0.168445 -0.488326 -0.0111626 -8.70233e-07 0 0 0
2372 2592 -0.359623 -0.0378666 -0.932329 -0.00412004 -2.82689e-07 0 0 0
4450 2709 0.505207 -0.0201674 -0.862763 -0.0272916 -1.61056e-06 0 0 0
4450 4260 0.224661 0.484565 0.845414 -0.0280507 -2.44052e-06 0 1 1
4450 4397 0.24348 -0.822394 0.514185 -0.0219462 -1.73731e-06 0 0 0
5092 4905 0.917324 0.306277 0.254383 -0.0133176 -9.42514e-07 0 1 0
1243 3801 0.280205 0.521356 -0.806023 -0.00717126 -4.96256e-07 0 0 0
3715 2055 -0.0454319 -0.227314 -0.972761 -0.00544596 -4.33521e-07 0 0 0
1923 3705 0.116449 -0.274177 0.954603 -0.0355629 -2.33531e-06 0 0 0
1507 3682 0.490272 0.0812482 0.867774 -0.00409508 -2.8584e-07 0 0 0
5092 4079 0.375615 -0.50183 0.779153 -0.0170765 -1.1702e-06 0 1 0
1158 4777 0.914654 0.183574 0.36015 -0.00262968 -2.16372e-07 0 0 0
3340 1300 0.111112 0.621693 0.77534 -0.00210357 -1.67697e-07 0 0 0
4597 263 0.599546 0.120001 -0.791293 -0.00548468 -4.38591e-07 0 0 0
2491 2776 0.797555 -0.244322 -0.551555 -0.0126214 -8.67617e-07 1 0 0
4341 5238 0.80365 0.594956 0.0131956 -0.000512562 -3.82351e-08 0 0 0
4884 162 0.305627 0.951205 0.0424442 -0.00327346 -2.78523e-07 0 1 0
4884 3166 0.330663 -0.437188 0.836378 -0.0112588 -7.9386e-07 0 0 0
2658 5363 0.895395 -0.234028 0.378813 -0.0135215 -1.11181e-06 0 0 0
4031 3121 0.341628 -0.189388 -0.920556 -0.0026476 -1.80426e-07 0 0 0
2750 2246 0.992033 -0.0510677 0.115161 -0.00189835 -1.5932e-07 0 0 0
1929 1524 -0.0810101 0.960152 -0.26748 -0.00773457 -6.38701e-07 0 0 0
190 4940 0.845522 -0.360828 -0.393567 -0.00433846 -3.2588e-07 0 0 0
4820 5378 0.509235 -0.157078 -0.846172 -0.00839115 -7.60632e-07 0 0 0
2479 3414 0.303132 0.439361 -0.84562 -0.00669312 -5.2723e-07 0 0 0
840 5214 0.4016 -0.888775 0.220897 -0.00420454 -3.26391e-07 1 0 0
2479 3049 0.867062 0.321195 0.380837 -0.0101095 -7.65994e-07 1 0 0
3276 5194 0.713914 -0.603439 0.35523 -0.00614791 -5.95246e-07 0 0 0
3063 3991 0.163832 0.411097 0.896749 -0.0122532 -1.10225e-06 0 0 0
1790 165 -0.0992149 -0.993636 0.0533326 -0.00288909 -2.11455e-07 -1 0 0
3567 5118 0.504122 -0.529175 0.682521 -0.0132174 -1.13792e-06 0 0 0
304 3936 0.557424 -0.481463 0.676367 -0.00159315 -1.20982e-07 0 0 0
3761 3319 0.488964 -0.613042 -0.620559 -0.0123652 -7.61746e-07 1 0 0
3824 555 0.307431 -0.543057 0.781393 -0.02024 -1.56584e-06 0 0 0
1079 3262 0.929384 -0.164378 -0.330492 -0.00342409 -2.75779e-07 1 0 0
648 4052 0.302058 0.915841 -0.264569 -0.00468015 -3.15547e-07 1 0 0
4832 1684 -0.13074 -0.402967 -0.905828 -0.0203429 -1.38409e-06 0 0 0
5352 3568 0.797893 -0.0878552 -0.596362 -0.0116971 -8.76714e-07 1 0 0
5098 5206 0.916248 0.0201202 0.400105 -0.00354312 -2.733e-07 0 0 0
379 1328 0.390518 -0.612081 -0.687643 -0.00186895 -1.38873e-07 0 0 0
1608 3826 0.274623 0.79397 -0.542397 -0.013534 -1.06381e-06 0 0 0
4321 1075 0.308595 -0.0293843 -0.95074 -0.00987115 -8.66355e-07 1 0 0
4321 4145 0.519878 0.140251 0.842649 -0.0105884 -9.23323e-07 0 0 0
2336 329 0.429556 0.83489 0.344151 -0.0166552 -1.19404e-06 0 0 0
8 3219 0.477768 -0.551578 -0.68374 -0.0211156 -1.61539e-06 0 0 0
4938 429 0.747616 0.0974003 -0.656951 -0.00388313 -2.99005e-07 0 0 0
4034 1723 0.713857 0.296886 0.634245 -0.0086642 -6.16664e-07 0 0 0
2179 2793 0.353527 0.89131 0.283877 -0.0113283 -7.65673e-07 0 0 0
3741 5439 0.932441 0.30909 0.18713 -0.00945236 -7.21792e-07 0 0 0
3268 4449 0.664524 0.669428 0.332074 -0.0073597 -6.36819e-07 0 0 0
2109 145 0.634882 0.101937 -0.765854 -0.0214693 -1.24365e-06 0 0 0
4730 1302 0.811818 0.421759 -0.40382 -0.0105282 -8.44801e-07 0 0 0
4771 3438 0.232136 -0.91924 -0.317978 -0.00870673 -6.21255e-07 0 0 0
5464 4089 0.803025 0.494925 -0.331964 -0.0146899 -1.21471e-06 0 0 0
2110 1074 0.348369 -0.761316 -0.546842 -0.0051338 -4.14305e-07 1 0 -1
2110 4720 0.241416 0.602937 -0.760385 -0.0188539 -1.54652e-06 1 0 -1
2076 2959 0.113898 -0.689437 0.715335 -0.00589024 -4.65476e-07 0 0 0
178 142 0.503277 -0.353066 0.788706 -0.0184892 -1.34124e-06 0 0 0
262 4145 0.280578 0.797535 -0.534054 -0.00601781 -3.88634e-07 0 0 0
262 5182 0.128104 -0.837205 -0.531674 -0.00692803 -4.71055e-07 1 0 0
4766 151 0.838844 0.463046 -0.286233 -0.012384 -7.96474e-07 0 0 0
1557 4796 0.490386 -0.644437 0.586705 -0.0179749 -1.38317e-06 0 0 0
512 2898 0.535171 0.751128 -0.386522 -0.00533676 -4.70903e-07 0 0 0
3737 840 0.24833 0.438348 0.863819 -0.0210326 -1.8502e-06 0 0 0
400 4047 0.285662 -0.208223 0.935436 -0.0162054 -1.30848e-06 0 0 0
3737 1255 0.694794 0.0812107 -0.714609 -0.0168546 -1.28339e-06 1 0 0
2844 1310 0.000325759 -0.0244292 0.999702 -0.00252787 -1.81099e-07 0 0 0
872 4757 0.380238 0.911136 -0.158904 -0.00367156 -2.81511e-07 0 0 0
2667 3832 0.348532 0.250367 -0.90324 -0.0254106 -2.06519e-06 0 0 0
976 3195 0.280726 -0.324728 -0.903186 -0.0238215 -2.02742e-06 1 0 0
424 3402 0.707663 0.0276451 0.706009 -0.0171914 -1.51798e-06 0 0 0
424 556 0.0948983 -0.745969 -0.659184 -0.0235169 -1.86236e-06 0 0 0
3561 1624 0.06487 0.671452 0.738203 -0.0180852 -1.16809e-06 0 0 0
2214 197 0.34358 0.662556 -0.665561 -0.0115198 -9.979e-07 0 0 0
3281 1686 0.21905 -0.53096 -0.818596 -0.0489694 -3.24836e-06 0 0 0
2921 2812 0.683118 -0.343936 -0.64425 -0.0125885 -8.58466e-07 0 0 0
1668 723 0.796019 -0.127007 0.591797 -0.000721831 -5.32687e-08 0 0 0
3546 2898 0.623277 -0.408306 -0.666942 -0.00727145 -6.44676e-07 0 0 0
3667 4059 0.295382 -0.163651 0.941259 -0.00512175 -4.69581e-07 0 0 1
3567 301 0.105712 0.455107 0.88414 -0.0175319 -1.3897e-06 0 0 0
243 1311 0.512141 0.816749 0.265768 -0.00587661 -5.25924e-07 0 0 0
3142 4194 0.627766 -0.486355 0.607758 -0.00302703 -2.70813e-07 0 0 0
51 1243 0.752194 -0.427585 0.501373 -0.00270962 -1.91468e-07 0 0 0
2550 2204 0.265199 0.688757 0.674747 -0.00482173 -3.86619e-07 0 0 0
2550 182 0.263762 -0.421002 0.867863 -0.00764822 -6.4319e-07 1 0 0
51 2309 0.355592 0.373867 -0.856608 -0.00541634 -5.07725e-07 0 0 0
5208 789 0.0519882 0.960435 0.273608 -0.00355419 -3.01647e-07 0 0 0
1879 4643 0.914555 -0.124868 -0.384704 -0.0150263 -1.05721e-06 0 0 0
2723 1776 0.849262 -0.324628 -0.416379 -0.00569816 -4.73287e-07 0 0 0
2487 5275 0.146848 0.865207 0.47943 -0.00551664 -4.68954e-07 -1 0 0
2570 2889 0.515969 0.631229 -0.579073 -0.0112672 -8.33528e-07 1 0 0
317 2509 0.188878 0.00616167 0.981981 -0.0257214 -1.93661e-06 0 0 0
317 4531 0.595492 0.53267 -0.601375 -0.0154521 -1.27776e-06 0 0 0
1773 2103 0.7291 -0.404339 -0.552199 -0.000152583 -1.16168e-08 0 0 0
2558 2522 0.0433713 -0.569459 -0.820875 -0.00983001 -6.48684e-07 0 0 0
343 3826 0.175906 -0.0323719 0.983875 -0.0175008 -1.51996e-06 0 0 0
4933 853 0.668733 0.558755 0.490499 -0.0075911 -6.92549e-07 1 0 0
5272 4387 0.224497 0.968033 0.111859 -0.00372319 -2.56514e-07 1 0 0
2243 3449 -0.210404 -0.216822 -0.953267 -0.000567213 -4.1174e-08 0 0 0
227 2413 0.506145 -0.516168 0.690932 -0.0200304 -1.37751e-06 1 0 0
37 3935 0.306841 -0.944428 0.117917 -0.00256226 -2.11492e-07 0 0 0
2111 4438 0.464817 -0.114171 0.878015 -0.00934769 -6.76235e-07 0 0 0
2401 1605 -0.146199 0.987609 -0.0570474 -0.001988 -1.36816e-07 0 0 0
1713 4494 0.61529 -0.183898 0.76655 -0.0071455 -3.88096e-07 0 0 0
4585 1912 0.350704 -0.196828 0.915568 -0.0163364 -1.53439e-06 1 0 0
1713 684 0.389512 0.629762 -0.672072 -0.011688 -7.88876e-07 0 0 0
1079 1083 0.734602 0.389309 0.555697 -0.000304673 -2.08791e-08 1 0 0
1856 4368 0.598684 0.756407 -0.26349 -0.0095631 -7.31977e-07 0 1 0
2425 672 0.348227 0.899407 -0.264206 -0.00520154 -4.25385e-07 0 0 0
2960 3514 0.157623 -0.371311 0.915032 -0.00722749 -5.74107e-07 1 0 0
2960 4023 0.482984 -0.799843 -0.35634 -0.0054331 -4.68378e-07 0 0 0
1578 3005 0.607278 -0.579732 -0.543253 -0.00527441 -4.40525e-07 0 0 0
4583 1777 0.682172 0.0955502 -0.724922 -0.00463317 -2.98263e-07 0 0 0
162 1243 0.535462 0.692605 0.483299 -0.00596264 -5.18459e-07 0 0 0
1077 2326 0.347311 0.196213 -0.916992 -0.020379 -1.38973e-06 1 0 0
4397 2401 0.320559 -0.500199 0.80439 -0.0201447 -1.59059e-06 0 0 1
1463 1391 0.284016 0.120956 0.951159 -0.0199898 -1.79906e-06 0 0 0
1308 3866 0.331227 -0.939695 0.0852151 -0.00561654 -4.88867e-07 0 0 0
4737 2682 0.268778 0.550181 -0.790607 -0.0142448 -1.15705e-06 0 0 0
651 4391 0.199114 -0.313596 0.928446 -0.00637803 -5.31079e-07 0 0 0
3272 4291 0.277805 -0.546751 0.789865 -0.00995771 -7.17336e-07 0 0 0
2169 3319 0.580377 -0.226533 0.782206 -0.0130739 -7.99098e-07 1 0 0
3139 1744 0.118677 -0.734123 0.668565 -0.00697571 -4.77009e-07 0 0 0
1093 3738 0.570334 -0.724891 0.386333 -0.00159301 -1.21325e-07 0 0 0
2146 3066 0.248232 -0.950299 0.187916 -0.00664266 -5.55559e-07 0 0 0
1767 4875 0.738818 -0.466418 -0.486419 -0.00423305 -3.58782e-07 0 0 0
3080 122 0.403055 -0.0810691 -0.911578 -0.00711551 -6.69482e-07 0 0 0
4719 5118 0.983942 -0.172317 -0.0465261 -0.00360827 -2.31124e-07 0 0 0
2133 2063 0.0913827 0.798124 -0.595522 -0.00458526 -3.94758e-07 0 0 0
927 2040 0.0976347 0.0198811 -0.995024 -0.0130619 -1.28051e-06 0 0 0
1826 301 -0.0606174 -0.157484 -0.985659 -0.0328859 -2.80489e-06 0 0 0
5185 3749 0.44661 -0.894668 0.010443 -0.00984894 -7.28269e-07 0 0 0
927 901 0.571454 -0.61367 0.544839 -0.0107494 -8.61299e-07 0 0 0
4368 3891 0.425152 0.0280918 -0.904686 -0.0054904 -4.02476e-07 0 0 -1
1826 2438 -0.298925 -0.716102 0.630748 -0.00847426 -7.18986e-07 0 0 0
189 5390 0.572014 -0.222782 0.78941 -0.00916967 -6.045e-07 1 0 0
5208 4276 0.802522 0.0426266 0.595098 -0.00663881 -5.12811e-07 0 0 0
2971 4871 0.0720113 0.995164 0.0668042 -0.00397239 -3.0516e-07 0 0 0
789 3870 0.55166 -0.391399 -0.736531 -0.00266294 -2.36999e-07 0 0 0
5182 1544 0.966439 0.182278 0.181028 -0.00843208 -7.11862e-07 0 0 0
141 4472 0.992268 -0.123295 0.0142463 -0.000968225 -8.2558e-08 0 0 0
3126 1097 0.248587 -0.862741 0.44032 -0.011615 -8.36016e-07 0 0 0
4766 778 0.609669 -0.113213 0.784529 -0.000530512 -4.49319e-08 0 0 0
4337 781 0.883226 -0.391444 -0.258233 -0.00328242 -2.68995e-07 0 0 0
2457 783 0.638965 -0.379448 -0.669136 -0.0159613 -1.02623e-06 0 0 0
1507 2529 0.259853 -0.958112 0.12041 -0.0229448 -1.62298e-06 0 0 0
5243 3915 0.761898 0.577788 -0.292699 -0.00276075 -1.62915e-07 0 0 0
1585 2657 0.845618 0.45588 0.277676 -0.0104764 -8.95184e-07 0 0 0
2909 3324 0.37136 -0.635637 -0.6768 -0.000961022 -5.6873e-08 0 0 0
2806 629 0.673154 -0.427677 0.603287 -0.0113833 -7.84975e-07 0 0 0
161 5389 0.242809 0.61023 0.754098 -0.0104738 -8.06073e-07 0 0 0
2725 555 0.232889 -0.347436 -0.908323 -0.0163535 -1.3654e-06 0 0 0
2609 2989 0.673992 -0.472635 0.56776 -0.00390884 -3.08832e-07 0 0 0
3388 2536 0.639698 0.719878 -0.269374 -0.0010737 -7.79016e-08 0 0 0
5028 871 0.706128 -0.33249 0.625167 -0.00257824 -1.91339e-07 0 0 0
3221 369 0.292129 -0.703786 -0.647569 -0.0198038 -1.56389e-06 0 0 0
4181 5047 0.225398 -0.312747 -0.922705 -0.0132703 -1.07144e-06 0 0 0
4895 4216 0.602355 0.00750815 0.798193 -0.00994989 -7.39632e-07 0 0 1
2924 2640 0.139137 -0.627602 0.766 -0.0210298 -1.76503e-06 0 0 0
4929 3405 0.845267 -0.529909 -0.0686981 -0.0102548 -9.32963e-07 0 -1 0
4531 5350 0.0244726 -0.822263 -0.568581 -0.00287063 -2.48627e-07 0 0 0
4965 321 0.774493 0.289273 -0.562567 -0.00530891 -4.40995e-07 0 0 0
1481 3945 0.411673 0.0404122 -0.910435 -0.0140319 -1.02421e-06 0 0 0
1126 4582 0.835598 -0.280214 -0.472499 -0.00675695 -4.44224e-07 1 0 0
3210 5316 0.343968 0.472637 -0.811357 -0.0118973 -9.50533e-07 0 0 0
236 4539 -0.0619516 -0.40647 0.911561 -0.0321773 -2.82971e-06 -1 0 0
2363 1047 0.989896 0.0199453 0.140389 -0.00375397 -3.18482e-07 0 0 0
840 411 0.0591442 0.226157 0.972294 -0.0235139 -1.50015e-06 1 0 0
3906 3691 0.602951 -0.396117 0.692489 -0.0219281 -1.66896e-06 0 0 0
2079 3926 0.767434 0.407916 -0.49462 -0.0156275 -1.16401e-06 0 0 0
2105 5079 0.53362 0.823355 -0.193228 -0.00867095 -6.86321e-07 0 0 0
4242 4944 0.357871 0.810682 0.463382 -0.00726995 -4.56078e-07 0 0 0
3906 1585 0.0163835 -0.243378 -0.969793 -0.0224136 -1.68373e-06 0 0 0
840 3992 0.866328 0.120674 0.484679 -0.00638631 -5.79363e-07 1 0 0
4109 2003 0.950323 -0.242488 -0.195153 -0.0290447 -2.16666e-06 0 0 0
1557 432 -0.05206 -0.235679 -0.970435 -0.0251329 -1.64255e-06 0 0 0
4866 2929 0.349078 -0.740254 0.574603 -0.0114578 -8.30439e-07 1 0 0
4866 335 0.41343 -0.701275 -0.580767 -0.0112028 -9.15769e-07 0 0 0
4391 494 0.739015 -0.551453 0.386983 -0.00241777 -2.29844e-07 0 0 0
3370 3846 0.622981 -0.618435 0.478991 -0.0133395 -8.16358e-07 0 0 0
638 996 0.191079 0.71339 -0.674214 -0.00246024 -1.89455e-07 0 0 0
4491 3142 0.365404 -0.662899 0.653487 -0.00276034 -2.10458e-07 0 0 0
5010 5079 0.839239 0.135281 0.526667 -0.005148 -3.81142e-07 0 0 0
4491 786 0.307005 0.712271 -0.631204 -0.00155779 -1.17078e-07 0 0 0
840 2570 -0.047108 0.717023 -0.695456 -0.0205355 -1.75598e-06 0 0 0
3902 2226 -0.864165 0.128931 -0.486412 -0.00686315 -5.16322e-07 0 0 0
1924 1111 0.568956 0.810936 -0.136645 -0.019531 -1.60579e-06 0 0 0
853 5378 0.79069 -0.609202 -0.0606807 -0.0153736 -9.61408e-07 0 0 0
18 3360 -0.979575 -0.057174 0.192777 -0.00142574 -1.09957e-07 -1 0 0
4257 3868 0.437038 -0.153573 0.886235 -0.0148498 -1.01511e-06 0 0 0
4257 2489 0.321643 0.516286 -0.793722 -0.0405179 -2.6182e-06 0 0 0
2877 3785 -0.205852 -0.681483 -0.702286 -0.0106763 -7.51499e-07 0 0 0
3660 3313 0.104851 -0.543818 0.832628 -0.0082155 -7.23454e-07 0 0 0
3598 5206 0.7227 0.618714 -0.308055 -0.00325792 -1.82679e-07 0 0 0
452 4232 0.860095 0.168223 0.4816 -0.00813024 -5.67454e-07 0 0 0
3977 3967 0.953843 -0.111956 0.278658 -0.0167188 -1.24668e-06 0 0 0
4014 2401 0.736488 0.3191 0.596457 -0.0170925 -1.40238e-06 0 0 0
3422 1510 0.778245 -0.622744 -0.0807741 -0.0193125 -1.37134e-06 1 0 0
3126 74 0.318864 0.503427 0.803049 -0.000263692 -1.84438e-08 0 0 0
5045 503 0.183144 0.911572 -0.368097 -0.0179921 -1.15648e-06 0 1 0
4842 2327 0.667211 0.657609 -0.349829 -0.0175447 -1.26353e-06 0 0 0
4509 5187 0.998126 -0.00236633 0.0611445 -0.00405817 -2.83884e-07 0 0 0
1024 3665 0.525499 -0.675851 0.516794 -0.0215414 -1.73887e-06 0 0 0
151 656 0.862191 0.450092 0.232473 -0.0144543 -1.23973e-06 0 0 0
2401 3360 0.742817 -0.338346 0.577707 -0.0138671 -1.12164e-06 0 0 0
2877 5458 -0.176409 0.932244 -0.315912 -0.0137192 -1.25648e-06 0 1 0
4186 4677 0.546305 -0.54385 0.637007 -0.00326347 -2.36688e-07 0 0 0
1169 1410 0.325224 -0.602508 -0.728844 -0.000703349 -5.63773e-08 0 0 0
3367 3613 0.230325 -0.295798 0.927067 -0.0116371 -9.44929e-07 0 0 0
4562 5115 0.219677 -0.834447 0.505411 -0.00641615 -5.01958e-07 0 0 0
3071 4382 0.234051 0.586489 0.775403 -0.00533367 -3.42818e-07 0 0 0
1792 3062 0.258314 0.224532 -0.939606 -0.00388203 -3.45707e-07 0 0 0
2459 1179 0.00431918 0.82378 0.566893 -0.014882 -1.12691e-06 0 0 0
5302 3298 -0.123298 -0.77511 0.619679 -0.0104664 -8.85666e-07 0 0 0
2239 2618 -0.0412986 0.0570468 -0.997517 -0.0149574 -1.21089e-06 0 0 0
5243 1391 0.298703 -0.861426 0.410758 -0.00531596 -3.10812e-07 0 0 0
3623 3449 0.880313 0.191742 0.433918 -0.00139521 -9.7072e-08 0 0 0
5243 2921 0.1149 -0.248118 -0.961892 -0.0194778 -1.17441e-06 0 0 0
2924 3701 0.0423331 0.821455 0.568699 -0.00121282 -8.54e-08 0 0 0
4777 3298 0.117533 0.0939751 -0.988612 -0.0323 -2.43957e-06 0 0 0
2924 4701 0.195884 -0.929803 -0.311601 -0.000203511 -1.60832e-08 -1 0 0
1500 1672 0.660523 0.303378 -0.686783 -0.00983014 -7.32663e-07 0 0 0
3918 3693 0.712879 0.62442 -0.319224 -0.0204764 -1.51657e-06 1 0 0
4495 4583 0.816685 0.518368 -0.253616 -0.0134559 -1.19243e-06 0 0 0
4789 726 0.710832 -0.379385 0.592271 -0.00532281 -4.30146e-07 0 0 0
2104 4082 0.144571 -0.0937061 -0.985047 -0.0134678 -9.80462e-07 0 0 0
251 5477 0.967223 0.178573 0.18053 -0.00225217 -1.77907e-07 0 0 0
3656 2269 0.512353 0.838889 0.183739 -0.00277884 -2.13325e-07 0 0 0
3256 4669 0.901237 -0.123346 0.4154 -0.0117361 -8.82877e-07 0 0 0
2459 1624 0.333283 -0.521571 -0.785421 -0.0152499 -9.36652e-07 0 0 0
5036 3178 0.773928 -0.125337 -0.620746 -0.0308777 -2.18678e-06 0 0 0
4595 4728 0.625168 -0.60597 0.4919 -0.00247358 -1.71015e-07 0 0 0
3256 4842 0.676114 0.465991 -0.570721 -0.0223932 -1.52055e-06 0 0 0
3256 4939 -0.212941 -0.44655 0.869051 -0.042952 -3.46061e-06 0 0 0
3605 5272 0.918214 -0.026421 -0.395202 -0.00228925 -2.01193e-07 0 0 0
4943 4287 0.589973 -0.1032 -0.800801 -0.00433208 -3.18208e-07 0 0 0
5412 3170 0.615103 0.00969197 -0.788387 -0.0116997 -1.02257e-06 0 0 0
2741 2550 0.319796 -0.873165 0.367849 -0.00109089 -9.45399e-08 0 0 0
4138 1300 0.425192 -0.612758 0.666138 -0.00870151 -6.46331e-07 0 0 0
2080 3691 0.557127 -0.506498 -0.65808 -0.0143798 -1.07602e-06 0 0 0
695 1172 0.967384 -0.115171 -0.225617 -0.0181875 -1.37455e-06 0 0 0
3434 2501 0.186661 0.65557 0.731701 -0.00745852 -5.4255e-07 -1 0 0
2949 182 0.44556 0.0743123 -0.892163 -0.00546854 -4.7091e-07 0 0 0
105 4040 0.619531 0.671143 0.407122 -0.00587188 -4.12325e-07 0 0 0
4921 3514 0.434197 -0.519517 -0.735918 -0.00712034 -6.205e-07 1 0 0
3701 2504 0.423453 0.0464841 -0.904725 -0.0366781 -2.63746e-06 0 0 0
1853 1524 0.530305 0.0892114 -0.8431 -0.0172618 -1.54827e-06 0 0 0
4158 5347 0.495199 0.0880568 -0.864306 -0.00130838 -8.62693e-08 0 0 0
105 150 0.0819402 -0.552377 0.829558 -0.0385156 -3.19944e-06 0 0 0
2995 2397 0.914859 -0.106093 0.389586 -0.00536522 -4.33742e-07 1 0 0
2250 3636 -0.10165 -0.396135 0.912548 -0.0059782 -4.23277e-07 0 0 0
582 1116 0.0939684 0.72708 -0.680092 -0.00494611 -4.31532e-07 0 0 0
1457 2160 0.765294 0.613975 -0.193289 -0.00076614 -5.16338e-08 1 0 0
1797 3676 0.295808 0.760309 0.578297 -0.0106007 -8.55257e-07 1 0 0
4484 5145 0.75229 0.589317 -0.294559 -0.0144749 -9.94669e-07 1 0 0
2386 4470 0.733412 -0.546277 0.404584 -0.000263808 -1.86077e-08 1 0 0
4694 4875 0.205157 -0.600632 0.772756 -0.0125644 -8.57862e-07 -1 0 0
2995 3785 0.134843 0.810188 -0.570449 -0.00313827 -2.20591e-07 0 0 0
2658 37 0.250963 0.102983 0.962503 -0.0106618 -9.5493e-07 0 0 0
4694 3878 0.666831 -0.24534 -0.703665 -0.0153649 -1.05326e-06 0 0 0
4667 1138 0.289136 -0.284521 -0.914029 -0.0267548 -1.91202e-06 0 0 0
4157 755 0.145862 -0.912461 -0.382281 -0.0119256 -8.64294e-07 0 0 -1
4809 2078 0.707629 -0.15916 0.688426 -0.0317015 -2.25999e-06 0 0 0
5006 1020 0.576314 -0.170734 -0.799194 -0.00295829 -2.40922e-07 0 -1 0
1391 862 0.247467 -0.762664 -0.597582 -0.00630695 -4.02536e-07 0 0 0
2089 2489 0.596018 0.499123 0.628998 -0.0149427 -9.48004e-07 0 0 0
1013 5373 0.162655 0.0139155 -0.986585 -0.0597726 -3.74056e-06 0 0 0
1012 2767 0.0666046 -0.433402 -0.898736 -0.0228862 -1.41776e-06 0 0 0
1668 160 0.359588 -0.401886 -0.84213 -0.000802992 -5.90227e-08 0 0 0
3402 4933 0.779893 -0.455445 -0.429344 -0.0106769 -9.46863e-07 0 0 0
2089 5243 0.167543 -0.466649 -0.868429 -0.0217727 -1.40971e-06 0 0 0
4789 3276 0.377168 0.0872643 -0.922025 -0.0278655 -2.22385e-06 0 0 0
1075 2385 0.207852 -0.964886 0.1606 -0.00623625 -3.94052e-07 0 0 0
1075 1840 0.593513 0.266742 -0.759336 -0.00326985 -2.14418e-07 0 0 0
262 1590 0.922605 -0.250822 0.293068 -0.0166627 -1.41403e-06 1 0 0
2570 4176 0.0905138 -0.236807 -0.967331 -0.0218249 -1.67974e-06 1 0 0
2915 3340 0.407858 0.060844 -0.911016 -0.0237515 -2.08847e-06 0 0 0
301 2242 0.64926 0.176503 -0.739803 -0.0185346 -1.38007e-06 0 0 0
1958 2776 0.888643 0.451109 0.0825526 -0.00103347 -9.0679e-08 1 0 0
3804 4076 -0.124156 0.21487 -0.968719 -0.0256523 -1.57535e-06 0 0 0
3804 4050 0.301619 -0.0634224 0.951317 -0.0277196 -1.75755e-06 0 0 0
3804 4382 0.536644 -0.754893 -0.377027 -0.0159243 -9.88339e-07 0 0 0
2536 4940 0.446135 0.600672 -0.663443 -0.00111292 -8.21212e-08 0 0 0
1964 3119 0.770174 0.149583 -0.620046 -0.0106747 -9.0173e-07 0 0 -1
3514 2160 0.268645 -0.915085 0.300748 -0.0114343 -7.46755e-07 0 0 0
4576 4898 0.580533 -0.656256 0.481985 -0.0104837 -7.20084e-07 0 0 0
5471 1809 0.825985 -0.0177055 0.563414 -0.00144669 -1.02739e-07 0 0 0
4576 3246 0.115449 -0.27979 -0.953095 -0.0371123 -2.99559e-06 0 0 0
5092 1235 0.16039 0.889013 -0.428871 -0.00359986 -2.38498e-07 0 1 0
4100 865 0.194785 -0.618208 0.761497 -0.0141031 -1.00076e-06 0 0 0
27 189 0.120748 0.485856 0.865658 -0.0126751 -8.40819e-07 0 0 0
2154 3120 0.117433 0.263288 -0.957543 -0.000850229 -6.66113e-08 0 0 0
4332 1942 -0.178582 0.922073 -0.34335 -0.00600427 -4.87682e-07 0 0 0
2633 5465 0.625572 0.055065 0.77822 -0.0181593 -1.0554e-06 0 0 0
1052 4224 0.561529 0.0971158 0.821738 -0.00475122 -4.68042e-07 0 0 0
2712 2095 -0.236968 -0.970643 0.0412135 -0.00565014 -4.69302e-07 0 0 0
523 4191 0.118859 -0.6573 0.744197 -0.00157748 -1.19438e-07 0 0 0
4079 498 0.582337 -0.402931 0.706066 -0.00608455 -3.82897e-07 0 -1 0
1295 2199 0.545253 -0.582325 -0.60299 -0.018333 -1.75324e-06 0 0 0
1368 2989 0.337115 0.800788 -0.495068 -0.0225754 -1.56288e-06 0 0 0
4945 3147 0.155943 -0.747036 -0.646235 -0.00192288 -1.75431e-07 0 0 0
3622 3325 0.571207 -0.607263 0.552226 -0.000903674 -7.34821e-08 0 0 0
1912 3170 0.44487 -0.0975344 0.890268 -0.0113037 -7.9233e-07 0 0 0
3622 3826 0.490055 -0.252842 -0.834216 -0.0101884 -8.11871e-07 0 0 0
3669 4257 0.211334 0.762192 -0.611884 -0.0358013 -2.94557e-06 0 0 0
3669 105 0.3466 -0.269966 0.898325 -0.0249314 -1.88504e-06 0 0 0
1665 2768 0.135941 -0.0805124 -0.98744 -0.032988 -2.09486e-06 0 0 0
71 1138 0.780005 -0.0961414 0.618344 -0.0135328 -9.93941e-07 0 0 0
2199 1884 0.926788 -0.247655 -0.282368 -0.014375 -9.07854e-07 0 0 0
430 5045 0.290365 0.91152 -0.291238 -0.0127554 -8.10836e-07 0 0 0
475 3139 0.934188 0.322707 -0.152161 -0.00373486 -3.29644e-07 1 0 0
430 1843 0.415904 0.614333 0.670536 -0.00473865 -2.89309e-07 0 0 0
430 143 0.379379 -0.332941 0.863262 -0.0396324 -2.47413e-06 0 0 0
1892 162 0.412371 0.115084 -0.903718 -0.00581456 -5.12766e-07 0 0 0
2157 3835 0.182582 -0.853102 0.488754 -0.0112292 -8.45762e-07 0 0 0
4139 2709 0.721945 0.608872 0.32874 -0.0130826 -9.9101e-07 0 0 0
787 3466 0.535468 -0.837576 -0.108355 -0.00252616 -2.13118e-07 0 0 0
2841 5011 0.374268 0.82527 -0.422911 -0.00647834 -4.31641e-07 1 0 0
3605 2500 -0.368335 -0.0456464 -0.928572 -0.00523162 -4.14639e-07 0 0 0
5423 3756 0.20562 -0.943007 0.261646 -0.00184055 -1.44887e-07 0 -1 0
3567 2456 0.674091 0.059929 -0.736213 -0.00111475 -8.86085e-08 0 0 0
4054 162 0.434582 0.152238 0.887672 -0.00616701 -4.94551e-07 0 0 0
1773 2065 0.595324 0.299446 0.745602 -0.000519003 -3.66037e-08 0 0 0
4500 1281 0.492232 -0.79967 0.343854 -0.00598654 -3.84546e-07 0 0 0
5068 4255 0.859899 0.38076 -0.339994 -0.0237599 -1.65452e-06 0 0 0
711 3936 0.923099 0.357596 -0.14147 -0.015584 -1.43248e-06 0 0 0
2105 1547 0.777319 0.285968 0.560355 -0.0103715 -6.54451e-07 0 0 0
2520 4778 -0.972999 0.089603 -0.212707 -0.00829876 -6.76857e-07 0 0 0
3866 2900 0.336365 -0.844436 -0.416878 -0.0197647 -1.57203e-06 0 0 0
4145 726 0.931016 -0.0553265 -0.360761 -0.0147507 -1.22165e-06 1 0 0
2623 5230 -0.0534573 0.577447 0.814676 -0.0100934 -8.16131e-07 -1 0 0
4026 2214 -0.0112826 0.142045 -0.989796 -0.0156243 -1.21622e-06 0 0 0
1469 474 0.369553 0.806774 -0.461028 -0.00166953 -1.47201e-07 0 0 0
4271 5490 0.154683 0.967138 -0.201784 -0.0198199 -1.67039e-06 0 0 0
5158 5278 0.996231 0.00373104 -0.0866544 -0.00109883 -8.01935e-08 0 0 0
2960 2040 0.348405 0.921434 -0.171971 -0.00459243 -3.75037e-07 1 0 0
385 684 0.386649 0.42509 0.818414 -0.0171963 -1.11536e-06 0 0 0
385 3208 0.244902 -0.841014 -0.48241 -0.00744372 -6.03668e-07 0 0 0
5182 4810 0.0160567 -0.26184 -0.964978 -0.00618979 -5.48913e-07 0 0 0
5363 4520 0.968933 0.161063 -0.187689 -0.010136 -7.52608e-07 1 0 0
3545 3941 0.132819 -0.740559 -0.658735 -0.0213523 -1.71529e-06 0 0 0
648 921 0.709973 -0.46013 -0.533122 -0.00832244 -6.34022e-07 1 0 0
4222 4526 0.412605 -0.853579 0.318057 -0.00307051 -2.32227e-07 -1 0 0
483 3120 0.800416 -0.348832 0.487495 -0.00110587 -7.0638e-08 0 0 0
2159 3366 0.72987 -0.125617 0.671945 -0.0108983 -6.93145e-07 0 0 0
284 2910 0.445617 0.861807 -0.242312 -0.0152106 -1.02532e-06 0 0 0
5149 1945 0.106178 -0.841037 0.530455 -0.000628885 -4.95374e-08 0 -1 0
2299 1727 0.166351 -0.439049 0.882929 -0.0184757 -1.24586e-06 0 0 0
2299 5074 0.326792 0.562918 0.759165 -0.0114277 -8.53986e-07 0 0 0
2299 5294 0.314668 -0.0276661 -0.948799 -0.0239024 -1.45743e-06 0 0 0
5400 4040 0.818962 -0.561533 0.118244 -0.0176556 -1.28664e-06 0 0 0
3866 2888 -0.041793 0.1865 0.981566 -0.0420354 -3.76389e-06 0 0 0
696 3340 0.189852 0.590139 0.78466 -0.00137021 -1.11011e-07 0 0 0
4276 4194 0.915002 0.281684 0.288836 -0.00234436 -1.85437e-07 0 0 0
4822 1750 0.252437 0.961392 0.109545 -0.00297882 -2.22258e-07 0 0 0
5123 227 0.38886 -0.87805 -0.278955 -0.00463632 -3.2665e-07 0 0 0
3840 2037 0.63494 0.0917734 0.767091 -0.00505524 -4.03475e-07 0 0 0
5123 3169 0.686227 -0.441494 0.57808 -0.00757918 -5.40489e-07 0 0 0
3526 5477 0.142818 0.392446 0.908619 -0.000953371 -7.10374e-08 0 0 0
4276 320 0.547319 -0.1307 -0.826656 -0.0178736 -1.33912e-06 0 0 0
3682 1020 0.611328 0.292157 0.735474 -0.0045936 -3.50284e-07 0 0 0
1245 4126 0.797718 0.334995 0.501423 -0.00588246 -4.12687e-07 0 0 0
4276 4634 0.0568949 0.814662 0.577139 -0.0215116 -1.72012e-06 0 0 0
2774 1463 0.851854 0.174736 0.493773 -0.0259563 -2.03159e-06 0 0 0
3110 1800 0.685927 0.711924 -0.150561 -0.00370547 -2.61248e-07 0 0 0
1078 2658 0.381289 0.393301 0.83662 -0.0140181 -9.90236e-07 0 0 0
653 738 0.648818 0.483116 -0.587907 -0.00120572 -8.32944e-08 0 0 0
3063 1126 0.775567 -0.0998475 -0.623319 -0.00378145 -3.41057e-07 0 0 0
4929 1727 0.366023 0.929057 -0.05367 -0.000617821 -5.48497e-08 0 0 0
3896 59 0.925473 0.217146 0.310397 -0.00158061 -1.26902e-07 0 0 0
3896 51 0.346879 -0.676671 -0.649455 -0.0128273 -1.11342e-06 0 0 0
4729 684 0.825385 -0.239884 -0.511073 -0.00789448 -6.67925e-07 0 0 0
88 1851 0.453497 0.413503 -0.789529 -0.00157334 -1.10751e-07 0 0 0
379 2459 0.210385 0.971185 -0.111971 -0.00944337 -7.77195e-07 0 0 0
4719 301 0.66381 0.744143 0.0748803 -0.00199155 -1.58667e-07 0 0 0
4333 622 0.303309 -0.427513 -0.851608 -0.010853 -9.48048e-07 0 0 0
190 5343 0.136778 0.922517 -0.360908 -0.00528443 -4.57782e-07 0 0 0
2509 3682 0.31032 -0.801845 -0.510634 -0.00368268 -2.57058e-07 0 -1 0
190 5400 -6.28108e-05 -0.592721 -0.805408 -0.0240688 -1.45614e-06 0 0 0
3365 1169 0.551138 0.817843 0.165466 -0.0108598 -9.3172e-07 0 0 0
5349 5471 -0.202923 0.9791 0.0136285 -0.000557772 -4.58991e-08 1 0 0
3341 4450 0.615751 0.164153 -0.770652 -0.0112478 -9.3207e-07 0 0 -1
1826 1686 0.772347 0.409978 0.485178 -0.0317411 -1.82562e-06 0 0 0
4933 4076 0.576941 -0.68395 -0.446487 -0.0105559 -9.74372e-07 1 0 0
3709 3890 0.105364 0.112001 -0.988106 -0.0122117 -8.33151e-07 0 0 0
182 5294 0.314112 -0.91562 -0.250947 -0.00642716 -3.83987e-07 0 0 0
2312 4833 0.876812 -0.450427 0.168276 -0.0112602 -7.81599e-07 0 0 0
3760 4500 0.793584 0.608456 0.00238621 -0.00681139 -5.73226e-07 0 0 0
3728 5171 0.243677 0.812159 0.530112 -0.000467594 -3.31153e-08 -1 0 0
2385 4810 -0.164273 -0.827952 0.536199 -0.00547738 -4.69677e-07 0 0 0
4029 5482 0.818416 0.11722 0.562543 -0.0136492 -1.06794e-06 0 0 0
3268 3327 0.958912 -0.281168 -0.0378442 -0.000268575 -2.11623e-08 0 0 -1
872 5185 0.66721 -0.467146 0.580176 -0.019769 -1.1838e-06 0 0 0
2204 4158 0.653522 0.0193647 -0.75666 -0.0449268 -3.21102e-06 1 0 0
3415 2681 0.760469 -0.636057 0.130838 -0.0130127 -1.02048e-06 0 0 0
3415 1585 0.141728 0.645118 0.750824 -0.00884694 -6.76095e-07 0 0 0
4052 3172 0.040227 0.454841 0.889664 -0.0345689 -3.07923e-06 0 0 0
4052 3049 0.344883 -0.555186 -0.756852 -0.0105774 -9.05218e-07 0 0 0
3415 2995 0.186243 0.558546 -0.808295 -0.0108227 -8.28166e-07 0 0 0
4042 3222 0.107345 0.296889 -0.948859 -0.00657814 -5.24419e-07 0 0 0
5308 839 0.956953 -0.281904 -0.0690691 -0.01077 -8.79263e-07 0 0 0
324 769 0.887948 0.146777 -0.435896 -0.00112049 -7.61667e-08 0 0 0
3066 4484 0.356742 0.0664672 -0.931836 -0.0254017 -1.75873e-06 0 0 0
262 5349 0.272728 0.8699 0.410968 -0.00862837 -7.47421e-07 0 0 0
2560 4427 0.334299 -0.167022 -0.927549 -0.0168787 -1.31404e-06 0 0 0
1813 5231 0.306019 0.813652 -0.49429 -0.00218892 -1.98448e-07 0 0 0
5369 2547 0.0708642 -0.931244 -0.35744 -0.0221375 -1.63703e-06 0 0 0
2531 5355 0.939053 0.0724293 0.336055 -0.0021305 -1.6754e-07 0 0 0
1929 4010 0.784957 -0.618122 0.0420592 -0.00327477 -2.57263e-07 0 0 0
3147 4397 0.70165 0.0545731 -0.710429 -0.00799867 -6.51738e-07 0 0 -1
1193 515 0.214747 0.0337816 -0.976085 -0.00648811 -4.99971e-07 0 0 0
3694 4694 0.291795 0.539698 0.789672 -0.0130473 -1.10685e-06 1 0 0
5275 4929 0.561075 0.579217 0.591356 -0.00920481 -7.30508e-07 1 1 0
2103 3749 0.604102 0.55931 0.567655 -0.00665027 -5.15432e-07 0 0 0
3870 320 0.708818 -0.687096 0.159614 -0.00569232 -4.98552e-07 0 0 0
452 2833 0.574826 -0.752581 0.321243 -0.00684863 -5.85017e-07 0 0 0
2533 3645 -0.0388711 0.850547 -0.524461 -0.00643123 -5.48973e-07 0 0 0
2833 4232 0.366967 0.907119 0.206082 -0.000834745 -7.37282e-08 0 0 0
2368 4451 0.837332 0.546471 0.0156403 -0.00638081 -4.67684e-07 0 0 0
2080 4079 0.490391 0.431679 -0.75708 -0.0138876 -9.01885e-07 0 1 0
2080 1069 0.587376 -0.103335 0.80269 -0.0139207 -7.54979e-07 0 0 0
411 1092 -0.0586625 -0.98761 -0.145552 -0.00194312 -1.72372e-07 -1 0 0
4231 8 0.569517 0.625712 0.533043 -0.00954198 -7.34033e-07 0 0 0
487 5444 0.387988 0.66984 -0.633072 -0.0002826 -2.20631e-08 0 0 0
1150 92 0.796658 -0.267958 0.541788 -0.0220325 -1.86646e-06 1 0 0
4111 2722 0.581808 0.809572 0.0780608 -0.00106493 -6.53304e-08 0 0 0
2218 4075 0.346998 0.929694 0.12354 -0.016999 -1.2199e-06 0 0 0
1776 1394 -0.155403 0.977111 0.145275 -0.000816556 -6.48155e-08 0 0 0
4176 2268 0.318488 -0.393586 -0.862355 -0.0223842 -1.43237e-06 0 0 0
4176 1255 0.339303 -0.93407 0.111299 -0.0116126 -8.39057e-07 0 0 0
4176 2889 0.394948 0.824106 0.406035 -0.0288168 -2.09073e-06 0 0 0
2059 2309 0.692175 0.70756 0.142315 -0.00457426 -3.68565e-07 0 0 0
1169 4461 0.722128 0.065485 0.688653 -0.00982242 -7.84429e-07 1 0 0
4474 3126 -0.0250708 -0.869427 0.493426 -0.00564368 -3.69388e-07 0 0 0
1929 4833 -0.0334634 -0.812118 -0.582533 -0.00427693 -3.16499e-07 0 0 0
3613 1092 0.458605 0.682104 -0.569575 -0.0068457 -6.261e-07 0 0 0
5230 3079 0.995811 0.053223 0.0743463 -0.00176755 -1.36924e-07 1 0 0
4014 285 0.692579 0.049884 -0.719615 -0.0156236 -1.16468e-06 0 0 -1
3749 5218 0.26445 -0.942062 -0.206362 -0.0193461 -1.40697e-06 1 0 0
4897 3336 -0.253549 -0.954095 -0.159423 -0.00352545 -2.83922e-07 0 -1 0
1097 190 0.200409 -0.205768 -0.95786 -0.0238744 -1.78741e-06 0 0 0
4066 2323 0.51881 0.845131 0.128802 -0.00309284 -2.71896e-07 1 0 0
3066 1706 0.372973 -0.203431 0.905266 -0.0178781 -1.60321e-06 1 0 0
1178 3510 0.300715 0.303518 0.904128 -0.011245 -9.73576e-07 0 0 0
4670 4583 0.7887 -0.299624 -0.536822 -0.0143192 -1.16527e-06 0 0 0
4543 165 0.205713 0.886999 0.413418 -0.00226372 -1.57493e-07 0 0 0
5044 642 0.216199 0.255671 -0.942279 -0.00978529 -9.03334e-07 0 0 0
5127 5231 0.0297284 -0.185912 -0.982117 -0.0061101 -5.1682e-07 0 0 0
300 1075 0.581035 0.748108 0.32052 -0.00249431 -2.19674e-07 1 0 0
2509 131 0.69603 0.606288 0.384651 -0.0165905 -1.1604e-06 0 0 0
4059 564 0.542846 -0.510069 -0.667193 -0.0107535 -9.26358e-07 0 0 0
1179 5293 0.587863 -0.745214 0.314759 -0.000791182 -5.62482e-08 0 0 0
4234 5145 0.484192 -0.466624 -0.740149 -0.0135089 -8.61698e-07 0 0 0
1307 1714 0.656217 0.686202 0.313856 -0.0072029 -4.79286e-07 0 0 0
2915 2489 0.818329 -0.392563 0.419799 -0.0273642 -2.26729e-06 0 0 0
4531 5486 0.482592 -0.697983 0.529079 -0.00531096 -4.3659e-07 0 0 0
4798 5238 0.39441 0.193532 0.898324 -0.00623716 -4.79758e-07 0 0 0
803 4138 0.123162 -0.306379 -0.943908 -0.00920914 -7.17098e-07 0 0 0
248 417 -0.104127 -0.0615506 0.992658 -0.00849675 -7.65762e-07 0 0 0
1074 1394 0.513198 -0.384844 -0.767153 -0.00627392 -4.65789e-07 0 0 0
5153 5092 0.201506 0.0904796 0.975299 -0.0242144 -1.65303e-06 0 0 0
5153 2877 0.47105 0.222988 -0.853457 -0.00978888 -6.11923e-07 0 0 0
3321 4051 0.645769 0.758496 -0.0875588 -0.00520749 -4.14531e-07 0 0 0
2515 4252 0.394267 -0.750487 -0.530398 -0.00421956 -3.05214e-07 0 -1 0
2222 2992 -0.0584317 0.961498 -0.268528 -0.00779751 -6.25341e-07 0 0 0
4777 2529 0.703263 0.434266 0.562881 -0.0123938 -1.10161e-06 1 0 0
4921 927 0.435654 0.622205 -0.650435 -0.00787514 -7.67306e-07 1 0 0
4713 349 0.851714 0.503052 0.146702 -0.00572437 -4.91279e-07 0 0 0
53 854 0.804608 0.215867 -0.55318 -0.00110087 -1.02629e-07 1 0 0
105 988 0.941859 0.167271 -0.291415 -0.0146245 -1.27645e-06 0 0 0
4449 3577 0.633514 -0.153602 -0.758331 -0.00475215 -3.53086e-07 1 0 -1
4796 1120 0.382888 -0.917004 -0.11181 -0.00988208 -7.2459e-07 0 0 0
1011 171 0.387942 -0.864868 0.318596 -0.0140676 -1.23353e-06 0 0 0
3366 3636 -0.00164382 0.866472 -0.499222 -0.002106 -1.57586e-07 0 0 0
3945 166 0.954433 0.296832 0.0308145 -0.0102239 -8.52943e-07 0 0 0
2433 2005 0.858085 -0.180888 -0.480594 -0.0169096 -1.24628e-06 0 0 0
4927 268 -0.817263 -0.32377 0.476712 -0.0123491 -1.0114e-06 0 0 0
370 3029 0.793142 0.599571 0.10696 -0.01443 -9.54547e-07 0 0 0
370 8 0.159724 -0.967397 -0.196546 -0.0208066 -1.68906e-06 0 0 0
370 3213 -0.0795306 0.365019 0.927597 -0.0167115 -1.44268e-06 0 0 0
921 3451 0.862506 0.0146973 0.505833 -0.00473477 -3.72385e-07 0 0 0
1428 4239 0.776361 0.388397 0.496398 -0.011903 -8.8737e-07 0 0 0
4810 1843 0.566852 -0.776472 -0.275263 -0.00595569 -5.17933e-07 0 -1 0
3551 1251 0.779712 -0.264202 0.567668 -0.0154395 -1.22583e-06 0 0 0
3483 3137 0.649127 0.0916077 0.755143 -0.013034 -1.04312e-06 0 0 1
770 1601 0.89163 -0.341474 -0.297308 -0.00931395 -6.92118e-07 0 0 0
789 2290 0.549852 0.612505 0.567891 -0.000767104 -7.03338e-08 0 0 0
236 5453 0.743549 -0.619055 -0.252798 -0.00328637 -2.56584e-07 0 0 0
3462 3292 0.711267 0.581329 -0.395165 -0.00297271 -2.31616e-07 0 0 0
5259 4050 0.545022 0.786867 -0.289469 -0.0208845 -1.31075e-06 1 0 0
5171 2238 0.332823 0.260828 -0.906199 -0.0178159 -1.37864e-06 1 0 0
5171 3274 0.313842 -0.0944542 0.944766 -0.0159375 -1.27415e-06 1 0 0
5517 3960 0.839046 -0.535553 0.0958362 -0.0139007 -1.0094e-06 0 0 0
5517 450 0.582863 -0.0272011 -0.812115 -0.0259724 -2.15786e-06 0 0 0
3749 959 -0.196661 0.441461 -0.875463 -0.00293757 -2.51487e-07 0 0 0
3567 2242 0.767593 0.629977 0.118024 -0.00742218 -5.93988e-07 0 0 0
2529 2150 0.241148 0.00388522 0.970481 -0.0413293 -2.30362e-06 0 0 0
2529 2889 0.283453 -0.591989 -0.754456 -0.0347108 -2.7336e-06 0 0 0
3977 284 0.367662 0.381145 -0.848265 -0.0162102 -1.25379e-06 0 0 0
4401 949 0.815695 -0.226714 -0.532205 -0.00761666 -6.28103e-07 0 0 0
3420 3667 0.850951 -0.308576 -0.425045 -0.00605599 -4.26354e-07 0 0 -1
1078 1818 0.832239 0.53243 -0.154585 -0.00162794 -1.08544e-07 0 0 0
3011 2296 0.0396133 0.767285 0.640081 -0.0039458 -2.94411e-07 0 0 0
1879 2777 0.516025 -0.8392 0.171642 -0.000421628 -3.68733e-08 0 0 1
3751 1879 0.296559 -0.228197 -0.92735 -0.0155633 -1.02616e-06 0 0 -1
4401 3441 0.676008 0.548849 0.49171 -0.00483311 -3.87532e-07 0 0 0
4302 3391 0.0839622 -0.881806 -0.464078 -0.00356609 -2.17611e-07 0 0 0
3910 309 -0.528477 -0.608923 -0.591545 -0.0276859 -2.49987e-06 0 0 0
3790 3008 -0.115609 0.256663 -0.959562 -0.0124668 -8.32639e-07 0 0 0
4139 4730 -0.165003 0.983944 -0.0680227 -0.00596244 -4.86325e-07 0 0 0
1447 3559 -0.0917527 -0.0630881 -0.993781 -0.0113929 -8.94201e-07 0 0 0
1942 4576 0.380929 -0.629374 -0.677334 -0.0307076 -2.69177e-06 0 0 0
843 2327 0.405155 -0.168874 -0.898516 -0.0027252 -1.95546e-07 0 0 0
3414 178 0.60832 0.550318 -0.571924 -0.00507872 -4.18016e-07 1 0 0
2110 239 0.562004 -0.624996 0.541786 -0.00882349 -8.15991e-07 1 0 0
1452 3689 0.685407 -0.203895 -0.699031 -0.0511319 -3.15707e-06 0 0 0
4719 3338 -0.224394 0.183975 0.956975 -0.0172645 -1.34078e-06 0 0 0
5272 1797 0.0144807 -0.400419 0.916218 -0.0152769 -1.348e-06 0 0 0
2238 1653 0.791947 0.0578831 0.60784 -0.0220264 -1.27486e-06 0 0 0
1452 872 -0.00492222 -0.391346 0.920231 -0.0259442 -1.58435e-06 0 0 0
5272 3169 0.450877 0.426187 -0.784266 -0.0105413 -8.42335e-07 0 0 0
450 4860 0.923234 -0.344298 -0.170581 -0.012269 -1.04025e-06 0 0 0
855 684 0.546211 -0.83103 0.105079 -0.00525516 -4.47191e-07 0 0 0
5272 2354 0.732068 0.359289 0.578782 -0.0188076 -1.35779e-06 0 0 0
4058 3131 -0.221709 -0.967555 0.121172 -0.0141387 -1.05027e-06 0 0 0
4997 4579 0.333521 0.355547 0.873127 -0.00956395 -7.42176e-07 0 0 0
5156 2681 0.879837 0.464023 -0.102804 -0.0079663 -6.09873e-07 0 0 0
1837 1713 0.42667 0.0799334 -0.900868 -0.0254829 -1.89178e-06 0 0 0
5413 4757 0.639428 0.100301 -0.76228 -0.0039818 -2.98913e-07 0 0 0
4023 1797 -0.0755014 0.356335 -0.931303 -0.0130322 -1.14395e-06 0 0 0
2833 2324 0.679423 -0.599093 0.423641 -0.00683644 -5.56225e-07 0 0 0
4023 5167 0.478202 -0.620149 0.621883 -0.0100768 -6.1914e-07 1 0 0
2494 8 0.318792 0.228398 -0.919895 -0.0107292 -8.12052e-07 0 0 0
2250 2066 0.840831 -0.392568 -0.372685 -0.0166439 -1.2059e-06 0 0 0
4023 1678 0.988909 0.0936626 0.115269 -0.0029583 -2.03241e-07 1 0 0
3660 4701 -0.00365523 0.919834 0.392291 -0.000158306 -1.27638e-08 -1 0 0
1853 3630 0.72437 -0.0605446 0.686748 -0.00564613 -3.60033e-07 0 0 0
3660 2884 0.098113 -0.995172 0.00265264 -0.00941819 -5.26504e-07 0 0 0
4539 2504 0.765105 0.341556 0.545851 -0.0199687 -1.55767e-06 1 0 0
3660 901 0.429077 0.574124 -0.697334 -0.00251147 -1.96661e-07 0 0 0
3660 4692 0.656755 0.335082 0.675569 -0.0278305 -2.12025e-06 0 0 0
4157 1628 0.69757 0.549072 -0.460343 -0.00189918 -1.37979e-07 0 0 -1
2702 3960 0.880395 0.472599 -0.0394349 -0.0117219 -8.68877e-07 0 0 0
1469 2312 0.347199 -0.592961 0.726533 -0.00127042 -1.03697e-07 0 0 0
2095 5400 0.349951 0.207364 0.913528 -0.0266903 -2.44995e-06 0 0 0
3170 4755 0.862446 -0.195976 -0.466669 -0.0118557 -9.24862e-07 0 0 0
843 3918 0.886427 0.151999 0.437199 -0.00354529 -2.61073e-07 0 0 0
1803 3080 0.740245 -0.11272 0.662821 -0.0170641 -1.0705e-06 0 0 0
5355 3005 0.768311 0.638705 0.0418779 -0.00529073 -4.72223e-07 0 0 0
5101 4954 0.240979 -0.833093 -0.497881 -0.0116133 -8.60653e-07 0 0 0
1051 4978 -0.942324 0.133001 -0.307142 -0.0191835 -1.54369e-06 0 0 0
4137 2214 -0.0676784 0.965404 0.251821 -0.00395948 -3.26792e-07 0 0 0
787 3054 0.188068 0.19117 0.963371 -0.0100568 -8.22514e-07 1 0 0
4729 855 0.311795 0.657227 -0.686176 -0.0119373 -9.13259e-07 0 0 0
3801 4399 0.839625 0.507479 -0.193639 -0.000773352 -7.24847e-08 0 0 0
4720 198 0.396654 0.199324 0.896067 -0.0190595 -1.4337e-06 0 0 1
4720 2558 0.542457 -0.604862 -0.582994 -0.000302951 -2.0985e-08 0 0 0
4385 3292 0.727985 0.16488 0.665472 -0.0125258 -9.75227e-07 0 0 0
4385 1466 0.607239 -0.394805 -0.689485 -0.0119531 -7.48338e-07 0 0 0
4385 2438 0.237452 0.797553 -0.55455 -0.00797198 -6.53105e-07 0 0 0
1580 3946 0.377087 -0.110196 -0.919599 -0.00861768 -8.15386e-07 0 0 0
2640 3592 0.892762 -0.135661 -0.429619 -0.0188795 -1.41468e-06 0 0 0
3254 1251 0.644604 0.164067 -0.746704 -0.0311827 -1.69125e-06 0 0 0
3247 2131 0.64384 0.43807 0.627348 -0.0019105 -1.65444e-07 0 0 0
4122 2884 0.0980436 0.933603 0.344635 -0.0108653 -8.09614e-07 0 0 0
4122 1061 0.673967 -0.544826 -0.498932 -0.0027938 -2.26957e-07 0 0 0
2018 3256 0.366281 -0.529414 0.765218 -0.0334243 -2.90219e-06 0 0 0
2018 1368 0.324378 0.757686 0.566296 -0.0186873 -1.637e-06 0 0 0
1043 941 0.658987 0.103407 0.745012 -0.000642075 -4.63224e-08 0 0 0
1756 4840 0.78353 0.438192 0.440532 -0.00851679 -7.54968e-07 0 0 0
1111 4111 0.422211 -0.822479 -0.381138 -0.0131593 -1.08402e-06 0 0 0
2693 2525 0.845652 0.324558 0.423715 -0.00875116 -6.33573e-07 0 0 -1
1350 4783 0.857521 0.482339 0.178907 -0.00268063 -2.15055e-07 0 0 0
684 722 0.416672 0.417069 0.807736 -0.0121977 -9.12069e-07 0 0 0
2290 3157 0.97692 -0.0330063 -0.211041 -0.00382891 -3.12638e-07 0 0 0
2290 4634 0.225125 -0.936035 0.270476 -0.00928081 -7.33178e-07 0 0 0
2040 3676 0.435558 -0.582975 -0.685879 -0.0116011 -1.01321e-06 0 0 0
2040 2560 0.631207 0.617945 0.468746 -0.0164456 -1.3107e-06 0 0 0
695 361 0.604402 0.796616 -0.0100321 -0.010973 -6.70072e-07 0 0 0
695 4667 0.374725 -0.835642 0.401601 -0.0114429 -7.14991e-07 0 0 0
799 5490 0.501342 -0.855247 0.131186 -0.0122922 -1.17997e-06 0 0 0
4474 4634 0.408061 -0.334004 -0.849663 -0.0185969 -1.57155e-06 0 0 0
2688 1713 0.356634 0.636213 0.684139 -0.00429087 -3.19667e-07 0 0 0
117 896 0.0387173 -0.961301 -0.272765 -0.00465196 -3.67682e-07 -1 0 0
2032 2774 0.0547435 -0.731847 -0.679267 -0.013168 -9.95444e-07 0 0 0
4704 3809 0.655835 0.499449 0.566066 -0.0091941 -8.00871e-07 1 0 0
4139 2687 0.480175 0.349348 -0.804604 -0.0227597 -1.60305e-06 0 0 0
4368 503 0.563744 0.147971 0.812587 -0.0121914 -8.7712e-07 0 0 0
1892 263 0.532267 -0.327351 0.780726 -0.00663833 -5.47388e-07 0 0 0
4387 2354 0.542499 -0.674405 0.500872 -0.00842344 -5.65572e-07 -1 0 0
3169 1093 0.688451 0.0276848 -0.724754 -0.00106728 -7.8506e-08 1 0 0
2877 1672 0.611028 -0.789386 0.0592896 -0.00851274 -6.90759e-07 0 0 0
2004 2980 0.654282 0.709355 -0.262163 -0.00217144 -1.45549e-07 1 0 0
666 4709 0.871823 0.47011 -0.137556 -0.00577644 -4.5179e-07 0 0 0
5167 3295 0.136098 0.926941 0.349652 -0.00136192 -8.13298e-08 0 0 0
1400 2667 0.923413 -0.297587 0.242385 -0.0124615 -6.86288e-07 0 0 0
3462 4401 0.249436 0.225318 0.941814 -0.0135993 -1.05963e-06 0 0 1
4395 963 -0.212507 -0.192978 -0.957914 -0.00671481 -4.57585e-07 0 0 0
1290 5330 0.962178 0.00753292 0.272319 -0.00520764 -3.93116e-07 1 0 0
5123 3273 0.610672 0.115284 -0.783447 -0.00413381 -3.0956e-07 0 0 0
2649 5343 0.995568 -0.0606217 0.0719007 -0.00217217 -1.85708e-07 0 0 0
1548 251 0.274549 0.629413 0.726954 -0.0105709 -8.91892e-07 0 0 0
1077 3809 0.165379 -0.960199 -0.225093 -0.00604772 -4.09246e-07 1 0 0
1548 3254 0.297082 -0.778555 -0.552805 -0.0117577 -8.21085e-07 0 0 0
7 2256 0.911005 0.198197 0.361646 -0.00616615 -5.0438e-07 0 0 0
2485 1874 0.568216 -0.369476 0.735267 -0.00578757 -3.67609e-07 0 0 0
2485 4401 0.366517 0.107833 -0.924141 -0.0142752 -1.14241e-06 0 0 0
4462 4211 0.0779239 -0.820664 0.566073 -0.000975726 -8.54252e-08 0 0 0
3437 727 0.25673 0.296649 0.919831 -0.00448482 -3.77837e-07 0 0 0
3627 2105 0.11704 -0.431803 -0.894342 -0.00147966 -1.22709e-07 1 0 0
2296 2664 0.517026 -0.187872 0.835098 -0.00510994 -4.25048e-07 0 0 0
1949 3042 0.599587 -0.219904 -0.769504 -0.023891 -1.45825e-06 0 0 0
3301 4428 0.274323 -0.935705 0.221818 -0.0202219 -1.57384e-06 0 0 0
5444 1624 0.873533 -0.461628 0.154402 -0.0159237 -1.41219e-06 0 0 0
3058 178 0.231308 -0.190039 0.954139 -0.0111925 -9.53923e-07 1 0 0
1075 3276 0.841146 0.533078 0.0911122 -0.00321967 -2.91551e-07 0 0 0
5444 424 0.296702 0.779597 -0.551541 -0.000708652 -5.67305e-08 0 0 0
5083 1980 0.373081 -0.121849 0.919763 -0.0141112 -8.65575e-07 0 0 0
3551 51 0.344497 0.155335 -0.925847 -0.0237791 -1.89609e-06 0 0 0
4915 494 0.857529 0.290748 -0.424393 -0.000182777 -1.72121e-08 0 0 0
2312 3829 0.571828 -0.300565 -0.76333 -0.003753 -2.61388e-07 0 0 0
239 1565 0.856461 -0.293165 0.424887 -0.000296072 -1.82763e-08 0 0 0
5127 2088 0.213649 -0.659855 0.720379 -0.00168586 -1.26121e-07 0 0 0
4685 923 0.78827 0.182726 -0.587573 -0.0128466 -1.03114e-06 0 0 -1
5328 4137 0.728592 -0.378041 -0.571173 -0.00993725 -7.22077e-07 0 0 0
2746 1332 0.83091 -0.527026 0.178414 -0.0163947 -9.59611e-07 0 0 0
1578 3561 0.407825 -0.417617 0.811957 -0.00170642 -1.20167e-07 0 0 0
4114 5361 -0.961056 -0.227208 -0.157315 -0.00948009 -8.26715e-07 0 0 0
736 2505 0.119743 0.928236 -0.352191 -0.00377672 -3.47708e-07 0 0 0
4239 3221 0.526515 0.127329 -0.840577 -0.0148526 -1.16375e-06 0 0 0
4798 3437 0.480001 -0.711138 0.513694 -0.0123783 -8.54017e-07 0 0 0
1909 3167 0.986453 -0.128258 -0.102276 -0.0148667 -1.03193e-06 0 0 0
2218 2309 0.95955 -0.273999 -0.0647215 -0.00453561 -3.63121e-07 0 0 0
4111 695 0.0606754 -0.133417 -0.989201 -0.0314821 -1.93015e-06 0 0 0
1092 5214 0.475078 -0.310916 -0.823184 -0.00761875 -6.3022e-07 1 0 0
120 3896 0.403725 0.194458 -0.893976 -0.00558526 -4.43889e-07 0 0 0
1028 1012 0.781764 0.500561 0.371865 -0.0118225 -1.06696e-06 0 0 0
3868 787 0.966681 0.147333 0.209335 -0.00749605 -6.54594e-07 0 0 0
3071 178 0.214598 -0.670595 -0.710106 -0.00902754 -6.64455e-07 0 0 0
3955 386 -0.229401 0.155427 -0.960842 -0.00534134 -4.42582e-07 0 0 0
3583 197 0.615871 -0.710039 0.341392 -0.0201805 -1.77358e-06 0 -1 0
641 2884 0.371946 0.208133 -0.90462 -0.0177459 -1.21755e-06 0 0 0
3071 3523 0.851026 -0.0763068 -0.51955 -0.00014269 -1.2142e-08 0 0 0
3298 1456 0.172699 -0.28656 -0.942369 -0.0287257 -2.14102e-06 1 0 0
4764 1255 0.238366 0.711656 0.660853 -0.00227635 -1.6337e-07 0 0 0
3946 2461 0.736798 -0.0316081 0.675374 -0.00203442 -1.61468e-07 0 0 0
4945 1605 0.88307 -0.124013 -0.452557 -0.0104533 -7.0816e-07 0 0 0
4945 4982 0.804858 0.200092 0.558718 -0.0146614 -8.54343e-07 0 0 0
4945 2750 0.469814 -0.767152 0.436753 -0.00226469 -2.0565e-07 0 0 0
2628 1288 0.154597 0.881107 -0.446934 -0.00253726 -1.66433e-07 0 0 0
2079 795 0.503815 -0.183795 0.844032 -0.0338453 -2.61954e-06 0 0 0
4757 88 0.49635 -0.343257 0.797378 -0.0167549 -1.27407e-06 0 0 0
3259 3871 0.104546 0.993322 -0.0487906 -0.00950007 -6.56058e-07 0 0 0
2127 2956 0.562767 -0.189203 -0.804671 -0.0091403 -7.4335e-07 0 0 0
1285 3642 0.661664 -0.473297 -0.581542 -0.00413316 -3.58942e-07 0 0 0
5006 3616 0.410454 0.744535 0.526494 -0.0159401 -9.83277e-07 0 0 0
3878 1547 -5.22285e-05 0.24393 -0.969793 -0.0172473 -1.12467e-06 0 0 0
1290 3840 0.0149236 0.561373 0.827429 -0.00565297 -4.12999e-07 1 0 0
2994 3147 0.479191 0.431036 -0.764581 -0.00694315 -5.66005e-07 0 0 0
795 3905 0.841321 -0.346277 0.415056 -0.0212774 -1.67789e-06 0 0 0
3320 857 0.585358 0.15884 -0.795063 -0.000856109 -6.91202e-08 0 0 0
1466 3850 0.481438 -0.196534 0.854161 -0.00493275 -3.16424e-07 0 0 0
4401 4566 0.691064 -0.510788 0.511397 -0.00316571 -2.27199e-07 0 0 0
3669 375 0.557535 -0.483894 -0.674537 -0.0113892 -9.12033e-07 0 0 0
1746 695 0.386294 -0.0217052 0.92212 -0.0304586 -1.89394e-06 0 0 0
282 2522 0.27971 -0.33565 0.8995 -0.0199658 -1.35664e-06 0 0 0
282 2043 0.698388 -0.283649 -0.657113 -0.00347533 -2.17509e-07 0 0 0
263 1974 0.781245 -0.553264 0.289058 -0.00582515 -4.4074e-07 0 0 0
1401 284 0.429567 0.450712 0.782516 -0.0215676 -1.43842e-06 0 0 0
5156 5503 0.798481 -0.598796 -0.0622233 -0.00636404 -5.37329e-07 0 0 0
1401 5517 -0.0022516 -0.9761 -0.217312 -0.0281786 -2.19062e-06 0 0 0
482 905 0.637339 -0.46143 -0.617156 -0.0114583 -7.60199e-07 0 0 0
3613 2177 0.0576788 -0.579263 0.813097 -0.00112473 -8.64572e-08 0 0 0
3384 4405 0.670003 0.664841 -0.330277 -0.0101611 -8.05553e-07 0 0 0
5181 1178 0.697219 0.33864 -0.63183 -0.00786113 -4.60326e-07 0 0 0
838 2336 0.667274 -0.572613 -0.476298 -0.0163103 -1.36129e-06 0 0 0
1826 4987 0.794123 -0.0132145 -0.607613 -0.0109832 -6.21336e-07 0 0 0
3377 2051 0.200242 -0.311062 -0.929055 -0.0112875 -8.78418e-07 0 0 0
941 4549 0.198453 -0.768704 0.608039 -0.000509047 -3.34525e-08 0 0 0
3466 5390 0.0250609 -0.601223 -0.798688 -0.00740688 -5.06748e-07 1 0 0
838 5355 0.29414 0.224232 0.929087 -0.00889611 -7.95976e-07 0 0 0
2524 2915 0.139834 -0.732157 -0.666627 -0.00818771 -7.09066e-07 0 0 0
2531 1924 -0.0283026 0.600891 -0.79883 -0.018839 -1.48192e-06 0 0 0
2150 5375 0.494487 0.494149 -0.715052 -0.00578043 -5.08773e-07 0 0 0
1532 862 0.982693 0.159442 0.0943013 -0.0139589 -8.72035e-07 0 0 0
1532 3941 0.44065 -0.429368 0.788334 -0.00975271 -7.0501e-07 0 0 0
1532 3896 0.231991 -0.970725 -0.0622392 -0.00919487 -7.53968e-07 0 0 0
1592 4242 0.10893 0.962342 -0.249062 -0.0123216 -8.87147e-07 0 0 0
5117 381 0.913581 0.0437267 0.404298 -0.00631445 -4.94009e-07 0 0 0
1655 3320 0.355662 -0.60705 0.71063 -0.00152922 -1.13787e-07 1 0 0
927 3853 0.317331 0.177024 0.931645 -0.00302255 -2.61027e-07 0 0 0
2467 4066 0.586292 -0.567128 -0.57847 -0.0101656 -8.27004e-07 0 0 0
2467 2413 0.787576 0.441777 0.429601 -0.0029676 -2.33101e-07 1 0 0
3890 1780 0.8559 -0.0189994 0.516793 -0.00822901 -5.78848e-07 0 0 0
1110 4333 0.265822 0.245332 -0.932283 -0.008751 -6.97952e-07 0 0 0
4145 4789 0.303792 0.288952 -0.907864 -0.0191363 -1.70402e-06 1 0 0
1110 151 0.500631 -0.568165 0.653113 -0.0218922 -1.7536e-06 0 0 0
1114 2793 0.414989 -0.526272 -0.742174 -0.00621484 -4.20295e-07 0 0 0
5076 1261 0.955817 -0.0681712 0.285948 -0.00431934 -3.59517e-07 0 0 0
3325 4543 0.668121 -0.431538 -0.606127 -0.0144529 -1.05092e-06 0 0 0
3172 4997 0.550109 -0.647077 0.527893 -0.0155449 -1.37122e-06 0 0 0
3172 3805 0.854001 0.197725 -0.481235 -0.0161324 -1.50682e-06 0 0 0
2338 4502 0.985606 -0.151477 0.0750708 -0.0158423 -1.07832e-06 0 0 0
2828 2077 0.135025 0.0060221 -0.990824 -0.00934998 -6.98967e-07 0 0 0
3341 3147 0.31658 -0.850319 0.420398 -0.000507379 -4.08451e-08 0 0 0
2828 316 0.248291 -0.692217 0.677633 -0.00662002 -5.62435e-07 0 0 0
5382 1158 0.907682 0.217312 0.359011 -0.00164448 -1.04842e-07 0 0 0
4391 4618 0.791607 0.477823 -0.380845 -0.0267989 -1.97275e-06 0 0 0
3489 4930 0.913523 -0.073666 0.40006 -0.0109518 -8.17507e-07 0 0 0
5382 3415 0.277994 0.257912 -0.925311 -0.0140987 -1.03464e-06 0 0 0
2691 4129 0.921947 0.14073 -0.360843 -0.0260987 -1.63416e-06 0 0 0
5382 1853 0.212094 -0.647673 0.731803 -0.00645676 -4.12395e-07 0 0 0
1077 3370 0.168524 0.383535 0.90802 -0.0291058 -1.94558e-06 1 0 0
2326 4662 0.75005 0.627851 -0.207912 -0.0115811 -8.54061e-07 0 0 0
2911 5517 0.583548 0.212734 -0.783719 -0.0348623 -2.67985e-06 0 0 0
1795 3173 0.714441 0.409229 0.567544 -0.00629882 -5.13698e-07 0 0 0
239 834 0.501014 0.544656 0.672559 -0.00297398 -2.14427e-07 0 0 0
3809 834 0.723557 -0.690043 -0.0174921 -0.000664505 -4.37946e-08 0 0 0
4050 2109 0.295431 0.753928 0.586782 -0.0254948 -1.66649e-06 0 0 0
1498 5088 0.134004 0.823708 0.550951 -0.0345132 -2.53758e-06 0 0 0
92 3843 0.208668 0.454598 -0.865909 -0.00757211 -5.13255e-07 0 0 0
3621 2677 0.489874 0.111045 -0.864692 -0.0131359 -1.10478e-06 0 0 0
1557 786 0.519879 0.371401 0.769277 -0.0156415 -1.09034e-06 0 0 0
3949 2920 0.497184 0.439835 -0.747899 -0.00663778 -4.93367e-07 0 0 0
1557 803 0.0590407 -0.932252 -0.35696 -0.0095426 -8.25289e-07 0 0 0
5259 2501 0.0704053 -0.218852 -0.973215 -0.0238186 -1.50087e-06 0 0 0
3456 4709 0.684916 0.0274637 0.728104 -0.00454421 -3.57956e-07 0 0 0
1780 4939 0.329217 0.732642 -0.595695 -0.0171545 -1.46128e-06 0 0 0
4161 2440 0.949932 0.081802 0.301559 -0.000328781 -2.19946e-08 0 0 0
3663 2228 -0.408308 0.187367 -0.893408 -0.00494974 -3.95093e-07 0 0 0
3840 3437 0.533972 0.511333 -0.67336 -0.0323792 -2.39925e-06 0 0 0
1727 2333 0.977887 0.0225456 0.207917 -0.0115501 -7.9736e-07 0 0 0
430 18 0.381795 -0.792072 -0.476293 -0.0165534 -1.04949e-06 0 0 0
5158 4109 0.372087 -0.263218 0.890094 -0.0178143 -1.31396e-06 0 0 0
2604 1378 0.820068 -0.24039 -0.519328 -0.0104312 -9.53991e-07 0 0 0
4050 4646 0.630902 -0.675877 0.38099 -0.00453799 -3.39857e-07 0 0 0
379 4601 0.0112192 0.567442 0.823337 -0.00749168 -6.10466e-07 0 0 0
4111 329 0.686815 -0.373497 0.623527 -0.0117267 -7.36654e-07 0 0 0
2967 3510 0.543847 0.344369 -0.765271 -0.00892226 -7.99991e-07 0 0 0
2967 786 0.553622 -0.800216 -0.230558 -0.0191508 -1.41058e-06 0 0 0
648 4936 0.913854 0.183243 0.362343 -0.017039 -1.38772e-06 1 0 0
1517 5201 0.361982 0.464261 0.80835 -0.0395608 -3.59003e-06 0 0 0
4223 451 0.248973 -0.957954 -0.142604 -0.00339857 -2.9626e-07 0 -1 0
2625 2056 -0.759734 0.469978 0.449361 -0.00693192 -4.94533e-07 0 0 1
2967 3567 0.468033 -0.00304182 0.883706 -0.0278509 -2.61463e-06 0 0 0
391 3003 0.322896 0.240559 -0.915352 -0.0200497 -1.24615e-06 0 0 0
5090 2759 0.757931 -0.571217 0.315043 -0.0207153 -1.5358e-06 0 0 0
4994 5428 0.20846 -0.796657 -0.567347 -0.00656659 -5.63122e-07 0 0 0
5400 4940 0.832958 0.280771 0.476812 -0.013418 -1.02494e-06 0 0 0
3499 3761 0.336888 -0.419861 0.842747 -0.014392 -9.13805e-07 0 0 0
3405 3645 0.350271 -0.197784 0.915528 -0.0126102 -1.03095e-06 0 0 0
836 1181 0.755097 0.531559 -0.383762 -0.002014 -1.50307e-07 0 0 0
4191 5490 0.454562 0.447682 0.770035 -0.0175954 -1.48984e-06 0 0 0
1377 2029 0.136647 0.906826 0.39874 -0.00281353 -2.59357e-07 0 0 0
93 3933 0.805336 0.273195 0.526117 -0.00034652 -3.35295e-08 0 0 0
679 3341 -0.00187985 0.812411 0.583082 -0.0237047 -1.88075e-06 0 0 1
3668 246 0.8949 0.423386 0.141061 -0.00192934 -1.48514e-07 1 0 0
3682 5486 0.481122 0.691928 -0.538291 -0.00325563 -2.45558e-07 0 1 0
3420 4293 0.0152568 0.965321 0.260621 -0.000456327 -3.2173e-08 0 0 0
1848 583 0.617932 -0.260566 0.741798 -0.0124192 -8.33536e-07 0 0 0
2573 3507 0.722398 -0.450977 -0.524176 -0.00529224 -4.3595e-07 0 0 0
1964 2759 0.595152 0.690168 0.411657 -0.00372296 -2.77113e-07 0 0 0
3832 3616 0.403362 -0.913729 0.0489771 -0.00384698 -3.04294e-07 1 0 0
4591 3254 0.446675 0.614216 -0.650554 -0.0191577 -1.73504e-06 0 0 0
1852 4903 0.577757 -0.145275 -0.803176 -0.000869249 -6.92616e-08 0 0 0
3832 680 0.883123 -0.0606302 -0.465207 -0.0276596 -1.96231e-06 1 0 0
5485 4075 0.271642 -0.589493 0.760729 -0.0212227 -1.49335e-06 0 0 0
4176 81 0.772898 -0.101139 0.626418 -0.010048 -7.06697e-07 0 0 0
3466 3422 0.839745 0.0624797 -0.539374 -0.0113787 -7.73148e-07 0 0 0
2148 2659 -0.0634944 0.22046 -0.973327 -0.010319 -6.66414e-07 0 0 0
5378 2582 0.86971 0.31239 -0.382121 -0.00741635 -4.74215e-07 0 0 0
3275 2633 0.173758 0.753316 -0.63429 -0.00188044 -1.20162e-07 0 0 0
32 1222 0.387487 -0.74479 -0.543269 -0.00883875 -7.40996e-07 0 0 0
1714 1037 -0.197089 0.160284 -0.967194 -0.000945118 -6.15445e-08 0 0 0
4231 5158 0.329875 -0.417626 0.846623 -0.0186872 -1.38202e-06 0 0 0
537 5133 0.564683 -0.753153 -0.33748 -0.00256455 -1.6543e-07 0 0 0
4231 2604 0.0689903 -0.275451 -0.958836 -0.0137912 -1.05817e-06 0 0 0
4422 1532 0.312013 0.521422 0.794208 -0.0195933 -1.24469e-06 0 0 0
1756 2787 0.450305 -0.334843 -0.827711 -0.0198264 -1.47007e-06 0 0 0
3255 2558 0.319758 -0.903161 0.286451 -0.00202228 -1.63545e-07 0 0 0
4416 1792 0.360775 -0.930565 -0.0623775 -0.0033483 -2.87948e-07 0 0 0
4382 3520 0.625142 -0.057211 -0.778411 -0.0295877 -2.22242e-06 0 0 0
5073 2363 0.405826 0.434706 -0.80395 -0.00458154 -3.80802e-07 0 0 -1
5194 3410 0.996941 -0.0778901 0.00648596 -0.0161876 -1.065e-06 0 0 0
5486 4976 0.637591 0.352387 0.685055 -0.00470546 -3.62441e-07 0 -1 0
395 4242 0.123004 -0.504327 0.854707 -0.00583451 -4.5482e-07 1 0 1
5073 3341 0.127956 -0.984284 0.121709 -0.00285971 -2.30906e-07 0 -1 0
5506 4050 0.275344 0.0947828 -0.956662 -0.0128225 -9.21932e-07 0 0 0
5241 4293 0.420497 0.00288787 -0.907289 -0.0128722 -1.05911e-06 0 0 0
474 3415 0.298191 0.66062 0.688958 -0.0169883 -1.29858e-06 0 0 0
4333 3178 0.396984 0.905959 -0.147112 -0.0068306 -4.90456e-07 0 1 0
4669 2740 0.684942 0.54221 -0.486686 -0.00262704 -1.96875e-07 0 0 0
2942 4836 0.0758747 -0.329714 -0.941027 -0.00641824 -5.26632e-07 0 0 0
4433 4667 0.784671 0.165956 0.597285 -0.00437556 -2.94421e-07 0 0 0
4945 3341 -0.120507 0.00343287 -0.992706 -0.0406717 -3.30195e-06 0 0 0
2160 2884 0.0503677 -0.354251 0.933793 -0.0335751 -2.28887e-06 0 0 0
2160 5167 0.579427 -0.226706 -0.78286 -0.0217543 -1.42609e-06 0 0 0
3189 4014 0.604528 -0.0177649 0.796386 -0.013199 -9.91817e-07 0 0 1
5036 2079 0.262401 -0.456988 0.849887 -0.0290574 -2.23207e-06 0 0 0
143 2838 0.570633 0.647158 0.505535 -0.0198734 -1.81207e-06 0 0 0
888 3195 0.10316 -0.438426 0.892828 -0.0208285 -1.82819e-06 0 0 0
629 4387 0.127446 -0.34618 -0.929471 -0.00469522 -3.27489e-07 1 0 0
3384 1428 0.0334965 0.476865 0.878338 -0.0366494 -3.04477e-06 0 0 0
3384 5088 0.25417 -0.669997 -0.697496 -0.0302154 -2.18145e-06 0 0 0
458 4391 0.790524 0.463591 0.400193 -0.0117935 -6.64796e-07 0 0 0
2547 1578 0.504409 0.750636 -0.426751 -0.00631465 -4.52131e-07 0 0 0
629 4427 0.641198 -0.225806 0.733401 -0.0130851 -1.06519e-06 1 0 0
4918 2303 -0.0976786 0.0758156 -0.992326 -0.0307206 -2.34827e-06 0 0 0
198 3809 -0.222798 -0.102018 0.969512 -0.0510819 -3.64608e-06 0 0 0
2547 5355 0.297661 -0.34216 -0.891249 -0.00629486 -3.81886e-07 0 0 0
696 3915 0.957407 -0.185809 0.221014 -0.00213203 -1.70638e-07 0 0 0
198 2511 0.446836 0.768812 -0.457456 -0.0215572 -1.35256e-06 0 0 -1
2712 320 0.591265 0.750222 -0.295927 -0.00472162 -3.53599e-07 0 0 0
2776 4840 0.200935 0.426283 -0.881991 -0.0158196 -1.3922e-06 0 0 0
5369 556 0.616994 0.680377 -0.395481 -0.0125913 -1.05862e-06 0 0 0
5206 3846 0.452812 -0.536735 -0.711953 -0.0244145 -1.4549e-06 1 0 0
5206 4234 0.253291 -0.246327 0.935504 -0.0305912 -2.02214e-06 1 0 0
5206 2449 0.368976 0.65967 0.654746 -0.00982788 -7.24463e-07 0 0 0
1826 4031 -0.0625594 0.940387 0.334303 -0.00284003 -1.72565e-07 0 0 0
5117 3293 0.698593 -0.0415037 -0.714315 -0.00232516 -2.00238e-07 0 0 0
1361 4139 0.586471 -0.0790555 -0.806103 -0.0185082 -1.29955e-06 0 0 0
4438 4531 -0.0223418 -0.980633 -0.194578 -0.000335096 -2.9283e-08 1 0 0
3391 462 0.932589 0.316946 0.172692 -0.000121583 -1.1601e-08 0 0 0
406 721 0.243947 0.418599 0.874794 -0.00648649 -4.12205e-07 0 0 0
4438 55 0.676691 -0.125932 0.725417 -0.0104206 -7.05524e-07 1 0 0
3172 2199 0.229902 0.422463 0.876738 -0.0339916 -3.18316e-06 0 0 0
1361 679 0.0949584 -0.332664 0.938252 -0.0143702 -1.18625e-06 0 0 0
409 1577 0.228012 -0.678153 0.698655 -0.020181 -1.33136e-06 0 0 0
2577 2238 0.928858 -0.197598 -0.313335 -0.00313979 -2.63192e-07 1 0 0
4705 2457 0.759147 0.310843 0.571902 -0.00622007 -5.46566e-07 0 0 0
778 4565 0.950511 0.0757257 -0.301323 -0.000861132 -7.89221e-08 0 0 0
2238 391 0.0109809 -0.950798 -0.309617 -0.00595486 -3.80712e-07 0 0 -1
2995 1500 0.35096 0.475426 0.80672 -0.00441007 -3.3014e-07 0 0 0
3991 227 0.719418 0.208696 -0.662483 -0.0103126 -6.81534e-07 0 0 0
399 2547 0.355969 0.869364 0.342771 -0.0255504 -2.06887e-06 0 0 0
2606 5257 -0.903155 0.159324 -0.398657 -0.00494865 -3.87626e-07 0 0 0
4705 4439 0.483733 -0.859543 0.16489 -0.00179589 -1.70112e-07 0 0 0
4484 4461 0.156653 -0.900226 -0.406266 -0.00802303 -6.21002e-07 1 0 0
2438 1648 0.90493 -0.318101 0.282691 -0.00425677 -3.72409e-07 0 0 0
2774 1532 0.233222 -0.751093 0.61763 -0.0200346 -1.65031e-06 0 0 0
343 1040 0.657933 0.580288 0.47999 -0.00750454 -5.03329e-07 0 0 0
5049 116 0.722044 0.00875944 0.691792 -0.00285137 -2.02086e-07 0 0 0
4531 1728 0.480506 0.335871 -0.810126 -0.0172198 -1.68843e-06 0 0 0
4471 5290 0.496327 -0.792578 0.354231 -0.0118377 -1.0261e-06 0 0 0
3049 2010 0.696432 0.152863 0.701153 -0.0110001 -8.92803e-07 0 0 0
3389 257 0.392515 0.747475 -0.535922 -0.00051475 -3.98854e-08 0 0 0
1862 5092 0.709541 0.54485 -0.446867 -0.00741523 -6.18343e-07 0 0 0
2830 99 0.258598 -0.133682 0.95669 -0.0223064 -1.56413e-06 0 0 0
2446 2738 0.969505 0.211012 0.124632 -0.00788635 -5.18071e-07 0 0 0
5074 2522 0.0815941 0.985171 0.150931 -0.00628658 -4.38734e-07 0 0 0
3713 3481 0.52678 -0.557561 -0.641583 -0.0087557 -8.41435e-07 0 0 0
217 2915 0.586187 0.280267 -0.760154 -0.0207115 -1.6794e-06 0 0 0
1003 4259 0.784013 0.606437 0.132507 -0.00392568 -2.69689e-07 0 0 0
3713 3256 0.407632 0.832895 0.37433 -0.0218911 -1.56857e-06 0 0 0
1790 2621 0.447853 0.519648 0.727594 -0.0165988 -1.31139e-06 0 0 0
3713 4967 -0.165534 0.166674 -0.972018 -0.0369414 -3.66007e-06 0 0 0
4047 5230 0.442291 -0.735407 0.513377 -0.00942312 -7.39103e-07 0 0 0
2884 3050 0.59153 -0.0107327 0.806211 -0.0180092 -1.51333e-06 0 0 0
815 4516 0.839849 -0.271996 -0.469758 -0.01808 -1.54254e-06 0 -1 0
5433 5246 0.743933 0.0276072 -0.667684 -0.00177416 -1.6394e-07 0 0 0
2459 4601 -0.207669 -0.507343 0.836347 -0.00787075 -7.32867e-07 0 0 0
78 424 0.502917 -0.762954 -0.406172 -0.0243523 -1.96485e-06 0 0 0
555 3370 0.134184 -0.631979 -0.763281 -0.0189753 -1.64428e-06 1 0 0
4520 151 0.209617 0.632978 0.745252 -0.0157979 -1.06844e-06 0 0 0
4520 3933 0.213315 0.140485 -0.96683 -0.0261499 -1.89588e-06 0 0 0
721 3118 0.62549 0.766366 0.14644 -0.00617219 -3.86548e-07 0 0 0
546 454 0.795394 -0.389271 -0.464561 -0.00701742 -5.92309e-07 0 -1 0
5506 3380 0.953971 -0.0662256 0.292494 -0.0104109 -7.73291e-07 0 0 0
1455 4017 0.60549 0.784155 -0.13595 -0.0111118 -7.12084e-07 0 0 0
308 5483 0.422403 0.417504 0.804529 -0.0036991 -2.81191e-07 0 0 0
4539 2924 0.238229 -0.612317 0.753866 -0.0235055 -2.03583e-06 1 0 0
2524 1300 0.651369 -0.0206292 -0.758481 -0.0160585 -1.26042e-06 0 0 0
2524 803 0.181099 0.802527 -0.568465 -0.0100716 -8.98122e-07 0 0 0
4402 2363 0.657606 -0.30627 0.688297 -0.00664329 -4.59178e-07 0 0 0
1722 2909 -0.0493484 0.470088 -0.881239 -0.0104386 -8.50789e-07 0 0 0
2725 5011 0.621919 0.562976 0.544312 -0.00187009 -1.33599e-07 1 0 0
4798 2150 0.200868 0.690713 -0.694671 -0.0126254 -9.52841e-07 0 0 0
3667 564 0.748148 -0.597477 0.288608 -0.00852418 -6.01409e-07 0 0 1
5369 5444 0.248275 0.635849 0.730791 -0.0151674 -1.24156e-06 0 0 0
3715 1111 -0.144014 -0.23758 0.960633 -0.0181415 -1.56651e-06 0 0 0
2793 1179 0.722036 -0.654787 -0.223424 -0.0178706 -1.23931e-06 0 0 0
2793 4139 0.58101 0.100335 0.807688 -0.0326459 -2.27891e-06 0 0 0
3751 4566 0.853286 0.49339 0.168731 -0.0107284 -7.82644e-07 0 0 0
4096 4017 0.0382101 -0.484307 0.874064 -0.00484765 -2.83672e-07 0 0 0
1751 4809 0.501554 -0.170817 0.848095 -0.0405556 -2.86738e-06 0 0 0
5045 4603 0.907326 -0.210134 -0.364147 -0.0119217 -8.45854e-07 0 0 0
3728 5010 -0.141585 -0.961207 0.236717 -0.00148974 -1.1257e-07 0 0 0
1874 1923 0.783806 0.396349 -0.478074 -0.00522436 -3.41802e-07 0 0 0
4719 3567 0.581583 0.341757 -0.738217 -0.00524318 -4.49668e-07 0 0 0
2828 1980 0.232414 0.955468 0.181838 -0.013331 -9.30052e-07 1 0 0
5514 2349 0.518927 0.230269 -0.82322 -0.0274414 -1.94291e-06 0 0 0
150 88 0.483091 -0.554502 -0.677606 -0.0123896 -1.05479e-06 0 0 0
2222 2750 0.490807 0.158991 -0.856639 -0.00184789 -1.71225e-07 0 0 0
2200 3391 0.45053 -0.0896013 0.888253 -0.00430233 -3.89229e-07 1 0 0
1517 3273 0.180605 -0.927984 0.325927 -0.00322376 -1.88989e-07 0 0 0
2200 5351 0.832223 0.199441 -0.517328 -0.0115798 -9.61039e-07 1 0 0
2222 474 -0.0642389 -0.517989 0.852972 -0.0120765 -7.37953e-07 0 0 0
3685 400 0.348239 -0.540937 -0.765583 -0.00279976 -2.01193e-07 0 0 0
3918 1410 0.465822 -0.854341 0.230459 -0.00605441 -4.58485e-07 0 0 0
1652 1726 -0.0581556 0.346444 -0.936266 -0.00268545 -2.36696e-07 0 0 0
3320 3274 0.13712 -0.757248 -0.638571 -0.00557378 -4.34464e-07 0 0 0
4451 959 0.992935 -0.0952876 -0.0707078 -0.00400963 -3.29567e-07 0 0 0
3421 1069 0.886185 0.462414 0.0291513 -0.0159189 -1.06178e-06 0 0 0
302 1837 0.502092 -0.858954 -0.100503 -0.00583285 -4.82726e-07 0 0 0
5011 4619 0.942929 0.274033 -0.189185 -0.00549683 -4.52955e-07 -1 0 0
3921 1741 -0.164883 0.316106 -0.934286 -0.00566473 -4.03915e-07 0 0 0
4808 1023 0.248586 -0.966417 -0.0651451 -0.00714437 -5.46087e-07 0 0 0
2738 2363 0.401655 0.676407 0.617371 -0.0043203 -3.00706e-07 0 1 0
1835 3832 0.520462 -0.751199 -0.40598 -0.00333009 -2.36902e-07 0 0 0
1328 3121 0.266118 -0.155833 0.951261 -0.00264759 -1.88723e-07 0 0 0
4785 2150 0.0520885 -0.285746 -0.956889 -0.0433011 -2.42886e-06 0 0 0
4785 622 0.200414 0.47815 0.855106 -0.0263148 -2.44392e-06 0 0 0
4785 5238 0.205436 -0.871922 0.444464 -0.013515 -1.15079e-06 0 0 0
555 5206 0.345428 -0.759152 0.551696 -0.0237669 -2.00388e-06 0 0 0
1036 2524 0.132475 0.490358 -0.861394 -0.014491 -1.3373e-06 0 0 0
2924 4943 0.951484 -0.144432 -0.271692 -0.00818794 -6.20937e-07 0 0 0
4785 311 0.83765 0.507723 -0.201395 -0.00850195 -7.60911e-07 0 0 0
1718 1892 0.620742 0.00925553 0.783961 -0.0169932 -1.32961e-06 0 0 0
2980 316 0.0814629 0.187702 -0.978842 -0.00756361 -6.41838e-07 -1 0 0
5521 1368 0.689714 -0.464441 -0.555508 -0.0199721 -1.67258e-06 0 0 0
642 5371 0.488678 0.668669 0.560424 -0.015034 -1.29576e-06 0 0 0
4332 1101 0.840242 -0.0260823 0.541583 -0.0132751 -1.06493e-06 0 0 1
5521 2159 0.2905 0.0798232 0.95354 -0.00750677 -6.81866e-07 0 0 0
617 5012 0.169517 -0.251645 0.952858 -0.00990058 -6.59658e-07 0 0 1
4390 4884 0.799411 -0.108566 0.590894 -0.0107203 -7.37628e-07 0 -1 0
991 4620 0.725329 0.0973597 0.681483 -0.00114726 -1.06249e-07 0 0 0
3319 1980 0.0402431 -0.63253 -0.773489 -0.0197847 -1.22697e-06 0 0 0
3319 1250 0.0690064 0.939649 -0.335108 -0.00431993 -3.38872e-07 -1 0 0
3319 3422 0.430796 -0.194971 0.881136 -0.0202562 -1.38656e-06 -1 0 0
1921 3294 -0.390791 -0.906586 -0.159322 -0.00763178 -5.86026e-07 0 0 0
4390 1718 0.0915698 0.659005 0.746544 -0.0293703 -2.26972e-06 0 0 0
622 1480 0.829167 -0.0701489 0.554582 -0.00895319 -8.39256e-07 0 0 0
4958 723 0.141687 -0.982393 -0.121771 -0.0114593 -8.973e-07 0 0 0
2077 2541 0.797828 0.144455 -0.585323 -0.00296407 -2.20156e-07 1 0 0
2628 4958 0.761626 -0.587715 -0.272979 -0.0081472 -5.21506e-07 0 0 0
3568 2211 0.998633 0.0433469 -0.0292114 -0.00955301 -7.5203e-07 0 0 0
3715 2722 0.787452 -0.128661 0.602799 -0.0019128 -1.10895e-07 0 0 0
1012 3037 0.855354 -0.300423 0.422038 -0.0176258 -1.39927e-06 0 0 0
151 4565 0.604336 -0.45679 0.652779 -0.0139645 -9.30927e-07 0 0 0
4756 641 0.134926 -0.485802 -0.863592 -0.00181984 -1.20462e-07 0 0 -1
4939 1803 0.256691 0.209615 0.943489 -0.0428346 -3.62449e-06 0 0 0
5076 5464 0.701009 0.400224 -0.59026 -0.0152524 -1.24214e-06 0 0 0
1909 316 -0.0106898 0.698086 0.715934 -0.00388742 -3.2757e-07 -1 0 0
5390 3566 0.766151 -0.245903 0.593755 -0.00504276 -4.07359e-07 -1 0 0
1909 1723 0.313922 -0.682126 -0.660422 -0.00885486 -6.27229e-07 0 0 0
29 77 0.344527 0.507157 -0.789995 -0.00554428 -3.43079e-07 0 0 0
5076 1498 0.192321 -0.224981 0.955194 -0.0160225 -1.1679e-06 0 0 0
5076 1751 0.108703 -0.866651 -0.486928 -0.0103115 -7.33046e-07 0 0 0
1129 4228 0.912518 -0.0792973 -0.401278 -0.00428401 -2.95426e-07 0 0 0
3743 2999 0.907853 -0.331055 -0.257306 -0.000642913 -4.82933e-08 0 0 0
2268 1911 -0.115499 0.487523 -0.865437 -0.0195607 -1.52324e-06 0 0 0
3123 2167 0.590895 -0.765588 -0.254398 -0.000810156 -6.63199e-08 0 0 0
5159 1002 0.631565 -0.759951 0.153624 -0.00344457 -2.9413e-07 0 -1 0
236 4585 -0.128743 0.988979 0.0731192 -0.0124006 -1.15025e-06 -1 0 0
3150 1372 -0.258438 -0.712134 -0.652744 -0.00204035 -1.74499e-07 0 0 0
783 3272 0.669623 0.662087 -0.33652 -0.00455808 -3.62853e-07 0 0 0
783 4332 0.154033 -0.714371 -0.682604 -0.00070123 -5.9618e-08 0 0 -1
4337 1655 0.127818 -0.969811 -0.207675 -0.0144125 -1.07807e-06 -1 0 0
1754 4713 0.635172 0.013744 0.772249 -0.00916541 -7.12138e-07 0 0 0
3450 3751 0.752966 0.610795 -0.244892 -0.00782752 -6.89281e-07 0 0 0
227 2017 0.64765 -0.00432711 -0.761925 -0.0142271 -9.23574e-07 1 0 0
5268 301 0.811654 -0.211622 0.544458 -0.0031581 -2.52913e-07 0 0 0
5268 3567 0.732427 -0.63235 -0.252357 -0.00110208 -9.48275e-08 0 0 0
3776 2911 0.520381 0.600267 0.607358 -0.00031203 -2.53784e-08 0 0 0
3066 2157 0.963844 0.261077 0.0533281 -0.00728686 -5.57631e-07 1 0 0
789 2437 0.114484 0.986426 -0.117718 -0.00444196 -3.11174e-07 0 0 0
136 1799 0.471348 0.545631 -0.692905 -0.00397122 -3.3566e-07 0 0 0
850 1996 0.93226 -0.260831 -0.250716 -0.0143776 -1.24219e-06 0 0 0
3682 5375 0.650926 -0.681707 -0.334021 -0.00520612 -4.07465e-07 0 0 0
213 5488 0.428877 -0.809872 -0.400214 -0.0127629 -9.53368e-07 0 0 0
213 1043 0.678795 0.538983 0.498733 -0.00814282 -6.37461e-07 0 0 0
4228 5400 0.609494 -0.782316 0.128443 -0.00698241 -5.05132e-07 0 0 0
4228 4276 0.58066 0.768416 -0.269016 -0.00858261 -6.03856e-07 0 0 0
4186 2787 0.643962 0.73456 0.213858 -0.00628366 -4.56745e-07 0 0 0
4302 5488 -0.113607 -0.190847 0.975024 -0.012747 -1.07966e-06 0 0 0
3870 3142 0.538671 0.317179 0.780532 -0.00111427 -8.66097e-08 0 0 0
4302 3117 0.584423 -0.0736218 -0.808102 -0.0113974 -8.50034e-07 0 0 0
2547 3561 0.873979 0.329786 0.356932 -0.017932 -1.15163e-06 0 0 0
391 3170 0.122844 -0.860912 -0.493701 -0.00534449 -3.52737e-07 0 0 0
391 490 0.306595 -0.615615 0.72596 -0.0158918 -1.44611e-06 0 0 1
958 2138 0.901261 -0.160741 -0.402356 -0.000408097 -3.87403e-08 0 0 0
3366 878 0.564745 0.0149686 0.82513 -0.0100666 -6.45901e-07 0 0 0
4338 997 -0.520992 0.21119 -0.827022 -0.0249397 -1.94964e-06 0 0 0
4051 3213 0.624205 0.094685 -0.775502 -0.013199 -1.05713e-06 0 0 0
642 2888 0.125845 -0.699905 -0.703062 -0.0214168 -1.90414e-06 0 0 0
4051 573 0.194427 -0.720077 0.666099 -0.0198805 -1.63579e-06 0 0 1
1980 1283 0.905202 -0.417054 -0.0817039 -0.00994376 -5.39964e-07 0 0 0
4720 3255 0.257364 0.27635 -0.925956 -0.0355695 -2.82277e-06 0 0 0
2505 5115 0.218873 0.864498 0.45248 -0.00276086 -2.29336e-07 0 0 0
4634 5251 0.515943 0.695555 0.500006 -0.00744667 -5.70394e-07 0 0 0
3048 2089 0.862612 0.159488 -0.480067 -0.00690418 -5.51191e-07 0 0 0
1837 5049 0.502683 -0.291037 0.814007 -0.0207419 -1.45397e-06 0 0 0
1020 3856 0.707356 -0.661288 -0.24969 -0.00160874 -1.38922e-07 0 0 0
468 18 0.0432687 0.559224 0.827887 -0.0176548 -1.44484e-06 0 0 0
2856 1356 0.10059 -0.914095 -0.392825 -0.00610186 -5.17217e-07 0 0 0
2176 4453 -0.947809 0.0851937 -0.307246 -0.00247898 -2.01296e-07 0 0 0
468 167 0.838297 -0.500827 -0.215475 -0.0154309 -1.32607e-06 0 0 -1
2646 89 0.58398 -0.799108 0.142809 -0.0132018 -1.01125e-06 0 0 0
775 3977 0.221008 -0.873958 -0.432844 -0.0100914 -7.70678e-07 0 0 0
4875 3949 0.855442 -0.160962 0.49225 -0.0118446 -8.29725e-07 1 0 0
2159 390 0.0261184 0.747627 -0.663605 -0.00267851 -2.27582e-07 0 0 0
2979 4516 0.773741 0.326799 0.542704 -0.00533033 -4.16555e-07 0 0 0
2126 1012 0.244507 -0.288862 -0.925622 -0.0331952 -2.45483e-06 0 0 0
2755 5197 0.62738 0.0765259 -0.774944 -0.00898436 -6.97942e-07 0 0 0
4334 87 0.073767 -0.7463 -0.66151 -0.00647938 -4.24157e-07 0 0 0
1350 5118 0.425209 0.146155 -0.893216 -0.00123222 -8.27268e-08 0 0 0
5049 4494 0.602839 0.144608 -0.784648 -0.0108181 -6.77351e-07 0 0 0
3878 4840 0.0583096 -0.689327 -0.7221 -0.0207151 -1.80896e-06 0 0 0
18 781 0.0257993 -0.408433 0.912424 -0.00332556 -2.8522e-07 0 0 0
4542 4425 0.311819 0.134695 -0.940546 -0.0131439 -8.63246e-07 0 0 0
1126 227 0.159245 0.673053 0.722247 -0.0160039 -1.06017e-06 0 0 0
458 1111 -0.179873 -0.982988 -0.0371434 -0.00715584 -6.13179e-07 0 0 0
3108 2967 0.454226 -0.848871 -0.270363 -0.0131746 -1.22975e-06 0 0 0
18 717 0.892272 -0.422631 -0.158854 -0.00346054 -2.46547e-07 0 0 0
3108 2547 0.375714 0.636287 -0.673778 -0.00488451 -4.26502e-07 0 0 0
3108 5268 0.269162 -0.295103 0.91677 -0.0138765 -1.18727e-06 0 0 0
2898 5120 0.813932 -0.577489 -0.0634204 -0.00799807 -7.04565e-07 0 0 0
1628 3426 0.751679 0.361812 -0.551427 -0.000498728 -3.41758e-08 0 0 0
2333 677 0.347217 -0.71524 0.606525 -0.0170266 -1.22071e-06 0 0 0
3918 3258 0.469466 -0.305234 -0.828513 -0.000520803 -3.98048e-08 1 0 0
1318 868 0.608603 -0.0767166 0.789757 -0.0121132 -8.78895e-07 0 0 0
1776 5074 -0.217314 0.405357 -0.887953 -0.00618079 -4.45791e-07 0 0 0
4859 1094 0.420193 0.56547 -0.709705 -0.0436344 -3.63438e-06 -1 0 0
4387 4859 0.52865 0.328212 -0.78282 -0.0325019 -2.20442e-06 0 0 0
2109 130 0.680085 -0.681772 -0.269575 -0.00131115 -1.17223e-07 0 0 0
1323 1840 0.659345 0.689708 0.299277 -0.00213059 -1.42326e-07 0 0 0
4471 1424 0.857873 -0.163322 -0.487217 -0.021371 -1.34719e-06 0 0 -1
3558 4939 0.731812 -0.574987 -0.365843 -0.00250978 -2.04271e-07 0 0 0
2016 3910 0.435507 -0.525945 0.730558 -0.0277914 -1.54578e-06 0 0 0
2437 2290 0.456918 -0.485731 0.745179 -0.0090672 -7.76981e-07 0 0 0
1432 3910 0.539837 0.539839 -0.645871 -0.00454709 -4.2193e-07 0 0 0
1432 4495 0.0718255 0.771711 0.631904 -0.0223427 -1.71506e-06 0 0 0
3356 1879 0.859716 0.00865859 0.510699 -0.0126759 -9.85048e-07 0 0 0
2038 4234 0.206891 0.0506531 -0.977052 -0.0377446 -2.54016e-06 1 0 0
677 1131 0.00515415 -0.109812 -0.993939 -0.0382982 -2.59443e-06 0 0 0
652 3809 0.849562 0.187988 -0.492853 -0.017616 -1.39097e-06 1 0 0
3356 2643 0.345156 -0.895222 -0.281861 -0.0157256 -1.31611e-06 0 0 0
4137 4391 0.429661 -0.581052 -0.691209 -0.0210473 -1.44444e-06 0 0 0
2167 711 0.579446 -0.50357 0.640827 -0.0184019 -1.58075e-06 0 0 0
396 3262 0.273835 0.554183 -0.786064 -0.0103333 -7.97654e-07 0 0 0
470 3127 0.10599 0.153306 0.982478 -0.00396181 -3.50537e-07 0 0 0
3259 2080 0.896876 0.301354 0.323725 -0.00491387 -3.63004e-07 0 0 0
4449 400 0.52847 0.474494 0.703971 -0.00912888 -6.58397e-07 0 0 0
3499 2169 0.203654 -0.767068 -0.608384 -0.00273403 -1.82177e-07 0 0 0
270 4231 0.904883 -0.373879 0.203473 -0.0017101 -1.366e-07 0 0 0
3438 3551 0.964072 0.0079059 -0.265525 -0.0167877 -1.29104e-06 0 0 0
2167 2485 0.267145 -0.772967 -0.575462 -0.0153003 -1.04637e-06 0 0 0
3776 2702 0.961562 -0.268829 -0.0559389 -0.00316056 -2.76953e-07 0 0 0
923 3929 0.855803 0.361543 -0.369983 -0.0047779 -3.74826e-07 0 0 0
3859 4965 0.710567 0.486676 -0.508175 -0.0053089 -4.76331e-07 0 0 -1
1911 4891 0.674315 -0.738205 -0.0187907 -0.00620069 -4.49461e-07 0 0 0
3434 5356 -0.26453 -0.212313 -0.940716 -0.0256541 -1.7914e-06 -1 0 0
3170 5447 0.809118 0.530377 0.253039 -0.000492568 -3.36096e-08 0 0 0
228 1214 0.906946 -0.196283 0.372723 -0.00491082 -3.93449e-07 0 0 0
4165 5092 0.849625 -0.377501 0.36828 -0.0107257 -8.02674e-07 0 -1 0
2394 5427 -0.255161 0.321039 -0.912045 -0.005122 -3.35915e-07 0 0 0
1776 2333 0.585203 -0.621023 -0.521409 -0.00883648 -6.19931e-07 0 0 0
2345 389 0.377869 0.628817 0.679561 -0.00112341 -9.32942e-08 0 0 0
5231 4685 0.375034 -0.827486 -0.417872 -0.00563277 -5.01391e-07 0 0 0
4719 5268 -0.141897 0.887405 -0.438608 -0.0155089 -9.91474e-07 0 0 0
2929 638 0.720808 0.669835 -0.178206 -0.00697308 -6.05794e-07 0 0 0
431 1942 0.445893 -0.785428 -0.429282 -0.0227004 -1.77852e-06 0 0 -1
431 1751 0.282356 0.540486 0.792559 -0.0208866 -1.7855e-06 0 0 0
1518 2823 0.0998218 0.100958 -0.98987 -0.00220131 -1.35975e-07 0 0 0
3910 4938 0.596908 -0.749157 -0.287168 -0.012323 -9.47609e-07 0 0 0
470 1224 0.661039 -0.612033 0.434101 -0.00204937 -1.39143e-07 0 0 0
3313 1601 0.848307 0.181214 0.497531 -0.00182677 -1.45856e-07 0 0 0
1255 2205 0.805197 0.467665 -0.364619 -0.00882651 -7.45045e-07 0 0 0
1255 354 0.751695 -0.573786 -0.325152 -0.0141716 -1.0521e-06 0 0 0
3743 1097 0.572904 0.667398 -0.475774 -0.0122569 -9.24861e-07 0 0 0
3748 3509 0.487248 -0.200148 -0.850018 -0.00453814 -3.37373e-07 0 0 0
2831 2921 0.729237 0.397244 0.557145 -0.00853757 -5.09615e-07 0 0 0
2831 2911 -0.301416 0.346087 -0.888466 -0.0369552 -3.20982e-06 0 0 0
3391 5201 0.133908 -0.96 0.245904 -0.0020165 -1.84499e-07 -1 0 0
3910 2482 0.793264 -0.257397 0.551796 -0.0268975 -1.62785e-06 0 0 0
3713 2091 0.626475 -0.767996 0.133086 -0.00378904 -3.69721e-07 0 0 0
2831 2774 0.0432428 -0.490722 0.870242 -0.0350541 -2.93616e-06 0 0 0
5012 3176 0.90416 0.426805 -0.0182211 -0.00870521 -5.90639e-07 0 0 0
535 385 0.656134 -0.00695268 0.754612 -0.00159431 -9.51031e-08 0 0 1
5012 4967 -0.0646856 -0.550623 0.832244 -0.0158217 -1.42187e-06 0 0 0
770 3313 0.0646317 -0.550538 -0.832305 -0.00548876 -4.22175e-07 0 0 0
5294 3926 0.38521 -0.492629 -0.78034 -0.0106118 -7.73438e-07 0 0 0
1250 537 0.460658 -0.155472 0.873855 -0.00228098 -1.77416e-07 1 0 0
2769 4015 0.638042 -0.483578 0.599212 -0.01319 -9.76722e-07 0 0 0
4535 2433 0.41929 0.179689 -0.889892 -0.01751 -1.27666e-06 0 0 0
3388 1284 0.452847 -0.887241 -0.0879385 -0.000133285 -1.06726e-08 0 0 0
701 4730 0.520322 0.0493883 0.852541 -0.0125498 -9.953e-07 0 0 0
3676 2354 0.505133 0.0886112 -0.85848 -0.0248205 -1.6484e-06 -1 0 0
701 4713 0.598452 -0.201512 -0.775402 -0.00877707 -6.62206e-07 0 0 0
5181 399 0.0718799 0.958015 0.277562 -0.0282899 -2.34189e-06 0 0 0
3685 4908 0.374777 0.912084 -0.166265 -0.00264897 -2.11729e-07 0 0 0
595 2682 0.8237 -0.525568 0.212831 -0.00266787 -2.10335e-07 0 0 0
3958 2716 0.0600387 -0.224502 0.972622 -0.00859614 -6.43479e-07 0 0 0
1158 3691 0.00482583 0.450839 0.892592 -0.00527796 -3.66492e-07 0 0 0
1521 2995 0.603981 -0.281169 -0.745755 -0.00351048 -2.25346e-07 0 0 0
4680 412 0.436798 -0.563694 -0.701039 -0.0047599 -4.36294e-07 0 0 0
483 2523 0.101135 0.885445 -0.453606 -0.00746119 -5.03704e-07 0 0 0
1105 1452 0.625589 -0.175718 0.760106 -0.00595892 -4.14976e-07 0 0 0
1783 3189 0.226293 0.821664 0.523125 -0.0174553 -1.43121e-06 0 0 0
3667 4109 0.665342 -0.0540877 -0.744577 -0.032262 -2.49118e-06 0 0 0
2437 4719 0.179053 0.655752 0.733436 -0.022173 -1.48486e-06 0 0 0
3274 854 0.242768 -0.341168 0.908112 -0.0150449 -1.34012e-06 0 0 0
2038 3114 0.755673 0.223736 0.615549 -0.0428691 -2.69478e-06 1 0 0
4859 1318 0.424347 -0.819094 0.386025 -0.00977458 -7.15799e-07 0 0 0
1091 385 0.644613 -0.0288793 -0.763963 -0.0196526 -1.37131e-06 0 0 0
3824 2929 0.493736 0.453815 0.741806 -0.00128491 -9.25078e-08 1 0 0
4729 1713 0.33096 -0.905787 0.264603 -0.00191178 -1.76493e-07 0 0 0
178 3843 0.367889 -0.787764 -0.494049 -0.0233546 -1.76631e-06 0 0 0
4526 4720 0.58658 0.776713 0.229434 -0.00456196 -3.56244e-07 1 0 0
1802 2250 0.527892 -0.116111 0.841337 -0.0102726 -6.93327e-07 0 0 0
3831 3954 0.455492 -0.123729 -0.881599 -0.0176715 -1.53358e-06 0 0 0
3441 3119 -0.207549 0.369831 -0.905621 -0.0162516 -9.29687e-07 0 0 -1
1888 775 0.0449863 -0.52504 -0.849888 -0.0100915 -7.20817e-07 0 0 0
3324 4045 0.799154 -0.262092 -0.540981 -0.000993139 -6.59663e-08 0 0 0
2088 4729 0.460345 -0.461916 -0.7581 -0.0209935 -1.76369e-06 0 0 0
2088 474 0.295437 0.83517 0.463905 -0.0183669 -1.1784e-06 0 0 0
3641 4677 0.677893 -0.510174 -0.529324 -0.0030821 -2.10606e-07 1 0 0
4518 1297 0.512287 -0.76825 -0.383868 -0.000627658 -4.47535e-08 0 0 0
3891 465 0.542022 0.260442 0.798988 -0.0108097 -7.52983e-07 0 0 0
2088 302 -0.158249 -0.719029 0.676723 -0.0226492 -1.9326e-06 0 0 0
2633 1542 0.947599 -0.310558 -0.0748942 -0.0130754 -8.50612e-07 0 0 0
2296 4233 0.147355 0.466383 -0.872223 -0.0028158 -2.14861e-07 0 0 0
1874 3705 0.877923 0.119484 0.463654 -0.00561303 -3.45383e-07 0 0 0
4149 1852 -0.00856046 -0.489884 -0.871746 -0.00787647 -6.39456e-07 0 0 0
2025 4332 0.324764 0.732062 0.598843 -0.0118786 -1.01731e-06 0 0 0
4149 4787 0.672613 0.538291 0.507774 -0.00147371 -1.00282e-07 0 0 0
2025 4051 -0.192372 -0.978825 -0.069957 -0.0157064 -1.51945e-06 0 0 0
3615 4192 -0.107679 0.900547 0.421212 -0.0206861 -1.77529e-06 0 0 0
2657 1500 -0.411596 0.0157744 -0.91123 -0.00948733 -7.21202e-07 0 0 0
2664 5382 0.938787 -0.335782 0.0769988 -0.00690146 -4.66179e-07 0 0 0
489 4670 0.774549 -0.24674 -0.582403 -0.0246596 -2.0191e-06 0 0 0
2841 2449 0.706964 -0.222349 -0.671389 -0.00859844 -5.78065e-07 0 0 0
474 5156 0.232438 -0.303573 0.924022 -0.00959909 -8.38046e-07 0 0 0
4158 344 0.737139 0.187554 0.649191 -0.00758595 -7.01937e-07 0 0 0
1706 2541 0.757828 0.615212 0.21728 -0.0089203 -7.59381e-07 0 0 0
1120 2500 0.474007 -0.581501 -0.661191 -0.00826398 -6.65659e-07 0 0 0
1888 4138 0.47029 0.506346 0.722801 -0.0132502 -1.08106e-06 0 0 0
3933 622 0.037744 0.862183 -0.505188 -0.0126841 -1.19496e-06 0 0 0
3933 3449 0.335258 -0.821699 0.460883 -0.00199208 -1.45411e-07 0 0 0
725 5358 0.693133 0.547209 -0.469179 -0.00177975 -1.23053e-07 0 0 0
2077 1706 0.0785015 -0.487673 -0.86949 -0.00590277 -4.78245e-07 1 0 0
295 3037 0.192 -0.713549 -0.673784 -0.00367632 -2.66609e-07 0 0 0
1394 931 0.807821 0.493771 -0.321894 -0.016119 -1.28925e-06 0 0 0
5195 3462 0.633451 0.301961 0.712432 -0.0126531 -1.16172e-06 0 0 0
5195 3356 0.173752 -0.782177 0.598339 -0.0195465 -1.61104e-06 0 0 0
4165 4390 0.19179 0.210561 0.958583 -0.0353176 -2.70728e-06 0 0 0
5183 1790 0.748039 0.415267 0.517678 -0.00725147 -5.19348e-07 1 0 0
2238 5070 0.407667 0.121301 -0.905038 -0.0272612 -2.17663e-06 0 0 -1
2889 3150 0.957099 0.208732 -0.200979 -0.0183458 -1.41668e-06 0 0 0
4764 354 0.946193 0.11173 0.303702 -0.000305002 -2.02508e-08 0 0 0
5349 1728 0.713988 -0.324629 0.620352 -0.0127467 -1.2295e-06 1 0 0
788 2011 0.0859569 0.965146 0.247193 -0.00265398 -2.11392e-07 0 0 0
465 677 0.573981 -0.220824 -0.788532 -0.0139716 -9.88172e-07 0 0 0
4238 1924 0.586722 0.494092 0.641584 -0.0116512 -9.06097e-07 0 0 0
3924 7 0.427338 -0.815116 0.391111 -0.0232467 -1.52172e-06 0 0 0
4670 1178 0.415625 0.281746 0.864798 -0.00291192 -2.34117e-07 0 0 0
3406 370 0.729508 0.334454 -0.596623 -0.0208701 -1.39491e-06 0 0 0
490 421 0.144322 0.770046 0.621451 -0.00907799 -8.32444e-07 0 0 0
2043 2148 -0.0560014 -0.635352 -0.77019 -0.00799877 -4.99076e-07 0 0 0
854 3568 -0.141115 -0.517145 -0.844185 -0.000253943 -2.09209e-08 0 0 0
1678 417 0.561567 -0.793655 0.233997 -0.000153645 -1.25923e-08 0 0 0
1873 885 0.473228 0.81022 -0.34583 -0.00898255 -6.40282e-07 0 0 0
854 1977 0.764251 -0.484372 0.4258 -0.0152038 -1.34818e-06 0 0 0
4257 3591 0.853316 -0.289873 -0.433388 -0.0105606 -8.80313e-07 0 0 0
2604 1773 0.403066 0.857585 -0.319508 -0.000918718 -7.02837e-08 0 0 0
3893 389 0.257277 0.92278 -0.286855 -0.00642906 -4.9909e-07 0 0 0
5088 666 0.648365 0.129043 -0.750314 -0.00927108 -7.69771e-07 0 0 0
2608 4233 0.63187 -0.398332 -0.664885 -0.014425 -1.08356e-06 0 0 0
3437 1990 0.909554 0.396968 0.122997 -0.0200032 -1.37637e-06 0 0 0
728 117 0.529688 -0.44901 0.719597 -0.0260352 -2.09018e-06 0 0 0
164 3384 0.221944 -0.841518 0.492533 -0.0160055 -1.18075e-06 0 0 0
1996 4047 0.122394 0.0351907 -0.991858 -0.0146 -1.1241e-06 0 0 0
3878 2427 0.290447 0.45535 0.841604 -0.0176284 -1.26873e-06 0 0 0
3645 677 0.533076 0.84484 -0.0455568 -0.00922344 -7.64272e-07 0 1 0
3246 4100 0.107238 -0.883644 0.455712 -0.0083778 -6.54933e-07 0 0 0
1250 2413 0.480741 0.461264 -0.745737 -0.00705918 -5.63594e-07 1 0 0
333 3123 -0.0503583 0.195918 0.979326 -0.0422579 -3.3837e-06 0 0 0
335 1502 0.773865 0.523103 -0.357066 -0.0124691 -1.04974e-06 1 0 0
2613 5294 0.262134 -0.456477 0.850244 -0.0111115 -9.12964e-07 0 0 0
1394 3488 0.162573 -0.468338 0.868464 -0.00903468 -7.53109e-07 0 0 1
4066 3478 0.956794 -0.105673 -0.270884 -0.00173202 -1.49023e-07 1 0 0
2230 2920 0.703125 0.428388 0.567537 -0.00170407 -1.32987e-07 0 0 0
4416 865 0.440488 0.880834 0.173497 -0.000596709 -5.26303e-08 0 0 0
2738 4450 0.720523 -0.383221 0.577917 -0.0314388 -2.23796e-06 0 0 0
2868 3254 0.435657 0.306821 0.846206 -0.011352 -8.72415e-07 0 0 0
2109 157 0.525496 0.0581033 0.84881 -0.0334567 -2.66642e-06 0 0 0
901 3295 0.364719 -0.590895 -0.719599 -0.00075079 -5.71613e-08 0 0 0
3881 3195 0.126099 0.802195 0.583595 -0.0110291 -9.06174e-07 1 0 0
2032 5243 0.729227 0.609036 0.311934 -0.00178619 -1.53283e-07 0 0 0
5278 5344 0.940079 0.332875 0.0737946 -5.3034e-05 -4.01271e-09 0 0 0
2030 4352 0.159428 -0.850639 0.500995 -0.0309566 -2.8073e-06 0 0 0
3873 1548 0.245991 0.772816 -0.585017 -0.00250814 -1.76281e-07 0 0 0
3195 2268 0.67511 0.608919 0.416466 -0.00963579 -8.5083e-07 0 0 0
343 728 0.955033 0.175783 -0.238773 -0.00124724 -1.12541e-07 1 0 0
2877 2091 -0.216006 0.176589 -0.960291 -0.000871014 -8.01395e-08 0 1 0
3873 4591 0.12464 -0.8082 -0.575567 -0.0150367 -1.19845e-06 0 0 0
3873 2368 0.0363569 0.492797 0.869385 -0.0227529 -1.69971e-06 0 0 0
5183 1040 0.259153 -0.0569829 -0.964154 -0.0154304 -1.04045e-06 0 0 0
4944 1323 0.239408 -0.877739 0.41504 -0.00414739 -2.51728e-07 0 0 0
5452 3356 0.258464 -0.337931 -0.904986 -0.012172 -9.0665e-07 0 0 0
3954 666 0.859433 -0.365217 0.357759 -0.0028872 -2.64196e-07 0 0 0
1458 1585 0.816448 -0.505882 -0.27838 -0.0116803 -8.78137e-07 0 0 0
1141 563 -0.25617 0.545158 -0.798235 -0.0159881 -1.20856e-06 0 0 0
2303 905 0.572928 0.691793 0.439518 -0.00298563 -2.22226e-07 0 0 0
781 922 0.832216 -0.296053 0.468796 -0.00287425 -2.38635e-07 0 0 0
1458 1862 0.215847 0.517639 0.827925 -0.0145576 -1.15317e-06 0 0 0
1355 2540 -0.943778 -0.183327 0.27509 -0.00371807 -2.47762e-07 0 0 0
1458 1521 0.140079 -0.164407 -0.976395 -0.0350902 -2.72858e-06 0 0 0
5347 5285 0.428021 -0.550578 0.716702 -0.000141555 -8.84444e-09 0 0 0
2127 458 0.208825 -0.825569 0.524241 -0.000386262 -3.2611e-08 0 0 0
4168 2982 -0.0680499 0.436554 0.897101 -0.00604255 -4.77662e-07 0 0 0
3846 470 0.28211 0.952941 -0.110979 -0.00384837 -2.52299e-07 0 0 0
302 1469 0.123148 0.923203 0.364049 -0.00684864 -5.25737e-07 0 0 0
3170 2346 0.522435 -0.308346 0.794974 -0.00177559 -1.56368e-07 0 0 0
5485 3636 0.691699 0.0184217 -0.721951 -0.00385933 -2.72992e-07 0 0 0
855 1167 0.587689 0.808385 0.033698 -0.00890525 -7.06264e-07 0 0 0
2275 1746 0.563777 -0.0801197 0.822032 -0.0228575 -1.68408e-06 0 0 0
2275 302 0.191324 0.574514 -0.795819 -0.0243159 -1.98392e-06 0 0 0
2437 4491 0.593735 -0.597971 -0.538433 -0.0141196 -1.06732e-06 0 0 0
4618 2150 0.898316 0.392798 -0.196818 -0.0195796 -1.4163e-06 1 0 0
996 1903 -0.0767384 0.453461 -0.887966 -0.00829412 -5.95981e-07 0 0 0
143 1954 0.755932 -0.460094 0.465704 -0.0207959 -1.48432e-06 0 0 0
3450 4407 0.411068 -0.336289 -0.847309 -0.00462975 -3.91649e-07 0 0 -1
3389 711 0.607606 -0.684328 -0.403126 -0.000635482 -5.07135e-08 0 0 0
4684 1837 0.746959 0.417048 0.517806 -0.0235874 -1.84799e-06 0 0 0
5214 3614 0.747265 -0.194829 -0.635325 -0.00763134 -5.23837e-07 0 0 0
300 2385 0.802388 -0.335404 0.493637 -0.00159017 -1.42327e-07 1 0 0
4015 4422 0.0582949 -0.789834 0.610543 -0.0224622 -1.69371e-06 0 0 0
4685 855 0.579792 0.42418 0.695638 -0.0121266 -1.01821e-06 0 0 0
1332 2018 0.47796 -0.107458 0.871784 -0.0354468 -3.25582e-06 0 0 0
3176 2245 -0.110047 -0.946391 -0.303701 -0.0123682 -1.18237e-06 0 0 0
4987 3172 0.952745 0.0666573 0.296369 -0.00744056 -6.85827e-07 1 0 0
622 546 0.531588 0.844905 0.0595848 -0.00718445 -5.5893e-07 0 1 0
1332 573 0.167694 0.11038 -0.97964 -0.0275648 -2.28747e-06 0 0 0
1332 5012 0.2161 -0.776558 -0.591827 -0.00502709 -3.27919e-07 0 0 0
3992 2403 0.46447 0.337035 0.818947 -0.00617754 -4.7982e-07 0 0 0
1258 4059 0.835351 0.515547 0.190785 -0.00727412 -6.92462e-07 0 0 0
1524 1158 0.239718 0.871551 0.427708 -0.00115801 -1.0343e-07 0 0 0
3379 2368 0.538111 0.243871 -0.806823 -0.0015789 -1.21936e-07 0 0 0
609 2511 0.222043 -0.258039 0.940273 -0.0206599 -1.26866e-06 0 0 0
881 3050 0.295451 0.303517 -0.905862 -0.00567948 -4.26076e-07 0 0 0
3566 1510 0.90251 0.20902 -0.376545 -0.00191941 -1.68465e-07 1 0 0
1300 4175 0.43043 0.898313 -0.0881107 -0.00934014 -7.26755e-07 0 0 0
2472 3338 0.249902 0.775842 -0.579326 -0.0135401 -1.00774e-06 0 0 0
1809 4903 0.233551 0.0947104 0.967721 -0.00377495 -3.11986e-07 0 0 0
740 239 0.404436 0.376008 -0.833696 -0.00328347 -2.9725e-07 0 0 0
3258 834 0.700952 0.326087 -0.634297 -0.000746769 -5.75694e-08 0 0 0
3405 2339 0.737344 -0.571264 -0.360529 -0.00695167 -4.59935e-07 0 0 0
2128 2053 0.588497 0.307835 -0.747602 -0.0112385 -8.62299e-07 0 0 0
1105 3173 0.210291 -0.933988 0.288867 -0.00364256 -3.03565e-07 0 0 0
2038 2541 0.591151 -0.681307 0.431695 -0.0208459 -1.48105e-06 1 0 0
2522 931 0.749411 0.0168321 0.661891 -0.00968558 -8.12655e-07 0 0 0
2529 5004 0.524436 0.235878 -0.818125 -0.00518176 -4.57302e-07 0 0 0
3273 165 0.438783 -0.228709 -0.869 -0.00277753 -1.82833e-07 0 0 0
2979 4026 0.236809 -0.547882 -0.802338 -0.00582345 -4.6741e-07 0 0 0
2155 1627 0.0759724 -0.9958 -0.051097 -0.00557019 -4.42272e-07 0 0 0
2322 3583 0.477762 0.134096 0.868194 -0.0292405 -2.50367e-06 0 1 0
3809 3693 0.357476 -0.0300254 0.93344 -0.0396237 -2.86223e-06 0 0 0
2016 71 0.427678 0.895262 -0.124893 -0.0138821 -1.14572e-06 0 0 0
3906 4079 0.521573 0.682855 0.511537 -0.00142945 -1.14267e-07 0 1 0
2322 1718 0.268605 0.724772 -0.634474 -0.019959 -1.58683e-06 0 1 0
1038 4474 0.455428 -0.20366 -0.866665 -0.0192097 -1.54333e-06 0 0 0
4158 2659 0.036506 -0.770103 -0.636874 -0.0431419 -2.5687e-06 0 0 0
1038 5195 -0.0422796 0.0303108 0.998646 -0.0261466 -2.14421e-06 0 0 0
4284 5062 -0.0538261 -0.249864 -0.966784 -0.0138383 -1.03715e-06 0 0 0
4158 2766 0.452501 0.82333 -0.342593 -0.0207439 -1.76317e-06 0 0 0
1038 2472 -0.054386 0.921924 -0.383534 -0.0144446 -1.1039e-06 0 0 0
5115 4026 0.820273 0.416309 -0.392224 -0.00678504 -4.91034e-07 0 0 0
5115 78 0.249496 -0.887547 0.387313 -0.00873535 -6.80368e-07 0 0 0
4005 3421 0.340627 0.75448 -0.561011 -0.00632287 -4.68593e-07 0 0 0
5115 1754 0.0871155 0.320151 0.943353 -0.00916553 -6.70179e-07 0 0 0
1706 3835 0.841668 -0.410234 -0.351145 -0.0229186 -2.01844e-06 0 0 0
3568 5079 0.0125874 -0.622391 -0.782605 -0.00984302 -7.18656e-07 0 0 0
87 2995 0.8474 -0.493443 0.19603 -0.00324489 -1.9783e-07 0 0 0
344 119 0.29054 0.955679 0.0475861 -0.00659105 -6.09343e-07 0 0 0
3925 2893 0.190446 0.312788 -0.930534 -0.00170496 -1.28141e-07 0 0 0
595 502 -0.0145992 0.917479 -0.397517 -0.0166597 -1.2683e-06 0 0 -1
1888 3340 0.646439 -0.619449 0.445421 -0.0150756 -9.16068e-07 0 0 0
4005 4297 0.183659 -0.286702 0.940251 -0.00420345 -3.05035e-07 0 0 0
4005 458 0.313944 -0.461997 -0.829456 -0.00674869 -5.31674e-07 0 0 0
2776 728 0.488239 -0.687632 0.537387 -0.0213598 -1.85484e-06 0 0 0
617 1792 0.981485 -0.168802 -0.0905109 -0.011584 -7.67032e-07 0 0 0
617 573 0.113435 0.732933 0.670777 -0.00933304 -7.29891e-07 0 0 1
617 3667 0.14299 -0.970349 0.194875 -0.0165747 -1.12164e-06 0 0 0
795 871 -0.135735 -0.860376 0.491253 -0.00497177 -3.16969e-07 0 -1 0
5211 2486 0.411131 -0.494662 -0.76569 -0.0043241 -2.90892e-07 0 0 0
5005 3447 -0.28745 -0.209563 -0.934589 -0.0201315 -1.60377e-06 0 0 0
2944 1943 0.0184177 0.516169 -0.856289 -0.0115492 -9.25868e-07 0 0 0
795 2349 0.825699 0.560786 0.0611494 -0.00348095 -2.27897e-07 0 0 0
4411 4331 0.79017 -0.44879 0.417394 -0.00696026 -5.54499e-07 1 0 0
871 3405 0.252009 0.140805 0.957426 -0.00766444 -4.96502e-07 0 0 0
2271 2649 0.644526 -0.116946 0.755585 -0.00269208 -1.77957e-07 0 0 0
4409 5409 -0.984442 0.0774064 -0.157742 -0.0100389 -7.94001e-07 0 0 0
1714 2059 0.719602 0.3043 -0.624159 -0.0222877 -1.66464e-06 0 0 0
1714 1718 0.318616 -0.717301 0.619647 -0.0222278 -1.73023e-06 0 0 0
2461 432 0.60511 0.52534 0.598214 -0.0120875 -8.89678e-07 0 0 0
3693 3846 0.31754 0.631986 0.706939 -0.0354434 -2.13039e-06 0 0 0
3693 2063 0.369265 -0.779821 0.505492 -0.00409595 -2.81322e-07 0 0 0
1223 2643 0.299039 0.871237 -0.389257 -0.0179167 -1.19648e-06 0 0 0
1223 431 -0.0991092 -0.489802 0.866182 -0.0144208 -1.25567e-06 0 0 1
4475 4943 0.289378 -0.58078 0.760891 -0.0217905 -1.50993e-06 0 0 0
2210 770 0.500135 -0.459507 0.733974 -0.00599583 -4.71592e-07 1 0 0
2150 3064 0.883672 -0.233745 -0.405569 -0.00860583 -8.13415e-07 0 0 0
1150 3414 0.0421754 0.715597 0.697239 -0.00266111 -2.06213e-07 0 0 0
5353 2653 0.36777 -0.314739 0.875034 -0.026869 -1.96258e-06 0 0 1
424 4055 0.859562 0.0379853 -0.509617 -0.00078485 -6.519e-08 0 0 0
788 2025 0.367069 0.62223 -0.69144 -0.00827908 -6.71012e-07 0 0 -1
2167 304 0.879439 0.398774 -0.259936 -0.000218301 -1.55658e-08 0 0 0
2847 5400 0.629192 0.740432 0.236383 -0.00660096 -4.68774e-07 0 0 0
2806 2479 0.0297885 0.776519 0.629389 -0.00861911 -6.71914e-07 0 0 0
390 5271 0.752144 -0.583929 -0.305461 -0.0122261 -9.228e-07 0 0 0
4501 2218 0.932816 0.33214 -0.139775 -0.00199186 -1.43925e-07 0 0 0
1721 2159 0.715871 -0.639555 0.280174 -0.00561002 -5.31117e-07 0 0 0
1290 1092 -0.148968 -0.274348 -0.950022 -0.00283963 -2.27639e-07 0 0 0
5439 2571 0.391406 0.0971088 0.91508 -0.00011083 -8.88864e-09 0 0 0
2127 3421 0.229907 0.392731 0.890452 -0.0161232 -1.28133e-06 0 0 0
609 3050 0.249975 0.963672 0.0940647 -0.0137759 -1.12429e-06 0 0 0
1840 3488 0.125391 0.164373 -0.978396 -0.0186122 -1.28458e-06 0 0 0
3614 3745 0.449415 0.665237 0.596226 -0.0067164 -5.21198e-07 0 0 0
1996 335 0.978552 -0.0542597 0.198726 -0.00688713 -5.24269e-07 0 0 0
2641 5483 0.4399 -0.721743 -0.534392 -0.00555302 -4.05744e-07 0 0 0
3456 4566 0.237411 0.74574 -0.622501 -0.000674655 -5.53918e-08 0 0 0
3095 4815 -0.0450864 -0.396171 0.917069 -0.00321612 -2.81372e-07 0 0 1
881 4662 0.462136 -0.189765 0.866267 -0.00618193 -4.69114e-07 0 0 1
952 4071 -0.181383 0.571786 -0.800101 -0.0159082 -1.25487e-06 0 0 0
1356 4231 -0.00276782 -0.856205 0.516628 -0.0186806 -1.35394e-06 0 0 0
2900 1133 0.579706 -0.475613 0.661614 -0.0105788 -8.53911e-07 0 0 0
1142 379 0.676459 0.631338 0.379231 -0.0111567 -8.37935e-07 0 0 0
1142 5268 0.118734 -0.950141 -0.288331 -0.0183242 -1.27547e-06 0 0 0
381 4146 0.83656 -0.237573 -0.493687 -0.0020809 -1.71315e-07 0 0 0
3483 1776 0.41162 0.476067 -0.777129 -0.00596493 -3.90208e-07 0 0 0
2354 2691 0.391432 -0.779042 -0.489771 -0.0241412 -1.68521e-06 1 0 0
5428 489 0.433209 -0.867084 0.245958 -0.00577091 -4.85786e-07 0 0 0
4685 385 0.593546 -0.794053 -0.13108 -0.00432364 -2.91995e-07 0 0 0
389 4257 0.882157 -0.361763 -0.301542 -0.0107826 -8.81142e-07 0 0 0
2702 5517 0.082018 0.98793 -0.131402 -0.00571355 -4.32907e-07 0 0 0
3437 5238 -0.111532 0.930423 0.349105 -0.0100321 -7.84715e-07 0 0 0
389 1036 0.281109 0.951951 -0.121515 -0.0139305 -1.14074e-06 0 0 0
2199 4579 0.594387 -0.656847 0.463957 -0.00341705 -2.80402e-07 0 0 0
3676 5165 0.387688 -0.0588851 0.919908 -0.0225617 -1.93427e-06 0 0 0
3437 2403 0.691128 -0.120266 -0.712656 -0.0210407 -1.53654e-06 0 0 0
5422 2174 0.671468 -0.740665 -0.0233839 -0.00027142 -2.13972e-08 0 0 0
2345 3048 0.214046 0.0849576 -0.973122 -0.0018963 -1.5372e-07 0 0 0
1806 2256 0.752216 0.075792 -0.654543 -0.00290329 -2.26921e-07 0 0 0
229 2604 0.759899 0.611218 0.221281 -0.0101495 -7.41745e-07 0 0 0
1223 3743 -0.00945506 -0.0190496 -0.999774 -0.01735 -1.37674e-06 0 0 0
3846 1224 0.901112 0.297239 0.315668 -0.0130478 -7.86215e-07 0 0 0
2393 872 0.495159 0.668696 -0.554673 -0.0115193 -6.83445e-07 0 0 0
5079 490 0.304575 0.169691 -0.937251 -0.0157073 -1.29769e-06 0 0 0
5079 1547 0.303062 -0.5188 0.799375 -0.0166142 -1.3094e-06 0 0 0
2393 2900 0.351992 0.835763 0.421429 -0.0235528 -1.8996e-06 0 0 0
1221 2543 0.9024 0.313709 -0.295401 -0.00258575 -2.05728e-07 0 0 0
3949 645 0.683117 0.548032 0.482714 -0.00607507 -4.47446e-07 0 0 0
1480 4733 0.0293365 0.897259 0.440529 -0.0161 -1.26909e-06 0 1 0
3483 3488 0.406385 0.889265 0.209902 -0.0132375 -9.09379e-07 0 0 1
1703 3498 -0.915645 -0.353949 -0.190561 -0.0154501 -9.98513e-07 0 0 0
3276 1565 0.592634 0.516153 -0.618361 -0.0201533 -1.87554e-06 0 0 0
5067 3247 0.651915 0.0307833 -0.757667 -0.00919956 -6.50811e-07 0 0 0
178 5488 -0.0294958 0.942779 -0.332112 -0.00857656 -6.75867e-07 0 0 0
3488 4934 0.78275 0.220446 -0.581984 -0.0128912 -9.87427e-07 0 0 -1
2461 1432 0.386979 0.32679 -0.862239 -0.00811983 -6.49164e-07 0 0 0
4442 3956 0.495914 0.854963 -0.152008 -0.00707449 -5.65702e-07 1 0 0
1829 4107 0.867152 0.0956238 -0.488778 -0.0070461 -4.40104e-07 0 0 0
2586 1532 0.248317 -0.609603 -0.75281 -0.010073 -6.49799e-07 0 0 0
5078 3870 0.605688 -0.390821 0.69311 -0.00430027 -3.56611e-07 0 0 0
5303 2915 0.668685 -0.466185 0.579252 -0.0264729 -2.04881e-06 0 0 0
3566 3264 0.123824 -0.670694 0.731326 -0.00253491 -1.92574e-07 1 0 0
1498 4809 0.45181 -0.786454 -0.421138 -0.00825047 -6.78269e-07 0 0 0
4402 4156 -0.0299748 0.949533 0.312232 -0.00379008 -2.92207e-07 0 0 0
927 2560 0.603949 0.516403 -0.607103 -0.00115914 -1.10156e-07 0 0 0
5231 2994 0.380121 0.904584 -0.192964 -0.00264952 -2.25371e-07 0 0 0
3450 3954 0.286831 0.364946 0.885744 -0.0169541 -1.61402e-06 0 0 0
4930 4939 0.872643 0.0211168 0.487902 -0.00962025 -7.38188e-07 0 0 0
3343 2324 0.532187 -0.27087 -0.802126 -0.0225665 -1.73956e-06 0 0 0
389 2095 0.557016 -0.461795 0.690274 -0.0226435 -1.86456e-06 0 0 0
4156 2494 0.63052 0.761225 -0.151598 -0.0052688 -4.03111e-07 0 0 0
941 2029 0.961118 0.174498 -0.214014 -0.00283008 -2.51149e-07 0 0 0
1223 5371 0.413328 -0.784935 -0.46156 -0.00783251 -6.57822e-07 0 0 0
4156 3667 0.29788 -0.26517 0.917035 -0.0103321 -8.35896e-07 0 0 0
1517 3920 0.439702 0.846163 -0.301115 -0.00659107 -5.14016e-07 1 0 0
4390 4590 0.0206201 0.725494 -0.687919 -0.000412511 -3.58254e-08 0 0 0
4795 1400 0.70677 0.14584 -0.692248 -0.0146316 -1.39383e-06 0 0 0
87 1521 0.292577 -0.238732 0.925962 -0.046075 -3.082e-06 0 0 0
205 2127 0.315269 0.639989 0.700728 -0.00634388 -4.68132e-07 0 0 0
217 3048 -0.119435 -0.834347 -0.538145 -0.00681088 -5.39736e-07 0 0 0
646 4868 0.438013 0.686636 -0.580238 -0.021109 -1.46291e-06 0 1 0
717 3194 0.727244 -0.684341 -0.052845 -0.00322962 -2.18905e-07 0 0 0
4076 3840 0.317901 0.442442 -0.838561 -0.0314191 -2.44875e-06 0 0 0
2030 5236 0.203435 -0.31333 -0.927598 -0.0370393 -3.04831e-06 0 0 0
75 4626 0.331806 -0.576412 -0.746763 -0.00504047 -3.99478e-07 0 0 0
3926 1645 0.00970199 -0.964053 0.265534 -0.00258317 -1.78606e-07 0 0 0
5371 3268 0.513562 0.355607 0.780896 -0.0110005 -8.56979e-07 0 0 1
2586 3545 0.629905 -0.442896 0.638015 -0.00195935 -1.63944e-07 0 0 0
3641 1946 0.686143 0.363004 0.630425 -0.00372436 -2.69901e-07 1 0 0
4949 679 0.461364 0.581502 -0.670074 -0.00240885 -1.89017e-07 0 0 0
3405 1131 0.841281 0.507961 -0.184989 -0.0033797 -2.25341e-07 0 1 0
2126 295 0.993175 0.0603919 0.0997856 -0.00177145 -1.27723e-07 0 0 0
1041 3277 0.398513 -0.388892 0.830633 -0.000798921 -5.8618e-08 0 0 0
2126 1432 0.282535 0.847706 0.448965 -0.0225083 -1.81682e-06 0 0 0
2653 3548 0.624359 -0.472767 0.621826 -0.0218551 -1.74812e-06 0 0 0
5334 4014 0.776209 0.630439 -0.00685173 -0.0116705 -8.89496e-07 0 0 0
3616 3178 -0.109487 -0.276697 0.954699 -0.0388694 -2.92896e-06 0 0 0
3616 131 -0.00188664 0.156 -0.987755 -0.0438685 -2.52798e-06 0 0 0
2071 2127 0.706913 -0.0168122 -0.707101 -0.00123286 -9.76105e-08 0 0 0
3616 546 0.223391 -0.890204 0.39703 -0.0150068 -1.37512e-06 0 0 0
2909 354 0.634865 0.326563 -0.700217 -0.0191966 -1.17313e-06 0 0 0
5334 4685 0.135314 -0.514432 0.846788 -0.0115838 -7.41754e-07 0 0 0
5334 4949 -0.12983 0.985609 0.108259 -0.00403988 -3.16098e-07 0 0 -1
641 3313 0.42327 0.891826 -0.159652 -0.00200475 -1.64012e-07 0 0 0
3254 5372 0.433566 -0.634444 0.639923 -0.0215311 -1.72642e-06 0 0 0
2956 3691 0.701464 0.705665 -0.0999276 -0.0042431 -3.61281e-07 0 0 0
462 765 0.921714 -0.0151251 -0.387575 -0.00521073 -4.80029e-07 0 0 0
4461 5388 0.956019 -0.177471 0.233522 -0.00818533 -6.00984e-07 0 0 0
227 3169 0.271673 0.462161 0.844157 -0.00963355 -7.09012e-07 0 0 0
5208 1036 0.26979 -0.556012 -0.78617 -0.0142025 -1.12799e-06 0 0 0
2237 4193 -0.0114332 -0.0363099 -0.999275 -0.00648568 -4.72731e-07 0 0 0
1229 628 0.262932 0.149065 -0.95323 -0.00118281 -8.77944e-08 0 0 0
2199 4646 0.484564 0.554267 -0.676747 -0.00113517 -9.28544e-08 0 0 0
3900 2533 0.492945 0.77569 -0.394093 -0.00332791 -2.89958e-07 0 0 -1
282 2389 0.63603 0.692926 -0.339588 -0.00381911 -2.51166e-07 0 0 0
2494 3062 0.978662 0.136156 -0.153889 -0.00803624 -6.5188e-07 0 0 0
4997 5017 0.264472 -0.528628 0.806602 -0.0223575 -2.02571e-06 0 0 0
5044 4576 0.993127 -0.0626755 -0.0988495 -0.00913335 -8.187e-07 0 0 0
5056 1452 0.923623 0.25354 -0.287469 -0.00618595 -5.30437e-07 0 0 0
2444 2312 0.269923 -0.821601 -0.502109 -0.0108264 -7.50893e-07 0 0 0
5483 2911 0.803486 -0.591463 -0.0676901 -0.0163827 -1.29601e-06 0 0 0
3338 1350 0.844611 -0.531969 -0.0603503 -0.00510841 -3.90235e-07 0 0 0
4066 4582 0.351798 0.497808 -0.792733 -0.00955692 -5.18426e-07 1 0 0
4066 3114 0.45188 -0.869478 -0.199531 -0.00673824 -4.23011e-07 1 0 0
2999 1285 0.222248 -0.907193 0.357222 -0.000158507 -1.24864e-08 0 0 0
1851 5390 0.776531 0.324796 -0.539914 -0.00095544 -6.47975e-08 1 0 0
2649 4228 0.177761 -0.781308 -0.598296 -0.00804218 -5.62484e-07 0 0 0
3379 2604 0.627042 -0.735823 0.2557 -0.000285451 -1.93261e-08 0 0 0
1783 2633 0.762239 -0.200737 -0.615384 -0.0139947 -8.80804e-07 0 0 0
3247 1349 0.44512 -0.895317 0.016627 -0.00628634 -5.46663e-07 0 0 0
4382 2274 0.28638 -0.957926 0.0190943 -0.000145994 -9.04827e-09 0 0 0
3469 3594 0.252597 0.568497 -0.782947 -0.002748 -1.77313e-07 0 0 0
5238 3508 0.723597 0.681578 0.108893 -0.0139424 -1.09319e-06 0 0 0
1037 2059 0.896406 0.121382 0.42629 -0.00462664 -3.61417e-07 0 0 0
2326 2511 0.536621 -0.206314 -0.818213 -0.0220296 -1.52008e-06 0 0 -1
857 1653 0.482376 -0.354176 -0.80117 -0.0283579 -1.8052e-06 0 0 0
857 922 0.558699 0.649556 0.515686 -0.0196453 -1.3066e-06 0 0 0
1416 4350 0.597149 0.616312 -0.513394 -0.003717 -3.18338e-07 0 0 0
1964 4401 0.355432 -0.928105 -0.11086 -0.000675293 -5.06724e-08 0 0 0
4407 5464 0.581934 -0.0330282 0.812565 -0.00676009 -5.49277e-07 0 0 1
1037 3558 0.0651157 0.0982206 -0.993032 -0.00595898 -4.01427e-07 0 0 0
4495 4670 0.0103615 0.941197 0.3377 -0.0112929 -8.76957e-07 0 0 0
4580 4626 0.0134106 0.521004 0.853449 -0.0166699 -1.43298e-06 0 0 0
4417 1328 0.32376 0.578045 0.749028 -0.00450785 -3.4285e-07 0 0 0
901 115 0.395353 0.381082 0.835747 -0.00433812 -3.28827e-07 0 0 0
4588 1902 0.0618478 0.824646 -0.562258 -0.015793 -1.21236e-06 0 0 0
5197 3563 0.953759 0.22979 -0.193751 -0.00957218 -8.02519e-07 0 0 -1
1722 3614 0.721522 0.677782 -0.14148 -0.00131064 -9.97157e-08 0 0 0
1078 424 -0.079427 -0.828772 0.553921 -0.00342964 -3.02781e-07 0 0 0
3178 917 0.238949 0.864013 0.443153 -0.0192565 -1.53407e-06 0 0 0
3178 4733 0.800117 -0.453081 0.393103 -0.0149515 -1.04947e-06 0 0 0
316 446 0.992454 0.115744 -0.0404683 -2.47466e-05 -2.01349e-09 1 0 0
3275 321 0.351385 -0.828903 0.435256 -0.00164404 -1.02519e-07 0 0 0
2613 2148 0.746426 0.520403 0.414764 -0.000951707 -7.65411e-08 0 0 0
3871 1862 0.415335 -0.189543 -0.889703 -0.0228852 -1.97442e-06 0 0 0
1061 5442 0.88872 -0.399286 0.225271 -0.00145239 -1.18017e-07 0 0 0
3871 2322 0.230273 0.745068 0.625977 -0.0148089 -9.19711e-07 0 0 0
5452 3751 0.78525 -0.0733537 0.614818 -0.00874791 -6.33262e-07 0 0 1
1751 4895 0.365464 0.376843 -0.851132 -0.0087384 -6.57165e-07 0 0 -1
2680 1626 0.512263 -0.284504 0.810336 -0.0127515 -8.05234e-07 0 0 0
3044 19 0.436069 0.623541 0.648877 -0.00341096 -2.56359e-07 0 0 0
5024 565 0.761746 0.206185 0.614191 -0.002662 -1.58225e-07 0 0 0
3422 4437 0.238657 0.786832 0.569156 -0.0200917 -1.71289e-06 1 0 0
3438 120 0.662766 0.725018 0.187323 -0.00539052 -4.92122e-07 0 0 0
4053 1057 0.521477 0.00579088 -0.853246 -0.0212648 -1.73822e-06 0 0 0
4687 377 0.490389 -0.322517 -0.80963 -0.0140522 -1.13341e-06 0 0 0
1807 4433 0.345111 -0.588616 -0.731046 -0.0109332 -7.20642e-07 0 0 0
135 5444 0.60999 -0.533058 -0.586312 -0.018826 -1.65128e-06 0 0 0
4614 2989 0.977459 0.13174 -0.164978 -0.0102161 -8.07359e-07 0 0 0
135 2179 0.0161641 0.240666 0.970474 -0.021489 -1.47822e-06 0 0 0
4822 5213 0.793705 -0.124147 -0.595499 -0.0170416 -1.4588e-06 0 0 0
867 4591 0.720028 0.68181 -0.129207 -0.0139837 -1.11907e-06 0 0 0
4930 3713 0.486183 -0.462268 -0.741576 -0.00567943 -4.77907e-07 0 0 0
1021 3856 0.20244 0.845405 -0.494275 -0.00705326 -4.16221e-07 0 0 0
1040 728 0.261599 -0.495424 -0.828324 -0.025312 -2.10773e-06 1 0 0
903 614 0.237755 0.770791 -0.591061 -0.0117841 -7.13111e-07 0 0 0
153 251 0.875912 0.074337 -0.47671 -0.00223301 -1.79707e-07 0 0 0
4460 4637 0.235521 -0.65979 0.713588 -0.00981845 -6.38016e-07 0 0 0
3479 4664 0.575536 -0.274008 0.770505 -0.00609351 -5.30705e-07 0 0 0
4439 4742 -0.059506 0.212011 -0.975454 -0.0208812 -1.41681e-06 0 0 0
3389 2433 0.29096 0.750789 0.593008 -0.00722585 -5.60714e-07 0 0 0
3960 450 -0.148179 0.436246 -0.887543 -0.010808 -8.82271e-07 0 0 0
3843 5201 -0.0788008 -0.0748945 -0.994073 -0.0242533 -2.24327e-06 -1 0 0
3886 3408 0.230227 0.854329 0.465959 -0.0013896 -1.00997e-07 0 0 0
3426 3879 0.951289 -0.305649 -0.0403436 -0.00158145 -1.09443e-07 0 0 0
907 2831 0.326895 -0.941881 0.0774571 -0.0179443 -1.27934e-06 0 0 0
3432 3669 0.604672 0.796474 -0.0010759 -0.0382244 -3.05548e-06 0 0 0
3432 1452 0.567889 -0.592384 -0.571475 -0.0454014 -2.84808e-06 0 0 0
2218 2059 0.252459 -0.946784 -0.199659 -0.0191839 -1.37774e-06 0 0 0
2999 2959 0.681833 0.707629 0.185378 -0.000650418 -5.34976e-08 0 0 0
1728 1590 -0.12571 -0.68057 -0.721818 -0.0159726 -1.50818e-06 0 0 0
385 1087 0.919441 -0.361682 -0.154319 -0.00115904 -9.14271e-08 0 0 0
1728 3957 0.486365 0.644168 -0.590336 -0.00510925 -3.26641e-07 0 0 0
1728 539 0.468628 0.404908 0.785136 -0.0259552 -2.31557e-06 0 0 0
142 56 0.605884 -0.684109 -0.406077 -0.0144757 -9.30631e-07 0 0 0
5276 3189 0.433112 -0.220433 0.87397 -0.00791312 -6.49477e-07 0 0 0
5276 1361 0.394256 0.890809 0.225878 -0.000529756 -3.67406e-08 0 0 0
1728 207 0.99695 -0.0780164 0.00191781 -0.0112128 -6.33486e-07 0 0 0
4157 3741 0.336988 0.385721 0.85887 -0.00773507 -5.72329e-07 0 0 0
4475 5017 0.299847 0.944178 0.136452 -0.00979931 -8.25135e-07 0 0 0
608 5122 0.223584 -0.803181 0.552186 -0.00215387 -1.79289e-07 0 0 0
2505 1078 0.988187 0.0928247 -0.121947 -0.00994425 -8.71899e-07 0 0 0
4417 3855 0.961351 -0.0683644 -0.266702 -0.00318569 -2.37562e-07 0 0 0
503 5159 0.315846 -0.255186 0.91385 -0.00159228 -1.29516e-07 0 0 0
5181 1557 0.536818 -0.841789 -0.0567283 -0.0105359 -6.40901e-07 0 0 0
5181 2967 0.451135 0.283121 0.846357 -0.0166762 -1.00468e-06 0 0 0
1993 3099 0.520289 -0.585827 0.621374 -0.013017 -1.15231e-06 0 0 0
4416 3330 0.701272 0.222635 -0.677237 -0.010618 -9.03195e-07 0 0 0
4015 2831 0.115046 0.992889 -0.030601 -0.0152068 -1.19865e-06 0 0 0
3004 1842 0.466191 0.156498 0.870732 -0.00503052 -3.99442e-07 0 0 0
2838 810 0.723895 -0.468622 0.506329 -0.015091 -1.20051e-06 0 0 0
343 4866 -0.133566 -0.4926 -0.859945 -0.0117406 -8.52221e-07 0 0 0
5004 646 0.83493 0.332931 0.438233 -0.0125652 -1.09538e-06 0 0 0
2457 3185 0.209592 0.665189 0.716655 -0.0235217 -1.88263e-06 0 0 0
5003 2247 0.758247 0.595391 -0.265653 -0.00712059 -6.09811e-07 0 0 0
2633 4031 0.0998108 -0.922667 -0.372455 -0.00533001 -3.18114e-07 0 0 0
4580 1111 0.861711 -0.218566 -0.457912 -0.0115514 -9.76631e-07 0 0 0
4501 1037 0.170671 -0.664771 -0.72729 -0.00647372 -4.96424e-07 0 0 0
2650 2633 0.868424 -0.303363 0.392186 -0.0187936 -1.13461e-06 0 0 0
1573 370 0.718887 0.609084 0.33499 -0.00597412 -5.24878e-07 0 0 0
3893 4602 0.406187 -0.406529 -0.818381 -0.00246576 -1.46161e-07 0 0 0
3643 445 -0.218281 0.213472 -0.952251 -0.000449695 -3.50298e-08 0 0 0
4101 3259 0.49587 0.645941 0.580408 -0.017783 -1.48859e-06 0 0 0
5055 1523 0.585206 -0.506818 0.632984 -0.000700987 -5.93988e-08 0 0 0
3169 1318 0.834892 0.110143 0.539282 -0.00345597 -2.49321e-07 1 0 0
2243 4462 0.954871 -0.00176345 -0.297017 -0.00420805 -2.84306e-07 0 0 0
18 3900 0.124985 0.316686 -0.94026 -0.00131869 -1.1048e-07 0 0 0
1723 131 0.0342649 -0.995368 0.0898251 -0.00482265 -3.68787e-07 0 0 0
3831 3384 0.47748 0.0828457 0.874728 -0.00687688 -5.81067e-07 0 0 0
55 3987 0.98357 0.178794 0.0249626 -0.0084131 -5.89166e-07 0 0 0
133 5195 0.584275 -0.224523 -0.77988 -0.0117552 -1.01848e-06 0 0 0
5070 4744 0.80557 0.0159271 -0.592286 -0.0291386 -2.42685e-06 0 0 0
171 5517 0.486215 0.458664 0.74379 -0.0251982 -2.13599e-06 0 0 0
4934 1673 0.747853 0.19951 0.633176 -0.0140727 -1.02988e-06 0 0 0
3832 2194 0.65811 0.704399 0.26592 -0.00293766 -2.19848e-07 1 0 0
5378 145 0.476852 0.106669 0.872487 -0.0209662 -1.20963e-06 0 0 0
5378 941 0.54968 -0.673457 -0.494276 -0.00640994 -4.13599e-07 0 0 0
4967 4059 0.386298 -0.482469 -0.786128 -0.0173971 -1.38274e-06 0 0 0
4677 2755 0.222344 0.0700077 -0.972452 -0.00860594 -6.90036e-07 0 0 0
3274 857 0.472045 0.851189 -0.229456 -0.00960002 -8.22902e-07 0 0 0
4438 1852 0.0428101 0.88439 0.464781 -0.00740889 -5.95512e-07 1 0 0
5167 519 0.507368 -0.734352 -0.450893 -0.00908427 -5.6786e-07 0 0 0
3939 2083 0.168953 0.179321 -0.969174 -0.000784171 -6.04443e-08 0 0 0
3886 885 -0.108425 -0.933443 0.341947 -0.00707387 -5.05101e-07 0 0 0
3286 639 0.271371 0.857877 0.436355 -0.0115935 -7.37266e-07 0 0 1
87 2992 0.471427 -0.193326 -0.860454 -0.039177 -3.15067e-06 0 0 0
3079 5333 0.675865 -0.357032 0.644775 -0.0043032 -3.27925e-07 0 0 0
2560 3451 0.734133 0.672885 -0.0909646 -0.00655171 -5.75331e-07 0 0 0
1578 556 -0.0443047 0.86628 0.49759 -0.00736646 -6.25492e-07 0 0 0
3805 1884 0.370406 -0.0484512 0.927605 -0.0177397 -1.11903e-06 0 0 0
4841 2307 0.297746 -0.923907 0.2403 -0.0199007 -1.62307e-06 0 0 0
3212 1807 0.387459 0.706328 -0.592433 -0.01904 -1.52722e-06 0 0 0
701 2793 0.0492764 -0.998197 0.0342685 -0.0044111 -3.35084e-07 0 0 0
4334 5153 0.853375 -0.0850918 0.514305 -0.0157504 -9.69179e-07 0 0 0
2609 5261 0.638706 0.661959 0.392257 -0.00381464 -2.95054e-07 0 0 0
2018 3439 0.590011 0.366474 -0.719433 -0.00167833 -1.40289e-07 0 0 0
2659 917 0.0089335 -0.990402 0.137929 -0.00215422 -1.88533e-07 0 0 0
2011 2025 0.305914 -0.194126 -0.932058 -0.0175497 -1.61274e-06 0 0 -1
503 465 0.42204 0.14724 -0.894541 -0.0138224 -9.49337e-07 0 0 -1
1224 571 -0.193126 -0.592792 -0.781857 -0.000987266 -8.95049e-08 0 0 0
3259 2127 0.497018 -0.741647 0.450481 -0.00560912 -4.29636e-07 0 0 0
4525 5452 0.598708 -0.11875 -0.792116 -0.0100679 -7.21204e-07 0 0 -1
625 3459 -0.396107 0.267282 -0.878442 -0.0143917 -1.19058e-06 0 0 0
3725 1826 0.936235 -0.154356 -0.315655 -0.0373342 -2.10123e-06 0 0 0
3846 5145 0.253699 -0.142835 0.956679 -0.0237874 -1.43696e-06 0 0 0
4565 1048 0.803915 0.59474 -0.00222279 -0.00267779 -1.93424e-07 0 0 0
490 2346 0.387642 -0.726924 -0.566847 -0.0111496 -8.83712e-07 0 0 -1
3725 3338 0.172436 -0.845351 -0.505617 -0.0149429 -1.24263e-06 0 0 0
1843 2838 0.514809 -0.474327 0.714133 -0.0032805 -3.01728e-07 0 0 0
2650 2179 0.0409045 0.679232 -0.732782 -0.00960026 -7.06477e-07 0 0 0
1731 2243 0.343885 0.284656 -0.894826 -0.00188338 -1.77712e-07 0 0 0
239 1840 0.217462 -0.957179 0.191098 -0.00683529 -4.7913e-07 0 0 0
4015 4075 0.895375 -0.445256 -0.00714442 -0.00319416 -2.26634e-07 0 0 0
1746 5049 0.510467 -0.439156 -0.739301 -0.010645 -6.435e-07 0 0 0
165 2017 -0.0715475 -0.718096 0.692256 -0.00386052 -2.49175e-07 1 0 0
2063 5422 0.517499 -0.847022 -0.121443 -0.00252327 -1.86903e-07 0 0 0
4461 1809 0.16932 -0.751403 0.637749 -0.0027664 -2.07553e-07 0 0 0
1946 2776 0.203802 0.717582 0.665989 -0.0087889 -6.92037e-07 0 0 0
1826 4783 0.676222 -0.735323 -0.0449789 -0.000230951 -2.01999e-08 0 0 0
4562 2338 0.582766 0.685269 -0.436795 -0.00692749 -4.67113e-07 0 1 0
2997 2738 0.446166 0.296078 -0.844555 -0.0130593 -1.00252e-06 0 0 0
1716 5264 0.0352226 -0.994489 0.0987458 -0.00980765 -6.45095e-07 0 -1 0
5294 2183 0.956427 0.0817479 -0.280292 -0.00639681 -4.22537e-07 0 0 0
198 502 0.991667 0.0468015 -0.120024 -0.00417275 -2.57246e-07 0 0 -1
2412 3830 0.451326 0.748852 -0.485311 -0.0136862 -8.93126e-07 0 0 0
4232 962 0.505522 0.420288 0.753529 -0.00542414 -4.62661e-07 0 0 0
830 4235 0.310543 0.0737038 -0.947698 -0.00407566 -3.71002e-07 0 0 0
736 4297 0.472406 0.226097 -0.851888 -0.00420348 -2.83581e-07 0 0 0
5158 3474 0.427326 -0.903991 0.0138987 -0.00206277 -1.77984e-07 0 0 0
145 4351 0.506929 -0.481625 -0.714885 -0.00106018 -8.40351e-08 0 0 0
1521 1585 0.615257 -0.302858 0.72783 -0.0191372 -1.56082e-06 0 0 0
4126 3163 0.535501 -0.754209 0.38001 -0.0127647 -9.03502e-07 0 0 0
2252 2275 0.186922 0.891009 0.413719 -0.0144511 -9.84577e-07 0 0 0
5285 1546 0.319929 0.945346 0.0629784 -0.0079006 -5.04881e-07 0 0 0
3140 2168 0.804297 -0.324097 0.498063 -0.00214222 -1.52667e-07 0 0 0
562 3866 0.593377 -0.291498 0.750288 -0.0316341 -1.9305e-06 0 0 0
399 2967 0.431576 -0.600107 0.673509 -0.00353328 -3.04978e-07 0 0 0
3340 3556 0.784359 0.573528 0.236318 -0.00122228 -1.07737e-07 0 0 0
2444 5156 0.591056 0.274103 -0.758631 -0.0163239 -1.31135e-06 0 0 0
923 3447 0.75688 0.154032 0.635143 -0.00661182 -4.98771e-07 0 0 1
3095 4714 0.65246 0.693246 0.306114 -0.0226634 -1.82267e-06 0 0 1
280 2637 0.83823 -0.135487 0.528217 -0.010249 -6.80147e-07 0 0 0
240 1240 0.473374 -0.817403 0.328283 -0.0106896 -7.1255e-07 0 0 0
4676 1588 -0.211637 0.0664107 -0.975089 -0.0148103 -1.13632e-06 0 0 0
5201 1094 0.71764 -0.597639 0.357519 -0.0231513 -1.82208e-06 0 0 0
5081 205 0.228853 -0.0133348 0.97337 -0.0161162 -1.2737e-06 0 0 0
5201 1041 0.853673 0.489962 0.176578 -0.014111 -1.14254e-06 1 0 0
5081 2444 0.359953 -0.669168 -0.650114 -0.0116425 -9.37707e-07 0 0 0
3859 3411 0.125025 -0.980105 0.154153 -0.00448135 -2.52377e-07 0 0 0
2788 3614 0.495397 -0.792901 0.35481 -0.00219545 -1.68134e-07 0 0 0
3914 197 0.966399 0.220919 -0.131407 -0.0175872 -1.02283e-06 0 0 0
2199 3003 0.287779 0.0397196 0.956873 -0.0262467 -1.64922e-06 0 0 0
3321 573 0.815532 0.0140281 0.578541 -0.00875459 -7.17918e-07 0 0 1
5057 4693 0.816709 -0.263706 -0.51327 -0.0113892 -8.77292e-07 1 0 -1
1547 580 0.160343 -0.787584 -0.59498 -0.00231776 -1.50002e-07 0 0 0
1547 69 0.5323 0.509718 0.675902 -0.00812731 -6.79578e-07 0 0 0
638 896 0.553291 -0.398123 0.731688 -0.00319628 -2.55507e-07 -1 0 0
4334 4446 0.480868 0.642167 -0.596982 -0.0287356 -2.51876e-06 0 1 0
1790 286 0.570784 -0.507425 -0.645543 -0.00418306 -3.29595e-07 0 0 0
4501 1714 0.393748 -0.868014 0.302514 -0.00301371 -2.21261e-07 0 0 0
2139 661 0.432249 -0.614703 -0.659773 -0.00295683 -2.38808e-07 0 0 0
1151 5076 0.661362 0.740511 -0.119352 -0.00768697 -6.13444e-07 0 0 0
1705 4994 0.155132 -0.0516359 -0.986543 -0.01111 -7.64446e-07 0 0 0
5205 3254 0.595431 -0.724196 0.347855 -0.00138678 -1.28437e-07 0 0 0
2274 2815 0.849937 0.233156 -0.472488 -0.0143653 -9.64784e-07 0 0 0
5167 4437 0.236447 0.0141826 -0.971541 -0.0112065 -1.00822e-06 0 0 0
2338 4597 0.540553 0.560805 -0.627137 -0.00301808 -2.59778e-07 0 0 0
131 55 0.279269 0.499741 -0.819919 -0.0343032 -2.07833e-06 0 0 0
3735 4008 0.231809 -0.685835 0.689851 -0.00920764 -5.83336e-07 0 0 0
131 4976 0.554059 -0.433847 -0.71049 -0.00339348 -2.40105e-07 0 -1 0
4646 3380 0.0856864 0.494331 0.86504 -0.00730975 -5.67871e-07 0 0 0
4594 3416 0.788187 -0.469722 -0.397647 -0.00243998 -2.18698e-07 0 0 0
25 737 0.00809423 -0.777715 0.628565 -0.00290665 -2.28732e-07 0 0 0
573 882 0.732694 0.550038 0.400772 -0.00199406 -1.47875e-07 0 0 0
2776 2230 0.397141 0.597932 0.696245 -0.00170406 -1.49147e-07 0 0 0
3201 2543 -0.345606 -0.266175 -0.899838 -0.00269575 -2.2999e-07 0 0 0
3545 824 0.572506 0.713429 0.40405 -0.0178853 -1.38757e-06 0 0 0
3406 2494 0.664745 -0.74607 -0.0386466 -0.00346242 -3.04519e-07 0 0 0
3264 2389 0.0945931 -0.298533 0.9497 -0.0112771 -9.56376e-07 0 0 0
3406 617 0.244141 -0.628213 0.738744 -0.0136797 -9.6311e-07 0 0 0
3264 2766 0.45759 -0.115178 -0.881672 -0.00853804 -6.27887e-07 0 0 0
1188 2542 0.441165 -0.77384 -0.454472 -0.016805 -1.20439e-06 0 0 0
3313 3050 0.704147 -0.70998 -0.0102475 -0.00611044 -4.66321e-07 0 0 0
735 2714 0.379309 -0.414113 -0.827427 -0.00300031 -2.30145e-07 0 0 0
4116 1751 0.613905 -0.312317 0.724968 -0.0322595 -2.72559e-06 0 0 0
4116 431 0.36185 -0.929385 -0.072858 -0.00106487 -8.3294e-08 0 0 0
445 3702 0.272004 0.257873 -0.927101 -0.00420589 -2.78718e-07 0 0 0
520 4826 0.833946 -0.154617 -0.529744 -0.00608525 -4.9781e-07 0 0 0
3853 4475 0.365749 0.928473 0.0645386 -0.00136713 -1.0299e-07 0 0 0
5143 3259 -0.0282693 -0.423287 -0.905555 -0.0101018 -6.78465e-07 0 0 0
584 4637 0.173597 -0.653698 -0.736576 -0.000506499 -3.89193e-08 0 0 0
3244 3904 0.191446 0.968302 -0.160434 -0.0116535 -9.10223e-07 0 0 0
1951 5004 0.860671 -0.456802 0.224893 -0.0159077 -1.27104e-06 0 0 0
2252 4684 0.129238 0.218851 -0.967162 -0.0211261 -1.64243e-06 0 0 0
1257 482 0.894574 -0.445447 -0.0362558 -0.0192542 -1.55107e-06 0 0 0
2640 1808 0.824281 0.0114342 0.566065 -0.0172796 -1.30872e-06 0 0 1
1868 173 0.00614616 -0.0578458 -0.998307 -0.0456704 -3.80949e-06 0 0 0
2274 142 0.170575 -0.645826 -0.744186 -0.0229944 -1.43637e-06 0 0 0
3583 4597 0.480804 0.21353 0.850431 -0.00561256 -4.45108e-07 0 0 0
3805 4646 -0.115459 0.771098 0.626161 -0.00974953 -7.9265e-07 0 0 0
1011 3185 0.497031 0.691826 -0.523773 -0.0100341 -7.40775e-07 0 0 0
872 251 -0.096753 -0.597236 -0.796209 -0.00840563 -7.4443e-07 0 0 0
4876 2485 0.679308 0.112614 -0.725161 -0.00647929 -4.49651e-07 0 0 0
5359 1900 0.875596 0.472885 -0.09855 -0.00631482 -4.2358e-07 0 0 0
4094 2303 0.541751 -0.772659 -0.330914 -0.0106672 -8.13061e-07 0 0 0
2506 1012 0.599639 -0.359008 0.715225 -0.0157413 -9.61069e-07 0 0 0
2900 5413 0.00133893 0.820276 -0.571966 -0.00605876 -4.4881e-07 0 0 0
1653 2728 0.411123 0.609614 0.677753 -0.0332333 -2.86036e-06 0 0 0
4918 701 0.455404 -0.592918 -0.66412 -0.00308194 -2.43097e-07 0 -1 0
2980 2659 0.488618 -0.838515 0.241131 -0.000642212 -4.30208e-08 0 0 0
4543 4582 0.238724 -0.788434 0.566906 -0.0122077 -9.21477e-07 1 0 0
4543 2756 0.170191 0.762909 -0.623702 -0.0122552 -9.99267e-07 1 0 0
3466 3262 0.511334 -0.536499 0.671347 -0.0142728 -1.12044e-06 1 0 0
1721 2702 0.635269 0.596268 0.490814 -0.0110882 -9.49508e-07 0 0 0
2043 2742 0.429774 -0.311682 0.847436 -0.0075117 -4.91635e-07 0 0 0
1608 3325 0.360464 0.417556 0.834094 -0.00583237 -4.68991e-07 0 0 0
5213 634 0.129602 0.991561 0.00320047 -0.00284402 -2.2874e-07 0 0 0
2208 3107 0.64139 0.658214 0.394174 -0.0105353 -7.28197e-07 0 0 0
3507 1993 0.457741 -0.24617 0.854326 -0.0193719 -1.59096e-06 0 0 0
2558 4471 0.382933 -0.0433332 0.922759 -0.00956138 -6.58517e-07 0 0 1
3778 1718 0.800865 -0.214615 -0.559067 -0.00654951 -4.76753e-07 0 0 0
4328 782 0.117232 -0.969107 -0.216998 -0.00132337 -1.06898e-07 0 0 0
3713 4446 -0.104695 -0.493358 0.863502 -0.0338471 -3.22971e-06 0 0 0
2055 1746 -0.0408047 -0.908292 -0.416343 -0.00539395 -4.17579e-07 0 0 0
4427 4331 0.728061 0.637725 -0.251463 -0.00534412 -4.10634e-07 0 0 0
2531 838 0.752006 -0.164023 -0.638422 -0.0120431 -9.80331e-07 0 0 0
5453 4936 0.0918539 0.843068 -0.529905 -0.00907254 -7.09409e-07 0 0 0
171 2702 0.394822 -0.406777 0.823801 -0.0132777 -9.72042e-07 0 0 0
578 4165 0.565313 0.745532 0.352993 -0.0243947 -1.96137e-06 0 1 0
5197 1601 -0.0482677 -0.927641 -0.370341 -0.010739 -8.0994e-07 0 0 -1
578 1458 0.527104 -0.752759 0.394354 -0.00353282 -2.81543e-07 0 0 0
4548 5338 -0.0555148 -0.993056 -0.103716 -0.00525919 -4.69405e-07 0 0 0
2511 994 0.604413 0.636082 -0.479673 -0.0245667 -1.60449e-06 0 0 0
1757 3214 0.780259 0.085118 0.619637 -0.000472166 -3.91282e-08 0 0 0
3522 491 0.0269263 -0.898373 -0.438407 -0.0144081 -1.19038e-06 0 0 -1
2504 5017 0.605101 0.369215 -0.70536 -0.0219089 -1.82535e-06 0 0 0
537 2332 0.574348 0.7344 0.361636 -0.00945154 -7.88989e-07 0 0 0
5037 2692 0.256098 0.87363 0.413743 -0.0144227 -1.38586e-06 0 0 0
3432 4757 0.969214 -0.151733 0.193911 -0.0050319 -3.9691e-07 0 0 0
3079 1502 0.129159 0.97927 0.156038 -0.00180304 -1.16597e-07 0 0 0
3079 1993 0.264239 -0.284005 -0.921694 -0.0141333 -1.18896e-06 0 0 0
2503 4160 0.341027 -0.0920885 0.935532 -0.02461 -2.23516e-06 0 0 0
4124 4945 0.820356 -0.433777 0.372631 -0.00981348 -6.83177e-07 0 0 0
5018 1102 -0.0299188 -0.888511 0.457879 -0.00106765 -7.56959e-08 0 0 0
3676 1429 0.98743 0.14698 0.0581317 -0.00198157 -1.41038e-07 0 0 0
3926 917 0.0111277 0.787387 -0.616358 -0.00800718 -6.41225e-07 0 0 0
3926 2183 0.622646 0.596079 0.506954 -0.00320161 -2.26035e-07 0 0 0
3926 4733 0.580805 -0.521316 -0.625216 -0.0228669 -1.61353e-06 0 0 0
580 3580 0.622117 0.464664 -0.630124 -0.00958779 -5.67966e-07 0 0 0
2621 1770 0.937832 -0.336593 0.0847136 -0.00452053 -2.88855e-07 0 0 0
922 2728 0.390438 -0.480692 -0.785171 -0.0394092 -3.16701e-06 0 0 0
3290 1714 0.262989 -0.716281 -0.646358 -0.0199579 -1.28329e-06 0 0 0
2283 3254 0.940898 -0.223783 -0.254228 -0.00903297 -7.02582e-07 0 0 0
729 2789 0.0178384 -0.347551 -0.937492 -0.0422741 -4.08113e-06 0 0 0
1632 5076 0.847406 0.0364947 0.529691 -0.00386746 -2.67935e-07 0 0 0
5421 2533 0.0227273 0.756826 0.653221 -0.000196007 -1.25081e-08 0 0 0
2393 1356 0.0713903 -0.615344 0.785019 -0.0229116 -1.63233e-06 0 0 0
2573 4677 0.318486 0.701591 0.637445 -0.000254129 -2.08229e-08 0 0 0
164 711 0.752964 0.376992 -0.539372 -0.0110154 -9.15927e-07 0 0 0
1571 3159 0.59544 -0.769182 0.231971 -0.00145012 -1.00721e-07 0 0 0
1190 3977 0.689407 0.133255 -0.712012 -0.011316 -9.44766e-07 0 0 0
3592 4692 -0.0271388 -0.891888 -0.451441 -0.0357471 -2.78193e-06 0 0 0
4499 269 0.590867 -0.798891 0.112473 -0.0160975 -9.92229e-07 0 0 0
3592 4943 0.0725472 0.662126 -0.745873 -0.0186188 -1.44645e-06 0 0 0
3592 3760 0.705563 0.571082 0.419579 -0.0216305 -1.63583e-06 0 0 0
4579 3637 0.717146 0.459415 0.524061 -0.0123797 -9.04544e-07 0 0 0
4646 130 0.421796 0.906665 -0.00686311 -0.00153728 -1.22358e-07 0 0 0
4031 1686 0.850503 -0.497728 0.170035 -0.00332975 -2.07536e-07 0 0 0
680 4352 0.502536 0.0953474 -0.859282 -0.0181747 -1.47444e-06 0 0 0
3606 78 0.718816 -0.372427 -0.587028 -0.0199528 -1.54695e-06 0 0 0
1452 3173 -0.470035 -0.698627 -0.539433 -0.00473824 -4.16025e-07 0 0 0
5353 1972 0.932694 -0.356804 -0.052657 -0.00798661 -6.87357e-07 0 0 0
3452 3778 0.530867 -0.491288 0.690519 -0.00523076 -3.92474e-07 0 0 0
5120 3048 0.128321 0.96802 0.215571 -0.00575291 -4.77533e-07 0 0 0
2043 4485 0.937471 -0.131008 -0.322467 -0.00235333 -2.00027e-07 0 0 0
5120 4602 0.41891 0.045494 0.906887 -0.0104189 -6.14819e-07 0 0 0
5120 723 0.200111 0.537666 -0.819067 -0.010339 -8.40159e-07 0 0 0
3311 4878 0.23365 -0.846226 -0.478862 -0.00994877 -6.54473e-07 0 0 0
4520 2243 0.76269 -0.469967 0.444336 -0.0116908 -8.41301e-07 0 0 0
3914 2214 0.748917 -0.413546 0.517786 -0.00290959 -2.51638e-07 0 0 0
4572 718 0.662652 0.303726 -0.684575 -0.00175437 -1.3879e-07 0 0 0
3122 138 -0.931399 0.328363 0.157081 -0.00222331 -1.77698e-07 0 0 0
2582 683 0.0161928 0.786488 -0.617394 -0.0029723 -1.96409e-07 0 0 0
160 2831 0.558007 -0.380532 -0.737444 -0.00516387 -3.56034e-07 0 0 0
160 1190 0.190259 0.967579 0.16611 -0.00495378 -3.43186e-07 0 0 0
1269 3638 0.174948 0.968762 0.175764 -0.00628369 -5.68291e-07 0 0 0
2616 1444 0.369842 -0.421728 -0.827866 -0.00656686 -5.10062e-07 0 0 0
2324 3416 0.395098 0.808191 0.436722 -0.0119644 -9.69326e-07 0 0 0
612 3076 -0.00523465 -0.528506 0.848913 -0.00139472 -1.04872e-07 0 0 0
3255 4126 0.776937 0.403111 -0.483602 -0.0111256 -8.91054e-07 0 0 0
361 4010 0.53188 -0.248398 -0.809569 -0.00223084 -1.38429e-07 0 0 0
3032 4549 0.622228 -0.691741 -0.366507 -0.0135083 -1.09346e-06 0 0 0
4667 3395 0.968656 -0.0198886 -0.24761 -0.00712088 -4.44531e-07 0 0 0
3432 5413 0.421958 -0.243644 0.873263 -0.00342688 -2.90279e-07 0 0 0
1138 3515 0.949255 0.101629 -0.297634 -0.0140129 -1.2039e-06 0 0 0
5453 2560 0.0653459 -0.545016 -0.835875 -0.0234484 -1.91851e-06 0 0 0
1506 2437 0.432651 0.0684653 0.898958 -0.0198782 -1.43053e-06 0 0 0
1506 5078 0.309034 -0.918917 -0.245132 -0.0106602 -7.72426e-07 0 0 0
1506 5181 0.165166 0.634104 -0.755402 -0.0306766 -1.82432e-06 0 0 0
1721 390 0.868472 0.152649 -0.471652 -0.00265193 -2.14576e-07 0 0 0
1951 2481 0.265369 0.752691 -0.602524 -0.0174992 -1.30261e-06 0 1 0
1028 2506 0.0767074 0.889718 -0.450019 -0.0104012 -9.67688e-07 0 0 0
3507 1601 0.348762 0.312901 -0.883435 -0.0161539 -1.0858e-06 0 0 -1
4670 2336 0.744429 0.663753 -0.072511 -0.00628196 -4.60552e-07 0 0 0
4279 431 0.547528 0.479229 0.685968 -0.00846519 -6.85405e-07 0 0 1
528 3745 0.49796 0.160345 -0.852247 -0.00551746 -4.65274e-07 0 0 0
4053 1979 0.38463 -0.904212 -0.185638 -0.00450414 -3.18705e-07 0 0 0
407 1133 0.516075 -0.623372 -0.587431 -0.00113975 -7.88001e-08 0 0 0
1962 4228 0.592539 0.804104 -0.0481112 -0.00187289 -1.32307e-07 0 0 0
3345 3255 0.595274 0.733034 0.329105 -0.00938379 -8.12315e-07 0 0 0
1061 5341 0.402766 0.208997 -0.891123 -0.0286735 -2.23366e-06 0 0 0
81 2737 0.906007 0.101254 -0.410974 -0.00215053 -1.46737e-07 0 0 0
1378 2103 0.329864 0.863488 -0.381546 -0.00302823 -2.46878e-07 0 0 0
2025 5254 -0.0979788 0.190161 -0.976852 -0.0306732 -2.61269e-06 0 0 0
377 1223 0.956134 0.0125654 -0.292661 -0.0126626 -1.05699e-06 0 0 0
4591 2338 0.248171 -0.941488 -0.22806 -0.00839863 -6.88096e-07 0 0 0
2252 4535 0.507233 -0.560403 0.654724 -0.00093562 -6.91225e-08 0 0 0
3421 4137 0.43867 -0.0277303 0.89822 -0.00838189 -5.32486e-07 0 0 0
693 4350 0.691274 -0.720817 -0.050624 -0.00275347 -2.08954e-07 0 0 0
4926 580 0.36274 -0.381321 0.850303 -0.0028303 -2.17662e-07 0 0 0
5199 2437 0.649352 -0.144964 -0.746543 -0.0177888 -1.47277e-06 0 0 0
4634 5343 0.195692 -0.851257 0.486895 -0.00499365 -3.81629e-07 0 0 0
1051 5351 0.0128072 0.634222 0.773045 -0.0176057 -1.21145e-06 1 0 0
1051 3949 0.0985718 -0.986331 0.132039 -0.00161706 -1.15284e-07 1 0 0
1051 2427 0.00181514 -0.0347919 -0.999393 -0.019134 -1.3974e-06 1 0 0
3650 4535 0.600615 -0.693478 -0.397931 -0.0164688 -1.22932e-06 0 0 0
5122 3831 0.570315 -0.210394 -0.794025 -0.0127624 -1.02822e-06 0 0 0
2769 2831 0.686354 0.51706 0.511436 -0.0219384 -1.50487e-06 0 0 0
1083 3244 0.682048 -0.0843933 0.726422 -0.000304672 -2.48499e-08 0 0 0
5514 406 0.207842 0.966418 -0.151121 -0.00165933 -1.20536e-07 0 0 0
2011 2609 0.588612 0.102615 0.801877 -0.00551966 -4.4429e-07 0 0 0
333 2167 0.515024 -0.546975 0.659976 -0.0233161 -1.59316e-06 0 0 0
3408 3910 0.990759 0.133871 -0.0217981 -0.0104518 -7.00229e-07 0 0 0
5514 1131 0.676261 -0.573315 0.462581 -0.0171675 -1.21128e-06 0 0 0
3043 1312 0.902469 0.346366 -0.256085 -0.00355215 -2.79293e-07 0 0 0
885 2126 0.687389 0.596236 0.414728 -0.00995938 -7.12449e-07 0 0 0
2533 653 0.442829 -0.774372 0.451941 -0.0034527 -2.44267e-07 0 0 0
482 4402 0.372116 -0.587517 0.718577 -0.012054 -8.21312e-07 0 0 0
1288 2461 0.683106 0.687422 -0.246614 -0.00251131 -1.90536e-07 0 0 0
3715 1853 0.190143 0.664156 -0.72301 -0.0141854 -9.3593e-07 0 0 0
2920 5359 0.498858 0.796301 0.342118 -0.00237772 -1.76108e-07 0 0 0
3438 3778 -0.00013858 -0.838202 -0.545359 -0.00561561 -4.45539e-07 0 0 0
5448 2202 -0.064586 -0.718467 -0.692556 -0.0126903 -1.08129e-06 0 0 0
3262 519 0.893591 0.399784 -0.204126 -0.0125977 -1.11572e-06 0 0 0
3822 431 0.713352 -0.160183 -0.682254 -0.0129903 -1.01467e-06 0 0 0
829 3025 0.481163 0.374318 -0.792697 -0.00828922 -6.6178e-07 0 0 0
3295 1678 0.367898 -0.20395 -0.907224 -0.00559859 -3.73932e-07 0 0 0
1590 1544 0.302696 -0.563918 -0.768357 -0.0185255 -1.46106e-06 0 0 0
2219 4439 0.610553 0.431907 -0.663838 -0.00548792 -5.24472e-07 0 0 0
4106 3718 0.266336 -0.888898 0.372726 -0.00706323 -5.52185e-07 0 0 0
1840 1957 0.397197 -0.845488 0.356909 -0.0073305 -4.74853e-07 0 0 0
4692 115 0.128041 0.650338 -0.748776 -0.0055946 -4.28621e-07 0 0 0
3319 537 0.484949 0.724211 0.490247 -0.00331651 -2.00725e-07 0 0 0
4692 5129 0.930435 -0.35631 0.085637 -0.0160494 -1.21992e-06 0 0 0
3321 617 0.649041 -0.745667 -0.150749 -0.0162599 -1.41177e-06 0 0 0
2413 2691 0.398131 0.116101 0.909952 -0.0238505 -1.43665e-06 0 0 0
2621 1041 -0.121727 0.63808 0.760287 -0.0151067 -1.17533e-06 0 0 0
4845 1681 0.269656 -0.941693 0.201247 -0.000136527 -1.04023e-08 0 0 0
3432 4602 0.0872316 0.546369 -0.83299 -0.00837178 -4.86802e-07 0 0 0
2413 3738 0.911801 0.325496 -0.250342 -0.00213629 -1.73496e-07 0 0 0
356 5201 0.849554 -0.385484 -0.360082 -0.00612055 -4.89831e-07 -1 0 0
3295 2208 0.261003 -0.0680172 0.962939 -0.0151491 -9.93733e-07 0 0 0
4171 3957 -0.227093 -0.328271 -0.916879 -0.0133428 -9.45995e-07 0 0 0
3308 5369 0.757906 0.00410402 0.652351 -0.0152044 -1.12385e-06 0 0 0
1163 1368 0.801779 0.53646 -0.263366 -0.00406786 -2.80511e-07 0 0 0
2223 207 0.345927 0.662437 0.664464 -0.00239495 -1.7565e-07 0 0 0
92 754 0.679509 -0.658833 0.322809 -0.0146454 -9.65671e-07 0 0 0
171 390 0.575203 -0.816188 0.0545797 -0.0134591 -1.16476e-06 0 0 0
4293 1332 0.633482 0.333289 0.698297 -0.0090436 -6.83872e-07 0 0 0
5367 302 0.359444 0.24562 0.900261 -0.00214395 -1.88914e-07 0 0 0
2303 815 0.738382 0.280473 -0.613292 -0.013952 -1.12713e-06 0 0 0
1878 210 0.623679 0.779129 -0.0631091 -0.00706774 -5.13934e-07 0 0 0
1258 5073 0.554127 -0.654626 -0.514206 -0.00446711 -4.10954e-07 0 0 0
1258 3667 0.488769 0.597518 -0.635671 -0.0315551 -1.96573e-06 0 0 -1
1258 4124 -0.084957 -0.977957 0.190743 -0.0113686 -7.97543e-07 0 -1 0
420 5316 0.896921 -0.414086 0.15513 -0.00421014 -3.93043e-07 0 0 0
867 2338 0.904143 -0.262848 -0.336805 -0.0129474 -9.02067e-07 0 0 0
3450 5076 0.282433 -0.770437 0.571541 -0.00489341 -4.17974e-07 0 0 0
5439 4603 0.646236 0.739639 0.187919 -0.00936232 -6.8783e-07 0 0 0
867 5423 0.213307 0.434243 0.875176 -0.00251735 -2.092e-07 0 0 0
2311 5465 0.871161 0.111094 -0.478265 -0.00159922 -1.33481e-07 0 0 0
2449 1538 0.81655 0.41302 0.403313 -0.00897585 -6.35021e-07 1 0 0
2206 907 0.190617 -0.98031 -0.0515564 -0.0144502 -9.6399e-07 0 0 0
166 4565 0.0101167 0.60048 -0.799576 -0.0205168 -1.1345e-06 0 0 0
5484 4090 -0.0722927 -0.394912 -0.91587 -0.0079631 -7.15781e-07 0 0 0
2206 1028 -0.181696 0.706768 -0.683715 -0.0137954 -1.17693e-06 0 0 0
166 614 0.915941 -0.37425 0.144877 -0.0133193 -7.69827e-07 0 0 0
2838 631 0.57129 0.810203 -0.131145 -0.0216682 -1.82311e-06 0 0 0
2672 2322 0.774559 -0.371108 -0.512188 -0.00225621 -2.07494e-07 0 0 0
2672 3778 0.31583 0.642849 -0.697851 -0.00695758 -5.85049e-07 0 1 0
593 2283 0.563734 -0.455101 0.689266 -0.0100317 -7.71335e-07 0 0 0
4091 3583 0.806462 -0.148877 -0.572236 -0.0154235 -1.40625e-06 0 0 0
4793 1254 0.0633519 -0.997642 0.026388 -0.00186801 -1.45834e-07 0 0 0
1804 259 -0.0927799 0.253556 -0.962861 -0.017217 -1.36201e-06 0 0 0
3799 3735 0.359794 -0.710758 -0.60446 -0.0133585 -8.73269e-07 0 -1 0
4091 867 -0.136354 -0.214697 0.967116 -0.0486636 -3.71573e-06 0 0 0
1650 1469 0.655581 0.261858 -0.708269 -0.00212106 -1.72204e-07 0 0 0
4091 2672 -0.366163 0.0703561 -0.927887 -0.008314 -8.11785e-07 0 -1 0
4322 2547 0.868001 0.0559881 0.493396 -0.00885115 -6.67432e-07 0 0 0
157 5482 -0.16749 -0.242448 0.955597 -0.0377795 -2.71928e-06 0 0 0
1091 1713 0.601075 -0.253555 0.757904 -0.0112529 -8.18928e-07 0 0 0
3416 810 0.433949 -0.452602 -0.778999 -0.0109134 -9.42011e-07 0 0 0
157 903 0.800749 -0.303094 0.516657 -0.0127913 -1.00677e-06 0 0 0
5482 167 0.33388 -0.31518 0.888361 -0.0432887 -3.44987e-06 0 0 0
441 593 0.707755 -0.147129 0.690967 -0.0140608 -1.13972e-06 0 0 0
4543 4619 0.42032 -0.442134 -0.792369 -0.00788542 -6.43293e-07 0 0 0
723 2032 0.241056 -0.600019 -0.762804 -0.0133241 -1.01404e-06 0 0 0
1245 1061 0.721066 0.581322 -0.376999 -0.0135626 -1.17263e-06 0 0 0
4708 2505 0.325065 -0.0443934 0.944649 -0.0230509 -1.90062e-06 0 0 0
3547 2767 0.717112 -0.242419 0.65344 -0.0130301 -7.24646e-07 0 0 0
165 128 0.812288 0.457462 0.361824 -0.00270001 -1.73734e-07 1 0 0
1094 2621 0.262016 0.266027 -0.927673 -0.0238342 -2.02976e-06 1 0 0
795 5514 0.340199 0.351161 0.872325 -0.00785791 -5.63828e-07 0 0 0
5122 3547 0.158598 -0.986832 0.0317663 -0.00978085 -9.27977e-07 0 0 0
2622 4660 0.481522 -0.241926 0.842382 -0.00218053 -1.54753e-07 0 0 0
1898 1036 0.827193 -0.52997 0.186772 -0.00515471 -4.94506e-07 0 0 0
465 1396 0.47537 0.876076 -0.0807041 -0.0109956 -7.47845e-07 0 0 0
2354 754 0.390808 0.919587 -0.0403595 -0.0294132 -2.08638e-06 1 0 0
4087 5303 0.462103 -0.021072 -0.886576 -0.000892231 -6.89233e-08 0 0 0
2354 1429 0.53379 0.0671928 0.842943 -0.0136788 -9.89905e-07 1 0 0
3589 2992 0.760286 0.528529 0.377654 -0.012385 -1.00409e-06 0 0 0
693 2457 0.340462 0.737642 -0.58307 -0.0329696 -2.52661e-06 0 0 0
693 171 0.476299 -0.14044 0.867996 -0.0309385 -2.56476e-06 0 0 0
4427 1429 0.660246 -0.732496 -0.165908 -0.0170886 -1.56062e-06 0 0 0
3213 4100 0.46586 0.881752 -0.0740812 -0.00585668 -4.89816e-07 0 0 0
4891 3247 0.251549 -0.8233 -0.508822 -0.00346469 -2.58413e-07 0 0 0
4891 3517 0.385019 -0.305264 0.870962 -0.00669968 -4.97745e-07 0 0 0
2687 2487 0.941664 0.0462477 0.333362 -0.001486 -1.05017e-07 1 0 0
217 2524 0.379072 0.924496 -0.0401462 -0.0071361 -4.82993e-07 0 0 0
2319 2069 -0.879953 0.361819 -0.307848 -0.0149776 -1.06653e-06 0 0 0
1750 4915 0.967428 0.223528 0.118817 -0.00393656 -3.19346e-07 0 0 0
1152 3547 -0.0120892 0.54172 0.840472 -0.0156961 -1.32495e-06 0 0 0
3049 142 0.580254 0.235037 -0.779784 -0.0132902 -1.13251e-06 0 0 0
1807 695 0.723439 0.445849 -0.527119 -0.0167027 -1.10571e-06 0 0 0
3170 2504 -0.0927429 -0.807694 -0.582263 -0.000962012 -6.99393e-08 0 0 0
3066 4399 0.174234 -0.984704 0.000305339 -0.00293272 -2.66774e-07 0 0 0
22 4681 0.518104 -0.26872 -0.812008 -0.00641378 -4.88369e-07 0 0 0
5079 421 0.40355 0.889302 -0.215151 -0.00916555 -7.38322e-07 0 0 0
2650 326 0.132921 -0.268048 -0.954192 -0.000230976 -1.96397e-08 0 0 0
4460 736 0.790347 -0.036562 -0.611568 -0.000837233 -5.62897e-08 0 0 0
381 1021 0.575666 0.691041 0.437116 -0.00645842 -5.9755e-07 0 0 0
1645 656 0.479997 -0.448457 0.753982 -0.00185367 -1.5096e-07 0 -1 0
2694 3713 0.606106 0.597856 0.524599 -0.018229 -9.82811e-07 0 0 0
4785 3508 0.824954 -0.231498 0.515615 -0.0233204 -1.64064e-06 0 0 0
3380 130 0.293937 0.309876 -0.9042 -0.00916545 -8.05726e-07 0 0 0
3380 4744 0.509859 -0.111443 0.853009 -0.0191776 -1.75615e-06 0 0 0
2694 1258 0.0540219 -0.00416323 -0.998531 -0.0175262 -1.01634e-06 0 0 0
2524 2469 0.639226 -0.608702 0.46997 -0.0125327 -1.17558e-06 0 0 0
2243 145 0.196717 -0.868383 0.455208 -0.0110838 -6.43082e-07 0 0 0
726 5422 0.474821 0.868531 -0.142125 -0.00527647 -4.11671e-07 0 0 0
5378 3449 0.081498 0.841314 -0.534368 -0.00292082 -2.08024e-07 0 0 0
726 5194 0.414524 -0.207323 -0.886108 -0.0239124 -2.12726e-06 0 0 0
807 3400 0.140713 -0.907858 0.394962 -0.00363266 -3.44438e-07 0 0 0
1071 4051 0.533857 -0.456518 0.71175 -0.00659207 -6.10233e-07 0 0 0
210 3379 0.310349 0.722353 0.617972 -0.00151832 -1.11951e-07 0 0 0
210 5423 0.489282 -0.552323 -0.674939 -0.00218557 -1.7757e-07 0 0 0
1473 4390 0.890455 0.451242 0.0589099 -0.0187947 -1.5873e-06 0 1 0
3393 4178 -0.0171303 -0.99573 0.0907131 -0.00870602 -8.13236e-07 0 0 0
4840 580 0.11707 0.0939585 -0.988669 -0.0139617 -1.21783e-06 0 0 0
81 2235 0.553012 -0.243224 0.796881 -0.00721855 -5.04743e-07 0 0 0
4382 4549 0.958569 -0.0349513 0.282707 -0.00345975 -2.24468e-07 0 0 0
2393 2368 -0.00704763 -0.725632 -0.688047 -0.0225544 -1.8495e-06 0 0 0
3050 1601 0.173628 0.848014 0.500725 -0.0114672 -8.69924e-07 0 0 0
3050 2619 0.108332 0.828198 -0.549866 -0.015807 -1.25901e-06 0 0 0
3050 994 0.653631 -0.607919 0.450778 -0.0170772 -1.32659e-06 0 0 0
2572 1532 0.969723 0.176048 -0.169249 -0.00436887 -3.14056e-07 0 0 0
1909 2194 0.561629 -0.27178 0.781479 -0.0195891 -1.27467e-06 0 0 0
3793 1132 -0.0640057 -0.263841 0.96244 -0.0287936 -2.27744e-06 0 0 0
1002 2422 0.251528 0.915879 -0.312889 -0.00281674 -1.9266e-07 0 1 0
1943 540 0.784339 0.38785 0.484133 -0.00129906 -1.22281e-07 0 0 0
2525 465 0.0556376 0.990453 -0.126122 -0.00417837 -2.98075e-07 0 1 0
133 5452 0.459212 -0.589432 0.6646 -0.00487164 -3.49661e-07 0 0 0
3843 4859 0.099903 -0.994919 0.0124927 -0.00767922 -4.46945e-07 0 0 0
160 2032 0.631231 -0.274448 0.725414 -0.00471089 -3.80116e-07 0 0 0
2287 4188 -0.0282727 -0.202355 -0.978904 -0.0128218 -1.21565e-06 0 0 0
5392 3807 0.0534261 0.244387 -0.968205 -0.00531592 -4.19492e-07 0 0 0
2844 160 0.778051 0.430734 -0.457279 -0.00353066 -2.33543e-07 0 0 0
5437 3123 0.291125 0.911523 -0.290467 -0.00789726 -6.05873e-07 0 0 0
1645 3789 0.890096 -0.31966 -0.324879 -0.0116741 -8.16207e-07 0 -1 0
2307 642 0.556744 -0.774605 0.300037 -0.0108469 -7.78844e-07 0 0 0
4460 3045 0.167116 0.62728 0.760653 -0.00642839 -4.16265e-07 0 0 0
2269 638 -0.0468508 0.813935 0.579063 -0.00771611 -5.78118e-07 0 0 0
4402 3474 0.943786 -0.132391 -0.302887 -0.00191423 -1.42836e-07 0 0 0
1933 243 0.823761 -0.559374 -0.092293 -0.00507506 -2.98611e-07 0 0 0
4603 2525 -0.381398 0.394221 -0.836137 -0.0176084 -1.25012e-06 0 0 -1
5145 663 0.636875 -0.769922 -0.0401425 -0.0213519 -1.5208e-06 0 0 0
1502 996 0.194318 0.694992 0.692263 -0.0166353 -1.16292e-06 0 0 0
3890 4334 0.396501 -0.901448 0.17372 -0.00770325 -5.2549e-07 0 -1 0
4755 3323 0.959403 -0.279797 0.035491 -0.00861452 -6.79344e-07 0 0 0
546 1480 0.384933 -0.7733 0.503819 -0.0047019 -4.37907e-07 0 -1 0
3637 1305 0.614864 -0.373327 0.694672 -0.00999744 -7.06721e-07 0 0 0
1862 3906 0.601032 -0.788625 -0.129738 -0.0087602 -6.96209e-07 0 0 0
4994 876 0.0728225 -0.938171 0.338427 -0.0131279 -8.05341e-07 0 0 0
2382 2858 0.909363 0.130698 0.394938 -0.00209198 -1.51225e-07 0 0 0
2430 2857 0.228285 0.944107 0.237797 -0.00642875 -5.14208e-07 0 0 0
5205 120 0.244447 0.528607 -0.812908 -0.00306208 -2.38497e-07 0 0 0
3548 1152 0.055449 -0.530853 0.845648 -0.0255849 -2.01621e-06 0 0 0
5401 1804 0.0631369 0.0303987 -0.997542 -0.0201732 -1.77086e-06 0 0 0
4437 1678 0.338058 0.856477 0.390081 -0.0254432 -2.1926e-06 0 0 0
754 56 0.246985 0.894058 -0.37371 -0.0179961 -1.17413e-06 0 0 0
482 4231 0.678322 0.61384 -0.403831 -0.0134193 -9.98199e-07 0 0 0
957 5407 0.846831 -0.247136 0.470958 -0.0258325 -2.05227e-06 0 0 0
5274 4116 0.2053 -0.679691 0.704182 -0.0269547 -2.34591e-06 0 0 1
4438 4903 0.580422 0.767614 -0.271808 -0.0087029 -7.47847e-07 1 0 0
1999 160 0.655247 0.145051 0.741358 -0.00363866 -2.43539e-07 0 0 0
5017 4579 0.0940298 0.988187 0.121018 -0.00163455 -1.35208e-07 0 0 0
2016 4239 0.66937 -0.728194 -0.14723 -0.0085519 -7.33493e-07 0 0 0
2269 5333 0.513958 -0.760977 -0.395931 -0.00550438 -4.16319e-07 0 0 0
2131 2118 0.398465 -0.491515 0.774363 -0.00168959 -1.41069e-07 0 0 0
4322 3308 0.0303608 0.981009 0.191571 -0.00709411 -5.39072e-07 0 0 0
857 3310 0.771408 -0.625161 0.118759 -0.00455889 -3.0999e-07 0 0 0
1163 3256 0.839134 -0.533394 -0.106515 -0.00416652 -2.94593e-07 0 0 0
270 1573 0.64095 0.518426 0.566054 -0.00831483 -7.87259e-07 0 0 0
307 3589 0.252959 0.830816 0.495739 -0.0411829 -3.95966e-06 0 0 0
5024 2422 -0.266755 -0.174565 -0.947823 -0.019766 -1.34243e-06 0 0 0
4565 2339 0.334326 0.332871 0.881716 -0.00890585 -6.21066e-07 0 0 0
5351 2320 0.838866 0.428114 0.336189 -0.0222126 -1.50894e-06 0 0 0
489 5181 0.387623 -0.306054 0.869528 -0.0362367 -2.14695e-06 0 0 0
3992 528 0.168241 -0.828899 0.533498 -0.00462771 -4.00917e-07 0 0 0
489 3212 0.141471 0.324255 -0.935331 -0.0190393 -1.65536e-06 0 0 0
3992 2235 0.469613 0.0823827 -0.87902 -0.00685848 -5.3678e-07 0 0 0
3589 2994 0.58942 -0.605201 -0.535085 -0.00772975 -6.17832e-07 0 0 0
397 5518 0.0122351 -0.827399 -0.561482 -0.00398314 -3.10154e-07 0 0 0
1190 696 0.957456 0.159261 0.240653 -0.00222606 -1.76774e-07 0 0 0
3941 59 0.638875 -0.371187 -0.673839 -0.00418213 -3.51221e-07 0 0 0
4771 2572 0.0205679 0.708325 -0.705587 -0.00901938 -6.11015e-07 0 0 0
3095 3760 0.369085 -0.873202 0.318269 -0.0283766 -2.33869e-06 0 0 0
4626 3308 0.104598 -0.778898 0.618366 -0.0181942 -1.51775e-06 0 0 0
1510 4128 0.901197 -0.31139 0.301463 -0.0119012 -7.70011e-07 0 0 0
2602 1983 0.365092 0.546352 0.753795 -0.0136189 -1.18344e-06 0 1 0
604 303 -0.928173 -0.0427281 -0.369688 -0.00236024 -1.86348e-07 0 0 0
600 1698 -0.974673 0.220698 0.0361371 -0.00419822 -3.24294e-07 0 0 0
1650 2444 0.683066 0.507385 0.525339 -0.00533253 -3.66608e-07 0 0 0
356 3058 0.261311 0.864561 0.429244 -0.00510528 -4.25931e-07 -1 0 0
3123 4684 0.098738 0.754305 0.649056 -0.0339476 -2.58461e-06 0 0 0
237 4872 0.475013 0.336841 0.812958 -0.0141971 -1.0145e-06 0 0 0
325 417 0.286748 -0.237014 -0.928224 -0.00450916 -3.59262e-07 0 0 0
5334 2311 0.678958 -0.46322 -0.569599 -0.00159922 -1.26815e-07 0 0 -1
5330 528 0.0284379 -0.244329 -0.969275 -0.00720743 -5.17837e-07 0 0 0
1263 2856 0.537596 -0.755119 0.375214 -0.0132195 -1.05951e-06 0 0 0
5330 1697 0.292205 -0.89293 0.342479 -0.0091477 -6.7105e-07 0 0 0
5330 3703 0.520813 0.52598 0.672383 -0.00623652 -4.49807e-07 0 0 0
335 3079 0.642839 -0.548849 -0.534343 -0.00906258 -7.51325e-07 1 0 0
2506 3384 0.617625 0.246913 -0.746708 -0.0148585 -9.18446e-07 0 0 0
1004 1591 0.0591535 -0.14657 -0.98743 -0.0101936 -8.55577e-07 0 0 0
5321 2664 0.415869 -0.887202 0.199814 -0.0171344 -1.18839e-06 0 0 0
5081 5382 0.700062 0.383024 -0.602666 -0.0117101 -9.88367e-07 0 0 0
2471 2789 0.0751665 0.242407 0.967258 -0.0402838 -3.86741e-06 0 0 0
229 815 0.860925 -0.501621 -0.0847642 -0.00596704 -4.48913e-07 0 0 0
885 2206 0.316469 -0.900075 -0.299521 -0.0013368 -9.79483e-08 0 0 0
3983 1613 0.599124 -0.134204 -0.789329 -0.0171217 -1.22002e-06 0 0 0
3451 3594 0.379861 0.826739 0.414978 -0.00142087 -9.33838e-08 0 0 0
255 3421 0.791511 -0.328382 -0.515438 -0.0073334 -4.72123e-07 0 0 0
5035 2790 0.00990711 0.986746 0.161967 -0.00462397 -3.64501e-07 0 1 0
255 4708 -0.000944211 -0.702667 0.711519 -0.0274389 -2.11516e-06 0 0 0
32 2430 0.39417 0.385744 0.834165 -0.00720175 -5.91906e-07 0 0 0
2183 5317 0.0751803 0.683176 0.726374 -0.00371697 -2.78168e-07 0 0 0
2271 5208 0.714932 -0.231955 -0.659597 -0.00990884 -7.92829e-07 0 0 0
2285 1408 0.286905 -0.216558 -0.93316 -0.0115291 -1.03028e-06 0 0 -1
728 638 0.00155483 -0.957423 -0.288686 -0.0134888 -1.02919e-06 0 0 0
55 539 0.251289 1.61239e-05 -0.967912 -0.0334375 -2.81425e-06 0 0 0
5153 1500 0.513566 -0.825749 -0.233214 -0.00409329 -2.99372e-07 0 0 0
3045 4881 0.335886 0.886827 0.31736 -0.00744098 -5.22733e-07 0 0 0
783 1942 0.00579507 0.0535833 -0.998547 -0.0128846 -1.22269e-06 0 0 -1
3963 882 0.516683 -0.435223 -0.737306 -0.0155762 -1.2173e-06 0 0 0
4881 2793 0.72598 -0.415649 0.547894 -0.035253 -2.6029e-06 0 0 0
3117 2320 0.681806 -0.193669 -0.705431 -0.00466811 -3.50916e-07 0 0 0
1259 1977 0.0754049 -0.849764 -0.521742 -0.0267303 -2.25941e-06 0 0 0
1259 354 -0.0897875 0.468365 0.878961 -0.0357776 -2.21509e-06 0 0 0
4881 3606 0.211061 -0.465648 -0.859433 -0.0261979 -2.42322e-06 0 0 0
2942 2751 0.0532601 0.634762 -0.77087 -0.0176537 -1.25864e-06 0 0 0
2537 2997 0.182099 -0.971303 0.153006 -0.00645241 -5.37357e-07 0 -1 0
2248 4637 0.718777 0.0938203 -0.688881 -0.00381832 -3.14229e-07 0 0 0
2659 1132 0.736563 -0.553225 0.389124 -0.0163309 -1.25636e-06 0 0 0
2043 2389 -0.0112495 0.962446 0.27124 -0.00672475 -4.51837e-07 0 0 0
580 2622 0.810834 -0.543716 -0.216614 -0.00242938 -1.85594e-07 0 0 0
2529 5375 0.768837 0.495947 0.403641 -0.0263334 -2.34095e-06 0 0 0
501 581 0.361412 -0.257332 -0.896193 -0.000484466 -3.36773e-08 0 0 0
1187 2283 0.406873 0.592128 -0.695585 -0.00563349 -3.9564e-07 0 0 0
4582 1538 0.365658 -0.351193 -0.86195 -0.0141627 -8.94141e-07 0 0 0
631 3361 0.120971 0.885358 0.448895 -0.0257427 -2.19259e-06 0 0 0
1071 3406 0.27374 -0.948657 -0.158478 -0.0174469 -1.06965e-06 0 0 0
4899 1952 0.275308 -0.533508 0.799735 -0.00384439 -2.92409e-07 0 0 0
1071 698 0.145486 -0.0550694 -0.987826 -0.00141488 -1.00844e-07 0 0 0
2209 2179 0.508245 -0.480224 -0.714893 -0.0110068 -7.34374e-07 0 0 0
3949 1790 0.152928 -0.323419 0.933817 -0.0183936 -1.31282e-06 0 0 0
2209 5276 0.42229 -0.336273 0.841779 -0.00816384 -5.42461e-07 0 0 0
687 2774 0.878994 0.465682 0.102513 -0.0118761 -9.54264e-07 0 0 0
4379 4535 0.724477 0.659448 -0.200654 -0.0130152 -9.67182e-07 0 0 0
2339 4083 0.872955 0.485702 -0.0452059 -0.00398784 -2.65474e-07 0 0 0
3933 3508 0.666183 0.13282 -0.733866 -0.00724012 -5.15263e-07 0 0 0
2444 1853 0.555677 0.287345 0.780164 -0.00764279 -5.56236e-07 0 0 0
1632 4116 0.384995 -0.584488 -0.71425 -0.0141938 -1.16422e-06 0 0 0
3469 3998 0.599555 -0.601002 -0.528518 -0.00185404 -1.21498e-07 0 0 0
4769 663 0.845972 0.0744877 0.527999 -0.012098 -9.02861e-07 1 0 0
1632 1972 -0.0492924 0.763779 -0.643592 -0.00513852 -4.3469e-07 0 0 -1
1780 4446 -0.039296 -0.30289 -0.952215 -0.0116285 -1.04791e-06 0 0 0
4224 3871 0.601745 -0.163965 -0.781677 -0.0227847 -2.05199e-06 0 0 0
2667 5036 -0.0800908 -0.767069 0.636546 -0.0125751 -8.7988e-07 1 0 0
4128 2548 0.900303 -0.0850689 0.426869 -0.00265305 -2.31639e-07 0 0 0
2481 1590 0.677788 0.708188 -0.19767 -0.0082571 -6.63026e-07 0 0 0
4468 4385 0.994492 -0.0625257 -0.0841203 -0.0154835 -9.38163e-07 0 0 0
917 1132 0.835979 0.463452 0.293857 -0.0196844 -1.5545e-06 0 0 0
2429 4899 0.827187 -0.130376 0.546594 -0.0114632 -8.71761e-07 0 0 0
4468 5195 0.52886 -0.794848 0.29753 -0.0133621 -1.25276e-06 0 0 0
412 1600 0.705135 0.167492 -0.689007 -0.0037855 -3.17801e-07 0 0 0
3520 1377 0.973788 0.143942 -0.176121 -0.00637424 -4.94214e-07 0 0 0
5165 3295 0.141578 -0.722961 0.676227 -0.0133625 -1.20999e-06 0 0 0
2324 1954 0.448393 -0.382491 -0.807864 -0.0349205 -2.71906e-06 0 0 0
2324 1372 0.320016 -0.299845 0.898712 -0.0104153 -7.76319e-07 0 0 0
688 4355 0.42879 -0.0585795 0.901503 -0.0210857 -1.66368e-06 0 0 0
2427 1233 0.819803 0.169863 -0.546873 -0.0105815 -7.67389e-07 0 0 0
4439 4664 0.0447425 -0.997853 0.0478372 -0.00412913 -3.68845e-07 0 0 0
728 996 0.195762 -0.191188 -0.961834 -0.0250427 -1.99547e-06 0 0 0
311 3856 0.418965 -0.135493 -0.897836 -0.0185607 -1.69763e-06 0 0 0
4439 693 -0.103511 0.428183 0.897744 -0.0384794 -3.17666e-06 0 0 0
660 2942 0.921538 -0.0313041 0.387024 -0.00794921 -5.65626e-07 0 0 0
2208 3904 -0.135114 -0.931679 -0.337223 -0.0117774 -9.19904e-07 0 0 0
3954 1874 0.757526 0.564773 0.327394 -0.00490104 -3.11869e-07 0 0 0
117 1564 0.983967 -0.0702601 0.163927 -0.0183646 -1.6828e-06 0 0 0
4899 2694 0.513531 -0.827782 -0.225971 -0.0173294 -1.51699e-06 0 0 0
4347 946 0.257249 0.868811 -0.423072 -0.00349766 -2.62669e-07 0 0 0
512 1561 0.581114 0.40218 0.707502 -0.00485053 -3.26216e-07 0 0 0
109 255 0.490792 -0.818691 0.29811 -0.0111918 -7.41796e-07 0 0 0
3859 5090 0.723425 0.600967 0.339845 -0.00755209 -6.65605e-07 0 0 0
921 2560 0.172667 -0.719981 0.67217 -0.0019972 -1.60602e-07 0 0 0
1601 5129 0.705146 0.443303 -0.5534 -0.0145784 -1.12308e-06 0 0 0
2997 3341 0.625532 -0.341115 0.701677 -0.016137 -1.17799e-06 0 0 1
1884 3180 0.50586 0.67931 0.531642 -0.00863295 -5.41886e-07 0 0 0
4119 382 0.0952804 0.936782 0.336692 -0.0202303 -1.61431e-06 0 0 0
39 3886 0.0121123 -0.818314 0.574644 -0.0185482 -1.40109e-06 0 0 0
4662 1993 0.0977233 0.799361 0.59285 -0.0117849 -9.36029e-07 0 0 0
4662 3000 0.838017 -0.513955 -0.183243 -0.0093967 -7.75223e-07 0 0 0
39 4379 -0.027235 0.92831 -0.370808 -0.0231663 -1.93541e-06 0 0 0
2585 1142 0.713305 -0.422533 -0.559161 -0.00946676 -6.60734e-07 0 0 0
4729 4645 0.49616 0.0372595 0.867431 -0.00124911 -9.57389e-08 0 0 0
3283 83 0.440452 -0.275932 0.854321 -0.00884473 -5.46942e-07 0 0 0
3408 1432 0.59539 -0.429322 0.679112 -0.0147534 -1.25925e-06 0 0 0
2541 773 0.742317 -0.643453 0.186906 -0.0165638 -1.30255e-06 0 0 0
5122 4493 -0.983243 0.140834 -0.115755 -0.0012402 -1.14251e-07 0 0 0
1813 1091 0.571288 -0.802462 -0.172294 -0.00376941 -2.53132e-07 0 0 0
3117 3614 -0.0340236 0.6588 -0.751548 -0.0119176 -8.30238e-07 0 0 0
3117 462 0.488696 -0.691619 0.531826 -0.0085341 -7.19827e-07 0 0 0
3656 3079 0.267336 0.41848 -0.86799 -0.00232501 -1.93301e-07 0 0 0
519 1436 0.874448 0.0505986 -0.482473 -0.00833509 -7.7985e-07 0 0 0
3451 3998 0.716716 -0.33481 0.611736 -0.0181792 -1.1277e-06 0 0 0
911 293 0.474029 -0.870652 -0.131381 -0.00996716 -7.04849e-07 0 0 0
2825 5061 0.0861356 -0.95814 0.273037 -0.00351514 -2.73378e-07 0 0 0
3523 84 0.790334 -0.612586 0.0105227 -0.00407844 -3.60415e-07 0 0 0
4120 2350 0.513932 -0.83316 0.204252 -0.00356126 -3.19176e-07 0 0 0
251 4451 0.326105 -0.465604 0.82272 -0.00212426 -1.67576e-07 0 0 0
2756 286 0.742276 0.625845 0.239467 -0.0130211 -1.18846e-06 0 0 0
4047 2573 0.606729 -0.262669 -0.750257 -0.00145904 -1.1262e-07 1 0 0
4293 3321 0.137818 0.500668 -0.854598 -0.0217673 -1.8347e-06 0 0 -1
1600 3654 -0.925669 0.0385464 -0.376366 -0.0111224 -8.11376e-07 0 0 0
2248 2561 0.0288906 -0.977738 0.207833 -0.00102287 -8.0086e-08 0 0 0
3859 1806 -0.088583 0.582494 -0.807993 -0.0309677 -2.84805e-06 0 0 -1
4439 2011 0.436923 -0.529137 -0.727401 -0.0144743 -1.3424e-06 0 0 0
1544 962 0.162549 -0.764819 0.623402 -0.00694202 -5.49591e-07 0 -1 0
2302 791 0.373574 -0.771848 0.514483 -0.00999251 -8.18191e-07 0 0 0
3589 2222 0.729344 -0.374029 0.572852 -0.00579436 -3.24307e-07 0 0 0
1460 458 0.879623 0.188734 0.436626 -0.0081496 -5.57429e-07 0 0 0
921 4411 0.448199 0.173228 -0.876989 -0.0112927 -9.27809e-07 -1 0 0
5341 519 0.277389 0.595418 -0.754012 -0.0276196 -2.42229e-06 0 0 0
1873 2641 -0.186966 -0.470384 -0.862428 -0.0245529 -1.80394e-06 0 0 0
1061 2389 0.183705 -0.832931 -0.521994 -0.00208512 -1.93788e-07 0 0 0
562 3432 0.495561 -0.160517 -0.853612 -0.0698506 -3.93778e-06 0 0 0
2444 2055 0.313566 -0.741071 0.593709 -0.00562941 -3.97505e-07 0 0 0
3053 4687 0.112945 0.958141 0.263076 -0.00640061 -4.78173e-07 0 0 0
3614 4183 0.507511 0.618355 -0.600058 -0.00158105 -1.19002e-07 0 0 0
1723 2030 0.689683 0.548276 -0.473002 -0.0037283 -2.80191e-07 0 0 0
4255 1091 0.632801 0.638454 0.438109 -0.0175002 -1.15377e-06 0 0 0
615 210 -0.0452358 -0.83007 0.555822 -0.00742239 -6.23313e-07 0 0 0
3834 1721 0.346892 0.417723 -0.839746 -0.0149957 -1.25124e-06 0 0 0
280 2187 0.52068 -0.85375 -0.00198379 -0.00728571 -5.55009e-07 0 0 0
2268 3517 0.87177 -0.483299 -0.0802405 -0.0109994 -8.82083e-07 0 0 0
1952 2694 0.265994 -0.352758 -0.897111 -0.00684653 -5.43497e-07 0 0 0
2525 3336 0.555456 0.562023 0.612861 -0.00407366 -3.21707e-07 0 0 1
1952 3890 0.0608144 0.164297 0.984535 -0.0106425 -7.56577e-07 0 0 0
503 1957 0.343543 0.701752 0.624117 -0.0214556 -1.38234e-06 0 0 0
694 2 0.0547558 0.714919 -0.697061 -0.00243312 -2.08945e-07 0 0 0
4275 3406 0.861194 0.507434 0.0292411 -0.00229293 -2.08891e-07 0 0 0
601 2530 0.440141 -0.373367 -0.816623 -0.0167624 -1.22777e-06 0 0 0
4725 1361 0.850154 0.148434 -0.505178 -0.0153743 -1.0534e-06 0 0 0
451 23 0.989612 0.142299 -0.0204918 -0.00510017 -3.43071e-07 0 0 0
115 3107 0.962962 -0.268595 -0.0236673 -0.00772732 -6.78142e-07 0 0 0
680 3167 0.246857 0.943607 -0.220609 -0.00812837 -5.89757e-07 0 0 0
680 4853 0.510383 -0.44623 0.735111 -0.0190508 -1.55948e-06 0 0 0
3342 4124 0.800029 -0.341286 -0.493435 -0.00140157 -9.68656e-08 0 0 0
1202 4334 0.493209 0.863176 -0.108041 -0.0238516 -2.15231e-06 0 0 0
2567 1807 0.618857 -0.144701 0.772061 -0.0138469 -9.33613e-07 0 0 0
69 4793 0.522987 -0.350342 -0.77701 -0.00744722 -5.77357e-07 0 0 0
2567 3650 0.117659 -0.292946 -0.948862 -0.0266641 -1.83256e-06 0 0 0
2152 617 0.908397 0.361993 0.209229 -0.0166014 -1.35825e-06 0 0 0
502 1847 0.59868 0.297787 0.743576 -0.0110065 -9.98545e-07 0 0 1
2756 117 0.460761 -0.157724 -0.873397 -0.0148558 -1.1846e-06 0 0 0
4126 5442 0.704995 -0.15217 -0.692695 -0.00935804 -6.39035e-07 0 0 0
754 4331 0.115877 0.386814 0.914848 -0.00540899 -4.82592e-07 0 0 0
2659 2194 0.121921 0.142824 -0.98221 -0.0357552 -2.40386e-06 0 0 0
4982 5240 0.178924 0.570888 -0.801294 -0.0134737 -1.18085e-06 0 0 0
2157 4512 0.476038 0.878436 0.041685 -0.0118029 -8.79929e-07 0 0 0
4542 800 0.504584 -0.85659 -0.107934 -0.000222527 -1.79409e-08 0 0 0
3886 2126 0.573352 -0.332676 0.748728 -0.0210803 -1.45427e-06 0 0 0
3859 1964 0.854163 -0.452192 0.256765 -0.0046488 -4.08989e-07 0 0 0
2393 153 -0.31314 0.0940346 -0.94504 -0.00863983 -6.68551e-07 0 0 0
309 3886 -0.89059 -0.412225 0.192144 -0.016528 -1.29604e-06 0 0 0
1808 3760 0.71571 0.408679 -0.566339 -0.0052731 -3.89293e-07 0 0 -1
3100 2967 0.857993 -0.0141541 -0.513466 -0.00627445 -3.40181e-07 0 0 0
4582 1252 0.132621 -0.982363 -0.131811 -0.00884392 -6.74726e-07 0 0 0
2893 4601 0.720423 0.687808 -0.0889442 -0.00114051 -9.34045e-08 0 0 0
2155 259 0.845513 -0.0875256 -0.526733 -0.00280326 -2.14254e-07 0 0 0
1377 2913 0.628145 -0.509291 -0.588266 -0.00480524 -3.11095e-07 0 0 0
1972 5274 0.205699 -0.591972 -0.779267 -0.0120748 -1.08541e-06 0 0 0
2449 3127 0.581384 -0.166679 -0.796374 -0.00325365 -2.78471e-07 1 0 0
1194 1192 0.649707 -0.289373 0.702953 -0.0244663 -1.91732e-06 0 0 0
3933 5238 0.0472251 -0.479431 -0.876308 -0.015953 -1.37951e-06 0 0 0
5375 646 0.596157 0.0735653 -0.799491 -0.0290562 -2.54109e-06 0 0 0
145 2879 0.809528 0.0965291 0.579091 -0.00390176 -3.01444e-07 0 0 0
4493 608 0.745229 0.557772 -0.365409 -0.00934375 -7.24326e-07 0 0 0
3879 614 0.323549 -0.788968 -0.522346 -0.00512633 -3.44738e-07 0 0 0
5326 2538 -0.0200868 -0.788649 0.614516 -0.00218156 -1.6693e-07 0 0 0
2771 2430 -0.00849878 -0.632939 0.774155 -0.00366633 -3.14127e-07 0 0 0
4017 1038 0.547434 0.655064 0.520776 -0.0141478 -1.19088e-06 0 0 0
3356 74 0.623922 0.104929 -0.77441 -0.000200816 -1.69956e-08 0 0 0
4017 2649 0.536851 -0.476189 -0.696445 -0.0102876 -6.53607e-07 0 0 0
966 1866 -0.87892 -0.442296 -0.178533 -0.00527652 -4.15383e-07 0 0 0
3137 4897 0.916412 -0.326898 0.230927 -0.0133259 -1.03581e-06 0 0 0
4275 2152 0.330069 -0.58952 0.737239 -0.0041673 -3.24046e-07 0 0 0
2858 5274 0.208189 0.572149 0.793286 -0.0263812 -1.78951e-06 0 0 0
3247 3310 0.416482 -0.404548 -0.814176 -0.00200285 -1.33272e-07 0 0 0
2542 2678 0.667949 -0.587738 -0.456517 -0.015931 -1.21085e-06 0 0 0
2694 4674 0.166616 -0.983272 -0.0735914 -0.0316066 -3.00074e-06 0 -1 0
1012 3086 0.694972 0.615751 -0.371302 -0.0070745 -5.88536e-07 0 0 0
246 778 -0.00105682 0.0951339 -0.995464 -0.00104937 -8.17227e-08 0 0 0
2856 1133 0.979608 0.18209 -0.0849161 -0.00574706 -5.2606e-07 0 0 0
2274 3805 0.164019 0.234292 0.95823 -0.0256917 -1.68213e-06 0 0 0
77 3432 0.685232 0.147814 0.713168 -0.0307537 -1.92946e-06 0 0 0
1790 128 0.756019 -0.491597 0.432166 -0.0108932 -8.16231e-07 0 0 0
1999 3299 0.145555 0.885707 0.440836 -0.00503469 -4.60295e-07 0 0 0
1808 5197 0.274401 -0.878758 -0.390498 -0.0117639 -8.67216e-07 0 0 0
1902 5056 0.732738 0.32805 0.59622 -0.0178066 -1.52451e-06 0 0 0
4676 3053 0.199262 0.752081 0.628226 -0.0089304 -6.74725e-07 0 0 0
2776 3878 0.126559 0.981006 -0.147002 -0.0101662 -5.99701e-07 0 0 0
145 130 -0.045767 -0.795583 0.604113 -0.00669256 -5.9845e-07 0 0 0
5442 612 0.0147193 0.849553 0.527297 -0.00829786 -5.6542e-07 0 0 0
4015 3531 0.0659761 -0.672203 -0.737421 -0.00405715 -3.08506e-07 0 0 0
1601 4561 0.761908 -0.512031 -0.396636 -0.00961137 -6.69233e-07 0 0 0
344 4485 0.373178 -0.905651 0.20133 -0.0045215 -3.51312e-07 0 0 0
3400 4890 0.572888 -0.756535 -0.315364 -0.00980626 -7.79317e-07 0 0 0
145 4211 0.912824 0.239701 -0.3306 -0.0181363 -1.67483e-06 0 0 0
2190 2173 -0.080917 0.208708 -0.974625 -0.020444 -1.53979e-06 0 0 0
736 5444 0.721695 -0.443104 0.531804 -0.00432837 -3.86628e-07 0 0 0
5497 2505 0.732312 0.0824943 -0.675954 -0.0126648 -1.02892e-06 0 0 0
39 1428 0.850221 -0.306742 -0.427824 -0.00785494 -6.69349e-07 0 0 0
5497 3606 0.491425 0.409643 0.768566 -0.0118457 -9.31003e-07 0 0 0
3952 4460 0.546926 0.0087251 0.837135 -0.0090184 -7.891e-07 0 0 0
3957 5388 -0.010288 0.978001 0.208345 -0.00782297 -6.35904e-07 0 0 0
1546 1375 0.938709 0.113644 0.325439 -0.0110454 -8.6632e-07 0 0 0
3420 4524 0.0471635 0.18437 0.981725 -0.0434263 -3.31391e-06 0 0 0
3959 3164 0.282232 -0.937106 0.205369 -0.00753459 -4.42953e-07 0 0 0
3420 2152 -0.127219 0.387741 -0.912947 -0.0333719 -2.70145e-06 0 0 -1
924 2444 0.812584 0.286364 -0.507644 -0.011549 -9.12006e-07 0 0 0
308 3776 0.740682 -0.614121 0.272479 -0.00330844 -3.13833e-07 0 0 0
3243 4425 0.372467 -0.780899 -0.501464 -0.0147214 -9.75584e-07 0 0 0
4787 1283 0.315801 0.827867 0.463579 -0.00154195 -8.60545e-08 0 0 0
527 1458 0.712314 -0.000131105 -0.701861 -0.024947 -2.04048e-06 0 0 0
527 3259 0.388682 -0.360167 0.84806 -0.00860212 -6.16164e-07 0 0 0
1722 3117 0.768766 0.00220256 0.639526 -0.00733659 -5.49908e-07 0 0 0
1041 5322 0.695487 0.552826 0.458999 -0.0148194 -1.1438e-06 0 0 0
1977 69 -0.118267 -0.724888 -0.678639 -0.0189943 -1.43811e-06 0 0 0
1062 2880 0.516957 -0.522292 0.678209 -0.0148578 -1.28186e-06 0 0 0
1977 1233 0.53375 -0.821001 0.202654 -0.0173524 -1.36825e-06 0 0 0
1645 2673 0.813819 0.509818 0.278897 -0.00406467 -3.00165e-07 0 0 0
4841 2858 0.12905 0.156679 0.979182 -0.0245431 -2.0325e-06 0 0 0
3201 5181 0.758077 -0.161029 -0.631972 -0.00216345 -1.95637e-07 0 0 0
5080 3713 0.569269 -0.744756 0.348239 -0.0130501 -9.64784e-07 0 0 0
307 5231 0.672175 -0.73106 0.117188 -0.00221191 -1.76804e-07 0 0 0
3201 3100 0.219412 0.182817 0.958351 -0.00307048 -2.91633e-07 0 0 0
3167 4749 0.503067 -0.500434 0.70462 -0.0106522 -8.23426e-07 0 0 0
578 4334 0.196635 0.305858 -0.93155 -0.0110463 -9.64646e-07 0 0 0
3283 5407 0.136779 0.628462 0.76572 -0.0134032 -1.22046e-06 0 0 0
1443 1460 0.438682 -0.885249 0.154572 -0.00236606 -1.51184e-07 0 0 0
4734 4124 0.426398 0.541696 0.724396 -0.010565 -8.27804e-07 0 0 0
4399 4903 0.854894 -0.509483 0.0978977 -0.00338054 -2.64544e-07 1 0 0
1446 606 0.0574011 -0.190822 -0.979945 -0.0217822 -1.39455e-06 0 0 0
167 202 0.582937 -0.791002 0.185742 -0.00515875 -4.8334e-07 0 0 0
167 3590 0.85581 0.516699 0.0247037 -0.0129814 -8.60465e-07 0 0 1
2659 2599 0.0805418 -0.714559 -0.694924 -0.0224049 -2.05961e-06 0 0 0
1178 4120 0.49346 -0.619827 0.610174 -0.00356125 -3.34355e-07 0 0 0
5371 1285 0.729993 -0.456876 -0.508306 -0.00547988 -4.18165e-07 0 0 0
5520 2585 0.216893 -0.214849 -0.952259 -0.00821626 -6.08446e-07 0 0 0
3488 3137 0.169791 -0.862082 0.477478 -0.000532561 -4.57823e-08 0 0 0
1179 1 0.870235 0.317688 0.376517 -0.00763974 -6.38421e-07 0 0 0
2154 2572 0.283945 0.50424 0.815547 -0.00246917 -1.86476e-07 0 0 0
2787 1808 0.433287 -0.279535 -0.85681 -0.0260047 -1.83865e-06 0 0 0
1771 203 -0.0448348 0.396856 -0.916785 -0.00512083 -3.73464e-07 0 0 0
1020 2362 0.761577 0.439432 0.47634 -0.00324122 -2.8098e-07 0 1 0
131 680 0.378539 0.677526 0.630608 -0.00335027 -2.69657e-07 0 0 0
4294 1370 0.331029 0.390315 -0.859113 -0.0126957 -9.10319e-07 0 0 0
23 2303 0.363323 0.214114 0.906726 -0.0317176 -2.56729e-06 0 1 0
23 4881 0.157263 -0.779336 0.606551 -0.0417845 -2.31491e-06 0 0 0
1957 5194 0.440963 0.437473 0.783689 -0.0174639 -1.20125e-06 0 0 0
4558 126 0.45579 -0.630413 0.628358 -0.00786438 -6.23152e-07 0 0 0
5111 2307 0.174773 0.772775 0.610142 -0.0231034 -1.66255e-06 0 0 0
3878 69 0.51172 0.756128 -0.407938 -0.00880603 -7.7067e-07 0 0 0
954 665 -0.361554 -0.475924 -0.801732 -0.00460663 -3.45226e-07 0 0 0
2283 5205 0.444601 0.558565 -0.700239 -0.00190905 -1.55074e-07 0 0 0
5241 4524 0.465119 -0.868792 -0.169894 -0.00546694 -4.37502e-07 0 0 0
1317 1455 0.871797 -0.319569 0.371276 -0.00794611 -6.11983e-07 0 0 0
5341 119 0.704307 -0.508966 -0.494879 -0.00568458 -4.91211e-07 0 0 0
4826 5199 0.417203 -0.136769 -0.898463 -0.0210756 -1.73166e-06 0 0 0
2183 1132 0.145369 0.553704 -0.819926 -0.0319985 -2.34034e-06 0 0 0
4693 881 0.851934 0.481517 -0.205791 -0.00712747 -5.31732e-07 0 0 0
5422 952 0.48899 0.598351 0.634717 -0.00340295 -2.77129e-07 0 0 0
3054 2160 0.539352 0.0847966 0.8378 -0.00984218 -7.41079e-07 0 0 0
2095 3669 0.266673 -0.910435 -0.316219 -0.0252516 -2.07489e-06 0 0 0
1843 1002 0.877293 0.253782 -0.407371 -0.000711525 -4.24456e-08 0 0 0
3195 5067 0.831708 -0.49886 -0.243722 -0.00826653 -6.8794e-07 0 0 0
3617 2877 -0.817893 -0.570706 0.0731197 -0.00196905 -1.18628e-07 -1 -1 0
312 1280 0.419808 -0.901087 -0.108642 -0.00680283 -5.75781e-07 0 0 0
4565 1868 0.564794 0.198197 -0.801078 -0.0136808 -9.12862e-07 0 0 0
571 2202 0.382428 0.245304 -0.890828 -0.0152085 -1.20916e-06 0 0 0
2742 721 0.012604 -0.54342 0.839366 -0.0087657 -5.93691e-07 0 0 0
871 4565 0.602397 -0.736272 -0.308255 -0.00619073 -4.23995e-07 0 0 0
2019 4330 0.53627 -0.777947 0.327434 -0.00963076 -8.0699e-07 0 0 0
962 1121 0.708002 -0.427385 0.562206 -0.00726051 -5.91954e-07 0 0 0
5388 952 0.550396 0.00329925 -0.834897 -0.0125863 -1.09308e-06 0 0 0
3893 2847 0.408607 -0.0415529 0.911764 -0.00772222 -5.46324e-07 0 0 0
747 4849 0.720817 -0.692857 0.0192666 -0.00398866 -2.67817e-07 0 0 0
503 3336 0.919102 -0.311834 -0.240854 -0.0108486 -9.06289e-07 0 -1 0
2912 5044 0.823087 -0.0904553 0.560665 -0.011936 -9.75248e-07 0 0 0
5418 4614 0.787386 0.615517 0.0340915 -0.00409865 -3.08582e-07 0 0 0
2117 5122 0.0762811 -0.861802 -0.501477 -0.0131543 -1.11597e-06 0 0 0
1705 4322 0.850525 -0.398301 -0.343457 -0.00237492 -1.75338e-07 0 0 0
2117 5124 0.190858 0.857774 -0.477281 -0.00819769 -6.02121e-07 0 0 0
2117 39 0.188555 -0.0897623 0.977952 -0.0212376 -1.55993e-06 0 0 0
4233 2400 0.449604 -0.594827 -0.666361 -0.0214563 -1.72804e-06 0 0 0
4549 2815 0.106968 -0.682852 -0.722683 -0.0140321 -9.90176e-07 0 0 0
3805 5059 0.679698 -0.34821 -0.64557 -0.0127617 -1.06056e-06 0 0 0
2908 3886 0.868378 -0.493166 -0.0520283 -0.00437487 -3.11157e-07 0 0 0
2743 2178 0.27505 0.851259 -0.446885 -0.00956249 -7.69199e-07 0 0 0
1259 280 0.891725 -0.265763 -0.366329 -0.0105093 -6.53425e-07 0 0 0
2205 1372 0.0930877 0.946194 -0.309921 -0.0026718 -2.18168e-07 0 0 0
5418 4664 0.202678 0.703527 -0.681154 -0.0104495 -8.89328e-07 0 0 0
2205 2737 0.667676 0.561919 0.488318 -0.00752664 -6.45789e-07 0 0 0
2276 336 0.637483 0.410802 0.65181 -0.0104573 -6.96803e-07 0 0 0
4138 398 0.541617 0.318724 -0.77786 -0.00605358 -4.42285e-07 0 0 0
528 2781 0.547614 -0.761651 0.346421 -0.00154041 -9.20114e-08 0 0 0
4094 482 0.405803 0.461758 0.788735 -0.010511 -8.52181e-07 0 0 0
3275 3281 0.984614 -0.173748 0.0186103 -0.00149526 -9.27581e-08 0 0 0
4094 229 0.367983 0.143901 -0.91863 -0.00540009 -4.209e-07 0 0 0
3179 4238 0.650624 0.281831 0.705166 -0.0176318 -1.27861e-06 0 0 0
4261 1806 0.280106 -0.43158 -0.857484 -0.0151084 -1.21091e-06 0 0 0
519 1510 0.227027 -0.450756 -0.863295 -0.0404315 -2.26921e-06 0 0 0
4261 3859 0.318891 -0.941136 0.112123 -0.00224968 -2.18006e-07 0 0 1
4732 3725 0.762901 -0.528572 0.372281 -0.0211468 -1.79794e-06 0 0 0
5124 3389 0.853818 0.119701 -0.506623 -0.00184513 -1.39778e-07 0 0 0
3243 3279 -0.128814 0.210708 -0.969025 -0.025961 -2.21212e-06 0 0 0
4732 5520 0.0352393 0.976964 0.210477 -0.00503479 -3.71355e-07 0 0 0
354 3517 0.0919618 0.627377 -0.773267 -0.0226184 -1.82561e-06 0 0 0
354 2689 0.287383 -0.622867 0.727632 -0.012529 -9.95522e-07 0 0 0
354 4183 0.512126 0.422897 0.747586 -0.0237294 -1.51588e-06 0 0 0
1129 4168 0.525188 -0.160949 0.835627 -0.00759342 -5.03076e-07 0 0 0
1129 1962 0.349579 -0.864616 -0.36088 -0.00392521 -2.84241e-07 0 0 0
1129 2271 0.0600862 0.821985 -0.566331 -0.00739276 -4.78761e-07 0 0 0
270 3379 0.329424 0.0956903 -0.939321 -0.00269481 -1.88575e-07 0 0 0
5478 3633 0.033947 0.9399 -0.339759 -0.0032533 -2.53526e-07 0 0 0
2123 3356 0.782308 0.299562 0.546129 -0.00923315 -7.82733e-07 0 0 0
2123 2982 0.459816 -0.669123 -0.583818 -0.00683555 -5.94276e-07 0 0 0
2123 5274 0.223219 -0.535688 0.814378 -0.0257281 -1.68814e-06 0 0 0
5055 1783 0.798211 0.482955 0.360018 -0.0130388 -8.7718e-07 0 0 0
721 4934 0.0658064 0.190338 0.979511 -0.0167648 -1.26289e-06 0 0 0
3321 3406 0.332114 -0.00294878 -0.943235 -0.0134093 -1.27143e-06 0 0 0
721 3953 0.721405 -0.692164 -0.0219894 -0.00568386 -3.36122e-07 0 0 0
2323 4986 0.818829 -0.144798 -0.555475 -0.0115572 -8.597e-07 0 0 0
576 4017 0.58137 0.389446 0.714381 -0.00600648 -4.792e-07 0 0 0
2801 585 -0.413425 0.0802778 -0.906993 -0.0111209 -9.69984e-07 0 0 0
717 653 0.188768 0.70786 -0.680662 -0.0030696 -2.10186e-07 0 0 -1
899 2404 0.345494 0.127003 -0.929787 -0.0151815 -1.24846e-06 0 0 0
728 4812 0.709341 0.650151 0.272284 -0.00155319 -1.39227e-07 0 0 0
3558 4930 -0.0877505 -0.58256 -0.808037 -0.00419362 -3.18338e-07 0 0 0
3452 1714 0.90522 0.0218409 -0.424381 -0.00178314 -1.14704e-07 0 0 0
4810 4349 0.929357 0.105955 0.35365 -0.00137941 -1.09876e-07 0 -1 0
1653 5481 0.413047 -0.844713 -0.34037 -0.0469889 -4.24606e-06 0 0 -1
4725 2997 0.391312 0.89054 0.231976 -0.00338611 -2.65501e-07 0 0 0
2422 4897 -0.0995293 0.611081 -0.785286 -0.0115489 -7.96288e-07 0 0 0
991 3408 0.395294 -0.896077 0.201961 -0.000436345 -3.80981e-08 0 0 0
1779 2852 0.362171 0.305712 0.880553 -0.0109192 -8.60001e-07 0 0 0
4448 4287 0.262198 0.380127 0.886993 -0.017465 -1.12722e-06 0 0 0
5055 5520 -0.0060048 -0.231045 -0.972925 -0.0201398 -1.53954e-06 0 0 0
3164 1933 0.322241 0.74527 0.583724 -0.00165126 -9.70685e-08 0 0 0
2459 5293 0.538506 0.119075 0.834166 -0.00140156 -9.57504e-08 0 0 0
2108 1915 -0.653848 0.309234 -0.690549 -0.00659732 -5.01505e-07 0 0 0
3832 2599 0.670359 -0.187924 0.717846 -0.00877673 -7.23192e-07 1 0 0
1103 1469 0.314878 -0.855153 -0.411784 -0.00594478 -5.01073e-07 0 0 0
4660 4878 0.947892 -0.187589 -0.25751 -0.00231248 -1.76026e-07 0 0 0
4149 1706 -0.0373816 0.63761 -0.769452 -0.0133736 -1.15007e-06 0 0 0
931 3118 0.950957 -0.0347914 -0.307362 -0.0134069 -1.17372e-06 0 0 0
3835 2030 0.238067 -0.526126 0.816404 -0.0384487 -2.38481e-06 0 0 0
2177 5488 0.955304 0.0772633 -0.28535 -0.00209457 -1.62893e-07 1 0 0
3835 1785 0.612571 0.0610421 -0.788055 -0.032058 -2.03384e-06 0 0 0
3299 1190 0.759749 0.36139 0.540536 -0.00634407 -6.01999e-07 0 0 0
1561 2345 0.705207 0.690796 -0.159637 -0.00214314 -1.87377e-07 0 0 0
5172 4322 0.299985 0.675805 -0.673273 -0.0332343 -2.47141e-06 0 0 0
922 1954 -0.0292055 0.731695 0.681007 -0.0561408 -3.86215e-06 0 0 0
1187 3873 0.859065 0.44783 0.247901 -0.0182707 -1.27029e-06 0 0 0
3920 5351 0.0827165 0.84765 -0.524069 -0.00652488 -4.71648e-07 0 0 0
1100 3819 0.514045 -0.5242 0.67895 -0.00269086 -2.58008e-07 0 0 0
308 4347 0.859219 0.498109 -0.116753 -0.00298383 -2.30996e-07 0 0 0
5401 3438 0.734472 -0.39415 0.552446 -0.0124673 -8.1294e-07 0 0 0
1480 454 0.312335 0.394439 -0.864213 -0.0140452 -1.02814e-06 0 0 0
3244 612 0.700971 -0.430211 0.568821 -0.0075528 -6.14674e-07 0 0 0
4744 3180 0.542946 -0.487742 -0.683607 -0.00997556 -9.6184e-07 0 0 0
4252 1679 0.249903 0.46976 -0.846684 -0.000203606 -1.55986e-08 0 1 0
2017 5003 0.893991 -0.154236 -0.420702 -0.013314 -1.12743e-06 0 0 0
4238 1807 0.907548 -0.131507 -0.398826 -0.00813978 -6.08994e-07 0 0 0
2194 3167 0.406732 0.150419 -0.901079 -0.0163987 -1.14467e-06 0 0 0
653 3590 0.655754 -0.735777 -0.169171 -0.00236712 -1.59309e-07 0 0 1
2014 4468 0.292709 0.453654 0.841736 -0.0230129 -1.6652e-06 0 0 0
4283 562 0.354815 -0.918202 0.176102 -0.013229 -1.08729e-06 0 0 0
2014 4017 0.292308 -0.937048 -0.191041 -0.0138824 -1.00097e-06 0 0 0
751 11 0.306242 -0.00742354 -0.951925 -0.00615506 -4.86372e-07 0 0 0
2014 4826 0.0999039 0.67233 -0.733479 -0.0180197 -1.21066e-06 0 0 0
4112 1216 0.832613 -0.53675 0.136583 -0.00372792 -2.1758e-07 0 0 0
3522 3670 0.400451 0.91092 -0.099313 -0.00900125 -6.36964e-07 0 0 0
1173 1258 0.633516 -0.112577 0.765496 -0.00697835 -5.81319e-07 0 0 1
75 736 0.67402 -0.286631 0.680837 -0.00935828 -6.54286e-07 0 0 0
75 4708 0.571234 0.672721 -0.470253 -0.0196212 -1.48375e-06 0 0 0
3566 2766 0.589179 -0.792299 -0.158525 -0.00338705 -2.5557e-07 1 0 0
4096 789 0.602724 -0.190504 -0.774875 -0.000264025 -1.5732e-08 0 0 0
1396 1839 0.796144 0.396692 -0.456936 -0.00817221 -5.41873e-07 0 0 0
1859 557 0.393639 0.817171 -0.421046 -0.0235783 -1.44654e-06 0 0 0
1522 3150 0.319631 -0.13207 -0.938293 -0.0176485 -1.59418e-06 0 0 0
4290 1460 0.358915 -0.057222 0.931614 -0.0120921 -8.8884e-07 0 0 0
1522 646 0.410964 0.853566 -0.32021 -0.00520084 -4.76494e-07 0 0 0
1522 2023 0.62325 -0.778685 0.0721743 -0.00222276 -1.7112e-07 0 0 0
4290 924 0.228241 -0.466744 -0.854433 -0.00435565 -3.41721e-07 0 0 0
593 3438 0.46252 -0.18328 -0.867458 -0.023599 -2.00414e-06 0 0 0
1756 1946 0.364995 -0.699399 0.614508 -0.0236244 -1.8733e-06 0 0 0
1939 1161 0.111142 0.199029 -0.973671 -0.0411312 -3.01898e-06 0 0 0
1993 4890 0.953217 0.299602 0.0402057 -0.0119718 -9.34757e-07 0 0 0
955 867 0.542991 0.420184 -0.727053 -0.0533235 -3.65961e-06 0 1 0
3485 667 0.466075 0.484927 0.740013 -0.021394 -1.43726e-06 0 0 0
955 23 0.216078 -0.448154 0.867449 -0.0650241 -4.74384e-06 0 0 0
2673 2149 0.677281 -0.707328 0.202427 -0.0118591 -9.52942e-07 0 -1 0
1510 1436 0.621775 0.581428 0.524725 -0.00711866 -6.55158e-07 0 0 0
5384 1506 0.60097 0.00875712 -0.799224 -0.0108098 -6.90497e-07 0 0 0
1248 5487 0.614757 -0.0382278 0.78779 -0.0162218 -1.30854e-06 0 0 0
167 1653 -0.0559426 -0.580297 0.812481 -0.0335659 -1.94919e-06 0 0 1
3163 1424 0.33993 -0.613194 0.71305 -0.0149221 -9.31232e-07 0 0 0
1476 270 0.276524 -0.744424 -0.607755 -0.00119796 -6.72254e-08 0 0 0
2235 3745 0.270152 -0.814149 0.513983 -0.00776254 -5.919e-07 0 0 0
3490 1105 0.904765 -0.125632 0.40696 -0.00830308 -5.80192e-07 0 0 0
3725 3925 -0.0366323 0.919797 0.39068 -0.001125 -8.06259e-08 0 0 0
876 489 0.511341 -0.567216 -0.645598 -0.0213746 -1.28937e-06 0 0 0
4692 2619 0.143501 -0.908405 -0.392694 -0.00930928 -7.6546e-07 0 0 0
3963 4595 0.542499 0.540379 -0.643184 -0.00428276 -2.95417e-07 0 0 0
2518 4455 0.298632 -0.270082 -0.915355 -0.0115348 -8.61588e-07 0 0 0
2585 2893 0.748594 0.0831106 0.6578 -0.000859279 -6.29083e-08 0 0 0
3114 1252 0.0467259 0.52709 -0.848524 -0.00350918 -2.53746e-07 0 0 0
1281 2009 0.749184 -0.525829 0.402775 -0.00972106 -7.4098e-07 0 0 0
4322 4822 0.543722 0.549906 -0.634011 -0.0115601 -8.50865e-07 0 0 0
5358 924 0.43426 -0.587324 0.682985 -0.00302319 -2.43403e-07 0 0 0
2782 3046 0.755048 -0.646839 0.107246 -0.00641789 -4.48759e-07 0 0 0
4734 4725 0.221235 -0.52885 -0.819373 -0.0133076 -1.072e-06 0 0 -1
3120 4015 0.776755 0.626668 0.0627633 -0.000775171 -5.82857e-08 0 0 0
2927 3640 0.113712 -0.149191 -0.982248 -0.0132783 -1.02051e-06 0 0 0
4918 905 0.442194 0.718868 -0.53637 -0.00584496 -3.91306e-07 0 0 0
2537 4402 0.37161 0.449654 -0.81223 -0.00585405 -5.11388e-07 0 0 0
1476 3406 0.718036 -0.139943 0.681792 -0.0025412 -1.47261e-07 0 0 0
3180 3316 0.640243 0.393016 0.660021 -0.00280408 -2.3642e-07 0 0 0
5429 1307 0.788318 0.59972 -0.137447 -0.00249459 -2.26673e-07 0 1 0
1808 807 0.449948 -0.402082 0.797419 -0.0223815 -1.74825e-06 0 0 0
4166 1163 0.776784 0.294841 -0.556485 -0.00855296 -6.68247e-07 0 0 0
2766 5347 0.0884151 -0.772511 -0.628816 -0.000623118 -4.96617e-08 0 0 0
2766 1510 0.394838 0.886984 -0.239505 -0.0241913 -2.04795e-06 0 0 0
4166 1057 0.222694 0.961327 0.162044 -0.0150156 -1.18963e-06 0 0 0
4092 3074 0.165499 0.234906 -0.957825 -0.0179438 -1.24633e-06 0 0 0
2766 1546 0.908218 -0.355278 0.221174 -0.0090904 -7.18731e-07 0 0 0
3416 1121 0.494194 0.601598 0.627576 -0.0206856 -1.51924e-06 0 0 0
2652 3438 0.834809 0.526199 0.161888 -0.00733541 -4.21516e-07 0 0 0
2511 3677 -0.00760771 -0.696779 -0.717245 -0.00873939 -6.79625e-07 0 0 0
3590 3194 -0.146483 -0.604348 0.783139 -0.0149658 -1.03845e-06 0 0 0
2595 3164 0.795075 -0.214616 0.567271 -0.00181468 -1.42488e-07 0 0 0
996 747 0.56278 0.826579 -0.00674903 -0.0157197 -1.13012e-06 0 0 0
996 2503 0.66244 -0.74766 -0.0466654 -0.0156872 -1.17841e-06 0 0 0
4637 2585 0.239934 -0.848825 0.471092 -0.00910971 -6.5619e-07 0 0 0
2566 5078 0.79632 -0.162913 0.582523 -0.0156971 -1.09493e-06 0 0 0
526 527 0.722647 0.665907 0.185333 -0.00471243 -4.24672e-07 0 0 0
2787 580 0.410686 0.851336 0.326441 -0.00966098 -7.05441e-07 0 0 0
5084 5115 0.960238 -0.279045 -0.00873427 -0.00686945 -5.10713e-07 0 0 0
4755 2873 0.49502 -0.0364418 -0.868117 -0.00604259 -4.62288e-07 0 0 0
5084 4562 0.671327 0.550056 -0.496748 -0.0146434 -1.01857e-06 0 0 0
5090 2688 0.102788 -0.0819775 0.991319 -0.0044275 -3.46647e-07 0 0 0
579 2631 0.411429 -0.482292 -0.773383 -0.00726255 -5.39434e-07 0 0 0
2702 5485 0.337457 -0.497728 0.798993 -0.0192498 -1.40371e-06 0 0 0
2691 4499 0.238396 -0.830902 -0.502761 -0.0178566 -1.10245e-06 0 0 0
1523 3275 0.975791 -0.078737 -0.204041 -0.00167704 -1.46262e-07 0 0 0
5270 4189 0.408638 -0.638281 0.65239 -0.00383905 -3.21518e-07 0 0 0
3039 5468 0.735672 0.26065 -0.625179 -0.00299914 -2.37505e-07 0 0 0
2571 1197 0.668993 -0.559193 -0.489644 -0.00117158 -9.22599e-08 0 0 0
3416 3150 0.152777 -0.281964 0.947183 -0.00223848 -1.4873e-07 0 0 0
1521 3415 0.467498 -0.883772 0.0198252 -0.0068209 -5.08471e-07 0 0 0
7 3725 0.667586 0.0989036 -0.737934 -0.0342247 -1.89764e-06 0 0 0
3616 2599 0.174009 0.790201 0.587626 -0.0193821 -1.79887e-06 0 0 0
4899 4524 0.35571 0.317454 -0.87903 -0.0339732 -2.51236e-06 0 0 0
5518 4647 0.789316 -0.541415 0.289569 -0.00460964 -3.61223e-07 0 0 0
5030 1190 0.710024 -0.454426 -0.537925 -0.00961507 -6.30374e-07 0 0 0
4473 5487 0.236681 0.614384 -0.752672 -0.011182 -8.74032e-07 0 0 0
539 4171 0.332645 0.717273 -0.612264 -0.0346897 -2.72597e-06 0 0 0
5120 2586 0.396511 -0.66999 -0.627609 -0.0094448 -6.13846e-07 0 0 0
2999 2536 0.313837 -0.265074 -0.911725 -0.000455248 -3.39951e-08 0 0 0
3403 4761 0.229179 -0.769718 -0.595828 -0.0134493 -9.31116e-07 0 0 0
3796 233 0.250489 0.95324 0.169082 -0.0038498 -3.4823e-07 0 0 0
480 4008 0.192292 0.668186 -0.718715 -0.00847654 -5.18226e-07 0 0 0
3824 335 0.585846 0.71733 -0.377125 -0.00974588 -7.99429e-07 0 0 0
1546 2538 -0.121802 0.404847 -0.906236 -0.00694718 -5.73664e-07 0 0 0
788 3963 0.528529 -0.0288751 0.848424 -0.00258215 -1.92953e-07 0 0 0
4091 3914 0.300005 -0.949959 -0.0870373 -0.00876541 -5.25577e-07 0 -1 0
5050 3650 0.70981 -0.295342 0.639487 -0.00265104 -1.98638e-07 0 0 0
4011 5068 0.53959 0.325194 -0.776589 -0.0323864 -2.21061e-06 0 0 0
4549 2744 0.311229 -0.0800324 0.946959 -0.0101784 -6.39145e-07 0 0 0
3330 4378 0.492045 -0.477889 0.727677 -0.0103637 -7.0026e-07 0 0 0
1542 5506 0.920166 -0.11063 -0.375573 -0.0178074 -1.28075e-06 1 0 0
1937 891 -0.265694 0.224605 -0.937528 -0.0217982 -1.62932e-06 0 0 0
3913 5084 0.248852 0.502899 0.827747 -0.00299469 -2.18502e-07 0 0 0
3508 1480 0.128417 0.605929 0.785085 -0.0319992 -2.2551e-06 0 0 0
612 3485 0.579756 0.536379 0.613335 -0.0124716 -8.57681e-07 0 0 0
5407 489 0.486634 0.325038 0.810887 -0.0298255 -2.8732e-06 0 0 0
5078 4796 0.985312 0.151593 -0.0786152 -0.0132934 -9.71891e-07 0 0 0
4936 2010 0.493029 0.422628 -0.760465 -0.0174866 -1.4252e-06 0 0 0
3508 1364 0.909024 -0.186727 -0.372569 -0.0324574 -2.11155e-06 0 0 0
1369 133 0.88277 -0.469486 0.0173475 -0.00272901 -2.28611e-07 0 0 0
3517 1072 0.541377 0.760923 -0.35764 -0.0142842 -1.05692e-06 0 0 0
1152 946 0.399861 -0.495798 0.770906 -0.0156724 -1.26254e-06 0 0 0
1443 2071 0.626584 0.177446 0.758884 -0.00916212 -7.792e-07 0 0 0
4787 3167 0.218397 -0.929896 0.295966 -0.00117588 -8.87101e-08 0 0 0
1443 4101 0.305483 0.276668 -0.911117 -0.00787397 -6.74309e-07 0 0 0
1678 1742 0.43935 0.742535 0.505583 -0.0336446 -2.33805e-06 0 0 0
2010 5059 0.665082 0.711156 -0.227866 -0.00860135 -6.48017e-07 0 0 0
2389 5442 0.566791 0.458838 0.684263 -0.0105406 -8.09195e-07 0 0 0
109 4224 0.18811 0.345211 -0.91948 -0.0211186 -1.83615e-06 0 0 0
677 3491 0.401077 -0.863816 -0.304892 -0.00814114 -5.52752e-07 0 -1 0
1954 810 0.414962 0.776091 0.474858 -0.029374 -2.4367e-06 0 0 0
1954 1072 0.443472 -0.458525 0.770122 -0.0150292 -1.15897e-06 0 0 0
1954 3511 0.750982 0.286637 -0.594866 -0.0153619 -1.13887e-06 0 0 0
539 493 0.605149 -0.606413 0.515808 -0.00202524 -1.57026e-07 0 0 0
3924 4732 0.486944 -0.254689 -0.835475 -0.00158073 -1.27045e-07 0 0 0
4650 4237 0.364984 -0.159807 -0.917196 -0.0342475 -2.69125e-06 0 0 0
5165 4448 0.392116 0.524086 0.756028 -0.0123993 -1.17126e-06 0 0 0
2628 5030 -0.0271214 -0.283408 -0.958616 -0.0298024 -1.90681e-06 0 0 0
4868 5386 0.725987 0.521689 -0.448088 -0.0251828 -1.6641e-06 0 0 0
907 3977 0.697742 0.626782 0.346842 -0.00779953 -5.99807e-07 0 0 0
1021 1990 0.197934 -0.663732 0.721306 -0.0156809 -9.59246e-07 0 0 0
2129 5241 0.0670675 -0.093032 -0.993402 -0.0155906 -1.21338e-06 0 0 0
4524 4967 0.930115 -0.290432 0.224802 -0.018089 -1.49954e-06 0 0 0
1021 1364 0.711503 0.16613 0.682762 -0.0140969 -9.69429e-07 0 0 0
1051 645 0.727325 -0.381541 0.57046 -0.0162667 -9.54361e-07 1 0 0
4538 562 0.643836 -0.381588 -0.663224 -0.0437305 -3.90291e-06 0 0 0
3451 4331 0.20715 -0.251473 -0.945437 -0.0107058 -9.21999e-07 0 0 0
4538 5111 0.414502 0.149711 0.89765 -0.0147867 -1.27728e-06 0 0 0
2984 1971 0.204925 0.35135 0.913542 -0.00653152 -4.9223e-07 0 0 0
2728 3194 0.493177 0.0248143 -0.869575 -0.02777 -2.19272e-06 0 0 0
5259 2199 0.592235 -0.388171 0.706103 -0.0105248 -7.10957e-07 1 0 0
243 2088 0.963352 -0.172987 0.205011 -0.0112147 -7.26771e-07 0 0 0
5080 1332 0.27542 0.657749 -0.701078 -0.013397 -9.39919e-07 0 0 0
1883 3560 0.784554 0.0301788 -0.619325 -0.00743404 -6.26754e-07 0 0 0
677 4599 0.821763 -0.0848192 -0.563481 -0.0044476 -3.87021e-07 0 0 0
377 4116 0.598044 0.394789 0.697485 -0.0142005 -1.11133e-06 0 0 1
1938 2658 0.58158 0.323738 -0.746297 -0.00304814 -1.91277e-07 0 0 0
5182 4232 0.598447 -0.800969 0.0175989 -0.00407702 -2.75347e-07 0 -1 0
521 4695 -0.13475 0.00999627 -0.990829 -0.0170384 -1.08117e-06 0 0 0
530 1757 0.491476 -0.0847123 -0.866761 -0.0262284 -1.85495e-06 0 0 0
1142 487 0.052282 0.960246 -0.274216 -0.000242778 -1.97912e-08 0 0 0
1103 3382 -0.0316043 0.770995 -0.636056 -0.00635607 -4.10274e-07 0 0 0
3857 2056 0.318226 0.817273 -0.480414 -0.00735567 -4.63215e-07 0 0 0
1632 1151 0.229431 -0.700969 0.675281 -0.00543105 -4.37003e-07 0 0 0
3981 3123 0.686727 0.00947721 -0.726854 -0.0132697 -1.07211e-06 0 0 0
3859 333 0.0441568 -0.0469442 0.997921 -0.0527586 -4.00704e-06 0 0 0
4923 5456 0.724245 -0.687481 -0.053281 -0.00146278 -1.18919e-07 0 0 0
2599 3793 0.866405 0.428765 0.255936 -0.00032092 -2.5551e-08 0 0 0
1480 3789 0.32751 0.193733 0.924773 -0.0331738 -2.41484e-06 0 0 0
3834 2769 0.0204114 0.789439 0.613489 -0.00720185 -5.11332e-07 0 0 0
5421 166 0.0297331 0.206371 -0.978022 -0.000275646 -1.77941e-08 0 0 0
3878 4644 0.978081 -0.0957735 -0.184893 -0.00701213 -5.53643e-07 0 0 0
3194 3845 0.673719 -0.386546 -0.62983 -0.0188138 -1.37236e-06 0 0 -1
3150 2737 0.241533 -0.969741 0.0355624 -0.0139889 -1.02631e-06 0 0 0
406 2349 0.287232 -0.722185 -0.629243 -0.000291038 -1.93355e-08 0 0 0
3306 5119 0.193117 0.529069 -0.826312 -0.00236475 -1.71917e-07 0 0 -1
1842 4468 0.361045 -0.644335 -0.674151 -0.0351206 -2.02201e-06 0 0 0
1842 3859 0.471641 0.278749 0.836573 -0.0278331 -1.67718e-06 0 0 1
1842 7 0.154813 0.688824 -0.708205 -0.0250142 -1.47501e-06 0 0 0
4815 3580 0.479266 0.800405 0.360077 -0.00629197 -5.43151e-07 0 0 0
4815 3760 0.477811 -0.555921 -0.680183 -0.00183566 -1.40362e-07 0 0 -1
635 2271 0.436686 -0.817498 0.375502 -0.00899148 -7.467e-07 0 0 0
3357 3740 0.196876 0.300252 -0.933321 -0.0351388 -2.84401e-06 0 1 0
4087 2524 0.873792 0.296244 0.385652 -0.0140183 -1.20619e-06 0 0 0
5399 604 -0.195886 -0.00477375 -0.980615 -0.0079619 -6.2054e-07 0 0 -1
350 1100 0.469265 0.425897 0.773564 -0.00446709 -3.8569e-07 0 0 0
5514 2333 0.309144 0.304169 0.901061 -0.00182569 -1.26763e-07 0 0 0
5437 2167 0.850722 0.0860623 -0.518522 -0.00542086 -4.21428e-07 0 0 0
2761 1071 0.418006 -0.717156 -0.557636 -0.019934 -1.21558e-06 0 0 0
5067 1259 0.748392 -0.559329 0.356456 -0.00879606 -6.34619e-07 0 0 0
1972 3450 0.723576 0.0454958 0.688743 -0.0120634 -9.62369e-07 0 0 1
3114 420 0.619485 0.320405 0.716644 -0.0436916 -2.70468e-06 0 0 0
3244 4038 0.79072 0.0675789 -0.608437 -0.0137789 -1.24436e-06 0 0 0
3114 4473 0.749883 -0.464435 -0.471143 -0.00697763 -4.15524e-07 0 0 0
2678 2071 0.528611 0.3722 -0.762914 -0.0108593 -9.40079e-07 0 0 0
2678 4626 0.301662 -0.81045 0.502166 -0.018423 -1.51665e-06 0 0 0
2691 2332 0.086624 -0.0408822 0.995402 -0.0212547 -1.78815e-06 0 0 0
3002 187 0.230493 0.646816 -0.726981 -0.00404346 -3.01313e-07 0 0 0
704 276 0.896962 -0.438771 -0.0542196 -0.00433313 -3.05328e-07 0 0 0
1019 3786 0.268202 -0.258273 -0.928096 -0.0165172 -1.22401e-06 0 0 0
421 1653 0.427561 0.880269 -0.205714 -0.0146699 -9.12826e-07 0 0 0
4233 1202 0.44089 0.530366 0.724105 -0.0267791 -2.16847e-06 0 0 0
5194 2174 0.593157 0.319859 0.73882 -0.00647706 -5.82399e-07 0 0 0
3958 4169 0.706069 0.592618 0.387647 -2.07666e-05 -1.54678e-09 0 0 0
1968 1071 0.326196 -0.770594 0.547523 -0.0163132 -1.02891e-06 0 0 0
1968 5111 0.137045 0.814007 -0.564457 -0.0142211 -9.07429e-07 0 0 0
1968 2912 0.00641659 0.735926 0.677032 -0.0119526 -1.07599e-06 0 0 0
256 4811 0.638741 -0.107793 -0.761833 -0.0011386 -9.35908e-08 0 0 0
1565 4737 0.800908 -0.270393 0.534261 -0.0084723 -6.66402e-07 0 0 0
5428 4238 0.0909543 0.247946 -0.964495 -0.00934738 -6.88581e-07 0 0 0
3118 3183 0.477759 0.831047 0.284792 -0.00830776 -5.42986e-07 0 0 0
4881 701 0.704123 0.468009 0.534021 -0.00124236 -1.05013e-07 0 0 0
5183 165 0.614606 -0.571303 0.543942 -0.000987033 -6.61958e-08 0 0 0
1052 4340 -0.0281473 0.69219 0.721166 -0.0252256 -1.91405e-06 0 1 0
2809 1515 0.507716 0.696267 0.507383 -0.0170241 -1.04952e-06 0 0 0
2430 4538 0.325942 -0.897129 -0.298197 -0.0133106 -1.01771e-06 0 0 0
2842 5063 -0.961065 -0.155055 -0.228719 -0.000500449 -4.37531e-08 0 0 0
4017 3126 0.897733 -0.399496 0.185681 -0.00838558 -5.73549e-07 0 0 0
3888 687 0.616833 -0.284339 0.73394 -0.0142138 -1.28275e-06 0 0 0
4631 1286 0.97301 -0.223571 0.0571642 -0.00471747 -3.56354e-07 0 0 0
2512 4949 0.959978 -0.261043 0.101482 -0.00299611 -2.26345e-07 0 0 0
2512 4725 0.345161 0.420473 -0.839087 -0.00867143 -6.17647e-07 0 0 0
4580 1460 0.0826395 0.539872 -0.837681 -0.0209896 -1.41334e-06 0 0 0
244 5459 0.195467 -0.971769 0.132131 -0.00713447 -5.74171e-07 0 0 0
1697 2781 0.375055 -0.292823 -0.879539 -0.0229312 -1.90369e-06 0 0 0
3361 707 0.741269 0.126851 0.659113 -0.0255808 -2.22724e-06 0 0 0
1971 1151 0.795114 0.0975501 -0.598563 -0.0180527 -1.40597e-06 0 0 0
1971 1152 0.61402 0.602182 0.510251 -0.00831155 -6.05699e-07 0 0 0
311 454 0.568421 0.34573 0.746571 -0.0207843 -1.69489e-06 0 0 0
4918 2738 0.416203 -0.336967 0.844528 -0.0300258 -2.00909e-06 0 -1 0
1551 3226 0.961948 0.165791 -0.217185 -0.00445861 -2.71335e-07 0 0 0
3489 4166 0.0878511 0.662203 0.744157 -0.0253227 -1.78289e-06 0 0 0
3489 4899 0.116486 -0.459807 -0.880346 -0.0403364 -3.1421e-06 0 0 0
1372 997 0.900762 0.253041 -0.352984 -0.00108358 -8.62021e-08 0 0 0
4126 1061 -0.136628 0.236522 -0.961972 -0.0234605 -1.92666e-06 0 0 0
4372 5030 0.0136533 -0.902943 0.429543 -0.00871395 -6.32932e-07 0 0 0
5347 324 0.801026 -0.543264 -0.251438 -0.00146395 -1.02237e-07 0 0 0
1187 867 0.302273 -0.938419 -0.167337 -0.00556264 -3.86153e-07 0 0 0
1511 4689 0.32021 0.486144 0.813099 -0.0271881 -2.10808e-06 0 1 0
3858 2661 0.198395 0.815522 -0.543657 -0.00401657 -2.86134e-07 0 0 0
1762 1898 0.566869 -0.159786 0.808163 -0.00342552 -3.36669e-07 0 0 0
2669 5334 0.77376 0.404247 0.487729 -0.0103603 -7.09473e-07 0 0 1
2669 1783 0.749424 0.241944 -0.616301 -0.0114106 -7.34306e-07 0 0 0
3308 4822 0.473722 -0.428796 -0.769234 -0.00910471 -5.96905e-07 0 0 0
130 4270 0.857141 0.0111794 -0.514961 -0.003858 -3.15399e-07 0 0 0
2320 4964 0.617331 -0.617852 -0.486993 -0.0191902 -1.13654e-06 0 0 0
861 3742 -0.0401851 0.356042 -0.933605 -0.00984315 -7.43723e-07 0 0 0
3133 1992 0.250438 0.904892 0.344169 -0.00604454 -4.84211e-07 0 0 0
2668 87 0.754773 -0.273715 0.596153 -0.0352672 -1.96078e-06 0 0 0
1804 3452 0.245935 -0.910912 0.331292 -0.00579919 -5.02449e-07 0 0 0
2112 2542 0.302906 0.328759 -0.89452 -0.0015231 -1.14723e-07 0 0 0
1884 2276 0.989082 0.07645 -0.125989 -0.01645 -1.10214e-06 0 0 0
573 4416 0.637288 0.0120843 -0.770531 -0.0126108 -1.0013e-06 0 0 -1
1476 698 0.634545 0.77212 -0.0343957 -0.00608465 -4.57387e-07 0 0 0
2555 993 0.471512 0.142491 0.870272 -0.00509719 -3.82405e-07 0 0 0
3946 3408 0.499733 0.59679 -0.627781 -0.00862777 -5.67405e-07 0 0 0
1476 4275 -0.012542 -0.654889 0.755621 -0.00383796 -3.58142e-07 0 0 0
2211 4558 0.660858 0.29529 -0.689979 -0.00372325 -3.0725e-07 0 0 0
4588 153 0.845824 0.332693 0.417009 -0.00919857 -6.54158e-07 0 0 0
4588 615 0.372421 -0.835155 0.404744 -0.0079483 -6.68259e-07 0 0 0
4866 1946 0.463084 0.701848 -0.54126 -0.00943496 -6.94269e-07 1 0 0
818 2523 0.8861 -0.203507 0.416428 -0.0195112 -1.50202e-06 0 0 0
1908 3573 0.460144 -0.885447 -0.0652078 -0.00327446 -2.21456e-07 0 0 0
2349 2183 -0.000870913 0.566455 -0.824092 -0.0354357 -2.30832e-06 0 0 0
2889 3343 -0.0276511 0.00134348 -0.999617 -0.0206684 -1.43444e-06 0 0 0
2579 297 0.118716 -0.411216 -0.903774 -0.00824556 -6.67753e-07 0 0 0
3168 1979 0.265337 0.541527 -0.797713 -0.0097846 -7.28269e-07 0 0 0
5014 3334 0.118597 -0.685684 0.718173 -0.00584701 -3.75818e-07 0 0 0
3536 1028 0.827912 -0.52707 -0.191726 -0.0124546 -1.16133e-06 0 0 0
2593 2819 0.596223 0.771278 -0.222819 -0.011727 -1.09446e-06 0 0 0
233 2506 0.851935 0.144062 0.503442 -0.0143265 -1.30302e-06 0 0 0
2659 3793 0.820147 -0.335169 -0.463702 -0.00605092 -5.28831e-07 0 0 0
1999 3888 -0.111637 -0.991035 0.0733997 -0.0113317 -1.03089e-06 0 0 0
2889 5004 0.266707 0.962459 -0.0504056 -0.00491462 -3.79952e-07 0 0 0
2788 81 0.115279 0.921806 -0.370114 -0.00219545 -1.67693e-07 0 0 0
584 3045 0.101282 0.704658 -0.702281 -0.0130456 -9.90136e-07 0 0 0
3253 1650 0.477885 0.555151 0.680759 -0.0103455 -7.92508e-07 0 0 0
3253 5050 -0.125673 -0.878837 0.460274 -0.00220234 -1.81038e-07 0 0 0
639 3859 0.650415 0.473094 -0.594258 -0.00829359 -5.50835e-07 0 0 0
4604 1258 0.784821 0.57447 0.232465 -0.0170287 -1.52279e-06 0 0 0
3934 4468 0.567532 0.779806 -0.264216 -0.004285 -3.40353e-07 0 0 0
4309 2143 0.643999 0.765003 -0.0059828 -9.49649e-05 -6.70183e-09 0 0 0
1144 4256 0.648724 0.748762 0.136057 -0.0122489 -9.82662e-07 0 1 0
1002 631 0.0220228 -0.0273578 0.999383 -0.0139163 -1.06118e-06 0 0 0
2666 2123 0.61627 -0.396683 0.680334 -0.0282757 -2.48367e-06 0 0 0
14 2905 0.83235 0.289155 0.472845 -0.0032101 -2.41457e-07 0 0 0
2229 4156 0.956417 0.254245 0.143622 -0.00803 -6.4158e-07 0 0 0
5375 3856 0.686761 0.194845 0.700282 -0.0221627 -1.97463e-06 0 0 0
2219 1416 0.538299 -0.379134 0.752656 -0.0172108 -1.5903e-06 0 0 0
1114 1361 0.404299 -0.348188 0.845759 -0.00751435 -5.10176e-07 0 0 0
3167 2030 0.0510045 0.0272437 -0.998327 -0.0390276 -2.86939e-06 0 0 0
5172 399 0.843872 -0.134284 -0.519469 -0.00629702 -5.02353e-07 0 0 0
2133 3957 0.566999 -0.425156 0.705517 -0.00690238 -6.1339e-07 0 0 0
1181 1961 0.690596 0.723107 -0.0139091 -0.00269816 -2.38619e-07 0 0 0
3756 2979 0.792308 -0.609253 -0.0325245 -0.00260535 -2.00186e-07 0 0 0
1830 3931 0.177656 0.663098 -0.727145 -0.00260232 -2.21928e-07 0 0 0
5321 1202 0.45967 0.0988146 -0.882575 -0.0232137 -2.042e-06 0 0 0
5303 1888 0.27614 0.341953 -0.898229 -0.0262316 -1.96533e-06 0 0 0
4074 4876 0.436807 -0.286997 0.852545 -0.0186692 -1.50925e-06 0 0 0
2339 3879 0.327656 -0.637639 0.697178 -0.00278542 -1.80591e-07 0 0 0
572 3890 0.859551 -0.0259319 0.510391 -0.0128918 -1.10477e-06 0 0 0
4629 2872 0.0909027 -0.345504 -0.934004 -0.0121996 -7.71209e-07 0 0 0
3882 3924 -0.140113 0.0029641 -0.990131 -0.00423216 -2.73511e-07 0 0 0
2154 4422 0.957316 0.0957388 -0.272728 -0.00291287 -2.29701e-07 0 0 0
286 2488 0.51971 0.71113 -0.473494 -0.0163339 -9.88018e-07 0 0 0
5331 593 0.282459 -0.365916 -0.886748 -0.0314661 -2.36315e-06 0 0 0
3973 3094 0.170603 -0.301157 0.938189 -0.0119925 -1.08227e-06 0 0 0
5331 4588 0.156667 0.101687 0.982403 -0.023617 -1.70338e-06 0 0 0
1757 3308 0.645918 -0.141581 -0.750163 -0.0240912 -1.77776e-06 0 0 0
5358 1650 0.506366 -0.792574 -0.339736 -0.00834608 -5.79428e-07 0 0 0
2030 5209 0.694955 0.505943 0.51094 -0.0169357 -1.3742e-06 0 0 0
3520 1697 0.177957 0.199729 -0.963556 -0.0267277 -1.91265e-06 0 0 0
142 84 0.812793 0.299879 -0.49944 -0.015069 -9.35655e-07 0 0 0
3616 4853 0.848626 0.501482 0.168376 -0.00192147 -1.77508e-07 0 0 0
4847 3563 0.271862 0.627739 -0.729407 -0.00198513 -1.22277e-07 0 0 -1
3697 3924 0.615309 -0.674032 0.408749 -0.0176254 -1.41373e-06 0 0 0
4493 2106 0.0790838 0.989934 0.117371 -0.0135169 -9.26072e-07 0 0 0
5239 2555 0.0269007 -0.0326934 0.999103 -0.000453206 -3.24644e-08 0 0 0
1943 2971 0.785532 -0.237184 -0.571562 -0.00549795 -5.0056e-07 0 0 0
1823 5042 0.0239708 0.390044 0.920484 -0.00792454 -6.34599e-07 0 0 0
2229 2152 0.243263 0.691844 0.679835 -0.037203 -3.13656e-06 0 0 0
5384 635 -0.113963 -0.972155 0.204762 -0.0106597 -9.12668e-07 0 0 0
3931 2572 0.687026 -0.36041 -0.630951 -0.00496822 -3.75465e-07 0 0 0
3890 4930 0.471481 0.722173 -0.506134 -0.000926459 -6.91687e-08 0 0 0
4045 280 0.444766 0.536069 -0.717505 -0.00199669 -1.30032e-07 0 0 0
3931 3490 0.386051 0.297542 0.873174 -0.0454536 -3.64301e-06 0 0 0
1332 3963 0.301154 0.949718 0.0856867 -0.00604255 -3.97508e-07 0 0 0
5321 578 0.752171 0.658508 -0.0246198 -0.0161851 -1.37763e-06 0 0 0
1015 437 -0.964958 0.00832161 0.262271 -0.00639149 -4.75388e-07 0 0 0
2125 2991 0.419385 0.414003 0.807909 -0.00897399 -5.80778e-07 0 0 0
630 1421 0.155133 0.805849 0.571437 -0.00284981 -2.72426e-07 0 0 0
2235 2023 0.34075 0.915257 -0.21493 -0.00899266 -7.12196e-07 0 0 0
4189 3981 0.113601 -0.98863 -0.0985193 -0.00582691 -4.32273e-07 0 0 0
4189 3253 0.0655598 0.820743 0.567523 -0.0194143 -1.57981e-06 0 0 0
4189 5469 0.102082 -0.401463 -0.910169 -0.0128633 -1.01076e-06 0 0 0
5133 269 0.729304 -0.183484 -0.659128 -0.00320862 -2.04657e-07 0 0 0
2304 5418 0.684044 0.410824 -0.602749 -0.0122568 -7.84539e-07 0 0 0
605 3628 0.510439 -0.422806 -0.74879 -0.00309441 -2.64224e-07 0 0 0
5388 1785 0.466528 0.403277 0.787223 -0.0108993 -9.27452e-07 0 0 0
4936 3451 0.699432 -0.617016 -0.360674 -0.0108316 -9.11313e-07 0 0 0
4926 2346 0.552955 0.575071 -0.602938 -0.0018611 -1.56963e-07 0 0 -1
4744 903 0.478495 0.875976 -0.0609024 -0.0233128 -2.13338e-06 0 0 0
4744 2535 0.592997 -0.534579 0.602147 -0.0148022 -1.27436e-06 0 0 0
807 245 0.676289 -0.150702 0.721056 -0.0111929 -7.97148e-07 0 0 0
539 5236 0.362295 0.837621 0.40882 -0.000488479 -3.68268e-08 0 0 0
1429 1742 0.219329 -0.371752 0.90205 -0.0115852 -8.70757e-07 0 0 0
3479 2761 0.111931 0.236382 -0.965192 -0.0141955 -8.14477e-07 0 0 -1
2621 128 0.252123 -0.921217 -0.296299 -0.00413645 -2.6186e-07 0 0 0
1429 4027 0.647762 0.726704 -0.228705 -0.00255496 -1.8277e-07 0 0 0
1429 1514 0.722178 -0.673627 0.15712 -0.0143506 -7.92219e-07 0 0 0
2973 4881 0.744886 0.543344 -0.387198 -0.0202257 -1.79786e-06 0 0 0
987 3952 0.568991 0.811684 -0.13198 -0.00550735 -4.34622e-07 0 0 0
1899 149 0.632983 0.116074 0.765415 -0.00447213 -3.42288e-07 0 0 0
2321 4685 0.864605 0.394925 0.310631 -0.0231909 -1.60375e-06 0 0 0
2321 4261 -0.00859685 -0.954942 -0.296668 -0.0108172 -1.02667e-06 0 0 -1
2321 2669 -0.0308263 0.437955 -0.898468 -0.033155 -1.84915e-06 0 0 -1
1094 5258 0.997747 -0.0301901 -0.0599088 -0.0313721 -2.5347e-06 1 0 0
2602 4340 0.146452 -0.27999 -0.948766 -0.028799 -2.11847e-06 0 1 0
4826 4440 0.0217293 0.536954 0.843332 -0.0157441 -1.0561e-06 0 0 0
1813 5367 -0.0267232 -0.597188 0.801656 -0.00661571 -4.19772e-07 0 0 0
3972 4571 0.205018 0.88102 -0.426347 -0.0250169 -1.98552e-06 0 0 0
2283 1548 0.693413 0.632582 0.34499 -0.0022607 -1.6072e-07 0 0 0
1298 4885 0.180814 -0.511073 -0.840304 -0.0115154 -8.89324e-07 0 0 0
2857 1129 0.479225 0.53649 -0.694638 -0.0138409 -9.71385e-07 0 0 0
530 4637 0.816637 0.138781 0.560218 -0.000595708 -3.94278e-08 0 0 0
3796 3547 0.867836 0.414102 -0.274554 -0.00682576 -3.93321e-07 0 0 0
608 5437 0.273576 0.849632 -0.450867 -0.0084746 -6.29218e-07 0 0 0
608 164 0.982249 0.0580796 0.178366 -0.00298282 -2.12654e-07 0 0 0
1373 1258 0.779064 -0.403487 -0.479851 -0.0144726 -1.21178e-06 0 0 0
557 5509 0.617785 -0.738772 0.269365 -0.0236713 -1.44357e-06 0 0 0
2079 1645 0.780178 -0.584609 -0.222609 -0.013026 -9.66261e-07 0 0 0
2374 243 0.0797102 -0.77186 0.630776 -0.0101467 -7.64312e-07 0 0 0
4853 4955 0.0177447 -0.4767 0.878887 -0.0227836 -1.85989e-06 0 0 0
1192 5081 0.983739 -0.177706 -0.0260519 -0.0128376 -1.0035e-06 0 0 0
1561 3893 0.677891 0.235924 0.696278 -0.00685199 -4.59462e-07 0 0 0
4549 1914 0.941082 0.113722 -0.318485 -0.00792885 -6.20095e-07 0 0 0
2621 277 0.728667 0.465504 0.502345 -0.00433645 -3.12863e-07 0 0 0
1192 4101 0.477667 0.624461 0.617967 -0.022565 -1.75329e-06 0 0 0
1192 4290 0.243204 -0.669036 0.702312 -0.0173306 -1.41976e-06 0 0 0
1192 5358 0.0215325 -0.516641 -0.855932 -0.0131408 -1.09747e-06 0 0 0
1475 389 0.923303 -0.180976 0.338761 -0.0261341 -2.07706e-06 0 0 0
4562 5328 0.304739 -0.855975 -0.41766 -0.00969532 -7.19474e-07 0 0 0
3533 5200 0.0629505 0.422703 -0.90408 -0.0284629 -1.99471e-06 0 0 0
3746 3174 -0.0184432 -0.910093 0.413994 -0.00500579 -4.17207e-07 0 0 0
501 3401 0.879128 -0.364359 0.307207 -0.00498118 -3.37795e-07 0 0 0
218 4091 0.461199 -0.804905 0.373394 -0.0241249 -2.33072e-06 0 0 0
1510 5326 0.358505 -0.170051 -0.917909 -0.0431388 -3.63931e-06 0 0 0
293 5192 0.484063 -0.216938 0.847715 -0.00625857 -4.72631e-07 0 0 0
1473 3871 0.431991 -0.47687 0.765493 -0.00525865 -4.51231e-07 0 0 0
1510 3460 0.852784 0.410558 -0.322803 -0.00400364 -2.48225e-07 0 0 0
2316 2547 0.790283 -0.29762 -0.535606 -0.000525713 -3.33511e-08 0 0 0
2888 5254 -0.054718 -0.469273 0.881356 -0.0293462 -2.35245e-06 0 0 0
4091 2868 0.461056 0.63978 -0.614906 -0.0113501 -8.7401e-07 0 0 0
502 4310 0.529155 -0.0897539 -0.843765 -0.0146055 -1.18277e-06 0 0 0
2472 4385 0.589906 -0.109278 0.800043 -0.0056098 -4.15568e-07 0 0 0
1353 4386 0.306128 -0.892547 0.331126 -0.00150708 -1.20343e-07 0 0 0
3580 2462 0.139439 0.938293 -0.316486 -0.0131168 -9.97452e-07 0 0 0
5384 5199 0.568853 0.225854 0.79082 -0.00706008 -6.10536e-07 0 0 0
3580 3857 0.715538 0.107937 0.690184 -0.00805656 -5.2534e-07 0 0 0
3045 3606 0.626791 0.541854 -0.559935 -0.00290763 -2.4664e-07 0 0 0
730 1009 0.388732 -0.921207 -0.016295 -0.0018761 -1.51944e-07 0 0 0
4674 3589 -0.220864 -0.969091 0.109915 -0.0311195 -2.95264e-06 0 0 0
2689 2320 0.478299 -0.404964 0.779253 -0.00459225 -3.72055e-07 0 0 0
2689 4611 0.77423 -0.318972 -0.546649 -0.0107003 -7.99902e-07 0 0 0
3290 4422 0.283086 0.887987 -0.36241 -0.027563 -1.77978e-06 0 0 0
4612 1668 0.652275 -0.417968 -0.632329 -0.000402953 -3.21899e-08 0 0 0
3474 5278 0.41482 0.905728 -0.0870705 -0.000223817 -1.92269e-08 0 0 0
5442 4135 0.569521 -0.798423 0.19536 -0.00610409 -4.3178e-07 0 0 0
4903 4171 0.809973 -0.201172 -0.550885 -0.00877418 -7.39591e-07 0 0 0
2391 440 0.21815 0.893179 0.393244 -0.00479347 -3.45621e-07 0 0 0
5446 1473 0.624922 0.128718 0.770003 -0.0134379 -1.07972e-06 0 -1 0
3396 1052 0.451311 0.359122 0.816915 -0.0207885 -1.15774e-06 0 0 0
4189 4684 0.924145 -0.307925 -0.226136 -0.00490135 -3.6927e-07 0 0 0
683 173 0.0355851 0.683034 0.729519 -0.0362429 -3.28049e-06 0 0 0
994 3485 0.651618 0.0853346 -0.753732 -0.0107733 -6.95017e-07 0 0 0
3677 3163 0.585252 -0.532881 -0.611161 -0.00334837 -2.61712e-07 0 0 0
3520 2815 0.584721 -0.748118 0.31372 -0.0134528 -9.81716e-07 0 0 0
1259 4045 0.464124 -0.813843 0.349641 -0.00555578 -3.58321e-07 0 0 0
4580 1924 0.280881 -0.913182 -0.295303 -0.00673827 -4.15041e-07 0 0 0
2714 3932 -0.00974737 -0.438281 0.898785 -0.0163716 -1.1811e-06 0 0 0
5350 2697 0.925955 0.293201 0.237993 -0.000727821 -5.90363e-08 0 -1 0
4896 109 0.735547 -0.316169 -0.599172 -0.0486084 -3.25237e-06 0 0 0
4733 2471 0.771973 0.515214 0.372306 -0.0157185 -1.25749e-06 0 0 0
4733 2880 0.780859 -0.111697 -0.614641 -0.0136805 -1.00146e-06 0 0 0
4868 3043 0.0789991 0.6236 0.777742 -0.0126233 -9.79638e-07 0 0 0
1429 868 0.461744 0.00953871 -0.886962 -0.0048756 -2.89297e-07 0 0 0
5401 2154 0.31978 0.789944 -0.523192 -0.00426544 -3.3557e-07 0 0 0
1233 960 0.593326 -0.708985 0.381188 -0.0230842 -1.80011e-06 0 0 0
16 2429 0.333905 -0.605703 -0.722241 -0.017041 -1.35158e-06 0 0 0
128 1063 0.621476 -0.360929 0.69534 -0.0253603 -1.57857e-06 0 0 0
2374 307 0.435667 0.120237 -0.892041 -0.0127371 -1.06915e-06 0 0 0
646 3059 0.898153 -0.0854505 -0.4313 -0.0179568 -1.45022e-06 0 0 0
109 3914 0.907382 0.125577 0.401109 -0.0104111 -7.24195e-07 0 0 0
5166 480 0.225627 0.63436 0.739378 -0.0159823 -1.40946e-06 0 0 0
2269 2503 0.821417 0.547341 -0.160284 -0.000432569 -3.81999e-08 0 0 0
441 5401 0.286031 0.128895 -0.949512 -0.0173944 -1.54255e-06 0 0 0
3828 583 0.313897 0.715653 0.623947 -0.000801603 -7.15468e-08 0 0 0
1041 462 0.0397187 0.963485 -0.264798 -0.0170017 -1.43215e-06 0 0 0
3365 1410 0.829575 0.245636 -0.501466 -0.00873781 -6.77183e-07 0 0 0
931 1424 0.634803 0.34609 0.690831 -0.00556642 -4.87601e-07 0 0 0
2543 489 0.56784 0.401302 -0.718689 -0.00246362 -1.73206e-07 0 0 0
1522 3064 0.226421 0.0585694 0.972267 -0.017994 -1.42347e-06 0 0 0
3966 2665 0.719108 0.677069 -0.156399 -0.00577805 -4.77397e-07 0 0 0
2844 1581 0.787104 -0.487781 0.377541 -0.000490598 -3.95073e-08 0 0 0
1878 955 0.318233 -0.558855 -0.765773 -0.0356027 -2.39517e-06 0 -1 0
1778 805 0.344499 -0.92811 0.141179 -0.000740899 -6.108e-08 0 0 0
727 3703 0.704906 -0.709203 0.0117535 -0.00542846 -4.9431e-07 0 0 0
994 3000 0.374491 -0.361776 0.853741 -0.017643 -1.22424e-06 0 0 1
3426 3645 0.204837 0.805971 0.555385 -0.00103398 -8.02846e-08 0 0 0
994 4561 0.274196 0.895576 -0.350372 -0.0149984 -1.06714e-06 0 0 0
5029 396 0.376331 0.36456 0.851746 -0.00344758 -2.99559e-07 1 0 0
2628 4087 0.51646 0.397797 0.758305 -0.014089 -1.13542e-06 0 0 0
2307 3743 0.694987 0.626364 0.353074 -0.0102248 -7.80837e-07 0 0 0
2651 3100 0.515969 0.22602 -0.826251 -0.0121644 -8.08072e-07 0 0 0
567 2512 0.328404 -0.640379 -0.694309 -0.015142 -1.16451e-06 0 0 -1
5480 4370 0.241569 0.905256 0.349509 -0.00494803 -3.73595e-07 0 1 0
5290 595 0.145162 0.843291 0.517482 -0.00460266 -3.627e-07 0 0 0
3916 307 0.227133 0.646251 0.728539 -0.0444453 -4.1759e-06 0 0 0
4976 1182 0.949377 -0.174332 -0.261325 -0.00727529 -4.94082e-07 0 1 0
2803 3407 -0.0139901 -0.128104 -0.991662 -0.00376507 -3.10668e-07 0 0 0
677 2790 0.401246 0.164388 0.901098 -0.0373042 -2.91265e-06 0 0 0
1297 749 0.0733346 -0.0906454 -0.993179 -0.0204174 -1.4639e-06 0 0 0
3916 2669 0.119011 -0.551976 -0.825324 -0.0269443 -1.50624e-06 0 0 -1
1424 3118 0.285469 -0.34151 -0.895477 -0.0301951 -1.86592e-06 0 0 0
3916 2321 0.14897 -0.985724 0.0784626 -0.00825912 -4.63347e-07 0 0 0
572 3489 0.399103 0.806281 -0.43661 -0.0111658 -9.56679e-07 0 0 0
2549 3727 0.277122 -0.661389 0.696971 -0.0105327 -9.80095e-07 0 0 0
232 608 0.412501 -0.216952 0.884745 -0.0128119 -9.26634e-07 0 0 0
2419 5437 0.487763 -0.466485 0.737888 -0.00251264 -1.9829e-07 0 0 0
234 4379 0.747564 0.0141716 -0.664039 -0.0133605 -9.81755e-07 0 0 0
1625 2908 0.767212 -0.424137 0.481138 -0.00421147 -2.76538e-07 0 0 0
656 3905 0.161921 0.49967 0.850947 -0.0183264 -1.44684e-06 0 1 0
652 2989 -0.973898 0.152312 -0.168294 -0.00752586 -6.63825e-07 0 0 0
3228 4918 0.855775 -0.34453 -0.385939 -0.0224069 -1.39532e-06 0 0 0
937 1512 0.614066 0.257898 0.74593 -0.00949179 -7.8675e-07 0 0 0
876 5172 0.260226 0.0847875 0.961818 -0.00577794 -3.70249e-07 0 0 0
2782 3067 0.256991 -0.363029 0.895637 -0.00406611 -3.13206e-07 0 0 0
4287 1568 0.0374059 0.842482 0.537424 -0.0161823 -1.09906e-06 0 0 0
1037 4590 0.461578 -0.837533 0.292376 -0.00205685 -1.87557e-07 0 0 0
1283 5326 0.500406 0.172999 0.848331 -0.0184909 -1.57849e-06 0 0 0
4724 1734 0.400204 0.352599 -0.845879 -0.0283053 -1.9624e-06 0 0 0
4769 4712 -0.935256 0.310171 -0.170559 -0.0104327 -8.4732e-07 0 0 0
1283 1537 0.787982 -0.51758 -0.33346 -0.000680374 -4.50133e-08 0 0 0
3369 3098 0.220762 -0.108642 -0.969258 -0.0212915 -1.6341e-06 0 -1 0
3957 2171 -0.19544 -0.861232 -0.469129 -0.0153188 -1.21605e-06 0 0 0
2744 3874 0.725468 0.470075 0.502718 -0.0119331 -7.62247e-07 0 0 0
5146 1475 0.374307 -0.485311 0.790169 -0.0216154 -1.73275e-06 0 0 0
1416 1721 0.353851 0.12778 0.926532 -0.0139082 -1.29064e-06 0 0 0
822 109 -0.0713511 0.211595 -0.97475 -0.00572551 -3.90137e-07 0 0 0
295 398 0.304975 0.317895 0.897738 -0.00479868 -3.5138e-07 0 0 0
3342 4604 0.156203 0.117556 -0.980704 -0.0335607 -2.95385e-06 0 1 0
4863 924 0.631009 0.485244 -0.605281 -0.00988986 -7.56817e-07 0 0 0
2010 3594 0.604613 -0.126617 0.786392 -0.014291 -9.23041e-07 0 0 0
4262 4283 0.034595 -0.829296 0.557738 -0.00940313 -6.81282e-07 0 0 0
4380 2945 -0.374329 -0.343045 -0.861509 -0.00236399 -1.72424e-07 0 0 0
4340 2672 0.759164 0.375443 0.531708 -0.00597173 -5.18287e-07 0 -1 0
5081 1853 0.921635 -0.329555 0.204897 -0.00171318 -1.46353e-07 0 0 0
4237 1898 0.517135 0.483231 -0.706441 -0.019068 -1.3198e-06 0 0 0
483 4053 0.304287 -0.736188 -0.604514 -0.0207233 -1.53534e-06 0 0 0
3856 4680 0.382406 -0.5483 -0.743729 -0.00383629 -3.51916e-07 0 0 0
1661 2284 0.356089 0.369372 -0.85835 -0.0165455 -1.15035e-06 0 0 0
5333 3099 0.103957 -0.490678 -0.865118 -0.015944 -1.27169e-06 0 0 0
1171 943 -0.0953352 0.942941 -0.319019 -0.00179349 -1.56651e-07 0 0 0
4742 5044 0.484248 0.0505744 -0.873468 -0.0152319 -1.37469e-06 0 0 -1
952 663 -0.12552 0.754359 0.644351 -0.0106895 -8.07276e-07 0 0 0
1990 3703 -0.00834425 -0.756768 0.653631 -0.0101849 -6.2439e-07 0 0 0
2015 1665 0.507574 -0.648376 0.567431 -0.00612838 -5.41572e-07 0 0 0
933 4065 0.738001 0.661785 -0.131887 -0.00282242 -2.55297e-07 0 0 0
4168 190 0.975577 -0.0772325 -0.205632 -0.00937048 -6.43925e-07 0 0 0
5119 3916 0.747334 0.59304 0.299659 -0.00779752 -5.8019e-07 0 0 1
4561 667 0.888487 -0.322639 0.326335 -0.011704 -8.18142e-07 0 0 0
4125 2252 0.789791 0.568264 -0.230882 -0.0194122 -1.41739e-06 0 0 0
165 286 0.633393 0.397241 -0.664088 -0.0015073 -1.01852e-07 1 0 0
1898 2524 0.828757 -0.0505164 -0.557325 -0.0160936 -9.39119e-07 0 0 0
4125 4379 0.652811 -0.519939 0.55091 -0.0355389 -2.97419e-06 0 0 0
4125 5050 0.0556363 0.988704 0.139169 -0.000554183 -4.46377e-08 0 0 0
4125 2839 -0.0863486 0.320038 0.943462 -0.0185717 -1.58362e-06 0 0 0
5037 4119 0.350577 0.6032 -0.716411 -0.00286554 -2.70211e-07 0 0 0
511 5075 0.368029 -0.82001 -0.438337 -0.00432494 -3.32915e-07 0 0 0
5146 2628 0.365722 -0.0481173 -0.92948 -0.0359084 -2.68717e-06 0 0 0
1121 4868 0.265429 0.871992 0.411312 -0.021495 -1.56405e-06 0 1 0
659 5296 0.829773 0.0157045 -0.557881 -0.0066517 -4.73672e-07 0 0 0
2252 2433 0.900872 -0.373606 -0.221019 -0.00272319 -1.8695e-07 0 0 0
3638 955 0.58207 -0.608589 0.539272 -0.0198766 -1.69628e-06 0 0 0
3271 351 0.643001 0.679038 -0.354199 -0.00226366 -1.65228e-07 0 0 0
3978 3245 0.776328 0.624798 0.0833236 -0.0108239 -7.42832e-07 0 0 0
449 2391 0.165672 0.806144 -0.568053 -0.01053 -8.09777e-07 0 0 0
2865 1076 0.432327 -0.301066 -0.849972 -0.0284369 -2.3765e-06 0 0 0
4612 5030 0.417448 0.64119 -0.643904 -0.0159618 -1.06335e-06 0 0 0
2665 1968 0.404637 0.650027 0.643222 -0.0234709 -1.81638e-06 0 0 0
668 4863 -0.0250188 0.836617 -0.547217 -0.0159859 -1.26821e-06 0 0 0
3887 1632 0.810266 0.179158 -0.558007 -0.00868302 -7.02382e-07 0 0 0
1131 4083 0.777311 -0.588799 -0.221592 -0.0230108 -1.54589e-06 0 -1 0
2372 270 0.508254 -0.44108 0.73968 -0.00579195 -3.97908e-07 0 0 0
1265 1627 0.741945 0.393902 0.542548 -0.0130488 -8.75088e-07 0 0 0
968 4092 0.665187 -0.437091 -0.605373 -0.0108917 -7.51348e-07 0 0 0
3887 1971 0.275189 -0.636156 0.720817 -0.00701289 -5.49332e-07 0 0 0
1568 3323 0.652309 0.626607 0.426446 -0.0136012 -9.06236e-07 0 0 0
812 3882 0.330505 0.805145 -0.49245 -0.0149127 -1.11014e-06 0 0 0
3401 4628 0.432643 -0.811694 -0.392394 -0.0079404 -5.36042e-07 0 0 0
462 2781 0.0937352 0.782118 0.61604 -0.0152701 -1.48926e-06 0 0 0
710 4279 0.728426 -0.265838 0.631447 -0.00814076 -6.84226e-07 0 0 0
710 2307 0.629702 -0.00288559 -0.776831 -0.00920381 -6.97452e-07 0 0 0
710 2912 0.33961 -0.934863 -0.103422 -0.0113914 -1.0115e-06 0 0 0
3703 2582 0.128656 0.325857 0.936624 -0.0201478 -1.29324e-06 0 0 0
3703 4106 0.357892 -0.208358 -0.91022 -0.0178594 -1.13741e-06 0 0 0
710 377 0.416457 0.569326 0.708824 -0.02381 -2.15003e-06 0 0 0
3095 1568 0.420769 -0.0311441 -0.906633 -0.00580961 -4.11027e-07 0 0 0
1208 4061 0.0365377 -0.432163 -0.901055 -0.0038935 -3.71733e-07 0 0 0
2673 2471 0.576489 0.478505 -0.662339 -0.00512744 -4.32662e-07 0 0 0
2815 84 0.230798 -0.533426 -0.81375 -0.0367915 -2.67081e-06 0 0 0
2602 2652 0.131391 0.740572 -0.659006 -0.0163486 -9.27015e-07 0 1 0
5393 1231 0.733145 0.662041 -0.155564 -0.00396392 -3.30384e-07 0 0 0
5348 1848 0.19653 -0.315203 -0.928452 -0.00329863 -2.19302e-07 0 0 0
2641 3299 0.350173 -0.543764 0.762692 -0.00438333 -3.98903e-07 0 0 0
4943 115 0.0296737 -0.887736 -0.459395 -0.00601994 -4.60102e-07 0 0 0
2538 3021 0.203771 -0.135681 -0.969571 -0.0154061 -1.16157e-06 0 0 0
1402 5303 0.170313 -0.887124 -0.428958 -0.00511449 -3.6796e-07 0 0 0
2523 2769 0.877841 -0.17179 0.447083 -0.0262789 -1.75415e-06 0 0 0
4448 1742 0.524896 -0.663497 -0.533156 -0.00627429 -4.74443e-07 0 0 0
5287 404 0.158655 0.507234 0.847079 -0.0169326 -1.17191e-06 0 0 1
2054 2321 0.444085 0.405898 -0.798771 -0.0404892 -2.92636e-06 0 0 0
1063 1621 0.785085 -0.000158151 -0.619389 -0.0119026 -7.46884e-07 0 0 0
4628 2908 0.450879 -0.120063 -0.884473 -0.0023205 -1.58369e-07 0 0 0
2758 2668 0.0896048 -0.198244 -0.976048 -0.0285619 -2.45184e-06 0 0 0
2299 406 0.96964 0.210538 0.124383 -0.00534013 -3.4068e-07 0 0 0
2933 3974 0.998842 0.0141647 -0.0459725 -0.00569198 -4.27637e-07 0 0 0
2154 687 0.194077 0.972717 -0.127102 -0.00205896 -1.62063e-07 0 0 0
3955 5300 0.756728 0.635129 0.154836 -0.00475175 -3.58401e-07 0 0 0
2223 707 0.681614 -0.458013 -0.570636 -0.0129647 -8.66069e-07 0 -1 0
645 4324 0.746192 0.123391 0.654195 -0.00944393 -7.0739e-07 0 0 0
4184 811 0.323538 -0.158722 -0.932808 -0.0138304 -9.85361e-07 0 0 0
3686 4261 0.910977 -0.199432 -0.361038 -0.00588569 -4.96757e-07 0 0 -1
1208 3321 0.668226 -0.727302 -0.156545 -0.0190418 -1.79282e-06 0 0 0
4437 519 0.349499 -0.84282 0.409273 -0.0162628 -1.54943e-06 0 0 0
4349 1544 0.142223 0.385601 0.911639 -0.0014099 -1.0688e-07 0 1 0
3837 707 0.275856 -0.93152 0.237011 -0.00407936 -2.74782e-07 0 -1 0
3150 1121 0.30474 0.862464 -0.40409 -0.0167568 -1.30639e-06 0 0 0
1538 1248 0.0874689 -0.940538 -0.328234 -0.00883331 -5.45795e-07 0 0 0
2751 29 0.533713 0.00960598 -0.845611 -0.0055442 -4.3067e-07 0 0 0
246 3426 0.775505 0.193712 0.60089 -0.00179996 -1.41985e-07 0 0 0
4493 440 0.19325 -0.931353 -0.308603 -0.00643879 -5.14284e-07 0 0 0
1538 409 0.676895 -0.0996741 0.7293 -0.00959635 -6.04543e-07 0 0 0
3141 3796 0.864541 0.0181949 0.502233 -0.0107985 -6.34825e-07 0 0 0
3490 5120 0.520822 0.844266 -0.126332 -0.00397464 -2.43645e-07 0 0 0
2831 4356 0.792838 -0.557972 0.245103 -0.00412798 -3.67638e-07 0 0 0
1424 2226 0.71293 0.176078 0.678769 -0.0157689 -1.12099e-06 0 0 1
51 4335 0.421771 0.900859 0.102774 -0.00125091 -1.15358e-07 0 0 0
2037 727 0.215525 0.800776 -0.558844 -0.00869679 -6.75362e-07 0 0 0
5446 3710 -0.0178683 -0.0500212 -0.998588 -0.0240863 -1.70514e-06 0 -1 0
1134 3332 0.216156 -0.669624 -0.710549 -0.00144548 -1.09383e-07 0 0 -1
123 693 0.695719 0.310071 -0.647944 -0.0406849 -3.17657e-06 0 0 0
232 4074 0.652152 -0.038956 -0.757087 -0.00914315 -7.29356e-07 0 0 0
3856 1144 0.624191 0.0647484 0.778584 -0.00398835 -2.84978e-07 0 0 0
131 2362 0.769421 -0.599752 0.219747 -0.00697718 -3.97847e-07 0 0 0
123 308 0.0372411 0.498195 0.866265 -0.0290894 -1.74106e-06 0 0 0
2462 5481 -0.0325245 0.98878 0.145797 -0.0334413 -2.70925e-06 0 0 -1
73 2542 0.843971 -0.259688 0.469335 -0.00158043 -1.22709e-07 0 0 0
2746 788 0.71786 0.452146 -0.529379 -0.00814702 -6.34743e-07 0 0 0
4609 3496 0.0138043 0.733436 0.679618 -0.00517488 -3.66875e-07 0 0 0
1632 3548 0.0158077 0.316259 0.948541 -0.00389173 -3.15658e-07 0 0 0
2666 4017 0.779668 -0.1104 -0.616384 -0.0073613 -6.2576e-07 0 0 0
2619 2208 0.299004 0.416787 -0.85842 -0.01418 -1.21684e-06 0 0 0
4664 3963 0.888975 -0.411806 -0.200345 -0.00611426 -5.0112e-07 0 0 0
4331 1341 0.685361 0.526962 -0.502584 -0.0103025 -8.22919e-07 0 0 0
5367 4684 0.118788 -0.943529 0.309262 -0.00980143 -8.16769e-07 0 0 0
2888 3388 0.502833 0.841224 -0.198748 -0.00105721 -8.74237e-08 0 0 0
3879 3491 0.183689 0.964982 0.187263 -0.00189083 -1.2421e-07 0 0 0
2507 2219 0.55877 -0.0681348 0.826519 -0.0129012 -1.02696e-06 0 0 0
2781 2692 0.479336 0.742465 -0.467957 -0.00453279 -2.60513e-07 0 0 0
2781 3718 0.497965 0.5741 0.649953 -0.00636781 -5.39173e-07 0 0 0
805 4293 0.784514 0.571012 -0.241832 -0.00915502 -7.3817e-07 0 0 0
1269 955 0.675599 0.368296 0.638689 -0.0372304 -2.59897e-06 0 0 0
5042 33 0.67386 0.437896 -0.595113 -0.00669152 -5.66869e-07 0 0 0
1269 4896 0.0221179 0.0794176 -0.996596 -0.0386692 -2.69414e-06 0 0 0
2582 4462 0.397284 0.748536 0.530904 -0.0110971 -7.10377e-07 0 0 0
504 1389 0.377821 -0.874064 0.305392 -0.00260826 -2.11807e-07 0 0 0
2671 1584 0.240315 0.75339 -0.612089 -0.00417352 -3.18951e-07 0 0 0
4997 4936 -0.03912 -0.631741 -0.774192 -0.0173191 -1.47553e-06 0 0 0
3882 7 0.276421 -0.777882 -0.56435 -0.00921537 -5.29296e-07 0 0 0
3882 2669 0.294354 0.927471 0.230552 -0.0152002 -8.71591e-07 0 0 0
4917 315 0.0560947 0.160568 -0.985429 -0.0273233 -2.13916e-06 0 0 0
2758 3710 -0.0210016 0.314846 0.94891 -0.0291125 -2.24493e-06 0 0 0
4753 4687 0.493944 -0.809279 -0.317942 -0.0182744 -1.53527e-06 0 0 0
93 2656 -0.326069 0.0770868 -0.942198 -0.000335475 -2.76065e-08 -1 0 0
2780 5084 0.40521 0.4145 -0.814858 -0.0124887 -8.57658e-07 0 0 0
1257 270 0.548362 0.554031 -0.626377 -0.0083351 -7.21409e-07 0 0 0
4619 1538 0.304318 -0.881784 0.360343 -0.00204737 -1.77869e-07 1 0 0
1257 2229 0.282774 -0.38923 0.876663 -0.033067 -2.68946e-06 0 0 0
3099 4743 0.588594 -0.73153 -0.344125 -0.0178626 -1.58509e-06 0 0 0
7 4440 0.0371064 -0.750733 -0.659563 -0.015452 -1.11775e-06 0 0 0
5345 4793 0.116881 -0.408258 0.905353 -0.00382221 -3.14373e-07 0 0 0
2827 4878 0.361878 -0.614868 0.7007 -0.00224424 -1.44527e-07 0 0 0
4183 2737 -0.0330831 0.925555 -0.377165 -0.00858363 -6.49206e-07 0 0 0
4183 4119 0.569623 -0.437245 0.69595 -0.0207388 -1.24565e-06 0 0 0
2031 3697 0.174756 0.96569 0.192102 -0.00718782 -5.51774e-07 0 0 0
4612 2898 0.403704 -0.52032 0.752522 -0.00485917 -4.40313e-07 0 0 0
2419 333 0.798678 0.23736 -0.552968 -0.00311797 -2.56914e-07 0 0 0
791 4233 0.681189 0.500181 0.534604 -0.0203451 -1.60057e-06 0 0 0
5386 3533 0.208752 0.726311 -0.6549 -0.02564 -1.76309e-06 0 0 0
583 3321 0.927789 0.359305 0.100538 -0.00701976 -6.20848e-07 0 0 0
583 2152 0.643582 -0.722535 -0.25248 -0.0096571 -8.02591e-07 0 0 0
2582 249 0.913952 -0.287814 0.286104 -0.00985336 -6.25889e-07 0 0 0
1292 1124 0.697422 0.705354 -0.126801 -0.00272427 -1.56063e-07 0 0 0
3133 4185 0.251017 -0.916542 0.311354 -0.00196318 -1.4802e-07 0 0 0
4407 1879 0.641459 0.637741 -0.4264 -0.00168226 -1.2423e-07 0 0 0
4008 4881 0.493336 -0.274828 -0.825281 -0.021506 -1.30884e-06 0 0 0
1052 1473 0.701691 0.387157 -0.598113 -0.0185859 -1.73429e-06 0 0 0
4674 4945 0.686633 -0.520976 -0.507068 -0.00777439 -7.11272e-07 0 0 0
1598 5353 0.338405 -0.44865 0.827161 -0.0282203 -2.04025e-06 0 0 0
2413 2323 0.355136 -0.173956 -0.918486 -0.0116303 -9.84938e-07 0 0 0
1052 527 0.524874 -0.578182 -0.62467 -0.01802 -1.06837e-06 0 0 0
683 965 0.794205 -0.222427 -0.565477 -0.0118812 -7.59456e-07 0 0 0
1052 5429 -0.175171 0.756121 -0.630552 -0.0113685 -1.05553e-06 0 0 0
2255 2228 0.212378 0.828154 0.518707 -0.0027108 -2.19919e-07 0 0 1
4350 1802 0.946243 0.0830945 0.3126 -0.00505137 -3.95886e-07 0 0 0
3537 3875 0.561741 0.696079 -0.447125 -0.0123713 -9.78366e-07 0 0 -1
212 2117 0.739283 -0.401834 -0.540361 -0.00836881 -6.35282e-07 0 0 0
3305 2568 0.591723 0.214089 -0.777194 -0.0104762 -8.76564e-07 0 0 0
212 234 0.218413 0.512999 0.830137 -0.0135448 -9.97407e-07 0 0 0
5255 4160 0.474979 0.852107 0.219791 -0.00485573 -4.24574e-07 0 0 0
2183 2789 0.899648 -0.304644 0.312769 -0.00564717 -4.9147e-07 0 0 0
2651 4826 0.400941 -0.477174 0.782017 -0.0157047 -1.08996e-06 0 0 0
1057 1416 0.0468274 0.760981 -0.647082 -0.00735531 -4.32705e-07 0 0 0
5457 4338 -0.0113258 0.501451 -0.865112 -0.0327667 -2.75241e-06 0 0 0
1248 704 0.435743 0.588212 -0.681274 -0.0176697 -1.37954e-06 0 0 0
3874 256 0.091724 0.696465 0.711705 -0.0209176 -1.17944e-06 0 0 0
3490 77 0.165291 0.172444 0.971052 -0.0443063 -2.68446e-06 0 0 0
1627 3168 0.736874 -0.0735192 -0.672021 -0.0089709 -6.85063e-07 0 0 0
3514 3295 0.981192 -0.141636 -0.131152 -0.000943338 -6.40317e-08 0 0 0
2391 184 0.285785 0.761779 -0.581394 -0.0055905 -4.23711e-07 0 0 0
454 2362 -0.0275538 0.637629 -0.769851 -0.00637226 -4.74953e-07 0 1 0
1613 4672 0.412274 -0.906772 -0.0882884 -0.00776742 -6.09896e-07 0 0 0
1128 4705 0.535831 0.585765 -0.608082 -0.00444571 -3.52591e-07 0 0 0
119 826 0.986815 0.134159 0.0905448 -0.0179401 -1.29778e-06 0 0 0
4544 1369 0.405172 -0.729918 -0.550504 -0.00564448 -5.03577e-07 0 0 0
5041 2049 0.783701 0.561604 -0.265355 -0.000476953 -3.35721e-08 0 0 0
5462 2020 0.497391 0.719835 -0.484189 -0.0218547 -1.77265e-06 0 0 0
480 2209 0.645432 -0.349274 -0.679283 -0.00896782 -6.31382e-07 0 0 0
480 4725 0.625481 0.0275215 0.779754 -0.0189537 -1.27447e-06 0 0 0
4752 382 0.377948 -0.379181 -0.844617 -0.0299647 -2.23229e-06 0 0 0
903 256 0.832578 -0.0641193 -0.550184 -0.0139531 -8.54513e-07 0 0 0
3905 538 0.797147 0.570711 0.197092 -0.0118106 -9.30521e-07 0 0 0
4762 4146 -0.901534 -0.145697 0.407442 -0.00128412 -9.86882e-08 0 0 0
1699 1263 0.774767 -0.604201 0.186218 -0.0127771 -1.00849e-06 0 0 0
286 128 0.138019 0.0379727 0.989701 -0.0134881 -8.51724e-07 0 0 0
1160 1527 0.0999545 -0.302945 -0.947752 -0.0257502 -2.45095e-06 0 0 0
3727 4612 0.600693 0.705225 0.376596 -0.00467007 -2.61257e-07 0 0 0
4237 1475 0.20879 -0.595046 -0.776098 -0.0312526 -2.09967e-06 0 0 0
1786 1921 -0.276419 -0.0761997 -0.958012 -0.0158079 -1.30823e-06 0 0 0
5481 766 0.902743 -0.318977 -0.288632 -0.0201617 -1.5711e-06 0 0 1
859 1476 0.668419 0.115917 0.734696 -0.00968692 -9.20715e-07 0 0 0
276 1626 0.427826 0.682394 0.592708 -0.00137058 -1.05794e-07 0 0 0
56 84 0.261099 0.956732 -0.12842 -0.0166091 -1.12343e-06 0 0 0
1129 2649 0.700012 0.68578 0.199223 -0.000830775 -5.4145e-08 0 0 0
56 1341 0.463211 -0.119587 0.878143 -0.00749318 -5.51877e-07 0 0 0
3396 5446 0.671605 0.676729 -0.301637 -0.00156886 -1.24041e-07 0 1 0
2992 3785 0.653245 0.507991 0.561442 -0.0221794 -1.61128e-06 0 0 0
3076 1337 0.802174 0.287275 0.52344 -0.00283235 -2.25014e-07 0 0 0
1021 214 0.813851 -0.0518706 -0.578754 -0.00269449 -2.00731e-07 0 0 0
1549 4732 0.815141 0.395675 0.423068 -0.00132471 -1.07134e-07 0 0 0
3336 1994 0.979902 -0.0514751 0.192722 -0.0116132 -9.28136e-07 0 1 0
4081 1057 0.532289 -0.83662 -0.129363 -0.00914302 -5.15837e-07 0 0 0
4081 2523 -0.106158 0.551124 0.827643 -0.0170243 -1.23286e-06 0 0 0
631 4510 0.752155 -0.540113 0.377545 -0.00488783 -3.65996e-07 0 0 0
4081 123 -0.0158613 0.753391 -0.657381 -0.0228174 -1.38568e-06 0 0 0
2507 3479 0.562477 -0.382149 -0.7332 -0.00648711 -6.11849e-07 0 0 0
4714 3767 0.80492 -0.0781363 0.588216 -0.00789432 -5.70817e-07 0 0 0
5386 1312 0.183374 0.367328 0.911835 -0.0294071 -1.87269e-06 0 0 0
3736 2830 0.114634 -0.984353 -0.13382 -0.0170166 -1.11617e-06 0 0 0
2507 1128 0.151155 0.894788 0.420128 -0.00116541 -9.51198e-08 0 0 0
4853 1062 0.0974458 -0.994319 -0.0428296 -0.00274208 -2.13738e-07 0 0 0
4352 2365 0.631582 -0.414989 0.654896 -0.0266329 -2.40936e-06 0 0 0
4171 5236 0.016822 0.090121 0.995789 -0.0351003 -2.66399e-06 0 0 0
769 2048 0.326755 0.944747 -0.0261534 -0.000852142 -7.34794e-08 0 0 0
950 111 0.279232 -0.57054 -0.772343 -0.0149806 -1.00987e-06 0 0 0
4171 2390 0.73614 0.0698065 -0.67322 -0.0562541 -4.00972e-06 0 0 0
199 3072 0.553478 -0.109684 -0.82561 -0.00477888 -3.43103e-07 0 0 0
5020 3564 0.647149 0.341406 0.681645 -0.00704893 -5.09578e-07 0 0 0
747 4644 -0.112678 0.993631 -0.000549533 -0.017542 -1.3774e-06 0 0 0
3520 3523 -0.0149863 -0.737279 -0.675423 -0.00745348 -5.68439e-07 0 0 0
600 5282 0.134312 0.00468105 -0.990928 -0.00786432 -6.67607e-07 0 0 0
2832 4734 0.550993 -0.570632 0.608922 -0.00769162 -6.43e-07 0 0 1
2832 2446 0.553705 -0.138847 -0.821056 -0.0163144 -1.10491e-06 0 0 0
2832 4604 0.263984 0.419796 0.86838 -0.0316589 -2.79843e-06 0 1 1
4798 381 0.697598 -0.25013 -0.671411 -0.000846875 -7.14257e-08 0 0 0
4439 2609 0.906867 -0.420439 -0.0286912 -0.0026664 -2.11276e-07 0 0 0
1898 5078 0.597863 0.77574 -0.20196 -0.00240435 -1.78294e-07 0 0 0
4038 4542 0.63123 0.283146 0.722064 -0.0204989 -1.38834e-06 0 0 0
2071 3421 0.884854 0.386145 0.260627 -0.00723224 -6.2385e-07 0 0 0
512 4609 -0.0142525 -0.942459 0.334018 -0.00679743 -4.96671e-07 0 0 0
3247 922 0.200748 0.892237 -0.404492 -0.00437386 -2.85451e-07 0 0 0
4183 4430 0.544213 -0.467032 -0.696931 -0.00104369 -9.14327e-08 0 0 0
526 2664 0.735116 -0.250962 -0.62978 -0.00253853 -2.31236e-07 0 0 0
1599 3952 0.563108 -0.0030583 -0.826378 -0.00803338 -6.41998e-07 0 0 0
3760 3378 0.345074 -0.182823 -0.920598 -0.0110371 -8.101e-07 0 0 0
2473 2676 -0.983124 0.178089 -0.0418404 -0.00864812 -6.32956e-07 0 0 0
19 2855 0.131083 0.217679 0.967178 -0.00927647 -6.60482e-07 0 0 0
3793 324 0.553369 0.832334 -0.0316661 -0.000791035 -6.38241e-08 0 0 0
1990 1973 0.847365 -0.175842 -0.50105 -0.0101831 -8.45581e-07 0 0 0
2599 4853 0.801537 -0.337447 -0.493627 -0.00878767 -6.89413e-07 0 0 0
5172 3108 0.853091 0.116309 0.508633 -0.0178924 -1.54621e-06 0 0 0
261 2374 0.795639 -0.601048 -0.0754914 -0.0063132 -5.37596e-07 0 0 0
5077 2669 0.641599 -0.346839 0.684145 -0.0219186 -1.71498e-06 0 0 0
1415 1231 0.00456295 -0.265794 -0.964019 -0.0237696 -2.11565e-06 0 0 0
2856 370 0.481592 -0.176559 0.858426 -0.0116327 -1.01322e-06 0 0 0
4599 296 0.127292 0.63211 0.764352 -0.00597633 -4.98389e-07 0 0 0
813 1933 0.297233 -0.743754 -0.598734 -0.00615099 -4.57041e-07 0 0 0
3108 4417 0.957566 0.194572 0.212624 -0.00516321 -4.07839e-07 0 0 0
3070 3831 0.759211 -0.0340806 0.649952 -0.00192797 -1.53394e-07 0 0 0
3594 2015 0.469028 0.387009 0.793875 -0.0245187 -2.1247e-06 0 0 0
2815 3631 0.95026 -0.0434222 -0.308416 -0.00929617 -7.85192e-07 0 0 0
1274 3589 0.958559 -0.257933 0.120978 -0.00290177 -2.15563e-07 0 0 0
138 4058 0.253728 -0.686859 0.681063 -0.00405946 -2.76015e-07 0 0 0
4840 1903 0.393679 -0.82838 -0.398502 -0.0104051 -9.03247e-07 0 0 0
3336 2790 0.618394 0.426374 -0.660147 -0.00545585 -4.27414e-07 0 1 -1
2641 2206 0.904691 0.349508 0.243677 -0.00293864 -1.98103e-07 0 0 0
3650 2275 0.281117 0.741044 -0.609777 -0.0132091 -9.14623e-07 0 0 0
2780 3045 0.337624 -0.790925 0.510341 -0.0088198 -5.82115e-07 0 0 0
2810 3796 0.369389 0.0481364 -0.928027 -0.0105143 -8.31973e-07 0 0 0
1863 800 0.58924 0.50172 0.633303 -0.00315403 -2.55106e-07 0 0 0
2920 960 0.792664 0.0380286 -0.608471 -0.00853896 -6.77367e-07 0 0 0
2349 2673 0.153788 -0.485206 -0.860769 -0.0125594 -9.57255e-07 0 0 0
305 1487 -0.891485 0.0884098 0.44434 -0.000889607 -7.3178e-08 0 0 0
2317 5223 0.250133 0.70047 0.668412 -0.0101638 -8.39423e-07 0 0 0
3176 3439 -0.246948 0.538348 0.805728 -6.5641e-05 -5.2477e-09 0 0 0
3517 2131 0.570829 -0.133944 -0.81007 -0.00299808 -2.41678e-07 0 0 0
3663 1090 0.420466 -0.9072 -0.0140136 -0.000429023 -3.74499e-08 0 0 0
2248 584 0.578041 0.813175 0.0679359 -0.000136213 -1.04909e-08 0 0 0
4330 3966 0.607858 0.68207 -0.406558 -0.00552077 -4.43389e-07 0 0 0
1224 911 0.488852 0.783061 -0.384498 -0.0229712 -1.69052e-06 0 0 0
4310 1337 0.37341 0.921262 -0.108814 -0.00297937 -2.39309e-07 0 0 0
1563 584 0.311111 0.412108 -0.856374 -0.013061 -1.05687e-06 0 0 0
1563 5077 -0.157593 -0.0387992 0.986742 -0.0298712 -2.29409e-06 0 0 0
1054 1971 0.331248 0.913514 -0.236151 -0.0159864 -1.32213e-06 0 0 0
1054 123 0.0748949 -0.867476 0.491808 -0.00826194 -4.95133e-07 0 0 0
952 137 0.315731 -0.265514 -0.910942 -0.032213 -2.0778e-06 0 0 0
952 2760 0.447492 0.890431 -0.082973 -0.00625869 -3.4123e-07 0 0 0
952 2390 0.364771 -0.482941 0.796059 -0.0243373 -1.50992e-06 0 0 0
1054 1128 -0.0671363 -0.727897 -0.682392 -0.00310995 -2.61552e-07 0 0 0
2644 1930 0.752097 -0.65392 0.0820924 -0.00252876 -1.94855e-07 0 0 0
184 2653 0.307857 0.292368 -0.905398 -0.00859474 -6.51678e-07 0 0 0
4303 314 0.541174 0.575021 -0.613581 -0.023953 -1.47736e-06 0 0 0
810 997 0.381307 -0.402035 0.83245 -0.0302074 -2.57513e-06 0 0 0
810 4510 0.678053 0.701145 -0.220546 -0.00422792 -3.35943e-07 0 0 0
2118 4092 0.860513 0.485173 -0.155319 -0.000720042 -5.03421e-08 0 0 0
5068 5469 0.269303 0.199217 0.942225 -0.0231958 -1.87586e-06 0 0 0
713 2564 -0.381693 0.151309 -0.91182 -0.0227559 -1.52159e-06 0 0 0
5068 2054 0.0979794 0.994136 -0.0457524 -0.0275932 -1.89812e-06 0 0 0
5145 1224 0.66605 0.438172 -0.603641 -0.00891006 -5.56912e-07 0 0 0
3793 4749 0.211282 0.198503 -0.957056 -0.0290196 -2.22897e-06 0 0 0
5068 4661 -0.0930611 -0.2881 -0.953068 -0.0364061 -3.01281e-06 0 0 0
1393 3560 0.798914 -0.373981 0.471035 -0.0180063 -1.0622e-06 0 0 0
5279 5429 0.182974 -0.871832 -0.454345 -0.00646779 -5.07608e-07 0 -1 0
1566 5022 0.0807822 0.0346621 -0.996129 -0.00454792 -3.52688e-07 0 0 0
1907 1872 0.00774979 0.229777 -0.973212 -0.0120087 -7.29047e-07 0 0 0
3995 2165 -0.12412 0.0372565 -0.991567 -0.00356277 -2.67001e-07 0 0 0
2070 1296 0.348493 -0.382464 0.85573 -0.0240043 -1.51491e-06 0 0 0
1032 2780 0.311849 -0.322126 -0.89386 -0.0121012 -1.02588e-06 0 0 0
2737 5457 0.791391 -0.157251 0.590739 -0.0141708 -1.03778e-06 0 0 0
1868 3789 -0.0580832 0.798001 -0.599851 -0.0119747 -8.20962e-07 0 0 0
3520 941 0.230631 0.879973 0.41528 -0.0105128 -7.86125e-07 0 0 0
298 5242 0.264525 0.959317 0.0986803 -0.00877785 -6.20758e-07 0 0 0
5377 1173 0.665276 0.188487 0.722413 -0.00779712 -5.72651e-07 0 0 0
3738 746 0.870183 0.490742 0.0441906 -0.000873029 -6.81564e-08 0 0 0
5377 2229 0.580308 0.748076 -0.321908 -0.00315 -2.44546e-07 0 0 0
5377 3228 0.449615 -0.164333 -0.877976 -0.0218934 -1.71101e-06 0 0 0
1002 623 0.725365 -0.650381 0.2255 -0.00436873 -2.79901e-07 0 0 0
5377 2832 0.198417 -0.919007 0.340671 -0.00449236 -3.61526e-07 0 -1 0
4211 4825 0.727201 0.573297 0.377503 -0.0100714 -8.09432e-07 0 0 0
2429 1373 0.613779 -0.633881 -0.470607 -0.0144727 -1.0884e-06 0 0 0
1837 3829 0.522399 0.779377 0.345934 -0.0167579 -1.18303e-06 0 0 0
2661 3946 0.733317 0.50472 0.455525 -0.00244842 -1.50322e-07 0 0 0
3179 2567 0.800151 0.280558 -0.530138 -0.00634677 -4.71099e-07 0 0 0
5124 1633 0.813491 -0.272739 0.51366 -0.000462979 -3.61406e-08 0 0 0
2320 4119 0.432891 0.889528 0.146101 -0.0111373 -6.51321e-07 0 0 0
645 4964 0.632169 0.774532 -0.0214968 -0.00311516 -1.92278e-07 0 0 0
2742 1559 0.407027 0.767172 -0.495758 -0.00354359 -2.61297e-07 0 0 0
1481 1628 0.399321 0.739593 0.541798 -0.0039372 -2.89737e-07 0 0 0
3179 668 0.325973 0.943822 0.0542452 -0.0077384 -6.33652e-07 0 0 0
1868 5499 0.83943 -0.243089 0.486071 -0.0242813 -1.68639e-06 0 0 0
3837 565 0.831185 -0.373808 -0.411582 -0.00570941 -3.93987e-07 0 0 0
64 2934 0.699048 -0.392065 0.598011 -0.00622081 -4.84321e-07 0 0 0
1043 3520 0.458806 -0.813907 0.356443 -0.00140967 -1.00224e-07 0 0 0
1946 996 0.924737 -0.129904 0.357752 -0.0159561 -1.15888e-06 0 0 0
1561 77 0.298585 -0.954229 -0.0171349 -0.00903713 -5.96281e-07 0 0 0
3710 4334 0.906849 0.0232151 -0.420817 -0.000993881 -7.01935e-08 0 0 0
2703 3638 0.0451168 -0.783084 -0.620278 -0.00802888 -7.07044e-07 0 -1 0
1072 997 0.333252 0.792193 0.511248 -0.0132373 -1.04936e-06 0 0 0
1072 968 0.518458 -0.301642 0.800133 -0.0112036 -9.27149e-07 0 0 0
1072 1935 0.520902 -0.061411 -0.851405 -0.0104228 -7.84358e-07 0 0 0
4525 4074 -0.00328789 0.8663 0.499513 -0.0135646 -1.0797e-06 0 0 0
4582 4986 0.804822 0.148476 0.574644 -0.00798009 -6.8467e-07 0 0 0
5255 704 0.351335 -0.696678 0.625462 -0.0116513 -8.97229e-07 0 0 0
4038 1677 0.623367 -0.279178 -0.730393 -0.0160407 -1.25003e-06 0 0 0
3053 4705 0.301546 -0.278457 0.911884 -0.00914345 -8.54017e-07 0 0 1
2303 701 0.595138 -0.719351 0.358253 -0.0056282 -4.14663e-07 0 -1 0
4221 3638 0.501831 0.0895359 0.860319 -0.025439 -2.07873e-06 0 -1 0
3893 2095 0.770866 0.550008 0.321337 -0.0065804 -5.99417e-07 0 0 0
1475 4262 0.0850741 -0.318818 0.94399 -0.0223473 -1.81597e-06 0 0 0
812 1842 0.470543 -0.812196 -0.344859 -0.0125957 -9.2664e-07 0 0 0
903 3851 0.502149 0.726178 0.469587 -0.0102539 -9.06729e-07 0 0 0
903 252 0.822425 -0.107853 0.558557 -0.0146266 -1.10128e-06 0 0 0
4394 156 0.616135 0.781812 0.0956375 -0.00124844 -9.97793e-08 0 0 0
3489 2129 -0.0406204 0.746298 -0.664372 -0.0031616 -2.62899e-07 0 0 0
1023 5358 0.619841 0.363989 0.695204 -0.0126253 -8.5513e-07 0 0 0
2109 1731 0.150253 0.849182 -0.506274 -0.00188338 -1.74285e-07 0 0 0
1121 3059 0.77538 0.00838592 0.631439 -0.0124656 -8.94112e-07 0 0 0
7 1806 0.281385 0.138448 0.949555 -0.0438271 -3.93335e-06 0 0 0
261 1274 0.32539 0.775817 -0.540583 -0.000428939 -3.72436e-08 0 0 0
632 3628 0.214109 -0.879685 0.424632 -0.00282937 -2.73411e-07 0 0 0
4935 541 0.283573 0.59215 0.754284 -0.0252796 -2.06856e-06 0 0 0
4935 1317 0.151652 -0.514209 -0.844151 -0.0252794 -2.11409e-06 0 0 0
1390 3285 0.368922 -0.809631 0.456502 -0.000987163 -6.99691e-08 0 0 0
5232 1999 0.614535 -0.264831 0.743109 -0.0091447 -6.84978e-07 0 0 0
4166 3558 0.880669 -0.147536 0.450172 -0.000498631 -3.57522e-08 0 0 0
5232 308 0.407043 -0.0775733 -0.910109 -0.0283607 -2.21171e-06 0 0 0
4148 109 0.558816 0.384651 0.734689 -0.0208728 -1.38048e-06 0 0 0
4148 1539 0.367067 -0.769857 0.522093 -0.00180904 -1.55993e-07 0 0 0
1051 2920 0.560746 -0.61616 -0.553092 -0.00201854 -1.62495e-07 1 0 0
371 767 0.226005 0.920895 -0.317605 -0.0146117 -1.11479e-06 0 0 0
4148 1052 0.140916 0.535363 -0.832784 -0.0236876 -1.64908e-06 0 0 0
4283 1962 0.506319 0.808802 0.299134 -0.00546332 -4.01225e-07 0 0 0
5209 505 0.127231 -0.916415 0.379468 -0.00328361 -2.57923e-07 0 0 0
3128 4920 0.00944523 0.122298 -0.992449 -0.0253951 -2.04945e-06 0 0 0
309 1012 -0.0151736 -0.997956 -0.0620723 -0.00124735 -1.05965e-07 0 0 0
2211 4443 0.669295 -0.224206 0.708361 -0.00940411 -6.28549e-07 0 0 0
2561 4732 0.725956 -0.595101 0.344735 -0.0190868 -1.43724e-06 0 0 0
3438 3290 0.137428 0.345951 -0.928133 -0.0143468 -9.66961e-07 0 0 0
5481 4558 0.369112 -0.162261 0.915111 -0.00899034 -7.04967e-07 0 0 1
3513 3932 -0.0342376 0.610006 -0.791657 -0.016291 -1.21757e-06 0 0 0
1233 4644 -0.0943968 -0.798154 -0.595012 -0.0190306 -1.35869e-06 0 0 0
1233 4045 -0.0631392 0.709462 0.70191 -0.0217984 -1.62353e-06 0 0 0
1233 4443 0.28555 0.518136 -0.806223 -0.0228701 -1.68241e-06 0 0 0
4498 961 0.87243 -0.47832 0.100376 -0.0167652 -1.20975e-06 0 0 0
4854 551 0.627789 -0.182007 0.756806 -0.00132143 -1.16782e-07 0 0 0
5166 1563 0.235762 -0.95359 0.187303 -0.0143158 -1.22658e-06 0 0 0
3323 1665 0.380913 -0.101538 -0.919019 -0.0181734 -1.16336e-06 0 0 0
2463 2515 0.652302 0.430821 0.623616 -0.0101034 -8.63993e-07 0 1 0
2622 2917 0.305843 -0.509204 -0.804469 -0.00378308 -2.85172e-07 0 0 0
2284 4081 0.70838 0.519052 -0.478312 -0.017231 -1.12302e-06 0 0 0
5457 4161 0.718712 0.145065 0.680007 -0.00925339 -5.418e-07 0 0 0
5199 4719 0.82651 0.560207 0.05522 -0.000750601 -6.33706e-08 0 0 0
2362 1423 0.438585 0.667269 -0.601992 -0.0151412 -1.32213e-06 0 0 0
454 1062 -0.0242749 0.983992 0.176552 -0.00258411 -2.17201e-07 0 1 0
3025 3661 0.838642 0.0582735 -0.541557 -0.00908681 -6.88001e-07 0 0 0
3070 4876 0.645675 0.762325 0.0443155 -0.00876849 -5.93803e-07 0 0 0
1603 5401 0.489642 -0.716471 -0.496909 -0.0148575 -9.27143e-07 0 0 0
454 4505 0.941188 -0.252404 0.224628 -0.00853137 -6.67029e-07 0 0 0
4476 1437 0.429219 0.668117 -0.607775 -0.0016165 -1.13869e-07 0 0 0
2320 5037 0.149514 0.425449 0.892546 -0.0214732 -2.01646e-06 0 0 0
2804 4497 0.362025 -0.0360364 -0.931471 -0.016473 -1.15839e-06 0 0 0
3536 3886 0.7502 0.538892 0.383139 -0.0218904 -1.6757e-06 0 0 0
4008 1114 0.905341 -0.240332 0.350142 -0.00203159 -1.46996e-07 0 0 0
2781 5037 0.3131 0.0223778 -0.949456 -0.0147998 -1.46635e-06 0 0 0
3745 4119 0.801335 -0.448998 -0.395301 -0.00541993 -4.55153e-07 0 0 0
84 5322 0.294063 0.0953656 -0.951016 -0.0523912 -2.96051e-06 0 0 0
4878 3077 0.343321 -0.918153 -0.197802 -0.00220228 -1.35031e-07 0 0 0
4331 4027 0.817014 -0.533013 -0.219966 -0.000117557 -9.73753e-09 0 0 0
381 2403 0.571859 -0.664644 0.48086 -0.000969053 -8.00627e-08 0 0 0
2180 183 0.534977 0.669484 -0.515355 -0.0194127 -1.61164e-06 0 0 0
2602 4221 -0.406235 -0.189869 0.893825 -0.0303971 -2.542e-06 0 1 0
5166 2973 0.29763 0.640445 -0.707987 -0.0302977 -2.2899e-06 0 0 0
214 4680 -0.24553 0.528431 -0.812697 -0.00352251 -2.84741e-07 0 0 0
717 1899 0.73329 0.279078 0.62 -0.00188878 -1.42521e-07 0 0 0
1384 134 0.0565249 -0.913212 0.403546 -0.00302588 -1.90021e-07 0 0 0
1830 4771 0.736407 -0.301186 -0.605798 -0.00431933 -3.17232e-07 0 0 0
2255 1598 0.611427 -0.399266 -0.683186 -0.00788825 -6.98137e-07 0 0 0
306 2304 0.948242 0.276328 -0.156463 -0.000259372 -2.15348e-08 0 0 0
4258 451 0.0686948 -0.681017 0.729038 -0.0194593 -1.4351e-06 0 -1 0
5143 2080 0.864226 -0.0830969 -0.496194 -0.0225779 -1.60708e-06 0 0 0
5469 3981 0.0194808 -0.63648 0.771047 -0.0138135 -1.1369e-06 0 0 0
4837 4501 0.1428 -0.3584 0.922582 -0.00457285 -3.77407e-07 0 0 0
4498 4129 -0.299852 0.102279 -0.948487 -0.0201146 -1.40897e-06 0 0 0
3760 2917 0.522494 -0.277209 0.806322 -0.0221518 -1.65011e-06 0 0 1
2189 1968 0.665848 -0.290462 0.687225 -0.00775278 -4.52367e-07 0 0 0
3999 1188 -0.121327 0.118494 -0.985515 -0.0112539 -8.43178e-07 0 0 0
2124 5146 0.80835 -0.0934717 -0.581234 -0.0229712 -1.86825e-06 0 0 0
2514 3697 0.172332 0.1011 -0.979837 -0.0384827 -3.32917e-06 0 0 0
2129 5080 0.862522 -0.461978 -0.206475 -0.00571877 -4.76221e-07 0 0 0
4650 1129 0.860381 -0.309793 0.404688 -0.0148899 -1.16103e-06 0 0 0
4221 4896 0.307123 -0.821297 -0.480776 -0.0262475 -1.99952e-06 0 -1 0
2382 710 0.326576 -0.799436 0.504232 -0.00557946 -4.43889e-07 0 0 0
1436 3460 0.350654 -0.126307 -0.927949 -0.0164134 -1.447e-06 0 0 0
1424 1673 0.410879 -0.758844 0.505305 -0.0119144 -7.34425e-07 0 0 0
3491 4083 0.377289 0.171528 -0.910072 -0.00565386 -3.81398e-07 0 0 0
15 894 0.141453 0.981362 -0.130074 -0.00286717 -2.34796e-07 0 0 0
668 2567 0.547026 -0.571978 -0.611232 -0.0189931 -1.7028e-06 0 0 0
4179 2899 -0.0557537 -0.761901 0.645289 -0.0144073 -1.05189e-06 0 0 0
1785 3736 0.490789 0.361255 0.792856 -0.0232531 -1.53175e-06 0 0 0
1785 2364 0.714788 -0.00959474 -0.699275 -0.00285934 -2.52209e-07 0 0 0
1065 2651 0.402631 -0.910586 0.0933846 -0.00945737 -7.41297e-07 0 0 0
1065 1549 0.0899413 0.325371 0.941299 -0.0181342 -1.47569e-06 0 0 0
5447 3637 0.41058 0.321808 -0.853149 -0.00271878 -1.82696e-07 0 0 0
5429 5446 0.393677 -0.55846 -0.730165 -0.0103719 -8.32609e-07 0 1 0
483 3888 0.354825 0.645821 0.676028 -0.0101734 -9.06561e-07 0 0 0
2143 387 0.639191 0.501223 0.583275 -0.0174226 -1.22718e-06 0 0 0
4500 3767 0.200277 0.841798 0.501264 -0.0141393 -1.10461e-06 0 0 1
4955 2471 0.576893 -0.229705 0.783856 -0.0227833 -1.90185e-06 0 0 0
5129 4561 0.0845019 -0.985855 0.144737 -0.00479586 -3.63185e-07 0 0 0
5129 3563 0.371334 0.674333 0.638268 -0.017584 -1.50055e-06 0 0 0
905 3621 0.980443 -0.111543 -0.162141 -0.0147906 -1.01985e-06 0 0 0
5129 2143 0.35503 -0.537531 -0.764862 -0.0266121 -2.08138e-06 0 0 0
4282 1257 0.627991 -0.33272 0.703509 -0.0431064 -3.79022e-06 0 0 0
4752 1973 0.337213 0.548412 0.7652 -0.0145016 -1.08154e-06 0 0 0
834 836 0.245111 -0.638922 0.729177 -0.00171578 -1.21377e-07 0 0 0
1132 5285 0.207516 0.970347 0.123954 -0.0171245 -1.27589e-06 0 0 0
1774 3299 0.659243 0.238336 -0.713158 -0.00633846 -5.49909e-07 0 0 0
1132 4070 0.737408 -0.00672635 0.675414 -0.0187659 -1.36298e-06 0 0 0
3329 1625 0.185387 -0.596778 0.780697 -0.0161316 -1.12799e-06 0 0 0
5194 46 0.554719 0.00906588 -0.831988 -0.0095244 -6.68123e-07 0 0 0
1104 3397 -0.108054 -0.203411 -0.973113 -0.000699968 -5.63993e-08 0 0 0
3000 1337 0.401121 -0.219669 -0.889296 -0.00942376 -6.07543e-07 0 0 -1
2663 3138 0.940027 -0.204197 -0.273228 -0.00238901 -1.55242e-07 0 0 0
5442 1863 0.786344 0.294886 -0.542868 -0.00928346 -6.53649e-07 0 0 0
3637 3180 0.303628 0.695844 -0.650854 -0.00779497 -5.76925e-07 0 0 0
740 3258 0.340183 0.76497 0.546898 -0.000692646 -5.37144e-08 0 0 0
3000 299 0.930259 -0.025866 0.36599 -0.018931 -1.13516e-06 0 0 0
831 1090 0.559835 0.828578 0.00653887 -0.000911921 -6.11669e-08 0 0 0
393 958 0.144778 -0.661277 -0.736038 -0.000141857 -1.14394e-08 0 0 0
1542 5501 0.432329 0.857721 -0.278219 -0.00162323 -1.23175e-07 0 0 0
4749 3841 0.337164 0.923466 -0.183112 -0.0124411 -1.02899e-06 0 0 0
1559 4135 0.342537 0.366245 0.865178 -0.00398508 -2.99371e-07 0 0 0
2453 3202 0.481428 0.215997 0.849454 -0.0229819 -1.91119e-06 0 0 0
5456 4794 0.51518 -0.23537 -0.82413 -0.00918263 -6.88981e-07 0 0 0
3856 794 0.878632 0.470105 -0.083713 -0.0133079 -1.30562e-06 0 0 0
4425 1540 0.023367 0.0364112 -0.999064 -0.0185012 -1.35411e-06 0 0 0
3615 5504 0.105549 0.0114437 0.994348 -0.00923975 -6.76858e-07 0 0 0
1599 530 0.417984 -0.872457 0.253195 -0.00538442 -4.47741e-07 0 0 0
2751 1699 0.581621 0.31395 0.750435 -0.0116509 -8.49925e-07 0 0 0
2503 245 0.104832 0.414947 -0.903786 -0.0244859 -1.77654e-06 0 0 0
1742 1204 0.12473 -0.169388 0.977625 -0.0253737 -1.8374e-06 0 0 0
2223 4868 0.335422 -0.576583 0.745013 -0.00667568 -4.53233e-07 0 0 0
2710 1881 0.780218 0.608324 0.145609 -0.00443757 -3.53239e-07 0 0 0
1742 11 0.768359 0.637381 0.0580494 -0.0250347 -1.86596e-06 0 0 0
1267 4836 0.632843 -0.555569 0.539307 -0.00583004 -4.49235e-07 0 0 0
1515 2203 0.405211 -0.458216 -0.791102 -0.00692487 -5.01119e-07 0 0 0
4045 4611 0.428578 0.43874 0.789828 -0.023511 -1.64472e-06 0 0 0
4344 3746 0.263638 -0.517546 0.814028 -0.00297427 -1.90836e-07 0 0 0
42 30 0.184364 0.318768 0.929729 -0.00687141 -5.46816e-07 0 0 0
2112 3952 0.326918 -0.824636 0.461627 -0.000654601 -5.8254e-08 0 0 0
128 2247 0.576299 -0.76183 -0.295796 -0.00441272 -2.84598e-07 0 0 0
133 3411 0.285996 0.411951 0.865161 -0.0127244 -9.34261e-07 0 0 1
4053 3834 0.702669 0.71109 -0.0246462 -0.0150794 -1.07213e-06 0 0 0
694 4237 0.439783 -0.873773 -0.207631 -0.017882 -1.57311e-06 0 0 0
3789 2149 0.536586 0.180256 0.824368 -0.026303 -2.19697e-06 0 0 0
3904 4309 0.301505 -0.283764 0.91026 -0.000349593 -2.61928e-08 0 0 0
1539 2678 0.207505 -0.82327 0.528363 -0.00162338 -1.43455e-07 0 0 0
2753 4476 0.889741 -0.42878 0.156554 -4.79425e-05 -3.47707e-09 0 0 0
239 4471 0.505932 0.468682 -0.724134 -0.000999519 -6.07361e-08 0 0 0
3931 5449 -0.346894 0.0773703 -0.934708 -0.0447795 -3.49832e-06 0 0 0
290 2382 0.0576423 0.766829 0.639258 -0.00193209 -1.44901e-07 0 0 0
694 1231 -0.0944467 0.52323 0.846941 -0.0143486 -1.1575e-06 0 0 0
261 791 0.198735 0.415272 0.887724 -0.0220898 -1.76121e-06 0 0 0
2390 3383 0.566563 -0.0679746 0.82121 -0.00874013 -7.77701e-07 0 0 0
3286 5353 -0.0381903 -0.999128 -0.0168915 -0.00430561 -3.10715e-07 0 0 0
410 4479 0.160023 0.762046 0.627438 -0.0104748 -7.4854e-07 0 0 0
4285 668 0.212992 -0.296292 -0.931045 -0.0298424 -2.75787e-06 0 0 0
4285 4994 0.189143 -0.222644 0.956376 -0.0284269 -1.58797e-06 0 0 0
4285 1849 -0.149947 0.792211 -0.591539 -0.0117947 -8.28856e-07 0 0 0
16 3334 0.227505 0.768424 -0.598135 -0.00968582 -6.71026e-07 0 0 0
326 2893 0.116414 -0.760351 0.638994 -0.000226303 -1.64738e-08 0 0 0
5348 1778 0.545854 -0.354133 0.759364 -0.00381504 -2.60871e-07 0 0 1
1994 2925 0.49544 -0.848202 0.187329 -0.0126321 -8.55164e-07 0 -1 0
1194 526 0.314528 0.690093 0.6518 -0.0133534 -1.02589e-06 0 0 0
4872 2566 0.963775 0.0199703 -0.265969 -0.00582547 -4.57216e-07 0 0 0
4872 2 0.205243 -0.10228 0.973352 -0.0106109 -7.83482e-07 0 0 0
4603 2474 0.59256 -0.622239 -0.511557 -0.0129361 -1.03573e-06 0 0 0
5189 5497 0.988159 0.0609533 -0.140805 -0.0105999 -7.94083e-07 0 0 0
725 4863 0.568155 -0.424059 0.705247 -0.0112235 -8.95484e-07 0 0 0
2968 5042 -0.141842 0.43414 -0.889608 -0.0106808 -9.16525e-07 0 0 0
564 1047 0.542095 -0.326661 -0.774226 -0.00506955 -4.34362e-07 0 0 -1
20 3555 0.445194 0.795672 0.410741 -0.0135251 -8.22687e-07 0 0 0
423 522 0.941535 -0.015065 -0.336579 -0.0108967 -6.25485e-07 0 0 0
3842 2938 0.621422 0.710237 -0.330754 -0.00583926 -4.41944e-07 0 0 0
434 2344 0.850459 0.509689 0.130141 -0.000625733 -4.57899e-08 0 0 0
3836 725 0.173312 -0.714148 -0.6782 -0.0158971 -1.05798e-06 0 0 0
3768 3496 0.421307 0.369428 -0.828265 -0.0023602 -1.7859e-07 0 0 0
773 5209 0.409709 -0.467634 0.783235 -0.0102347 -7.58526e-07 0 0 0
773 3736 0.657239 0.121114 -0.743887 -0.0164855 -1.32209e-06 0 0 0
290 2857 0.427873 0.600128 -0.675848 -0.0101736 -7.29404e-07 0 0 0
1416 4614 0.717039 -0.274293 -0.640795 -0.0165728 -1.27209e-06 0 0 0
663 2760 0.626739 0.232604 -0.743703 -0.0275831 -2.06423e-06 0 0 0
3998 2768 0.602835 0.797314 -0.0296606 -0.0117538 -6.89925e-07 0 0 0
663 2364 0.83869 -0.458908 0.293263 -0.00823748 -6.53726e-07 0 0 0
4561 2143 0.263121 0.408279 -0.874114 -0.0135349 -9.56038e-07 0 0 0
1538 54 0.581584 0.588681 -0.56144 -0.0166831 -1.02301e-06 0 0 0
865 4222 0.727989 0.488201 -0.481344 -0.00505039 -4.01892e-07 1 0 0
3183 4923 0.601055 0.718467 0.350053 -0.010182 -6.39361e-07 0 0 0
4183 5457 0.677835 0.712583 0.18101 -0.0106998 -6.2037e-07 0 0 0
4603 1002 0.190166 0.16533 0.967731 -0.0154347 -1.12195e-06 0 0 0
314 5172 0.746419 0.191586 -0.637302 -0.0339383 -2.16172e-06 0 0 0
4644 3986 0.923277 0.383843 -0.0149871 -0.00789756 -5.67341e-07 0 0 0
901 2208 0.662214 -0.687765 0.29741 -0.00798878 -5.86201e-07 0 0 0
3546 1475 0.641126 0.581024 0.501367 -0.031088 -1.82568e-06 0 0 0
1341 1130 0.636043 0.680983 -0.362922 -0.00890716 -6.68826e-07 0 0 0
54 4160 0.0171789 0.46774 -0.883699 -0.0135657 -1.19376e-06 0 0 0
255 3914 0.433934 0.893506 0.115532 -0.0066444 -4.43617e-07 0 0 0
2023 412 0.803652 0.498708 -0.324706 -0.00893957 -8.10365e-07 0 0 0
1627 5279 0.231183 -0.838737 0.493027 -0.00686041 -5.1619e-07 0 0 0
911 2262 0.182273 0.864334 -0.468726 -0.0307467 -2.14956e-06 0 0 0
1025 350 -0.0236088 0.560907 -0.827542 -0.0151686 -1.03123e-06 0 0 0
2414 2651 0.341671 0.936631 -0.0773524 -0.00512923 -3.16843e-07 0 0 0
1377 3718 0.0960644 0.330882 -0.93877 -0.00506113 -4.07339e-07 0 0 0
2542 3913 0.548513 0.327291 0.769424 -0.00259345 -1.83486e-07 0 0 0
4462 2216 0.664018 0.527976 -0.529453 -0.00846285 -7.42334e-07 0 0 0
2535 202 -0.112688 0.314198 0.942646 -0.00236217 -2.01655e-07 0 0 0
5145 1248 0.479148 0.753254 0.450583 -0.0215142 -1.32357e-06 0 0 0
2535 342 0.845387 -0.302491 0.44025 -0.0176083 -1.50106e-06 0 0 0
5443 5077 0.0725667 -0.58784 -0.805716 -0.0155929 -1.15113e-06 0 0 0
3334 2746 0.810433 0.319514 -0.491028 -0.00205788 -1.36704e-07 0 0 0
567 4734 0.491898 0.38591 -0.780455 -0.0174941 -1.2937e-06 0 0 0
4074 3411 0.433208 0.0946893 -0.896306 -0.0134253 -1.18711e-06 0 0 0
4493 233 0.362812 -0.67138 0.646232 -0.0133862 -1.18607e-06 0 0 0
4749 2365 0.362301 -0.747962 -0.55614 -0.0152644 -1.28214e-06 0 0 0
4962 141 0.537065 -0.550369 0.639262 -0.000716096 -5.63718e-08 0 0 0
4609 1830 0.189415 -0.703212 -0.685285 -0.00538834 -4.10291e-07 0 0 0
3067 4788 0.662627 0.647646 -0.376138 -0.000948161 -7.37683e-08 0 0 0
2917 1281 0.943073 -0.023219 -0.331774 -0.000327822 -2.67694e-08 0 0 -1
3252 3657 0.165644 -0.96192 -0.21742 -0.00415721 -2.89139e-07 0 0 0
3834 3531 0.759742 -0.327763 0.561573 -0.00317124 -2.44608e-07 0 0 0
3987 1423 0.0306426 -0.820838 0.570338 -0.00893875 -6.97247e-07 0 0 0
946 3185 0.043491 -0.269962 -0.961888 -0.00812344 -6.56858e-07 0 0 0
2942 2665 0.352337 0.421535 0.835564 -0.0186191 -1.26926e-06 0 0 0
2942 859 -0.0814423 -0.894497 0.439592 -0.0221518 -1.84946e-06 0 0 0
1475 217 0.847548 0.118137 -0.517403 -0.0115045 -7.82988e-07 0 0 0
3002 4371 0.815287 0.141206 0.561577 -0.00447577 -3.08018e-07 0 0 0
84 3631 0.599529 0.532907 0.597139 -0.0106688 -1.01152e-06 0 0 0
2574 75 0.624123 0.709692 0.326816 -0.0138289 -1.00864e-06 0 0 0
3907 5181 0.272065 0.757206 0.593817 -0.0152795 -1.05198e-06 0 0 0
56 3242 0.532474 -0.566607 -0.62883 -0.0198984 -1.43441e-06 0 0 0
3497 2514 0.354231 -0.876326 -0.326454 -0.00476157 -2.64508e-07 0 0 0
237 5237 0.454849 -0.88572 -0.0928003 -0.00871606 -6.68955e-07 0 0 0
1979 4166 -0.0426982 -0.204977 -0.977835 -0.0142938 -9.96235e-07 0 0 0
1283 4431 0.233506 -0.181877 -0.955194 -0.0144908 -1.19281e-06 0 0 0
1460 205 0.482644 0.501101 -0.718299 -0.0124149 -9.40844e-07 0 0 0
1729 4696 0.80242 0.232087 0.549779 -0.00544422 -4.43431e-07 0 0 0
420 269 0.26453 0.073439 0.961577 -0.0581996 -3.76748e-06 0 0 0
3612 2248 0.882455 0.45133 -0.132566 -0.00562323 -4.39927e-07 0 0 0
5270 2054 0.343845 -0.22757 -0.911034 -0.0402219 -2.96021e-06 0 0 0
2810 3536 0.563241 0.752268 0.341836 -0.0221769 -1.76253e-06 0 0 0
636 5384 0.705514 -0.548786 0.448424 -0.0077868 -5.07117e-07 0 0 0
1199 1810 0.772948 -0.306696 -0.555417 -0.00721327 -4.01292e-07 0 0 0
4128 4082 0.763123 0.632693 -0.131694 -0.00400125 -3.1173e-07 0 0 0
5209 1554 0.693885 0.498161 -0.519961 -0.0120392 -9.04223e-07 0 0 0
941 4351 0.471919 0.363742 0.803109 -0.00510164 -3.86262e-07 0 0 0
1960 1488 -0.235477 0.341238 -0.910004 -0.00625405 -4.41895e-07 0 0 0
2917 3586 0.602351 -0.53206 0.595051 -0.0239208 -1.89858e-06 0 0 0
272 2125 0.595567 -0.333902 -0.730623 -0.0180656 -1.17301e-06 0 0 0
2503 2262 0.636698 -0.771112 0.00125315 -0.021766 -1.38133e-06 0 0 0
5264 2237 0.750344 -0.35174 -0.559699 -0.00813013 -5.9223e-07 0 0 0
277 1770 0.258229 -0.861071 -0.438036 -0.00797577 -5.44789e-07 0 0 0
1 3935 0.0424774 -0.252451 -0.966677 -0.0223331 -1.95323e-06 0 0 0
4753 3887 0.392989 -0.389019 0.833201 -0.00484541 -3.78828e-07 0 0 1
2247 3301 0.184426 -0.499807 -0.846274 -0.000703386 -5.74174e-08 0 0 0
664 2632 -0.235811 -0.957894 0.163807 -0.00723662 -4.98391e-07 0 0 0
2391 1971 0.643657 -0.517605 -0.563729 -0.00749781 -5.53871e-07 0 0 0
2453 3546 0.842172 -0.493619 -0.216993 -0.00701316 -6.00582e-07 0 0 0
3425 1571 0.729659 -0.249372 -0.636719 -0.00431089 -2.91867e-07 0 0 0
512 1310 0.326697 -0.0137272 -0.945029 -0.00371981 -2.21931e-07 0 0 0
3180 3874 0.620812 0.363258 -0.69472 -0.0129718 -7.05156e-07 0 0 0
1899 5427 0.664838 -0.357811 -0.655715 -0.0062704 -4.29686e-07 0 0 0
4070 2789 -0.024276 -0.88301 0.468725 -0.00458843 -3.9712e-07 0 0 0
98 5062 0.512277 0.0031512 0.858814 -0.024851 -1.93663e-06 0 0 0
3438 2868 0.56526 -0.766763 0.304229 -0.012333 -9.23294e-07 0 0 0
4485 365 0.824355 0.338845 -0.453457 -0.00752652 -6.45884e-07 0 0 0
3710 578 0.810425 -0.295069 0.506108 -0.0074961 -6.23017e-07 0 0 0
2866 1830 0.974758 -0.0925733 0.203169 -0.0026198 -1.71613e-07 0 0 0
25 929 -0.209092 -0.131939 -0.968954 -0.0103579 -9.83831e-07 0 0 0
805 5241 0.387564 0.601125 0.698887 -0.00146483 -1.14223e-07 0 0 0
3574 3579 0.667825 0.409616 -0.62147 -0.0107547 -9.81309e-07 0 0 0
1966 2666 0.385968 0.812709 -0.436501 -0.00365853 -2.88906e-07 0 0 0
726 2171 0.21116 -0.459633 0.862641 -0.0166516 -1.28857e-06 0 0 0
3112 1430 0.496634 0.124186 -0.85903 -0.002034 -1.72015e-07 0 0 0
826 2548 0.696492 0.0354179 -0.71669 -0.00657804 -5.51538e-07 0 0 0
3000 1847 0.138407 -0.767506 0.625922 -0.00662195 -6.38784e-07 0 0 0
676 2561 0.163776 0.152189 0.974688 -0.0298181 -2.2953e-06 0 0 0
676 530 -0.00456909 0.925606 -0.378461 -0.0170539 -1.18629e-06 0 0 0
4620 4433 0.30703 0.739215 -0.599411 -0.000396504 -2.82289e-08 0 0 0
676 1065 0.0481536 -0.989252 0.138063 -0.0128086 -1.04471e-06 0 0 0
313 16 0.276493 0.00338479 0.96101 -0.0120053 -8.77178e-07 0 0 0
3723 2258 -0.0213032 0.991422 0.128955 -0.0112623 -9.17956e-07 0 0 0
449 1054 0.370874 -0.542524 -0.753738 -0.0123859 -7.83128e-07 0 0 0
4136 4511 0.176373 -0.128407 -0.975912 -0.00810571 -5.57022e-07 0 0 0
4046 3720 0.846027 0.382525 -0.371366 -0.00876287 -5.98943e-07 0 0 0
5139 3342 0.648284 -0.688695 0.324694 -0.00973156 -8.98201e-07 0 0 0
1597 3168 0.524998 0.851062 0.00847291 -0.00481943 -3.89983e-07 0 0 0
5003 3625 0.28071 -0.508484 -0.814031 -0.00985596 -7.92489e-07 0 0 0
1597 5429 0.215866 -0.655887 0.723335 -0.00500959 -4.36437e-07 0 -1 0
1878 4223 -0.874074 -0.30902 0.374835 -0.00921306 -7.75545e-07 0 0 0
1192 2664 0.46018 0.578534 -0.673449 -0.0164133 -1.52095e-06 0 0 0
896 4160 0.904307 0.119362 -0.409856 -0.00825347 -6.49774e-07 1 0 0
1076 957 0.685343 -0.701312 0.19613 -0.023212 -2.08123e-06 0 0 0
5001 2316 0.244019 -0.168818 -0.954963 -0.000543824 -4.90257e-08 0 0 0
4841 4168 0.671098 0.24455 -0.699873 -0.00364605 -3.0281e-07 0 0 0
3018 567 0.438662 0.805079 -0.399279 -0.00596996 -5.19134e-07 0 0 0
3663 232 0.699176 -0.131646 0.702724 -0.00647615 -5.54995e-07 0 0 0
1224 563 0.527958 -0.244533 0.813304 -0.0160025 -1.29005e-06 0 0 0
4841 2982 0.642035 0.733132 0.224295 -0.00125282 -9.75147e-08 0 0 0
3966 859 0.28244 -0.706149 -0.649293 -0.00284717 -2.2271e-07 0 0 0
5172 3100 0.201129 -0.654435 0.728877 -0.00923649 -6.21934e-07 0 0 0
5040 3796 0.218737 0.857775 -0.465162 -0.00573561 -3.26668e-07 0 0 0
868 4498 0.565055 -0.807974 0.167004 -0.0175964 -1.26811e-06 0 0 0
868 934 0.281286 0.948852 -0.143377 -0.00374802 -3.19625e-07 0 0 0
5040 5232 0.0903744 -0.859136 0.503704 -0.0222708 -1.74551e-06 0 0 0
5176 2393 0.920469 -0.28572 -0.266648 -0.00445308 -3.23605e-07 0 0 0
2515 241 0.286629 -0.863498 0.414989 -0.013992 -1.09743e-06 0 -1 0
5040 2810 -0.125267 0.904179 0.408373 -0.0156146 -1.23685e-06 0 0 0
5040 449 -0.0188753 0.037792 -0.999107 -0.0202437 -1.28756e-06 0 0 0
1807 4111 0.65274 0.576984 0.490939 -0.00403052 -2.69486e-07 0 0 0
1501 4845 0.37072 0.34768 0.861211 -0.0106717 -7.73866e-07 0 0 0
4853 2365 0.626821 0.0702115 -0.775993 -0.0170041 -1.5561e-06 0 0 0
3413 3653 0.397332 -0.876238 0.272644 -0.00497039 -4.26119e-07 0 0 1
3738 5041 0.764133 -0.43236 -0.478713 -0.00277123 -2.06224e-07 0 0 0
4661 639 0.247107 -0.850054 0.46513 -0.0144186 -1.26172e-06 0 0 0
32 4538 0.698093 -0.440377 0.564565 -0.0253668 -2.10156e-06 0 0 0
876 2531 0.826819 0.368266 -0.425147 -0.0249589 -1.98869e-06 0 0 0
1380 5476 0.453991 -0.832717 0.316976 -0.0110796 -7.34608e-07 0 -1 0
749 2281 0.252401 -0.888215 -0.383885 -0.0229551 -1.52402e-06 0 0 0
32 2771 0.359421 0.932876 0.0236293 -0.00733349 -4.92182e-07 0 0 0
417 3279 0.426436 0.772867 0.469925 -0.00668857 -5.15527e-07 0 0 0
2063 4769 0.10212 0.591242 0.800003 -0.00788772 -6.05812e-07 -1 0 0
2783 1539 0.78759 0.592253 -0.170112 -0.000280309 -2.20897e-08 0 0 0
2830 3044 0.512698 0.544376 -0.663924 -0.0014407 -1.00066e-07 0 0 0
35 954 -0.0512269 0.74181 -0.66865 -0.00272416 -1.97093e-07 0 0 0
389 217 -0.0348813 0.326571 -0.944529 -0.0157846 -1.17263e-06 0 0 0
1288 5303 0.735638 -0.563035 0.376601 -0.00196842 -1.45889e-07 0 0 0
3614 2689 0.271318 -0.452218 -0.849638 -0.0165284 -1.24517e-06 0 0 0
4877 805 0.630835 0.763547 0.137996 -0.00985763 -7.55027e-07 0 0 0
4877 5139 -0.0146586 -0.917773 0.396835 -0.00680406 -5.43427e-07 0 -1 0
653 1197 0.0446305 0.36701 0.929146 -0.00100348 -7.88625e-08 0 0 1
3799 4094 0.948658 0.0405557 -0.313693 -0.0147496 -1.18675e-06 0 0 0
3573 1983 0.605187 -0.543026 0.582127 -0.00380029 -2.99916e-07 0 0 0
2632 41 0.796579 0.430751 0.424164 -0.00546571 -3.14561e-07 0 0 0
3117 5037 0.959437 0.238312 0.150626 -0.000221058 -1.89144e-08 0 0 0
723 5243 0.93044 0.0772689 -0.358204 -0.00511409 -4.18375e-07 0 0 0
3324 2689 0.556985 0.444573 0.701515 -0.000713873 -5.79976e-08 0 0 0
2189 4538 0.546726 0.448847 -0.706843 -0.0340816 -3.03273e-06 0 0 0
2349 538 0.710641 -0.441205 0.548021 -0.0161019 -1.35188e-06 0 0 0
950 2878 0.792786 0.374861 -0.480593 -0.00383104 -2.52968e-07 0 0 0
4617 697 0.669316 0.739658 0.0701601 -0.00640196 -4.48957e-07 0 0 1
202 1282 0.552564 -0.303079 0.776412 -0.00621239 -5.03054e-07 0 0 1
3466 988 -0.974097 -0.139235 0.178184 -0.0156161 -1.30901e-06 0 0 0
4637 5001 0.0833935 -0.894028 -0.440182 -0.000488263 -4.36072e-08 0 0 0
3548 5076 0.876989 -0.278239 -0.391756 -0.00478295 -3.87497e-07 0 0 0
2353 1701 0.808895 -0.0712902 0.583615 -0.00550822 -3.23312e-07 0 0 0
2770 3937 0.214559 0.171657 -0.961508 -0.00202044 -1.66772e-07 0 0 0
2203 5401 0.707421 0.602755 0.369111 -0.0150792 -1.05845e-06 0 0 0
790 3880 0.891679 0.0156922 -0.452396 -0.00162123 -1.28505e-07 0 0 0
3184 1476 0.784854 0.614865 -0.0771037 -0.00235416 -2.28451e-07 0 0 0
4734 2997 0.664896 0.399927 -0.630851 -0.00600166 -4.47631e-07 0 0 -1
5024 3410 0.430564 0.885913 -0.172551 -0.0180433 -1.14969e-06 0 0 0
4897 46 0.345552 0.642551 0.683902 -0.0255705 -1.76021e-06 0 0 0
1564 492 0.532976 0.838114 0.116195 -0.00578198 -5.00037e-07 0 0 0
1808 4815 0.259735 0.961397 0.0908511 -0.00407457 -3.18077e-07 0 0 0
4708 4005 0.527161 -0.451393 -0.719962 -0.00747876 -5.50694e-07 0 0 0
5326 269 0.236756 0.877512 -0.417036 -0.0163163 -1.30206e-06 0 0 0
1418 243 0.794138 0.308645 -0.523529 -0.0114479 -8.15176e-07 0 0 0
5035 3491 0.0282333 -0.0647071 -0.997505 -0.00988462 -6.76909e-07 0 0 0
1418 3253 0.682034 -0.540086 0.493089 -0.0142845 -1.0467e-06 0 0 0
790 3784 0.275556 0.6391 -0.718067 -0.0199452 -1.52073e-06 0 0 0
446 4787 -0.134884 0.112 -0.984511 -0.000724091 -5.63498e-08 0 0 0
4402 2738 0.246443 -0.967073 0.0635245 -0.00453184 -3.03756e-07 0 -1 0
2762 2751 0.238734 -0.864079 -0.44314 -0.00546002 -4.10201e-07 0 0 0
1994 3257 0.873618 0.0438741 0.48463 -0.0174897 -1.42836e-06 0 -1 0
2557 818 0.165036 -0.951102 0.26109 -0.0199205 -1.4722e-06 0 0 0
2762 2189 0.150225 0.0668646 0.986388 -0.0117367 -9.90241e-07 0 0 0
4544 1842 0.721757 0.145096 -0.676767 -0.0178257 -1.06917e-06 0 0 0
207 1312 0.821706 -0.322905 0.469608 -0.00190212 -1.26712e-07 0 0 0
1152 3185 0.489678 -0.845878 -0.211438 -0.00772565 -5.653e-07 0 0 0
3293 1522 0.433853 0.810659 -0.393197 -0.00157803 -1.32511e-07 0 0 0
1729 719 0.279285 -0.934329 0.221427 -0.000614983 -4.92678e-08 0 0 0
2333 3953 0.942018 0.32504 -0.0833742 -0.0154752 -1.14413e-06 0 0 0
3479 4439 0.45182 0.645758 0.615512 -0.00878904 -5.12402e-07 0 0 0
4544 4661 0.392174 0.781901 0.484592 -0.0285553 -2.54147e-06 0 0 1
2171 2223 0.485144 -0.742656 0.461624 -0.0116212 -8.73478e-07 0 0 0
836 1565 0.191408 -0.302773 -0.933644 -0.00453229 -3.38145e-07 0 0 0
807 4847 0.412085 -0.765486 -0.494184 -0.0138594 -8.43722e-07 0 0 0
1902 1795 0.505603 -0.471429 -0.722579 -0.00219815 -1.63065e-07 0 0 0
149 5174 0.159353 0.87861 0.450168 -0.00286386 -2.04344e-07 0 0 0
3686 4661 0.179441 -0.98312 0.0357363 -0.0126135 -1.0401e-06 0 0 0
3634 1397 0.699372 -0.0670986 -0.711602 -0.00460942 -3.28589e-07 0 0 0
4428 4343 0.440204 0.771277 0.459731 -0.000931773 -6.74754e-08 0 0 0
4106 2692 0.273893 -0.538746 -0.796703 -0.0180852 -1.16118e-06 0 0 0
3994 4795 0.601579 0.539512 -0.589092 -0.0017064 -1.46459e-07 0 0 0
2030 773 0.335673 0.924394 -0.181164 -0.00645616 -5.40622e-07 0 0 0
3590 5427 0.654883 -0.0388864 0.754729 -0.0107439 -6.86376e-07 0 0 0
2231 3799 0.225734 -0.367918 -0.902043 -0.0508852 -3.28559e-06 0 0 0
3563 2917 -0.121282 0.671193 0.731294 -0.00648966 -5.58591e-07 0 0 1
1804 4501 0.873319 0.0402924 -0.485479 -0.00834712 -6.90067e-07 0 0 0
4849 5336 0.23057 0.214039 0.949223 -0.00262581 -2.02376e-07 0 0 0
3563 3161 0.546276 0.679562 -0.489672 -0.00124947 -1.12445e-07 0 0 0
3735 23 0.564592 -0.125742 -0.815736 -0.00572059 -3.73786e-07 0 0 0
3018 261 -0.0834016 0.32915 0.940587 -0.0182683 -1.76778e-06 0 0 0
5037 765 0.4937 -0.868789 -0.0382851 -0.00154468 -1.44243e-07 0 0 0
5504 5166 0.690658 -0.366105 0.623665 -0.000334485 -2.65256e-08 0 0 0
4718 136 0.233565 0.0182711 -0.97217 -0.00451359 -3.49991e-07 0 0 0
5285 365 0.797987 0.215682 0.562759 -0.0125074 -7.71995e-07 0 0 0
1339 3306 0.450159 -0.880674 -0.147549 -0.00243002 -1.74884e-07 0 0 0
207 5386 0.638437 -0.662678 -0.391479 -0.0102814 -6.53235e-07 0 0 0
2178 483 0.131318 0.144095 -0.980812 -0.0398656 -2.70885e-06 0 0 0
2983 4163 0.501628 0.536127 0.678924 -0.00912776 -7.73208e-07 0 0 0
806 4107 0.410496 -0.871294 -0.268959 -0.00335873 -2.00995e-07 0 0 0
1384 4208 -0.441389 -0.120055 -0.889248 -0.00727529 -5.91523e-07 0 0 0
5367 2088 0.466327 0.855556 0.224861 -0.00696691 -4.47845e-07 0 0 0
1564 5336 0.353534 0.597709 -0.719554 -0.0156907 -1.26575e-06 0 0 0
2337 876 0.567866 0.47868 -0.669622 -0.0497026 -3.10783e-06 0 0 0
2202 4743 0.147654 0.613522 -0.775751 -0.020697 -1.67947e-06 0 0 0
3107 751 0.296845 0.495569 -0.816269 -0.0117101 -9.4809e-07 0 0 0
3107 387 0.633332 -0.500827 0.589969 -0.030317 -1.69251e-06 0 0 0
5017 2873 0.957719 0.286803 -0.0227523 -0.00547569 -4.3853e-07 0 0 0
3046 5407 0.819733 0.429948 -0.378394 -0.00661943 -5.66606e-07 0 0 0
3956 3728 0.134893 -0.0218776 -0.990619 -0.00240951 -1.8214e-07 0 0 0
2289 2353 0.798987 0.571715 0.186445 -0.00231814 -1.68813e-07 0 0 0
4616 42 0.563194 -0.825972 0.0241378 -0.0118533 -8.98925e-07 0 0 0
3174 4000 -0.00488634 -0.0543341 -0.998511 -0.0320174 -2.77699e-06 0 0 0
4410 5353 0.979166 0.105959 0.173223 -0.0137752 -9.74033e-07 0 0 0
4129 746 0.330562 0.505649 -0.796899 -0.0316661 -1.95958e-06 0 0 0
1774 1668 0.826155 -0.0879611 0.556535 -0.000451353 -3.25669e-08 0 0 0
3286 1090 -0.0940679 -0.447104 0.889522 -0.000946643 -6.47016e-08 0 0 1
4874 237 -0.56706 -0.810793 0.145113 -0.00652791 -5.35776e-07 0 0 0
4874 3046 -0.154388 0.618468 -0.770495 -0.0134408 -1.04525e-06 0 0 0
4678 1301 0.292305 0.749252 -0.594289 -0.00669367 -4.76197e-07 0 0 0
2346 4714 0.944427 -0.0663068 -0.321966 -0.00178271 -1.49119e-07 0 0 1
2815 5059 0.0322775 -0.360146 0.932337 -0.0153061 -1.1454e-06 0 0 0
580 1254 0.801813 0.0758534 0.592741 -0.00249262 -1.71345e-07 0 0 0
2906 3887 0.924369 0.102312 -0.367525 -0.00618274 -5.10333e-07 0 0 0
4252 2758 0.825064 -0.31518 0.468969 -0.00287699 -2.20044e-07 0 0 0
2414 5384 0.563677 0.156652 -0.811005 -0.00159614 -9.80631e-08 0 0 0
4473 3736 0.283838 -0.929258 -0.236465 -0.018489 -1.17298e-06 0 0 0
3952 75 0.702713 0.296058 -0.64695 -0.0139987 -1.20694e-06 0 0 0
3003 5070 0.0633899 0.919892 0.387014 -0.0115361 -8.89833e-07 0 0 0
2174 3837 0.0124432 -0.804672 0.593589 -0.00243446 -1.99423e-07 0 0 0
2054 4255 0.751363 -0.592627 -0.290255 -0.0170479 -1.13697e-06 0 0 0
4369 4623 0.739135 0.603431 -0.29925 -0.00830466 -6.85524e-07 0 0 0
1088 1612 0.425321 -0.822341 -0.377964 -0.00687741 -4.386e-07 0 0 0
5270 5367 0.986696 -0.0198372 0.161359 -0.00756641 -4.72508e-07 0 0 0
3726 5237 0.102745 0.453897 0.885111 -0.0106249 -8.38674e-07 0 0 0
4571 3572 0.627968 0.220365 0.746388 -0.0256785 -2.05379e-06 0 0 0
4422 2218 0.46095 -0.498787 -0.733986 -0.0100673 -7.72302e-07 0 0 0
834 2001 0.613381 0.756588 -0.22658 -0.00321625 -2.80847e-07 0 0 0
1415 2014 0.729603 0.496209 0.470592 -0.0139013 -1.05263e-06 0 0 0
1588 2912 0.899145 -0.0660839 0.432634 -0.00551393 -5.00046e-07 0 0 0
4897 2790 0.338695 -0.525494 -0.780475 -0.0246953 -1.80533e-06 0 0 -1
446 3841 0.870382 -0.42104 -0.255266 -9.11928e-05 -6.80269e-09 0 0 0
5041 158 0.913017 -0.402123 0.0685335 -0.00293076 -1.99002e-07 0 0 0
5242 4078 -0.0214904 -0.192482 -0.981065 -0.0302321 -2.23898e-06 0 0 0
3026 234 0.588723 -0.0598655 -0.806115 -0.0264256 -2.22615e-06 0 0 0
1889 3919 0.698057 0.541012 0.469065 -0.0127991 -9.29243e-07 0 0 0
1903 807 0.162899 -0.587067 -0.792979 -0.0156455 -9.5137e-07 0 0 0
2918 184 0.551118 -0.800161 -0.236668 -0.00766719 -6.05816e-07 0 0 0
5315 2390 0.157741 0.606582 0.779215 -0.00448412 -3.65882e-07 0 0 0
704 911 0.312195 -0.114759 -0.943061 -0.0103878 -7.43855e-07 0 0 0
767 4284 0.496865 0.385479 -0.777516 -0.0128674 -1.07953e-06 0 0 0
4045 5359 0.331749 -0.690725 0.642527 -0.00161872 -1.10277e-07 0 0 0
3536 2506 0.774542 0.31206 -0.550185 -0.00261593 -1.46931e-07 0 0 0
336 5223 0.712751 -0.375655 -0.592342 -0.00617008 -4.09101e-07 0 0 0
272 586 0.401922 -0.881119 0.249176 -2.39689e-05 -1.91287e-09 0 0 0
4849 3193 0.324061 -0.722327 -0.610924 -0.00441842 -3.21247e-07 0 0 0
2302 1274 0.482539 -0.342956 -0.805939 -0.0238286 -1.70698e-06 0 0 0
3860 2703 0.257039 -0.56921 0.780981 -0.0056998 -3.89797e-07 0 0 0
214 3821 0.666721 -0.0558478 0.743212 -0.00226862 -1.57974e-07 0 0 0
5116 3854 0.279412 -0.775642 -0.565958 -0.0130819 -1.06885e-06 0 0 0
1071 5254 0.605362 0.750002 -0.266523 -0.00050885 -4.11853e-08 0 0 0
639 333 0.778747 0.48165 0.401954 -0.00349998 -2.45709e-07 0 0 0
443 3489 0.854323 -0.0673163 -0.515364 -0.0240478 -1.59307e-06 0 0 0
3214 736 0.25661 0.805373 -0.534346 -0.000424774 -3.81632e-08 0 0 0
2302 2668 0.888739 0.457515 -0.0286935 -0.0136975 -1.0857e-06 0 0 0
3697 1563 0.5753 0.817782 0.0162175 -0.0284457 -2.37117e-06 0 0 0
2683 5267 0.075558 0.480814 -0.873561 -0.0100989 -8.00589e-07 0 0 0
639 4074 0.468276 -0.765772 0.440807 -0.0192633 -1.60263e-06 0 0 0
4753 5353 0.193519 0.915556 -0.352574 -0.00680222 -5.7278e-07 0 0 0
1009 3830 0.986944 0.154546 0.0453587 -0.00198924 -1.55002e-07 0 0 0
3111 5077 0.454391 -0.766974 0.453077 -0.00420966 -2.96065e-07 0 0 0
1878 229 0.798556 0.0285041 0.601246 -0.0156856 -1.07326e-06 0 0 0
3407 4571 0.050911 -0.927957 -0.369194 -0.00402434 -2.96633e-07 0 0 0
1147 1520 0.0893279 0.911502 -0.401479 -0.000678 -4.81831e-08 0 0 0
614 1393 0.433016 0.799344 -0.416588 -0.0229075 -1.30911e-06 0 0 0
614 256 0.585829 -0.809747 0.033364 -0.0133347 -7.68015e-07 0 0 0
5038 2832 0.345675 0.838386 -0.421448 -0.00230262 -1.52997e-07 0 0 0
5017 3469 0.560877 -0.458368 -0.689432 -0.00275336 -2.42598e-07 0 0 0
1778 583 0.278629 -0.227025 -0.93318 -0.00595342 -4.11011e-07 0 0 -1
1280 4285 0.214314 -0.61524 -0.75865 -0.00224333 -1.72314e-07 0 0 0
1280 2574 0.0544099 0.247698 0.967308 -0.0159144 -1.22946e-06 0 0 0
3118 2097 0.863116 0.1892 -0.468224 -0.0293358 -1.89714e-06 0 0 0
626 5097 0.473332 -0.779017 -0.411205 -0.0264092 -1.91118e-06 0 0 0
1699 562 0.520417 0.571008 -0.634914 -0.0220423 -1.53877e-06 0 0 0
2549 1353 0.274347 -0.294353 -0.915472 -0.0330129 -3.07302e-06 0 0 0
2352 1661 0.35803 0.928705 -0.0965499 -0.00683304 -5.81706e-07 0 0 0
2678 4708 0.529928 0.394 0.75096 -0.00712492 -5.60915e-07 0 0 0
2379 2426 -0.066889 0.0678193 -0.995453 -0.0188806 -1.59122e-06 0 0 0
1191 1354 0.671901 0.129259 0.729275 -0.00596912 -4.856e-07 0 0 0
766 2056 0.252932 -0.639155 0.726296 -0.0200422 -1.75838e-06 0 0 0
46 4737 0.0564033 0.85065 0.522698 -0.0269931 -2.0242e-06 0 0 0
5189 2780 0.370702 0.746454 0.552617 -0.0083976 -6.9302e-07 0 0 0
46 2360 0.618814 -0.76072 -0.195894 -0.0129183 -8.9484e-07 0 0 0
5384 3100 0.302148 0.943638 -0.135107 -0.000779181 -5.07645e-08 0 0 0
4107 2703 0.346722 -0.0908626 -0.933557 -0.0251486 -1.66877e-06 0 0 0
2661 4372 0.705603 -0.468827 0.531343 -0.009717 -7.26675e-07 0 0 0
2661 3536 0.33242 -0.158826 -0.929662 -0.0238275 -1.44855e-06 0 0 0
5274 4407 0.768413 0.302753 0.56381 -0.00983018 -7.41179e-07 0 0 0
5416 4043 -0.112909 -0.944626 0.308112 -0.0107422 -8.56245e-07 0 0 0
4874 2543 0.38177 0.84092 0.383543 -0.000370211 -2.63867e-08 0 0 0
4355 3536 0.679015 -0.204758 0.704992 -0.0215984 -1.93901e-06 0 0 0
2937 1511 0.00056167 0.723445 -0.690382 -0.000275271 -2.21415e-08 0 0 0
39 2506 0.109531 -0.91492 -0.38849 -0.00522218 -3.04061e-07 0 0 0
2664 1103 0.315129 -0.711943 -0.62756 -0.00691965 -4.75963e-07 0 0 0
738 4625 0.632584 0.661147 0.403387 -0.0024251 -1.56828e-07 0 0 0
2058 1208 0.68693 -0.726318 -0.0242823 -0.0206786 -1.60223e-06 0 0 0
2143 3243 0.34185 -0.0182454 -0.939578 -0.0380087 -2.50616e-06 0 0 0
2058 4839 -0.0243977 0.482547 -0.87553 -0.0121397 -9.71273e-07 0 0 0
2001 1847 0.7937 0.538356 -0.283219 -0.00440678 -3.50668e-07 0 0 0
707 565 0.576475 0.507639 -0.640296 -0.00630429 -4.47286e-07 0 1 0
2592 4588 0.698526 0.396106 -0.595954 -0.02049 -1.64995e-06 0 0 0
630 3584 0.171662 0.226782 -0.958698 -0.00868911 -7.7618e-07 0 0 0
1222 4907 0.663061 0.0468218 -0.7471 -0.0175165 -1.41085e-06 0 0 0
4711 480 0.639247 -0.75167 -0.16234 -0.00543941 -3.31409e-07 0 0 0
3586 3670 0.518455 -0.76294 -0.38617 -0.0165123 -1.2238e-06 0 0 0
4258 1878 0.654606 0.532902 0.536197 -0.00283503 -2.02229e-07 0 0 0
245 3586 0.491928 0.206566 -0.845776 -0.014742 -9.79926e-07 0 0 0
1204 3107 0.0549075 0.291576 0.95497 -0.0247507 -2.04245e-06 0 0 0
2447 481 0.805238 0.294258 0.514785 -0.00429692 -3.25553e-07 0 0 0
481 259 0.846534 0.321024 0.424645 -0.00447585 -3.63723e-07 0 0 0
89 1445 0.894081 -0.287339 0.343591 -0.0188714 -1.53787e-06 0 0 0
1418 5270 0.210848 -0.69152 -0.690901 -0.0352897 -2.64315e-06 0 0 0
720 1740 0.0599255 -0.339185 0.938809 -0.0186655 -1.43574e-06 0 0 0
3335 98 0.263024 0.352721 0.898001 -0.0179196 -1.47695e-06 0 0 0
3953 729 0.0193478 0.194056 -0.9808 -0.0344992 -1.99227e-06 0 0 0
33 512 0.850649 0.427245 -0.306363 -0.00929141 -5.55083e-07 0 0 0
2852 710 0.696528 -0.458274 -0.552118 -0.0148601 -1.18924e-06 0 0 0
2852 3053 0.561167 -0.60676 0.562969 -0.002019 -1.61495e-07 0 0 0
3207 2302 0.694443 -0.712886 -0.0976872 -0.0239192 -1.91168e-06 0 -1 0
3953 296 0.255225 -0.529326 0.80912 -0.0149558 -1.02904e-06 0 0 0
2645 5377 0.352542 0.0803228 -0.932342 -0.0196621 -1.52364e-06 0 0 -1
5491 1137 0.185762 -0.0286036 -0.982178 -0.011213 -8.9638e-07 0 0 0
4171 1785 0.221769 0.97253 0.070734 -0.0159582 -1.18229e-06 0 0 0
1046 5139 0.853671 0.372142 0.364356 -0.0103884 -8.57014e-07 0 0 0
987 530 0.422193 -0.144063 0.894985 -0.00731921 -6.32546e-07 0 0 0
3396 5321 0.670626 -0.185073 -0.718337 -0.0283837 -1.99122e-06 0 0 0
2208 2143 0.765897 -0.401344 0.502319 -0.00550144 -3.6021e-07 0 0 0
813 791 0.704135 0.271859 -0.655962 -0.00917889 -7.65899e-07 0 0 0
2879 4167 0.914286 0.290553 0.282242 -0.00390176 -2.92868e-07 0 0 0
137 4737 -0.231775 -0.507423 -0.829941 -0.0389711 -3.02671e-06 0 0 0
326 487 0.159819 -0.334555 -0.928726 -0.000301403 -2.36634e-08 0 0 0
137 964 0.823329 0.209263 0.527578 -0.0126763 -1.05823e-06 0 0 0
4512 4473 0.682006 -0.194739 0.704943 -0.00588422 -4.77528e-07 0 0 0
5176 1263 0.525745 0.574978 0.626891 -0.00541371 -4.19294e-07 0 0 0
2227 2392 -0.0271973 0.998719 -0.0426682 -0.00451202 -3.66637e-07 0 0 0
4083 4599 -0.0136031 0.667226 0.744731 -0.0125773 -1.08685e-06 0 1 0
3487 4949 0.314943 -0.786432 -0.531352 -0.000816347 -6.08882e-08 0 0 -1
589 526 0.344644 -0.13791 -0.928548 -0.0101191 -9.44595e-07 0 0 0
997 1717 0.985126 0.168987 0.0311462 -0.00797107 -5.45892e-07 0 0 0
589 4148 0.263205 0.536576 0.801753 -0.0056329 -3.9103e-07 0 0 0
238 818 0.616761 0.786112 -0.0404193 -0.0185309 -1.37382e-06 0 0 0
5232 5483 0.918992 0.379952 -0.105311 -0.00979733 -6.91562e-07 0 0 0
4890 3522 0.834926 -0.00659503 -0.550323 -0.0160086 -1.30778e-06 0 0 0
741 2984 0.943792 -0.144583 0.29724 -0.00904658 -7.51563e-07 0 0 0
4070 662 0.858343 0.365312 -0.36027 -0.00624888 -4.24195e-07 0 0 0
2112 5189 0.28699 -0.0348273 0.9573 -0.0174291 -1.42588e-06 0 0 0
2580 5119 0.39836 0.869915 0.290787 -0.00706236 -5.05328e-07 0 0 0
1801 4835 0.493486 -0.267461 0.827609 -0.00478376 -3.87421e-07 0 0 0
4994 4322 0.619115 -0.312008 0.720657 -0.0276267 -2.22895e-06 0 0 0
3034 831 0.428206 0.244334 -0.870023 -0.0169789 -1.39505e-06 0 0 0
1515 2743 0.293604 0.459537 -0.838225 -0.0100123 -7.80934e-07 0 0 0
1899 2928 0.0969173 -0.766822 0.6345 -0.00842561 -6.96372e-07 0 0 0
3491 804 0.821473 -0.488204 -0.294684 -0.00743306 -5.14652e-07 0 0 0
2429 4877 -0.222423 -0.27027 -0.93674 -0.0032668 -2.62645e-07 0 0 0
3845 3653 0.666696 0.743361 -0.0541469 -0.0024195 -2.2273e-07 0 0 1
1598 1369 0.478967 0.874128 -0.0805687 -0.00865365 -7.85666e-07 0 0 0
4874 2566 0.697271 -0.462752 0.547425 -0.0152598 -9.51613e-07 0 0 0
3882 1523 0.899961 0.382177 -0.209789 -0.00177215 -1.62117e-07 0 0 0
968 4377 0.869403 -0.0264115 0.493397 -0.00460384 -3.01824e-07 0 0 0
4628 3283 0.734666 0.670575 0.102935 -0.0026159 -1.83211e-07 0 0 0
3745 2692 0.700391 -0.170045 0.693208 -0.00230507 -1.97139e-07 0 0 0
2743 5401 0.847521 -0.341162 0.406592 -0.00512915 -3.87156e-07 0 0 0
1606 5135 -0.254874 0.126751 -0.958631 -0.0250757 -1.87034e-06 0 0 0
938 2483 0.672832 -0.613557 -0.413334 -0.000716197 -6.51671e-08 0 0 0
699 2340 0.173782 -0.743733 0.645493 -0.0120782 -7.8777e-07 0 0 0
541 3934 0.929055 0.292348 0.226692 -0.00926169 -7.02566e-07 0 0 0
1305 766 0.09313 0.485955 0.869008 -0.0215214 -1.93354e-06 0 0 1
156 247 0.931224 -0.0661509 0.358393 -0.00143163 -1.11575e-07 0 0 0
1837 2433 0.0568184 -0.97736 0.203809 -0.000806791 -5.57999e-08 0 0 0
1345 4481 0.123738 -0.943383 -0.307763 -0.00528135 -3.66693e-07 0 0 0
3278 1611 0.601488 -0.601285 -0.525993 -0.0054889 -5.33492e-07 0 0 0
1723 680 0.461545 -0.370658 0.805971 -0.00672775 -4.85214e-07 0 0 0
541 2666 0.720225 -0.332993 -0.608599 -0.0188197 -1.39645e-06 0 0 0
2304 2129 0.399047 -0.571064 -0.717389 -0.0168396 -1.44752e-06 0 0 0
3408 39 -0.222758 -0.00432169 -0.974864 -0.0267746 -1.72521e-06 0 0 0
3902 971 0.0865955 -0.562614 -0.822172 -0.000533379 -5.00514e-08 0 0 0
298 1651 0.707395 -0.600787 -0.372354 -0.00693529 -5.43785e-07 0 0 0
541 1598 0.123129 0.0513913 0.991059 -0.035713 -3.04191e-06 0 0 0
987 1757 0.970314 -0.240581 -0.0247062 -0.00548915 -4.6006e-07 0 0 0
4460 5497 0.347282 0.830825 -0.434884 -0.00534211 -4.28475e-07 0 0 0
3841 5209 -0.0394274 0.0922344 -0.994956 -0.0243974 -1.94214e-06 0 0 0
3006 1045 0.244739 0.412665 -0.877389 -0.00923997 -5.49297e-07 0 0 0
3004 4440 0.729428 0.147864 -0.667886 -0.00532099 -3.93558e-07 0 0 0
1588 4839 -0.102809 -0.852694 0.512194 -0.011269 -1.04611e-06 0 0 0
3841 769 0.829431 -0.169151 0.532383 -0.0128191 -8.87447e-07 0 0 0
2031 3924 0.782524 0.200853 0.589334 -0.00966711 -8.12036e-07 0 0 0
5382 1585 0.419585 0.875837 -0.23845 -0.00638635 -5.16603e-07 0 0 0
1779 290 0.641669 -0.0756268 -0.763244 -0.0220311 -1.40653e-06 0 0 0
2461 1888 0.334503 -0.899284 -0.281772 -0.00948278 -7.27368e-07 0 0 0
3858 3726 0.103888 -0.00427907 0.99458 -0.0054528 -3.69923e-07 0 0 0
1873 4372 0.105491 0.808357 0.579163 -0.00361892 -2.50054e-07 0 0 0
1276 767 0.933251 0.350879 -0.0769879 -0.00333284 -2.13822e-07 0 0 0
3775 2839 0.780309 -0.216569 -0.586699 -0.0171828 -1.44003e-06 0 0 0
3002 1386 0.220548 -0.969127 -0.110236 -0.0114942 -9.3947e-07 0 0 0
3775 3179 0.627645 0.2081 0.750171 -0.0183544 -1.35543e-06 0 0 0
3775 3026 0.226163 -0.895348 0.383669 -0.00807691 -4.85152e-07 0 0 0
270 1356 0.884144 0.390186 -0.256992 -0.00252176 -1.84035e-07 0 0 0
1364 1144 0.162737 0.878785 -0.448613 -0.0141718 -9.2222e-07 0 0 0
1364 965 0.493916 -0.73546 0.463838 -0.0169972 -1.13867e-06 0 0 0
2148 2183 0.527508 -0.838469 0.136766 -0.00575311 -3.72491e-07 0 0 0
1364 3821 0.741226 -0.285898 -0.607327 -0.00712341 -4.65757e-07 0 0 0
2973 3045 0.418393 -0.444456 -0.79209 -0.00126878 -1.0344e-07 0 0 0
4808 1194 0.32701 0.171887 0.929257 -0.0308039 -2.40973e-06 0 0 0
54 1564 0.147785 0.980251 -0.131405 -0.00592489 -3.54567e-07 0 0 0
54 2680 0.566596 -0.411614 -0.713823 -0.0100904 -6.22063e-07 0 0 0
665 2963 0.341971 -0.73845 0.581161 -0.00118006 -8.68636e-08 0 0 0
1164 4294 0.674168 -0.589276 -0.445255 -0.018649 -1.30621e-06 0 0 0
5326 3021 0.180211 -0.92401 -0.337239 -0.0114128 -8.74364e-07 0 0 0
1032 3735 0.206351 0.950567 0.23204 -0.0011785 -1.00875e-07 0 0 0
3547 946 0.359778 -0.928017 -0.0966678 -0.00718107 -4.52147e-07 0 0 0
5448 911 0.364999 0.67391 0.642356 -0.0126903 -1.1054e-06 0 0 0
3563 1281 0.706385 0.59531 0.382918 -0.0118213 -7.57748e-07 0 0 0
2207 2348 0.578844 0.433294 0.690793 -0.0115628 -9.79277e-07 0 0 0
5146 1762 0.18644 0.981043 0.0528569 -0.00463907 -3.89696e-07 0 0 0
2553 2047 0.377478 0.652313 0.657266 -0.0285192 -1.54233e-06 0 0 0
4379 2016 0.84467 -0.141273 0.516308 -0.0224566 -1.93017e-06 0 0 0
5316 43 0.534545 -0.788383 0.304489 -0.00359898 -3.25482e-07 0 0 0
3784 2189 0.384756 0.598601 -0.702595 -0.0278726 -2.09416e-06 0 0 0
898 3396 0.526716 0.849802 -0.0201907 -0.0110424 -6.06646e-07 0 0 0
434 3413 0.468228 -0.448688 -0.76121 -0.0170328 -1.17545e-06 0 0 -1
5326 3210 0.652637 -0.0441887 -0.756381 -0.0200204 -1.65039e-06 0 0 0
2865 2945 0.11865 0.878371 -0.46302 -0.000709009 -5.87465e-08 0 0 0
1933 261 0.156612 0.698265 -0.698498 -0.00847006 -8.06185e-07 0 0 0
1933 1418 0.0991094 -0.90332 0.417361 -0.0187915 -1.3641e-06 0 0 0
729 902 0.740427 0.350144 -0.573731 -0.00925851 -5.08874e-07 0 0 0
797 861 0.423124 0.552773 -0.717919 -0.0208723 -1.61997e-06 0 0 0
3661 2810 -0.0615817 0.0549913 -0.996586 -0.00695841 -4.97701e-07 0 0 0
1223 4895 0.530565 0.409499 0.742167 -0.0158292 -1.21131e-06 0 0 0
1467 1801 0.837388 0.535225 -0.110973 -0.0163232 -1.20226e-06 0 0 0
4611 1765 0.526516 0.32967 0.783644 -0.020246 -1.66383e-06 0 0 0
3277 3242 0.268144 -0.876887 0.398959 -0.00079892 -5.87115e-08 0 0 0
501 2416 -0.0241118 0.975263 -0.219728 -0.000792353 -5.86113e-08 0 0 0
451 3735 0.444466 0.284853 0.849299 -0.00883813 -5.62091e-07 0 0 0
5238 727 0.39467 -0.696121 0.599709 -0.0120768 -9.57247e-07 0 0 0
1328 2455 0.885425 0.16237 -0.435499 -0.00232875 -1.6288e-07 0 0 0
4964 832 0.41077 0.682395 0.604652 -0.00930565 -7.72744e-07 0 0 0
4011 5469 0.834243 0.539293 0.114899 -0.00102238 -8.31738e-08 0 0 0
3485 4542 0.272462 0.235172 -0.932984 -0.0296493 -1.91647e-06 0 0 0
241 3710 0.915109 0.0976208 0.391211 -0.0112834 -8.40012e-07 0 0 0
138 1887 0.754485 0.094979 0.649408 -0.0188403 -1.42962e-06 0 0 0
1511 1032 0.655371 -0.451312 -0.605646 -0.0133602 -1.03114e-06 0 0 0
2286 987 0.443241 0.551066 0.70701 -0.00488862 -4.65212e-07 0 0 0
3807 2163 0.36821 -0.848998 0.378978 -0.00797248 -5.09169e-07 0 0 0
3902 4772 0.0798877 0.984539 -0.155885 -0.0151028 -8.40996e-07 0 0 -1
1124 2816 0.175029 -0.955294 -0.23828 -0.00444149 -3.82576e-07 0 0 0
3830 2771 0.607833 -0.572544 -0.550212 -0.00910455 -5.86037e-07 0 0 0
30 4588 0.8672 -0.497121 -0.0288981 -0.00189944 -1.37206e-07 0 0 0
1673 1574 0.582076 0.331431 -0.742523 -0.00910224 -6.16111e-07 0 0 0
3075 2301 0.439301 -0.410764 0.798929 -0.000317896 -2.30575e-08 0 -1 0
1297 2866 0.459961 0.143604 0.87625 -0.022118 -1.59061e-06 0 0 0
2284 483 0.553405 0.273357 0.786777 -0.0342881 -2.20507e-06 0 0 0
1057 5521 0.801448 0.291212 -0.522376 -0.0163618 -1.52037e-06 0 0 0
2284 3782 0.247086 -0.878699 -0.408456 -0.00784919 -5.20253e-07 0 0 0
1188 1269 0.350355 0.80471 0.479264 -0.0249547 -1.83378e-06 0 0 0
3999 5084 0.983409 0.172633 0.0557164 -0.0103864 -7.36724e-07 0 0 0
1935 2928 0.169452 -0.548668 -0.818688 -0.0080635 -5.80249e-07 0 0 0
1991 4062 0.473063 -0.787596 0.394846 -0.000773234 -6.42016e-08 0 0 0
2211 5345 0.205502 -0.611231 -0.764307 -0.00315755 -2.83833e-07 0 0 0
5308 4312 0.136649 -0.868583 -0.47633 -0.00200546 -1.57423e-07 0 0 0
1102 5210 0.177747 0.501619 0.846631 -0.00306629 -2.57988e-07 0 0 0
1673 618 0.855285 -0.132958 0.50081 -0.0145091 -1.07481e-06 0 0 1
2986 1584 0.779435 0.286662 0.557052 -0.00396975 -2.81653e-07 0 0 0
899 5365 0.588598 -0.777116 -0.222808 -0.00166461 -1.27844e-07 0 0 0
2162 3806 -0.0342552 0.392003 -0.919326 -0.0128898 -8.46876e-07 0 0 0
1846 3445 0.789973 -0.421507 -0.44528 -0.00559809 -4.31616e-07 0 0 0
2231 1257 0.696239 0.564354 -0.443572 -0.0182076 -1.44968e-06 0 0 0
3987 99 0.651686 0.69558 0.302447 -0.0107163 -7.81236e-07 0 0 0
809 2812 0.831301 0.133863 0.539461 -0.00837792 -6.5592e-07 0 0 0
533 2918 0.359738 -0.903677 -0.232285 -0.00999819 -7.23665e-07 0 0 0
1219 4125 0.893479 0.25323 0.370904 -0.0377705 -3.54554e-06 0 0 0
3575 3253 0.601771 0.0337147 -0.797957 -0.0193288 -1.26819e-06 0 0 0
493 1182 0.49036 -0.74785 0.447512 -0.00350389 -2.86779e-07 0 0 0
2526 4612 0.636399 0.530957 -0.559536 -0.00833459 -6.09121e-07 0 0 0
2526 3546 0.453021 0.426829 0.782681 -0.0258846 -1.85435e-06 0 0 0
906 3542 0.442403 0.559392 -0.700971 -0.0100312 -8.24949e-07 0 0 0
1221 4874 0.412118 -0.610628 -0.676233 -0.0162235 -1.42468e-06 0 0 0
3354 1586 0.265399 0.822783 -0.502586 -0.0026833 -1.78624e-07 0 0 0
67 973 0.670067 -0.0495994 -0.740641 -0.00705706 -4.82421e-07 0 0 0
1080 1603 0.622959 -0.511628 0.591742 -0.0116702 -1.0443e-06 0 0 0
4349 631 0.767516 -0.640879 -0.0138859 -0.000611775 -4.26363e-08 0 0 0
848 4751 0.325422 -0.795581 -0.51103 -0.00857192 -7.18576e-07 0 1 0
1904 4983 0.157964 0.726383 0.668891 -0.0126945 -8.14678e-07 0 0 0
5322 765 0.166965 0.221091 -0.960854 -0.0175735 -1.06131e-06 0 0 0
5322 277 0.175674 -0.700345 -0.691849 -0.0204584 -1.46179e-06 0 0 0
4805 4533 -0.122307 0.258958 -0.958114 -0.0322677 -2.78703e-06 0 0 0
4083 804 0.405961 -0.645916 0.64652 -0.0154452 -1.11211e-06 0 0 0
2448 5068 0.847073 -0.528278 0.0582209 -0.00571067 -4.28473e-07 0 0 0
1571 2317 0.425043 0.104955 -0.899068 -0.00327003 -2.68611e-07 0 0 0
5322 1641 0.974627 -0.196563 -0.107076 -0.00240159 -1.92707e-07 0 0 0
1317 3830 0.063724 -0.881479 -0.467903 -0.0234734 -1.78441e-06 0 0 0
4938 3086 -0.573662 -0.205692 -0.792845 -0.0065614 -5.08346e-07 0 0 0
1436 1540 0.540662 0.621841 0.566567 -0.018101 -1.46133e-06 0 0 0
4310 3183 0.615552 -0.382451 -0.689077 -0.0156718 -1.34627e-06 0 0 0
3477 3775 0.166988 0.865711 0.471869 -0.000652945 -5.7589e-08 0 0 0
4835 3184 0.59158 0.570168 -0.570036 -0.000712223 -5.7421e-08 0 0 0
3021 4586 0.686973 0.43882 0.579228 -0.00628822 -4.87071e-07 0 0 0
5504 2973 0.972444 0.230534 -0.0347479 -0.0032261 -2.58791e-07 0 0 0
3824 3656 0.964643 -0.260622 -0.0392351 -0.00325781 -2.67986e-07 1 0 0
4061 1476 0.0999025 -0.125639 -0.987033 -0.00396779 -3.89685e-07 0 0 0
2760 2859 0.197322 0.229543 -0.953087 -0.0179834 -1.67512e-06 0 0 0
3137 1396 0.675354 0.150263 -0.722024 -0.000933216 -7.46663e-08 0 0 -1
5443 3916 0.546278 -0.274604 0.791311 -0.00730798 -4.73423e-07 0 0 1
66 4635 0.395131 -0.902279 0.172524 -0.00108796 -8.97181e-08 0 0 0
1337 3790 0.84598 0.38143 0.372597 -0.00195641 -1.1861e-07 0 0 0
4282 3184 0.0837173 0.47989 0.873325 -0.0027285 -2.64854e-07 0 0 0
1966 1455 0.469782 -0.207045 -0.858159 -0.00498143 -3.41048e-07 0 0 0
2403 1990 0.281921 0.5238 0.803837 -0.00541575 -4.15891e-07 0 0 0
1466 5251 0.0651122 -0.231027 -0.970766 -0.00960611 -8.07682e-07 0 0 0
4711 2832 0.600092 0.218947 0.769384 -0.0228101 -1.34417e-06 0 0 0
1341 1740 0.882101 -0.452173 -0.132051 -0.00980939 -7.73004e-07 0 0 0
1240 2523 0.793584 -0.120012 -0.596508 -0.0123601 -8.59348e-07 0 0 0
1240 5232 0.535554 0.7705 -0.345705 -0.0141723 -1.07539e-06 0 0 0
4330 1848 0.515005 -0.154359 0.843175 -0.0133619 -1.1681e-06 0 0 0
2653 1632 0.574734 -0.750997 -0.32509 -0.00430161 -3.09173e-07 0 0 0
4918 1114 0.0862966 -0.990812 0.104134 -0.00838561 -5.90113e-07 0 -1 0
235 1184 -0.964919 -0.175952 -0.194863 -0.00168883 -1.43912e-07 0 0 0
5209 1537 0.283761 0.877543 0.38652 -0.00804337 -6.2977e-07 0 0 0
5209 99 0.640944 -0.597839 -0.481434 -0.010111 -8.44841e-07 0 0 0
16 2129 0.939622 0.335841 -0.0657376 -0.00402228 -3.73694e-07 0 0 0
4160 1564 0.151596 0.645745 0.748353 -0.0157074 -1.35946e-06 0 0 0
5200 3928 0.551646 -0.263047 -0.791513 -0.0277997 -1.92712e-06 0 0 0
5069 4258 0.556548 -0.556044 0.617309 -0.0137869 -1.05567e-06 0 1 0
2692 4119 0.0768798 -0.242042 -0.967215 -0.0113278 -6.65276e-07 0 0 0
2692 382 0.178286 0.651287 -0.73759 -0.0115322 -9.35659e-07 0 0 0
2270 3436 0.435893 0.484961 -0.758162 -0.0253924 -2.04079e-06 0 0 0
2568 3726 0.387352 0.798574 0.460693 -0.0153723 -1.09578e-06 0 0 0
3145 5508 0.332161 -0.516872 -0.788995 -0.0197104 -1.45184e-06 0 0 0
2692 288 0.794595 0.163562 0.584693 -0.0131102 -1.21661e-06 0 0 0
5383 2322 0.745735 -0.145815 0.65009 -0.00470979 -3.58386e-07 0 -1 0
3018 307 0.991877 -0.0923131 0.0875126 -0.00226691 -2.17074e-07 0 0 0
5252 2869 0.30143 -0.636142 0.710256 -0.0137996 -1.23919e-06 0 0 0
2495 2379 0.682157 -0.334936 -0.649984 -0.0143152 -1.12232e-06 0 0 0
3257 5289 0.680345 -0.260215 0.685142 -0.0174899 -1.34296e-06 0 1 0
2471 1005 0.487387 -0.857751 -0.163457 -0.0274278 -1.5775e-06 0 -1 0
5476 241 0.0626198 -0.24367 -0.967834 -0.0073912 -5.63964e-07 0 0 0
2471 4697 0.7559 0.186524 -0.627554 -0.0131808 -8.00443e-07 0 0 0
2463 2305 0.258895 0.347746 -0.901136 -0.0151605 -1.21035e-06 0 1 0
5148 743 -0.906985 -0.152591 0.392549 -0.0115903 -9.28158e-07 0 0 0
2390 2086 0.694986 -0.207015 -0.688578 -0.0456766 -2.7554e-06 0 0 0
97 2608 0.822747 -0.012803 0.568263 -0.000538033 -4.64116e-08 0 0 0
1590 2171 0.570745 0.680145 -0.460059 -0.0131056 -1.04469e-06 0 0 0
3615 1599 0.258003 -0.811651 -0.524078 -0.00712216 -6.54718e-07 0 0 0
813 4808 0.349287 -0.450249 0.821751 -0.0228464 -1.70083e-06 0 0 0
2760 293 0.392157 0.852704 -0.345121 -0.0132125 -8.12158e-07 0 0 0
3043 1182 0.242629 0.00537 0.970104 -0.0149774 -1.1341e-06 0 0 0
3575 3467 0.0365694 -0.333802 0.941934 -0.00845404 -5.25967e-07 0 0 0
4746 1229 0.499777 0.40418 0.766069 -0.0198005 -1.1445e-06 0 0 0
3576 3862 0.230057 -0.9726 0.0335051 -0.00101228 -8.91471e-08 0 0 0
1694 1438 0.00831561 -0.249389 -0.968368 -0.0416573 -3.55514e-06 0 0 0
5172 3201 0.00209606 -0.985353 -0.170512 -0.00145098 -1.26663e-07 0 0 0
312 2783 0.310212 0.904414 -0.292923 -0.00299658 -2.39521e-07 0 0 0
11 3494 0.722745 0.0769646 -0.686816 -0.0141487 -1.23298e-06 0 0 0
262 3617 -0.528699 -0.0832772 -0.844714 -0.0209752 -1.39503e-06 1 0 0
1265 1597 0.860207 -0.500828 -0.0959924 -0.00266021 -1.80991e-07 0 0 0
2202 1961 0.516131 -0.787597 -0.336599 -0.00106111 -8.62521e-08 0 0 0
2390 2364 0.21493 0.975151 0.0537157 -0.00419601 -3.57472e-07 0 0 0
1202 87 0.541415 -0.0312513 -0.840174 -0.00945667 -9.15932e-07 0 0 0
2880 1005 0.588254 -0.32486 0.740556 -0.0224142 -1.52136e-06 0 -1 0
2880 594 0.487648 0.552881 -0.675664 -0.00762841 -5.09458e-07 0 0 0
5075 2771 0.638698 0.357198 0.681524 -0.00895942 -7.80115e-07 0 0 0
1802 5261 0.185465 0.286048 -0.940095 -0.00747593 -5.88805e-07 0 0 0
2226 5309 0.119154 0.525905 0.842156 -0.00880081 -6.02201e-07 0 0 0
741 930 0.0512379 -0.958471 0.28055 -0.00218106 -1.68988e-07 0 0 0
3163 3076 0.13995 0.959826 0.243202 -0.00288581 -2.30806e-07 0 0 0
2447 2352 -0.120817 0.249208 0.960884 -0.0254234 -2.07283e-06 0 0 0
1364 1846 0.907854 0.306334 0.286286 -0.0112331 -8.80004e-07 0 0 0
1215 442 0.000712338 -0.569937 0.821688 -0.00115274 -7.4562e-08 0 0 1
3410 201 0.482678 0.599784 -0.638186 -0.0308681 -2.06968e-06 0 0 0
833 1647 0.200837 -0.54868 0.81155 -0.000352798 -2.54592e-08 0 0 0
3158 636 0.484702 0.760191 0.432636 -0.0145867 -9.34383e-07 0 0 0
1830 1902 0.474702 0.10274 0.87413 -0.0103051 -6.62763e-07 0 0 0
266 623 0.268343 -0.181283 0.946112 -0.00678617 -6.06287e-07 0 0 0
1489 2058 0.371951 -0.491067 -0.787722 -0.0142332 -1.09332e-06 0 0 -1
3790 4226 0.766809 0.342339 -0.542962 -0.00959179 -8.40524e-07 0 0 0
266 2925 0.860543 0.423641 -0.282831 -0.00577451 -4.91765e-07 0 0 0
4211 249 0.51965 -0.335466 -0.785765 -0.000899541 -8.26868e-08 0 0 0
3512 4081 0.705593 0.522052 0.479165 -0.00327199 -1.97269e-07 0 0 0
3449 683 0.806453 0.311182 -0.502792 -0.00113315 -8.34952e-08 0 0 0
147 237 0.34674 0.56347 0.749848 -0.0124928 -8.99771e-07 0 0 0
4710 3018 0.459424 -0.821388 0.338011 -0.00285053 -2.09001e-07 0 0 0
3047 4917 0.153574 -0.890975 -0.427293 -0.00447171 -3.49226e-07 0 0 0
623 5174 0.700045 -0.276236 0.658506 -0.00598691 -3.72873e-07 0 0 0
234 2839 -0.0912986 0.970881 -0.221481 -0.00613216 -4.59016e-07 0 0 0
1847 4743 0.164912 0.892872 0.419028 -0.0174313 -1.37809e-06 0 0 0
1847 5309 0.645331 -0.745905 -0.164843 -0.00862436 -7.3628e-07 0 0 0
4710 5038 0.462013 -0.0489234 -0.885523 -0.00216273 -1.46603e-07 0 0 -1
1588 710 0.488119 0.740192 0.462446 -0.0190044 -1.04913e-06 0 0 0
3836 1192 0.863916 0.217875 -0.45407 -0.0157266 -1.47618e-06 0 0 0
3485 1337 0.204144 -0.710374 0.673568 -0.00832992 -5.5001e-07 0 0 0
3836 1849 0.35232 -0.700304 0.620842 -0.00340419 -2.41326e-07 0 0 0
745 127 0.0679156 0.286394 -0.955702 -0.0113414 -8.61188e-07 0 0 0
1544 3361 0.820277 -0.210235 -0.531928 -0.0238689 -1.972e-06 0 -1 0
3068 4114 -0.00375992 0.997936 -0.0641123 -0.0101052 -9.36782e-07 0 0 0
3485 3008 0.992503 -0.0634985 0.104435 -0.00843497 -5.46045e-07 0 0 0
3571 2970 0.871297 -0.393105 -0.293785 -0.000165072 -1.49806e-08 0 0 0
340 3836 0.137573 -0.259797 -0.955813 -0.0214793 -1.27186e-06 0 0 0
467 530 0.14896 -0.736204 -0.660163 -0.0259952 -1.6971e-06 0 0 0
1839 1215 0.948132 0.100787 0.301476 -0.00967811 -6.73515e-07 0 0 0
3478 409 0.581873 0.189274 -0.790948 -0.00909693 -7.76838e-07 0 0 0
4882 1371 -0.275678 -0.285773 -0.917788 -0.00439932 -3.53681e-07 0 0 0
4370 3799 0.743749 -0.00359778 0.66845 -0.0210081 -1.71352e-06 0 0 0
2928 2394 0.903311 0.0672223 -0.423688 -0.00264453 -2.07736e-07 0 0 0
3150 3654 0.902805 0.183652 -0.388864 -0.00968093 -7.68195e-07 0 0 0
1326 1122 0.771606 0.60814 -0.18652 -0.00149103 -1.10646e-07 0 0 0
340 589 0.342017 0.757716 -0.55578 -0.00453973 -2.71543e-07 0 0 0
2800 4499 0.840496 0.336675 0.424519 -0.0054176 -3.75671e-07 0 0 0
2524 1120 0.940689 0.22295 0.255728 -0.011671 -9.63954e-07 0 0 0
2226 303 0.826147 0.322426 -0.462086 -0.00758054 -5.17585e-07 0 0 -1
2859 3140 0.980081 0.0337142 -0.195716 -0.0154515 -1.45732e-06 0 0 0
299 4772 0.468722 -0.804337 -0.365161 -0.0212821 -1.25696e-06 0 0 -1
3067 1221 0.256469 -0.356791 0.898289 -0.00410562 -3.06327e-07 0 0 0
1983 1187 0.422644 0.105647 0.900117 -0.0150691 -1.20164e-06 0 0 0
3243 4542 0.0625542 -0.902823 0.425439 -0.00763911 -4.87661e-07 0 0 0
628 2112 0.523123 0.556234 0.645713 -0.0171471 -1.20919e-06 0 0 0
3411 1964 0.727621 0.680972 0.0827357 -0.00823507 -7.09025e-07 0 0 0
628 312 0.400223 -0.20513 -0.893165 -0.0151416 -1.28616e-06 0 0 0
5317 4485 0.37481 0.840636 -0.390958 -0.00662771 -5.27009e-07 0 0 0
5423 3994 0.710224 0.533285 0.459553 -0.0015273 -1.30304e-07 0 0 0
867 4562 0.274778 -0.953702 0.122266 -0.0123532 -8.93774e-07 0 -1 0
576 2271 0.535556 -0.00177163 -0.844498 -0.00311647 -2.33806e-07 0 0 0
615 2368 0.900211 0.241013 0.362674 -0.0065795 -5.4597e-07 0 0 0
2566 3907 0.37592 0.710972 -0.594309 -0.00358243 -2.43821e-07 0 0 0
2998 4152 0.037792 0.540466 0.840517 -0.00408257 -2.91801e-07 0 0 0
2231 2229 0.899141 0.153828 0.409735 -0.00380328 -2.49793e-07 0 0 0
2365 594 0.423103 -0.710975 0.561693 -0.0358767 -2.09192e-06 0 0 0
5251 3157 0.246598 0.185018 -0.951293 -0.0108317 -8.40761e-07 0 0 0
3094 123 0.701663 0.344505 0.623686 -0.0318393 -1.97899e-06 0 0 0
269 4394 0.961752 0.05308 -0.268728 -0.018919 -1.24096e-06 0 0 0
4907 3893 0.612199 0.790006 -0.0332251 -0.00849431 -7.91279e-07 0 0 0
1467 4033 0.166472 0.707671 -0.686651 -0.00267046 -2.0135e-07 0 0 0
2873 1665 0.919303 -0.356389 -0.166939 -0.00201616 -1.68621e-07 0 0 0
660 1724 0.202974 0.480753 0.853041 -0.0128784 -8.06403e-07 0 0 0
3128 2941 0.48237 -0.70394 -0.521332 -0.00970234 -7.28581e-07 0 0 0
3202 5075 0.0647053 -0.675806 0.734234 -0.0211184 -1.82263e-06 0 0 0
4218 4739 0.450677 -0.49672 -0.741728 -0.00397102 -3.65651e-07 0 0 0
1683 4457 0.884555 0.430503 0.179525 -0.00414293 -3.07649e-07 0 0 0
753 2280 -0.146739 -0.322497 -0.935127 -0.017592 -9.75946e-07 0 0 0
209 1231 0.870949 -0.392304 -0.29588 -0.000453868 -3.5382e-08 0 0 0
4722 3348 0.133349 0.90899 -0.394912 -0.00110881 -9.10414e-08 0 0 0
3323 1784 0.884804 0.170914 0.433486 -0.0155616 -1.03459e-06 0 0 0
2906 2391 0.530584 0.00796046 0.847595 -0.0117627 -8.64709e-07 0 0 0
2906 741 -0.0153293 -0.616679 -0.787065 -0.0301324 -2.10581e-06 0 0 0
83 3907 0.29096 0.049855 0.955435 -0.0110354 -7.36664e-07 0 0 0
586 3004 0.865637 0.150196 0.477613 -0.00389485 -2.80903e-07 0 0 0
1991 2835 0.447863 0.862915 0.234086 -0.00636728 -5.01716e-07 0 0 0
271 676 0.552825 -0.237497 0.798737 -0.0204289 -1.28732e-06 0 0 0
4119 1765 0.229524 -0.599421 -0.766821 -0.0198439 -1.77903e-06 0 0 0
2295 2502 0.95137 -0.0152668 -0.307672 -0.00737683 -5.47704e-07 0 0 0
1151 2457 0.092529 -0.991344 0.0931411 -0.00785027 -6.7465e-07 0 0 0
4119 1205 0.687513 -0.435377 0.581183 -0.0142253 -1.13072e-06 0 0 0
1353 1774 0.569729 0.0954405 0.816272 -0.00578563 -4.3281e-07 0 0 0
2031 2991 0.481226 -0.844689 0.234353 -0.00906951 -7.52219e-07 0 0 0
3932 790 0.950754 -0.198722 0.237857 -0.000406927 -3.07189e-08 0 0 0
306 3782 0.481643 0.141943 0.864796 -0.0284455 -2.56886e-06 0 0 0
832 4058 0.743414 -0.470449 -0.475408 -0.00377964 -2.98942e-07 0 0 0
2504 4475 0.280914 -0.548864 -0.787297 -0.0156613 -1.10527e-06 0 0 0
5112 2262 0.598933 -0.16931 0.782696 -0.00656293 -4.98671e-07 0 0 0
1054 693 0.758864 -0.644395 -0.0942305 -0.00349076 -2.79205e-07 0 0 0
306 16 0.31137 -0.600255 -0.736711 -0.0207865 -1.86564e-06 0 0 0
1908 1830 0.635355 0.762438 0.122524 -0.0170764 -1.23285e-06 0 0 0
993 589 0.513337 -0.817916 -0.259806 -0.0019933 -1.42651e-07 0 0 0
3250 479 0.792421 0.608336 -0.0446852 -0.00566099 -4.76742e-07 0 0 0
1231 635 0.711887 0.228849 -0.663962 -0.0164666 -1.27268e-06 0 0 0
929 4979 0.0200296 -0.941784 -0.335622 -0.0209468 -1.15213e-06 0 0 0
4943 3378 0.933772 -0.280755 0.221915 -0.0116124 -8.27808e-07 0 0 0
1369 1842 0.415261 0.882345 -0.221417 -0.00373187 -3.38003e-07 0 0 0
4443 5518 0.246973 0.8175 -0.520287 -0.00523916 -4.10366e-07 0 0 0
3511 623 0.344886 0.873038 -0.344758 -0.0106821 -8.32066e-07 0 0 0
4619 896 0.226305 0.192362 -0.954873 -0.0115925 -9.0903e-07 0 0 0
4133 2382 0.67608 -0.285359 0.679328 -0.00621477 -4.61934e-07 0 0 0
5296 4456 0.092757 -0.86894 -0.486147 -0.00441895 -3.17176e-07 0 0 0
1510 2538 0.343778 -0.852465 -0.393853 -0.0121479 -1.0786e-06 0 0 0
4510 2631 0.902297 0.0913866 0.421317 -0.00430452 -3.22925e-07 0 0 0
2178 3888 0.473128 0.756875 -0.450878 -0.00857391 -8.26478e-07 0 0 0
1821 1360 0.766842 -0.0550243 0.639473 -0.00269036 -2.10211e-07 0 0 0
3300 4616 -0.0084636 -0.424813 -0.905242 -0.0229776 -1.83023e-06 0 0 0
4133 1317 0.140981 0.793602 -0.591878 -0.00268754 -2.05925e-07 0 0 0
583 4061 0.255668 0.673082 -0.69397 -0.000930165 -8.31819e-08 0 0 0
290 2430 0.233999 -0.262488 -0.936133 -0.0162366 -1.37479e-06 0 0 0
2514 5077 0.557018 0.830392 0.0134303 -0.0135891 -1.08237e-06 0 0 0
4558 1282 0.458511 0.658064 -0.59726 -0.00365816 -2.78241e-07 0 0 0
3401 3046 0.59329 0.0996885 0.798793 -0.00489322 -3.41988e-07 0 0 0
1554 2855 0.863752 0.503519 0.0200087 -0.0016092 -1.09245e-07 0 0 0
1514 4498 0.254396 -0.0371275 -0.966387 -0.0303028 -2.24308e-06 0 0 0
3401 3026 0.395465 0.408479 -0.82265 -0.0136441 -9.73089e-07 0 0 0
1514 3719 0.626465 0.0731919 0.776006 -0.0171607 -1.13376e-06 0 0 0
1429 2332 -0.0839324 -0.897852 -0.432224 -0.00654417 -5.74725e-07 0 0 0
481 1627 0.120091 -0.563712 0.817194 -0.0257799 -1.71101e-06 0 0 0
3579 777 0.856054 0.146424 -0.495713 -0.0108731 -9.71485e-07 0 0 0
4651 4011 0.381957 0.712515 -0.588584 -0.0389908 -2.6998e-06 0 0 0
4651 533 -0.0827864 -0.984236 -0.156288 -0.00885094 -6.50418e-07 0 0 0
765 832 0.477331 0.422886 -0.770274 -0.0214545 -1.77573e-06 0 0 0
4651 1219 0.0700083 0.255249 0.964337 -0.0194688 -1.73486e-06 0 0 0
2020 5270 0.672881 0.738971 0.0339447 -0.0042372 -3.9893e-07 0 0 0
2842 2871 0.393433 0.798093 0.456353 -0.00377235 -3.15965e-07 0 0 0
5280 2352 0.461197 -0.72322 -0.514053 -0.00577211 -4.55965e-07 0 0 0
2790 1994 0.365806 -0.45389 0.812509 -0.0191734 -1.39762e-06 0 0 1
2790 296 0.538507 0.356282 -0.763593 -0.0122487 -9.17013e-07 0 0 0
2197 4114 -0.329967 -0.62903 0.703877 -0.0175745 -1.53414e-06 0 0 0
1354 2514 0.199458 -0.770685 0.605196 -0.00532395 -4.57629e-07 0 0 0
3105 1966 0.515414 0.600406 -0.611442 -0.00694112 -4.69603e-07 0 0 0
3105 2852 0.281059 -0.77583 0.564884 -0.00951809 -6.83084e-07 0 0 0
3888 2769 0.706456 0.135889 -0.694589 -0.000842234 -7.45235e-08 0 0 0
1068 49 -0.741785 -0.421191 0.521874 -0.0179934 -1.63082e-06 0 0 0
811 5202 0.323838 -0.425578 -0.844993 -0.0098797 -6.82853e-07 0 0 0
2477 575 0.8263 -0.0903612 -0.555935 -0.00485434 -3.67106e-07 0 0 0
2390 3156 0.929786 0.350121 0.113634 -0.00692525 -5.05517e-07 0 0 0
409 669 0.351265 0.209852 0.912456 -0.0120269 -1.16509e-06 0 0 0
409 4428 0.607546 0.576295 -0.5466 -0.0261013 -2.04062e-06 0 0 0
2474 5035 0.135467 0.835025 -0.533274 -0.00991014 -8.5642e-07 0 0 -1
3973 2507 0.842611 -0.524478 0.122187 -0.0123001 -9.96319e-07 0 0 0
3973 1489 0.153993 -0.569642 -0.807338 -0.0142144 -1.0624e-06 0 0 0
4440 2472 0.713043 -0.685775 -0.145884 -0.00676526 -4.75729e-07 0 0 0
3397 2587 0.016456 -0.846569 0.532024 -0.0136142 -1.04307e-06 0 0 0
3844 1213 0.863878 -0.461587 -0.201625 -0.00177366 -1.2902e-07 0 0 0
4623 984 0.421449 0.892446 0.161002 -0.00536698 -4.24462e-07 0 0 0
3242 934 0.199262 -0.385552 0.900913 -0.00857081 -6.67721e-07 0 0 0
982 813 0.174086 -0.216968 0.960531 -0.00526813 -4.38838e-07 0 0 0
1275 1880 0.017518 0.679638 0.733338 -0.0052711 -3.75334e-07 0 0 0
4284 2284 0.846474 0.339602 0.410063 -0.0127661 -1.03609e-06 0 0 0
4473 1577 0.496437 0.775979 0.389111 -0.0028007 -1.76076e-07 0 0 0
3111 5166 0.388333 0.310837 -0.867512 -0.00619156 -4.76257e-07 0 0 0
707 5386 0.415286 0.40638 0.813875 -0.0175736 -1.23157e-06 0 1 0
3670 699 0.520818 -0.69869 0.490491 -0.0186771 -1.37817e-06 0 0 0
3736 1554 0.378812 -0.0673689 0.923018 -0.02431 -1.69266e-06 0 0 0
4324 3131 0.863594 0.0662079 -0.499822 -0.0177849 -1.29639e-06 0 0 0
3736 19 0.980819 0.172893 -0.0900148 -0.00188666 -1.2407e-07 0 0 0
1354 3111 0.418575 0.873432 0.24882 -0.00553481 -4.12933e-07 0 0 0
3183 303 0.612252 -0.0886174 0.785681 -0.00462677 -3.47691e-07 0 0 0
4972 4340 0.879222 -0.233809 0.415093 -0.00319037 -2.32463e-07 0 0 0
4972 5279 0.604515 0.53169 -0.593185 -0.00561793 -4.5825e-07 0 0 0
725 3575 0.0106282 -0.795225 -0.606221 -0.0146746 -9.13339e-07 0 0 0
3959 1933 0.597111 -0.188916 0.779595 -0.0182161 -1.02675e-06 0 0 0
1674 3302 0.258905 -0.964645 -0.0492716 -0.00835811 -6.28439e-07 0 0 0
802 4511 0.507831 0.558126 0.656204 -0.0104154 -8.31528e-07 0 0 0
2025 4100 0.687273 -0.100208 -0.719454 -0.000863772 -6.48865e-08 0 0 0
1305 194 0.729828 0.423146 -0.536933 -0.00923339 -5.76709e-07 0 0 0
2015 3425 0.335884 0.420368 0.842896 -0.0182456 -1.60326e-06 0 0 0
1146 1046 0.877139 -0.0467442 -0.477957 -0.0112902 -8.77155e-07 0 0 0
3851 1883 0.463009 0.721641 -0.514643 -0.0184211 -1.44777e-06 0 0 0
2647 1274 0.960423 0.23972 -0.141852 -0.00216637 -1.80777e-07 0 0 0
2495 3807 0.0437503 -0.432448 0.900597 -0.0137672 -1.22979e-06 0 0 0
3998 2295 0.382952 -0.0319742 0.923215 -0.00776491 -5.52624e-07 0 0 0
2647 982 -0.0540081 -0.222513 0.973433 -0.00556847 -4.32204e-07 0 0 0
4727 4920 0.575566 -0.588389 -0.567911 -0.00104195 -6.78242e-08 0 0 0
4625 4865 0.727353 -0.678881 -0.10039 -0.00175736 -1.42447e-07 0 0 0
3805 2744 0.806182 0.543495 0.233847 -0.00680925 -4.36643e-07 0 0 0
2037 3703 0.885913 -0.026737 -0.463081 -0.00662134 -5.95732e-07 0 0 0
2085 1238 0.1506 0.258108 0.954306 -0.0182108 -1.66909e-06 0 0 0
2757 3981 0.896673 -0.439128 -0.0560757 -0.000397443 -3.15514e-08 0 0 0
873 533 0.429919 0.372121 -0.822615 -0.00385385 -2.82904e-07 0 0 0
2315 2801 0.644815 -0.296209 -0.704609 -0.0066757 -5.34914e-07 0 0 0
276 5192 0.468621 -0.87411 -0.127777 -0.00509485 -3.55451e-07 0 0 0
2903 3639 0.748369 -0.231735 0.621484 -0.00274758 -2.19278e-07 0 0 0
3799 4689 -0.118953 -0.920027 0.373365 -0.0130716 -1.11474e-06 0 0 0
1594 1660 0.263025 -0.300222 -0.916889 -0.0128485 -9.22985e-07 0 0 0
2557 5040 0.583365 0.728738 0.358644 -0.0207448 -1.67674e-06 0 0 0
1868 4462 0.352604 -0.834336 -0.423737 -0.0103874 -6.60475e-07 0 0 0
948 4711 0.75049 0.442096 -0.49124 -0.0190198 -1.22664e-06 0 0 0
3361 5024 0.439599 0.431676 -0.78766 -0.0310399 -2.89627e-06 0 1 0
283 5146 0.884065 0.25787 0.389785 -0.0105093 -8.27113e-07 0 0 0
1088 1019 0.815051 0.158222 0.557366 -0.00300047 -2.24562e-07 0 0 0
283 5237 0.485696 0.866561 -0.114767 -0.00660555 -5.66585e-07 0 0 0
1287 2810 0.716354 -0.366073 0.593993 -0.00738731 -5.41972e-07 0 0 0
3207 4252 0.777804 0.378013 0.502122 -0.00470419 -3.80361e-07 0 -1 0
1502 4677 -0.670015 -0.0107979 -0.742269 -0.00865963 -6.17436e-07 0 0 0
1677 1540 0.402116 0.831972 -0.382264 -0.00797656 -5.64152e-07 0 0 0
1677 826 0.517503 -0.8556 0.0117695 -0.0122125 -8.68707e-07 0 0 0
831 4753 0.493111 -0.554207 -0.670594 -0.0205192 -1.8341e-06 0 0 -1
831 2906 -0.0390867 -0.922892 0.38307 -0.00882867 -6.19647e-07 0 0 0
692 3403 0.645883 0.131298 0.752062 -0.0301992 -2.14614e-06 0 0 0
2792 4107 0.549229 -0.27947 0.787556 -0.0354014 -3.1898e-06 0 0 0
4264 5316 0.126062 0.609567 0.782647 -0.0110705 -9.22238e-07 0 0 0
2792 2592 0.735015 0.66276 0.143184 -0.00306719 -2.82944e-07 0 0 0
2211 1349 0.17861 0.612917 0.769695 -0.00451144 -3.98155e-07 0 0 0
2104 1677 -0.955758 -5.46085e-05 0.294153 -0.00123871 -8.68966e-08 0 0 0
2294 2295 0.157774 -0.13749 -0.977857 -0.00990952 -8.38966e-07 0 0 0
2991 7 0.701278 0.0770218 0.708715 -0.038023 -2.57902e-06 0 0 0
4083 1014 0.960924 0.170007 -0.218454 -0.0179971 -1.3863e-06 0 0 0
554 3813 0.126851 0.90413 0.407992 -0.022577 -1.57599e-06 0 0 0
1559 4485 0.0600813 -0.615633 -0.785739 -0.00331471 -2.64598e-07 0 0 0
4070 902 0.77658 -0.0328209 0.629164 -0.0183922 -1.29576e-06 0 0 0
4894 1028 0.184602 0.784533 0.591972 -0.0102943 -9.58097e-07 0 0 0
3841 3021 0.0301041 0.929096 0.36861 -0.0269471 -2.29555e-06 0 0 0
1375 2548 0.569841 0.821121 -0.032276 -0.0012802 -1.02001e-07 0 0 0
5237 1762 0.687841 0.299704 0.661099 -0.00396788 -3.23608e-07 0 0 0
1105 3545 0.724597 -0.0934125 -0.682813 -0.0135088 -1.09519e-06 0 0 0
1486 1671 0.627059 -0.527006 0.573639 -0.000673532 -5.37688e-08 0 0 0
2515 572 0.922071 0.227197 -0.313316 -0.0130819 -1.16172e-06 0 0 0
4561 3485 0.400513 -0.809131 -0.429996 -0.00191567 -1.35983e-07 0 0 0
4125 3981 0.215246 0.127999 -0.968135 -0.0246313 -1.74853e-06 0 0 0
1934 3015 0.74146 -0.50319 0.443887 -0.00897844 -6.86129e-07 0 0 0
1770 111 0.940169 0.0623881 -0.334947 -0.00956562 -6.07882e-07 0 0 0
2984 3822 0.836873 -0.165063 -0.521918 -0.0078399 -6.19603e-07 0 0 0
5258 277 0.232377 0.88782 -0.397211 -0.00671289 -5.74179e-07 0 0 0
5258 1770 0.504779 -0.0837669 -0.859174 -0.0273502 -2.44573e-06 0 0 0
5258 1637 0.538935 -0.714727 0.445774 -0.0176028 -1.5309e-06 0 0 0
5258 3506 0.678824 0.421414 0.601339 -0.0201044 -1.90384e-06 0 0 0
2953 3376 0.493179 0.509369 -0.705208 -0.00646103 -5.45233e-07 0 0 0
1104 281 -0.827984 -0.519971 0.209932 -0.000272169 -2.62646e-08 0 0 0
5069 4221 0.546818 -0.130746 -0.82698 -0.0336977 -2.74927e-06 0 1 0
5345 2462 0.174953 0.134106 -0.975401 -0.00642388 -5.44181e-07 0 0 0
754 868 0.616527 -0.78501 -0.0604516 -0.00345826 -2.01161e-07 0 0 0
3865 1054 0.973672 0.214713 0.076556 -0.0184767 -1.6376e-06 0 0 0
766 342 0.428375 0.491701 -0.758106 -0.0113434 -8.8866e-07 0 0 -1
766 3537 0.826905 -0.472898 -0.304295 -0.0108894 -8.53127e-07 0 0 0
201 3928 0.421257 -0.559087 0.714117 -0.00663682 -5.04774e-07 0 0 0
4264 1763 0.72212 0.477532 -0.500506 -0.00196792 -1.68321e-07 0 0 0
3506 4922 -0.0722311 0.838351 0.540324 -0.00847897 -8.09311e-07 0 0 0
688 4493 0.742322 0.61146 -0.273998 -0.0124702 -9.88199e-07 0 0 0
719 3398 0.365086 -0.700956 -0.612677 -0.00781826 -6.3968e-07 0 -1 0
2392 5126 0.104353 0.161827 -0.981286 -0.0155696 -1.23426e-06 0 0 0
5280 1661 0.78091 0.255751 -0.569887 -0.0114956 -9.54047e-07 0 0 0
2044 1501 0.474156 0.322189 0.819372 -0.0156496 -1.23896e-06 0 0 0
2149 5066 0.801615 -0.0431317 0.596282 -0.0288079 -2.51394e-06 0 0 0
4011 2419 0.806548 -0.525452 -0.270886 -0.00589878 -4.86035e-07 0 0 0
3993 887 0.878304 0.0752408 0.472146 -0.0278473 -1.95805e-06 0 0 0
780 1188 0.795322 0.605313 -0.0325364 -0.0181958 -1.41522e-06 0 0 0
2194 4749 0.909743 -0.328147 -0.254338 -0.00132109 -1.05274e-07 0 0 0
983 4541 0.96078 -0.23076 0.153789 -0.00842033 -6.268e-07 0 0 0
2679 480 0.990743 0.12685 -0.0483438 -0.015621 -1.26387e-06 0 0 0
2346 3580 0.595686 -0.381642 0.706758 -0.0020173 -1.89618e-07 0 0 1
2679 3111 0.500585 -0.865017 -0.0340768 -0.00754637 -5.33985e-07 0 0 0
1793 639 0.887727 -0.356753 -0.290978 -0.00596899 -4.35255e-07 0 0 0
2916 1779 0.723074 -0.389699 0.570349 -0.0162431 -9.99621e-07 0 0 0
3167 3841 0.774917 0.437178 0.456486 -0.00671579 -4.85838e-07 0 0 0
2737 4338 0.88907 0.368408 -0.271717 -0.00110736 -8.46232e-08 0 0 0
4338 1717 0.559198 0.376385 -0.738669 -0.0120136 -1.00371e-06 0 0 0
3359 4551 0.0670037 -0.237294 -0.969124 -0.00186174 -1.18473e-07 0 0 0
2580 2514 0.0653815 0.313588 -0.947306 -0.0483521 -3.0663e-06 0 0 0
2163 1127 0.859709 0.13665 -0.492166 -0.0129398 -8.26751e-07 0 0 0
2029 249 0.455475 0.610897 0.647571 -0.002286 -2.11221e-07 0 0 0
4650 576 0.405945 0.597555 0.691474 -0.00867233 -6.40096e-07 0 0 0
2940 314 0.47771 -0.521975 0.706637 -0.00593735 -3.51982e-07 0 0 0
1151 1751 0.755488 -0.191134 -0.626662 -0.0141775 -1.17664e-06 0 0 0
3513 3353 0.159731 -0.259428 -0.952462 -0.00521549 -3.99151e-07 0 0 0
2400 3589 0.216617 0.147938 -0.964983 -0.0216685 -2.09821e-06 0 0 0
5373 4267 0.790018 0.230681 0.56803 -0.00462609 -4.23537e-07 0 0 0
412 3059 -0.00580355 0.879414 -0.476022 -0.023438 -1.91879e-06 0 0 0
5392 1386 0.344523 0.917594 -0.198306 -0.01086 -8.52785e-07 0 0 0
964 1991 0.470802 0.880016 0.0625972 -0.0140879 -1.07278e-06 0 0 0
412 4762 -0.101702 -0.582204 0.806657 -0.00317733 -2.8265e-07 0 0 0
913 501 0.460233 -0.209606 0.8627 -0.0145787 -1.14777e-06 0 0 0
5114 318 0.463462 -0.319201 0.826628 -0.00686574 -4.65938e-07 0 0 0
4287 3107 0.38878 -0.865468 0.315937 -0.00319735 -2.09202e-07 0 0 0
5467 2679 -0.0877888 0.310824 -0.946404 -0.00955122 -6.86632e-07 0 0 0
900 5305 -0.111762 -0.969468 -0.21827 -0.00348154 -2.55822e-07 0 0 0
277 4324 0.150399 -0.0133544 -0.988535 -0.014231 -9.59112e-07 0 0 0
1616 1515 0.737879 -0.266299 -0.620177 -0.0151534 -1.33595e-06 0 0 0
3253 2275 0.767009 -0.444698 0.462538 -0.00926965 -7.01723e-07 0 0 0
3819 583 0.811118 0.44478 -0.379814 -0.00415441 -2.82663e-07 0 0 0
99 3394 0.685428 0.63022 0.364708 -0.00914462 -7.85695e-07 0 0 0
231 3448 0.797573 -0.601409 0.0467491 -0.00319479 -2.72097e-07 0 0 0
1702 4696 0.579364 -0.755204 -0.306601 -0.00151498 -1.42701e-07 0 0 0
1407 4505 0.124182 0.723617 -0.678938 -0.00164932 -1.32003e-07 0 0 0
1407 2216 0.325514 -0.509932 0.796247 -0.00123219 -1.07404e-07 0 0 0
4282 859 0.197785 0.978484 0.0587421 -0.0247225 -2.3544e-06 0 0 0
4057 1276 0.331482 0.871313 0.361847 -0.011336 -9.57403e-07 0 0 0
2418 2429 0.885351 0.398896 0.238822 -0.0107966 -7.78751e-07 0 0 0
4303 636 0.507391 -0.350144 -0.787371 -0.00799887 -5.5161e-07 0 0 0
1282 3535 0.588959 -0.398834 0.702893 -0.00583657 -4.8211e-07 0 0 0
435 5211 0.839505 0.298684 -0.453893 -0.00334619 -2.81129e-07 0 0 0
5280 749 0.318046 0.268844 0.909159 -0.0237322 -2.05581e-06 0 0 0
1182 1551 0.238457 -0.821594 -0.517804 -0.0278239 -2.0975e-06 0 -1 0
993 1052 0.919886 0.262368 -0.291502 -0.0194345 -1.39521e-06 0 0 0
3310 1653 -0.246894 0.237925 -0.93938 -0.0113435 -8.01133e-07 0 0 0
412 5457 0.0467447 -0.998907 -0.00024495 -0.0158107 -9.10319e-07 0 0 0
4372 1288 0.201564 0.322093 0.925001 -0.00322232 -2.3958e-07 0 0 0
5082 5215 0.800174 0.376815 -0.466619 -0.0103499 -7.19698e-07 0 0 1
2145 5203 0.658982 0.596631 -0.458011 -0.00652958 -4.60214e-07 0 0 0
3833 2852 0.619664 0.439368 -0.650363 -0.0181296 -1.33045e-06 0 0 0
3833 741 0.312424 0.477445 0.821241 -0.0326478 -2.58943e-06 0 0 1
2086 3533 -0.173598 -0.98237 0.0693815 -0.00755126 -5.22554e-07 0 0 0
864 4136 0.274556 -0.914981 -0.295683 -0.0111702 -9.02181e-07 0 0 0
2488 2249 0.42906 -0.268139 0.86256 -0.0219366 -1.33278e-06 0 0 0
5031 3712 0.158096 0.49045 -0.857009 -0.00715336 -5.39943e-07 0 0 0
2488 2402 0.559201 0.77203 0.302099 -0.0164417 -1.26459e-06 0 0 0
3788 339 0.939267 0.341255 0.0363682 -0.0107729 -7.48469e-07 0 0 0
351 616 0.257031 0.0853849 -0.962624 -0.0239542 -1.73584e-06 0 0 0
5457 382 -0.0392748 -0.393544 0.918467 -0.0457619 -3.69836e-06 0 0 0
97 2302 0.45084 -0.0987832 -0.887122 -0.0132969 -1.03102e-06 0 0 0
2771 4262 0.517861 -0.0676796 -0.852783 -0.0176697 -1.3816e-06 0 0 0
3782 481 -0.0948734 -0.138893 0.985752 -0.0334184 -2.48366e-06 0 0 0
3934 133 0.601532 0.236948 0.762899 -0.0064266 -4.75439e-07 0 0 0
1204 3243 0.475144 -0.870618 0.127523 -0.00104781 -7.95369e-08 0 0 0
3958 3496 0.606701 -0.791071 0.0782372 -0.0036997 -2.6357e-07 0 0 0
3329 3477 0.11592 0.526209 0.842417 -0.00176265 -1.44555e-07 0 0 0
97 813 0.153577 -0.980348 0.123819 -0.010744 -7.90456e-07 0 0 0
4255 5090 0.861144 -0.281446 -0.423343 -0.0251766 -2.00171e-06 0 0 0
1448 3493 0.320472 0.250563 -0.913519 -0.0298327 -2.41732e-06 0 0 0
1588 2189 0.121224 -0.414867 -0.901771 -0.0296198 -1.73106e-06 0 0 0
4256 1638 0.942812 0.314724 0.10979 -0.00195506 -1.75577e-07 0 -1 0
4847 2753 0.690196 -0.343455 -0.636921 -0.00893505 -6.89581e-07 0 0 -1
2346 3095 0.151165 -0.78273 -0.603724 -0.010352 -9.84041e-07 0 0 0
5106 5484 0.170328 -0.816213 -0.552073 -0.00223335 -1.82822e-07 0 0 0
2420 3833 -0.264195 0.55891 0.786015 -0.0203896 -1.59821e-06 0 0 0
1649 1772 0.514011 -0.352525 -0.781997 -0.0150915 -1.46968e-06 0 0 0
3612 3697 0.454318 -0.127969 0.8816 -0.0427417 -3.21416e-06 0 0 0
3409 5050 0.884936 0.362861 0.291925 -0.000990257 -7.53698e-08 0 0 0
23 3756 0.6458 0.465564 -0.605138 -0.00170597 -1.55131e-07 0 0 0
1339 3944 0.919732 0.010445 0.392407 -0.00545277 -4.32756e-07 0 0 0
2730 972 0.463398 -0.479339 -0.745316 -0.0242499 -2.00796e-06 0 0 0
2502 140 0.00772418 -0.955501 0.294885 -0.00182393 -1.25791e-07 0 0 0
1537 43 0.921136 0.319642 0.222121 -0.00925799 -5.9007e-07 0 0 0
5315 2086 0.923115 0.383509 0.0279261 -0.00268748 -2.17564e-07 0 0 0
288 1789 0.584209 0.524441 0.619403 -0.0121781 -9.5806e-07 0 0 0
1846 3146 0.25661 0.576207 -0.775975 -0.000848571 -6.77986e-08 0 0 0
4599 4690 0.970581 0.23052 0.0695231 -0.00755944 -6.08408e-07 0 -1 0
3615 5189 0.682702 -0.0909102 -0.725019 -0.0106394 -9.40816e-07 0 0 0
5322 2593 0.673123 0.725748 -0.142111 -0.0242149 -1.37132e-06 0 0 0
3410 5200 0.480346 0.31871 0.817124 -0.018449 -1.33319e-06 0 0 0
4586 4095 0.714037 0.582401 -0.388537 -0.006522 -4.74191e-07 0 0 0
2963 3326 0.120949 -0.980856 -0.152617 -0.000822164 -6.14749e-08 0 0 0
3782 2304 0.361869 0.103996 -0.92641 -0.0238616 -1.60635e-06 0 0 0
4845 966 -0.0369716 0.95524 0.293511 -0.00433049 -3.17574e-07 0 0 0
4743 2553 0.810508 0.0241209 0.585231 -0.00590456 -5.54966e-07 0 0 0
2750 1167 0.379933 -0.921508 0.0804584 -0.0020168 -1.63128e-07 0 0 0
1280 4994 0.420493 -0.8529 0.30943 -0.00835366 -6.55092e-07 0 0 0
3828 2905 0.20367 -0.548763 0.810788 -0.00419168 -3.56521e-07 0 0 0
765 2863 0.970796 -0.228036 0.074532 -0.00420088 -3.0057e-07 0 0 0
2276 980 0.709651 0.297387 -0.638714 -0.0157449 -1.09669e-06 0 0 0
4205 5354 0.221214 -0.159892 -0.962029 -0.0130043 -1.00117e-06 0 0 0
1312 3501 0.162084 0.729502 -0.664496 -0.00634427 -4.04245e-07 0 0 0
2587 199 -0.0554885 -0.738121 0.672383 -0.0113216 -9.18511e-07 0 0 0
1719 1315 0.686057 0.576105 -0.44433 -0.00585712 -4.69206e-07 0 0 0
2830 3383 0.4416 -0.461153 -0.769628 -0.022546 -1.91205e-06 0 0 0
2549 2568 0.274495 0.721795 0.635346 -0.0183022 -1.48806e-06 0 0 0
249 814 0.243458 -0.166475 0.955518 -0.0241233 -1.41764e-06 0 0 0
5065 1896 0.413474 0.800592 0.433694 -0.00852651 -5.99915e-07 0 0 0
1480 173 0.409627 -0.644606 0.645514 -0.0193624 -1.72451e-06 0 0 0
2580 3686 0.555255 -0.410617 0.723247 -0.0258922 -1.90592e-06 0 0 1
181 2262 -0.329892 -0.829318 -0.451002 -0.011709 -9.65358e-07 0 0 0
3916 5334 0.901464 -0.183924 -0.391835 -0.000749959 -5.13937e-08 0 0 0
2679 2937 0.289657 0.530341 -0.796767 -0.00106595 -7.73966e-08 0 0 0
3460 4128 0.0377307 -0.756122 0.653342 -0.00804421 -5.00304e-07 0 0 0
1423 1182 0.17412 -0.678712 -0.713465 -0.0360071 -2.78488e-06 0 0 0
3428 4689 0.944455 -0.20311 0.258362 -0.00340888 -3.19093e-07 0 1 0
3301 4343 0.719138 -0.0853368 0.689607 -0.0169499 -1.38782e-06 0 0 0
4994 4580 0.489338 0.761291 -0.425424 -0.0145651 -8.58085e-07 0 0 0
4986 669 0.821207 -0.53697 0.193087 -0.0130929 -1.07912e-06 0 0 0
3857 2827 0.304089 -0.826266 -0.474146 -0.0121568 -8.08615e-07 0 0 0
1144 3864 0.563257 -0.382141 -0.732605 -0.0107266 -7.66784e-07 0 0 0
2744 2276 0.516188 -0.57209 0.637388 -0.00175768 -1.17422e-07 0 0 0
5200 4300 0.647316 0.658493 -0.383886 -0.000799895 -6.10445e-08 0 0 0
4258 1269 0.240332 -0.408624 -0.880492 -0.0165198 -1.24513e-06 0 -1 0
1994 2360 0.29924 0.832046 0.467071 -0.0057921 -3.92175e-07 0 0 0
1973 3821 0.482418 0.852843 -0.19983 -0.00483614 -3.83592e-07 0 0 0
519 417 0.467248 0.870079 0.156977 -0.00782409 -7.06709e-07 0 0 0
3074 2353 0.768946 -0.473295 0.429784 -0.0108715 -6.64649e-07 0 0 0
4455 3860 0.624227 0.545591 0.55917 -0.0100888 -5.58741e-07 0 0 0
3228 2229 0.120618 0.847147 0.517488 -0.0218334 -1.36119e-06 0 0 0
3577 3313 0.985266 -0.0656337 -0.157931 -0.00475212 -3.6986e-07 0 0 0
555 2266 -0.990295 0.126914 -0.0566399 -0.00762559 -6.16413e-07 0 0 0
127 2661 0.722577 -0.557433 0.408842 -0.00236908 -1.63161e-07 0 0 0
5281 2317 0.787886 0.148478 0.597654 -0.00981106 -8.34513e-07 0 0 0
5296 5196 0.517258 0.853543 -0.0625223 -0.0050944 -3.84822e-07 0 0 0
1248 563 0.749379 -0.578796 -0.3216 -0.00039742 -3.1495e-08 0 0 0
3311 1832 0.541625 0.44229 -0.714858 -0.0150558 -8.91605e-07 0 0 0
1307 5383 0.0188287 -0.480171 0.876973 -0.0086229 -6.85718e-07 0 0 0
5422 836 -0.368773 0.446255 -0.815391 -0.000288112 -2.05258e-08 0 0 0
1846 3446 0.555145 -0.605885 0.56984 -0.00587151 -4.63635e-07 0 0 0
956 4148 0.896547 0.428543 -0.112047 -0.0138217 -8.85908e-07 0 0 0
2617 4078 0.477406 0.137731 0.867821 -0.0236495 -1.92981e-06 0 0 1
1571 5223 0.627172 0.749597 -0.211565 -0.00371077 -2.45714e-07 0 0 0
2710 673 0.614266 -0.788845 0.0200255 -0.00312357 -2.62586e-07 0 0 0
4552 588 0.749319 -0.475989 0.460386 -0.00968622 -6.43321e-07 0 0 0
3425 194 0.629425 0.44192 0.639164 -0.0197611 -1.24201e-06 0 0 0
5327 4221 0.652657 0.171946 0.737884 -0.0052782 -4.18233e-07 0 0 0
3657 880 0.340905 0.404604 0.848575 -0.00572897 -5.08288e-07 0 0 0
4986 558 0.733569 0.666828 -0.131214 -0.00855193 -6.93831e-07 0 0 0
3484 1745 0.260892 0.407736 -0.875035 -0.00635541 -3.56902e-07 0 0 0
2653 4525 0.468 0.794143 -0.387701 -0.0115626 -8.44909e-07 0 0 0
5393 4650 0.868697 -0.457424 -0.190077 -0.014637 -1.18028e-06 0 0 0
2794 1616 0.566005 -0.236294 -0.789812 -0.0166178 -1.37465e-06 0 0 0
451 1032 0.284002 -0.647506 0.707163 -0.0147716 -1.25121e-06 0 0 0
2448 2054 0.926282 0.376483 0.0162061 -0.017203 -1.23299e-06 0 0 0
4689 3228 0.720733 0.516153 0.462742 -0.0207477 -1.81274e-06 0 0 0
2448 2020 -0.0803897 -0.11111 0.990551 -0.0538169 -4.9128e-06 0 0 0
826 510 0.194724 0.74661 0.636125 -0.00239924 -1.95179e-07 0 0 0
1375 513 0.66019 -0.718787 -0.217932 -0.0214744 -1.70471e-06 0 0 0
4000 2020 0.234518 -0.321423 -0.917436 -0.0444266 -4.06816e-06 0 0 0
5415 1280 0.675622 -0.353931 0.646736 -0.0103403 -7.13673e-07 0 0 0
5415 312 0.304616 0.51793 0.799349 -0.0121173 -1.02824e-06 0 0 0
3059 1551 0.0964898 0.516963 0.850552 -0.0488339 -4.03248e-06 0 0 0
3059 579 0.206517 0.157933 -0.965613 -0.0510205 -3.92206e-06 0 0 0
1415 2666 0.310599 -0.317492 0.89595 -0.0344468 -3.07437e-06 0 0 0
4603 266 0.818352 -0.405652 0.40712 -0.00763013 -6.51424e-07 0 0 0
2795 3849 0.89836 0.133194 0.418579 -0.00740958 -4.70462e-07 0 0 0
4053 259 0.0973706 -0.474923 0.874624 -0.0183362 -1.4454e-06 0 0 0
4482 2985 0.241555 0.798126 -0.551947 -0.00721628 -5.91188e-07 0 1 0
3560 208 0.283381 0.164163 0.944852 -0.0203874 -1.64463e-06 0 0 0
2991 1549 0.0704661 0.433943 -0.89818 -0.0204233 -1.78803e-06 0 0 0
3077 3670 -0.406642 -0.315467 -0.857393 -0.000648697 -4.93137e-08 0 0 0
3386 3018 0.632247 0.245214 0.734938 -0.0139916 -7.65062e-07 0 0 1
2621 645 0.10702 0.300432 -0.94778 -0.0169239 -9.33683e-07 0 0 0
4330 3184 0.760322 -0.646106 -0.0667605 -0.0015819 -1.25785e-07 0 0 0
5309 1961 -0.127295 0.187517 0.973978 -0.00752122 -6.24528e-07 0 0 0
3386 5467 0.183243 0.46758 -0.864749 -0.00960072 -7.3557e-07 0 0 0
5385 1955 0.749443 -0.0427817 -0.660685 -0.00306637 -2.15546e-07 0 0 0
5309 3902 0.748439 -0.602142 -0.277964 -0.00832569 -6.05514e-07 0 0 0
729 1414 0.831456 -0.145185 0.536285 -0.0114034 -7.29467e-07 0 0 0
4845 5031 0.73052 0.000701181 0.682891 -0.00715007 -5.27742e-07 0 0 0
1153 2602 0.876393 -0.310429 0.368198 -0.0139332 -8.33439e-07 0 -1 0
1598 3286 0.349738 0.513313 0.783705 -0.00748533 -4.33485e-07 0 0 0
1153 4972 0.195312 -0.357169 -0.913391 -0.0146312 -8.6792e-07 0 0 0
1973 2466 0.972197 -0.00554524 0.234099 -0.00896676 -6.93019e-07 0 0 0
3094 1128 0.627725 0.602874 -0.492447 -0.00336224 -2.95967e-07 0 0 0
3183 2097 0.355374 -0.610166 -0.708101 -0.0171153 -9.40382e-07 0 0 0
79 873 0.801253 -0.283692 0.526794 -0.0033647 -2.57568e-07 0 0 0
1670 1734 0.0965787 -0.073705 0.992593 -0.0198896 -1.34638e-06 0 0 0
3944 1813 0.885004 -0.381345 0.267104 -0.00811756 -5.16837e-07 0 0 0
4727 978 0.134803 0.848367 0.511958 -0.00110179 -9.72036e-08 0 0 0
3958 3546 0.467266 0.641968 -0.607898 -0.00286483 -2.07216e-07 0 0 0
4830 3334 0.604162 -0.462419 -0.648967 -0.00674589 -4.50874e-07 0 0 0
4830 3512 0.246832 0.353241 0.902383 -0.0210552 -1.24318e-06 0 0 0
132 1387 0.568354 -0.691591 0.445731 -0.00161639 -1.38231e-07 0 0 0
440 3796 -0.0877925 -0.64942 0.755345 -0.00958392 -7.78278e-07 0 0 0
1276 5168 0.116364 0.35084 -0.929177 -0.0264475 -2.03247e-06 0 0 0
5348 583 0.80426 -0.567179 -0.17741 -0.000532374 -3.47975e-08 0 0 0
2278 1146 0.112746 -0.790156 -0.602446 -0.0145251 -1.18678e-06 0 -1 0
4112 4498 -0.0228827 0.916764 0.398774 -0.0130679 -9.49831e-07 0 0 0
2968 660 0.494801 -0.277204 0.823608 -0.0160357 -1.07628e-06 0 0 0
14 2645 0.394944 -0.66082 0.638229 -0.00523751 -3.34036e-07 0 0 1
14 2231 0.388268 -0.0538754 -0.91997 -0.0607462 -4.07072e-06 0 0 0
1220 2241 -0.583531 -0.0176592 -0.811899 -0.00816292 -5.93981e-07 0 0 0
3582 2719 0.454597 0.837565 -0.30303 -0.00200556 -1.68198e-07 0 0 0
1090 3070 0.619513 -0.344887 0.705164 -0.000553142 -3.7564e-08 0 0 0
3034 2906 0.409519 -0.766433 -0.494848 -0.0132289 -1.02584e-06 0 0 0
2905 3420 0.870629 0.115924 0.478086 -0.00750904 -5.31367e-07 0 0 1
2262 2047 0.748188 -0.663444 0.0074985 -0.0098128 -6.24598e-07 0 0 0
1349 280 0.680441 -0.0497832 0.73111 -0.00704181 -6.32018e-07 0 0 0
5392 2163 0.45686 -0.677328 -0.576633 -0.0174965 -1.35284e-06 0 0 0
296 3482 0.608794 -0.293101 0.737198 -0.01655 -1.19637e-06 0 0 0
4761 314 0.75677 -0.458152 -0.466257 -0.0185622 -1.25749e-06 0 0 0
4761 271 0.179863 0.849171 -0.496546 -0.00258177 -1.72325e-07 0 0 0
747 1254 -0.0814064 0.564114 -0.821674 -0.000941346 -6.46118e-08 0 0 0
4372 3946 0.109473 0.993757 -0.0215164 -0.00825801 -6.42099e-07 0 0 0
126 2056 0.308076 -0.205469 -0.928909 -0.0215937 -1.89717e-06 0 0 0
1203 1380 0.208844 -0.712846 0.669503 -0.00477151 -3.21909e-07 0 0 0
209 1415 0.732636 -0.0764768 0.67631 -0.0259099 -1.99886e-06 0 0 0
209 5393 0.0789622 -0.990016 -0.116762 -0.0198541 -1.43829e-06 0 0 0
3431 383 0.285339 -0.722734 0.629474 -0.00301026 -2.60883e-07 0 0 0
3552 1239 0.251485 -0.834976 0.489459 -0.0110442 -8.88972e-07 0 0 0
2364 176 0.62847 -0.0801953 -0.773689 -0.00764494 -5.91602e-07 0 0 0
1881 1683 0.384693 0.831409 0.400961 -0.00897265 -6.07653e-07 0 0 0
1779 2420 0.0420602 -0.571215 0.819722 -0.0131982 -1.18206e-06 0 0 0
2957 4573 -0.0937663 0.654208 0.75048 -0.0056593 -4.37251e-07 0 0 0
3138 3252 0.659019 0.0424194 0.750929 -0.00242312 -1.62295e-07 0 0 0
365 2562 0.789942 -0.129674 0.599314 -0.0129571 -8.03073e-07 0 0 0
1058 3999 0.739417 -0.262696 -0.619882 -0.0163849 -1.14442e-06 0 0 0
1058 4192 0.238324 -0.216606 0.946723 -0.0157614 -1.21564e-06 0 0 0
5518 3535 0.712037 -0.0815475 -0.697391 -0.00243924 -2.05516e-07 0 0 0
1086 2231 0.482662 0.867545 -0.120014 -0.000314128 -2.53219e-08 0 1 0
4361 3541 0.755166 0.524189 0.393637 -0.0051185 -4.15434e-07 0 0 0
1337 95 0.155927 -0.253327 -0.954732 -0.00249548 -1.63839e-07 0 0 0
2566 1402 0.524428 -0.575828 -0.627214 -0.00375244 -2.91872e-07 0 0 0
2485 3954 -0.18315 -0.901144 0.392931 -0.000907445 -5.1831e-08 0 0 0
5443 2512 0.580841 0.672446 0.458738 -0.0104101 -7.49751e-07 0 0 0
1418 1023 0.142619 0.412588 0.899684 -0.0130218 -8.80388e-07 0 0 0
1795 4771 -0.253479 0.0295238 -0.96689 -0.0072832 -5.16298e-07 0 0 0
1938 4713 0.193045 0.929166 0.315252 -0.00227782 -1.91145e-07 0 0 0
1312 5128 0.804851 -0.316998 -0.501725 -0.00817373 -5.35659e-07 0 0 0
810 174 0.883868 -0.449223 -0.130291 -0.0016012 -1.27656e-07 0 0 0
1651 4830 0.238601 0.116573 0.964096 -0.0182871 -1.55472e-06 0 0 0
551 5121 0.477235 -0.834301 -0.276022 -0.0020495 -1.45089e-07 0 0 0
784 1679 0.677422 0.603156 0.421073 -0.00726656 -4.63976e-07 0 1 0
554 898 0.501847 0.567997 -0.652325 -0.0136801 -1.01707e-06 0 0 0
435 4999 -0.0954915 0.190079 -0.977114 -0.0186913 -1.45712e-06 0 0 0
3419 238 0.618087 -0.49489 -0.61078 -0.0099237 -8.62919e-07 0 0 0
1380 1597 0.775907 0.160341 0.610131 -0.00369669 -2.2603e-07 0 0 0
1914 1313 0.994117 0.0330641 0.103138 -0.00963325 -7.4273e-07 0 0 0
1551 794 -0.0511323 0.141133 0.988669 -0.00739071 -7.27745e-07 0 0 0
1380 2515 0.237571 -0.241167 -0.940956 -0.0169041 -1.04663e-06 0 0 0
2700 3775 0.553021 -0.766658 0.326195 -0.0177211 -1.21536e-06 0 0 0
4644 1254 0.0290134 -0.425237 -0.904617 -0.00622795 -4.64518e-07 0 0 0
1551 3595 0.784089 -0.408096 0.467612 -0.0134884 -1.09475e-06 0 0 0
365 1375 0.400485 0.888792 -0.222847 -0.014999 -1.19589e-06 0 0 0
314 2337 -0.0887784 -0.373878 -0.923219 -0.0209082 -1.30439e-06 0 0 0
4568 3973 -0.1144 -0.546319 0.829728 -0.0115432 -9.03144e-07 0 0 0
4964 2402 0.428578 -0.736366 -0.523531 -0.02043 -1.56759e-06 0 0 0
3746 1418 0.657199 0.242055 -0.713792 -0.0380997 -2.67422e-06 0 0 0
3746 4000 -0.0204722 -0.841859 -0.539309 -0.0166476 -1.02916e-06 0 0 0
814 4167 0.0697397 0.603141 0.79458 -0.00756971 -4.73888e-07 0 0 0
5326 4586 0.850855 -0.466349 0.242001 -0.00441133 -3.25243e-07 0 0 0
2753 667 0.172975 -0.890009 -0.421857 -0.0114784 -8.35526e-07 0 0 0
33 3300 0.173618 -0.647912 0.741665 -0.0103129 -7.89957e-07 0 0 0
3752 3815 0.246828 0.398983 -0.883113 -0.0113223 -1.01538e-06 0 0 0
934 1740 0.622188 0.450178 0.640486 -0.00873972 -6.64991e-07 0 0 0
3025 3858 0.754383 0.23499 0.612933 -0.00359153 -2.80975e-07 0 0 0
3981 5124 0.460102 -0.730456 0.504718 -0.00421852 -3.13829e-07 0 0 0
1565 595 0.217612 0.838652 -0.499307 -0.0142968 -1.09178e-06 0 0 0
4314 1203 0.608144 0.187078 -0.771468 -0.0155882 -1.29209e-06 0 0 0
1789 2465 0.270114 0.152003 -0.950754 -0.0226626 -1.76889e-06 0 0 0
4734 3487 0.517878 -0.500684 0.693627 -0.00318652 -2.41359e-07 0 0 0
2859 1961 -0.197104 -0.338657 -0.920033 -0.00735844 -5.66892e-07 0 0 0
3590 3851 0.158927 0.402259 -0.901626 -0.0153945 -1.32401e-06 0 0 -1
2918 831 -0.192548 -0.469618 -0.861617 -0.0161736 -1.09964e-06 0 0 0
3452 1307 0.189633 -0.671841 -0.716009 -0.0054718 -3.75243e-07 0 0 0
1004 5086 0.726232 0.540274 -0.425077 -0.00240103 -1.794e-07 0 0 0
238 2284 0.722664 -0.691172 -0.00613063 -0.0180191 -1.46052e-06 0 0 0
3813 956 0.492672 0.099066 0.864558 -0.0185253 -1.20641e-06 0 0 0
3673 183 0.231064 -0.970163 0.0734334 -0.00517471 -3.47838e-07 0 0 0
92 56 0.967234 0.248032 -0.0542073 -0.00231668 -1.46153e-07 0 0 0
184 3887 0.0997641 -0.692788 -0.714207 -0.0115387 -9.0036e-07 0 0 0
1789 2370 0.381024 -0.44795 0.808802 -0.0147791 -1.137e-06 0 0 0
5075 32 0.261203 -0.680115 0.684994 -0.0154866 -1.29327e-06 0 0 0
4380 1280 0.652924 0.734576 0.184633 -0.0098999 -6.96917e-07 0 0 0
745 2661 0.821412 -0.312761 -0.476931 -0.00760848 -6.07585e-07 0 0 0
861 1363 0.540464 -0.786256 0.299498 -0.0012278 -9.14671e-08 0 0 0
3620 5018 0.566096 -0.0129484 -0.824237 -0.00279989 -2.0428e-07 0 0 0
2403 4752 0.906911 -0.142954 -0.396328 -0.0215871 -1.61839e-06 0 0 0
2727 4544 0.70822 0.52933 0.467155 -0.0149968 -9.59793e-07 0 0 0
2362 1062 0.00791161 0.192441 0.981277 -0.0142322 -1.35173e-06 0 0 0
2727 2255 0.0748514 -0.640693 0.76414 -0.0172325 -1.45588e-06 0 0 0
811 1970 0.0784577 0.986674 0.142542 -0.00204539 -1.46486e-07 0 0 0
2370 983 0.584157 -0.795891 -0.159116 -0.00806962 -6.5753e-07 0 0 0
4836 5176 0.866548 0.105572 0.487801 -0.00659107 -5.44385e-07 0 0 0
3872 2189 0.966007 -0.0137206 -0.258153 -0.0182004 -1.53178e-06 0 0 0
1163 2018 0.58317 -0.103328 -0.805752 -0.00434322 -4.16513e-07 0 0 0
11 3971 0.931733 0.171473 0.320109 -0.0142908 -1.22468e-06 0 0 0
1353 5232 0.429532 -0.241889 -0.870053 -0.0304052 -2.41584e-06 0 0 0
163 2809 0.642942 -0.170134 -0.74678 -0.000340522 -3.03022e-08 0 0 0
3669 3893 -0.966058 0.255842 -0.035732 -0.00110577 -8.63793e-08 0 0 0
3446 4801 0.00332522 -0.998769 -0.0494906 -0.014589 -9.68453e-07 0 0 0
357 1692 0.402886 0.0783165 -0.911893 -0.0195661 -1.4975e-06 0 0 0
1002 4995 0.949788 0.288567 0.120962 -0.00431041 -2.7132e-07 0 0 0
1770 2249 0.139905 -0.178193 -0.973999 -0.0319722 -2.04556e-06 0 0 0
1046 2645 0.734768 0.216465 -0.642852 -0.0188108 -1.47294e-06 0 1 0
1046 784 0.265673 -0.241936 0.933212 -0.015098 -1.19839e-06 0 0 0
5329 5348 0.499145 0.294278 -0.815018 -0.017751 -1.39366e-06 0 0 0
4175 803 -0.945149 -0.10021 0.310887 -0.00938232 -8.31e-07 0 0 0
2592 4107 -0.178357 -0.819806 0.544157 -0.013793 -8.16197e-07 0 0 0
4443 126 0.369978 -0.0281652 -0.928613 -0.0222713 -1.89759e-06 0 0 0
667 3008 0.541604 -0.55043 -0.635368 -0.0150157 -1.00564e-06 0 0 0
5329 1651 -0.00394292 0.639173 0.769053 -0.0207731 -1.55254e-06 0 0 1
2247 5033 0.439508 0.368793 -0.819039 -0.013557 -1.16309e-06 0 0 0
920 1059 0.340657 0.813469 0.471403 -0.0137751 -9.69073e-07 0 0 0
2247 1621 0.843942 0.394659 0.363328 -0.00832275 -5.41269e-07 0 0 0
3687 2039 0.0817915 0.574093 -0.814695 -0.0132638 -1.00073e-06 0 0 0
1933 3011 0.694782 0.320559 0.643833 -0.00416101 -3.16626e-07 0 0 0
4481 3746 0.806002 -0.543189 -0.235174 -0.0177544 -1.22469e-06 0 0 0
2963 32 0.83527 0.547516 0.0504994 -0.00817743 -6.39764e-07 0 0 0
2740 4321 0.154319 -0.965779 0.208461 -0.00160165 -1.37139e-07 0 0 0
1603 1830 0.230868 0.114326 0.966245 -0.0117752 -7.91079e-07 0 0 0
248 4112 0.605334 0.00896141 -0.795921 -0.00816105 -4.78497e-07 0 0 0
964 4062 0.889522 -0.0357239 0.455493 -0.00644677 -5.64223e-07 0 0 0
4805 4345 0.80797 0.537165 0.242153 -2.21713e-06 -1.69894e-10 0 1 0
3813 993 0.541796 0.824103 0.165261 -0.0132954 -8.81538e-07 0 0 0
252 3845 0.0637886 -0.558439 0.827089 -0.020498 -1.57728e-06 0 0 0
2561 5520 0.754411 0.362544 0.547198 -0.0110512 -8.17532e-07 0 0 0
252 4632 0.665053 0.630917 -0.39956 -0.0130223 -9.95389e-07 0 0 0
3096 2514 0.627408 0.345601 0.697796 -0.0102181 -9.38073e-07 0 0 0
1679 3342 0.29712 -0.686079 -0.66409 -0.00214602 -1.29063e-07 0 -1 0
2189 1699 0.58165 -0.510733 -0.633115 -0.0171055 -1.19005e-06 0 0 0
4355 233 0.856736 0.0154089 -0.515524 -0.00885289 -6.83324e-07 0 0 0
3378 3107 0.155463 -0.77727 -0.609658 -0.0155047 -1.26665e-06 0 0 0
5096 5449 0.744706 -0.653384 0.136027 -0.0115276 -9.26063e-07 0 0 0
3141 1287 -0.00898755 0.288377 0.957475 -0.0226431 -1.93662e-06 0 0 0
3637 2535 0.323643 0.778922 0.537155 -0.00623802 -4.17285e-07 0 0 0
2099 219 -0.280274 0.121526 -0.952196 -0.0248176 -1.78776e-06 0 0 -1
2 635 0.528901 -0.00447596 0.848672 -0.00817055 -6.69089e-07 0 0 0
34 2418 0.419444 -0.553045 -0.719867 -2.62041e-05 -1.96052e-09 0 0 0
3305 283 0.507893 0.506843 0.69653 -0.0163327 -1.5169e-06 0 0 0
303 4772 0.200608 0.655219 0.728316 -0.00193769 -1.42855e-07 0 0 0
1510 5133 -0.150176 0.789983 -0.594453 -0.00263514 -1.77219e-07 0 0 0
35 2963 -0.079343 -0.400195 -0.912989 -0.01231 -9.56448e-07 0 0 0
3089 1422 0.446365 -0.464373 0.764929 -0.00432285 -2.63579e-07 0 0 0
1266 5408 0.352705 -0.22275 -0.908835 -0.00956848 -6.9436e-07 0 0 0
2178 2154 0.827382 -0.442132 0.34635 -0.000833004 -6.97767e-08 0 0 0
3625 3301 0.712802 0.59211 -0.375923 -0.00515866 -3.9676e-07 0 0 0
448 4631 -0.334513 0.156769 -0.92926 -0.0127691 -9.86862e-07 0 0 0
2821 2412 0.0759281 0.758542 -0.647186 -0.0181545 -1.39216e-06 0 0 0
961 1216 0.0738828 -0.945786 -0.316275 -0.00384207 -2.30507e-07 0 0 0
2821 1779 0.229317 0.584171 0.778561 -0.000909136 -7.4868e-08 0 0 0
4739 288 -0.324428 0.633865 -0.702112 -0.000984864 -7.87081e-08 0 0 0
1765 832 0.444366 -0.483641 0.754075 -0.0197559 -1.55314e-06 0 0 0
1765 138 0.832197 -0.131371 -0.538693 -0.0202294 -1.81172e-06 0 0 0
1058 451 0.821576 0.395016 0.411065 -0.00754469 -5.08074e-07 0 0 0
2498 5406 -0.137333 0.235974 -0.962006 -0.0162527 -1.17101e-06 0 0 0
2286 2574 0.73854 0.611629 -0.283669 -0.00561941 -3.09656e-07 0 0 0
5499 2119 0.589339 0.422649 -0.688511 -0.027006 -2.02932e-06 0 0 0
1352 1880 0.0841031 0.635414 -0.767578 -0.0147258 -1.07207e-06 0 0 0
5499 4668 0.915337 -0.225195 0.333834 -0.00188826 -1.28603e-07 0 0 0
2286 271 0.205076 -0.268853 0.941096 -0.0209276 -1.34879e-06 0 0 0
4995 633 0.540776 0.832906 0.117596 -0.00765371 -4.87181e-07 0 1 0
2772 5162 0.129482 -0.236466 -0.962974 -0.0171571 -9.50116e-07 0 0 0
3323 1305 0.0975033 0.851534 0.515154 -0.0106513 -6.97105e-07 0 0 0
5346 2255 0.965116 -0.00755924 -0.261715 -0.00125209 -9.85578e-08 0 0 0
5099 340 0.56445 -0.190032 -0.803296 -0.00666956 -5.8433e-07 0 0 0
4371 1115 0.154817 -0.41019 -0.898764 -0.00607646 -4.13304e-07 0 0 0
1968 5254 0.927823 -0.135513 0.347534 -0.0120214 -1.03403e-06 0 0 0
3874 4811 0.734325 0.677098 0.0480039 -0.0141903 -1.18054e-06 0 0 0
5097 4303 0.440074 0.860512 -0.25662 -0.013607 -1.09364e-06 0 0 0
5097 209 0.258376 -0.882059 0.393972 -0.0566568 -4.05282e-06 0 0 0
4455 4221 0.614697 -0.760687 0.208575 -0.0158981 -1.34321e-06 0 0 0
806 2372 0.995575 0.0120084 0.0932033 -0.00352586 -2.33912e-07 0 0 0
2270 5480 0.63157 -0.76547 0.123187 -0.00502034 -3.7985e-07 0 -1 0
948 4266 0.374864 0.650666 0.660387 -0.0069672 -4.39642e-07 0 0 0
5394 1664 0.709116 -0.538954 0.454624 -0.00587691 -5.38812e-07 0 0 0
1584 812 0.996262 0.0733298 -0.0456588 -0.00341394 -2.47707e-07 0 0 0
2474 738 0.41852 -0.370925 -0.829009 -0.00174621 -1.49609e-07 0 0 -1
1917 34 0.9469 -0.239485 -0.214537 -0.000239708 -1.9051e-08 0 0 0
965 3446 0.833022 0.453921 0.316277 -0.0050026 -3.27902e-07 0 0 0
4128 1375 0.371077 -0.814773 0.445474 -0.0162071 -1.29011e-06 0 0 0
4762 5053 0.465549 -0.0349011 0.884334 -0.0032239 -2.60796e-07 0 0 0
2559 2950 0.190485 0.747395 -0.636488 -0.0123729 -9.91553e-07 0 0 0
864 1877 0.412214 0.771427 -0.484747 -0.00427279 -3.65709e-07 0 0 0
3300 3768 0.440613 0.604754 0.663425 -0.00359389 -2.74383e-07 0 0 0
3983 1491 0.129657 -0.903659 -0.408154 -0.00242626 -1.98712e-07 0 0 0
3164 5270 0.600365 -0.740419 0.302226 -0.0102978 -6.22777e-07 0 0 0
3141 3034 0.0317825 0.548775 -0.835366 -0.00929619 -8.15522e-07 0 0 0
1076 3179 0.843125 0.336791 -0.419181 -0.0175678 -1.25653e-06 0 0 0
2096 681 0.105437 -0.832868 -0.543335 -0.00689247 -5.485e-07 0 0 0
3161 1281 0.247007 -0.0246871 0.968699 -0.0118978 -1.01508e-06 0 0 0
2661 5121 -0.0174481 0.00598167 0.99983 -0.0105203 -7.14564e-07 0 0 0
4135 3183 0.450102 0.0896385 0.888467 -0.00682879 -4.57838e-07 0 0 0
4151 4028 -0.211427 -0.977365 0.00747192 -0.00206715 -1.57174e-07 0 0 0
4704 2110 0.234787 -0.229472 -0.944573 -0.0122004 -9.78452e-07 0 0 0
604 5456 -0.129385 0.230688 -0.964387 -0.00734761 -5.54391e-07 0 0 0
2680 4990 0.777584 0.321673 -0.540269 -0.00560153 -4.09233e-07 0 0 0
2086 4062 0.789365 0.577118 -0.209373 -0.0281706 -1.74911e-06 0 0 0
4080 873 0.514162 -0.407462 -0.754726 -0.000669448 -5.15194e-08 0 0 0
3699 1221 0.672217 -0.429395 -0.603113 -0.0178899 -1.42239e-06 0 0 0
5121 1580 0.518272 0.740848 0.427246 -0.00713735 -6.1668e-07 0 0 0
896 5255 0.301743 -0.758967 -0.576993 -0.00872449 -7.94e-07 1 0 0
3403 3612 0.389855 0.524491 0.756916 -0.0343508 -2.43639e-06 0 0 0
303 3902 0.113836 -0.419192 0.900733 -0.0110774 -8.15749e-07 0 0 1
1864 5019 0.0295936 0.9697 -0.242498 -0.0159787 -1.42013e-06 0 0 0
2671 4544 0.947721 -0.165239 -0.272987 -0.0134424 -1.02293e-06 0 0 0
1248 4512 -0.272542 -0.451734 0.849504 -0.0134239 -1.12465e-06 0 0 0
2745 1216 0.603882 -0.324143 -0.728188 -0.000103528 -8.53999e-09 0 0 0
256 4167 0.177705 0.734276 -0.655179 -0.00831045 -5.22499e-07 0 0 0
4586 2048 0.594946 -0.700015 -0.394991 -0.000433952 -3.58627e-08 0 0 0
256 3493 0.711277 -0.642755 0.284521 -0.0194448 -1.11032e-06 0 0 0
1814 3820 -0.0264882 -0.9393 -0.342074 -0.0212795 -1.77891e-06 0 0 0
2429 805 0.376333 0.454446 -0.807374 -0.00158202 -1.28092e-07 0 0 0
2319 5257 0.0554625 -0.184976 -0.981177 -0.000564944 -4.06071e-08 0 0 0
1197 266 0.48927 0.85202 0.186217 -0.000362252 -2.94475e-08 0 0 0
1898 3724 -0.0180762 0.923343 0.383551 -0.00335498 -3.0779e-07 0 0 0
3928 3220 0.516317 0.00480115 -0.856384 -0.0209084 -1.49687e-06 0 0 0
147 3726 0.664465 -0.717683 -0.208369 -0.00226361 -1.59108e-07 0 0 0
1665 1654 0.450284 -0.435677 0.779378 -0.0229596 -1.97047e-06 0 0 0
2986 4855 0.387472 0.747775 -0.539164 -0.00271674 -1.87116e-07 0 0 0
4793 3857 0.712194 -0.398915 -0.577621 -0.00562316 -4.48673e-07 0 0 0
1410 2063 0.77168 0.63601 -0.00115852 -0.00241055 -1.87204e-07 1 0 0
249 2212 0.768436 -0.335767 -0.544763 -0.00981339 -6.34546e-07 0 0 0
4431 1537 0.653375 -0.398542 0.643634 -0.00746153 -5.70838e-07 0 0 0
2289 330 0.606971 -0.7874 0.107646 -0.00317565 -2.14344e-07 0 0 0
5054 1919 0.78889 0.544827 -0.284282 -0.00654184 -5.28558e-07 0 0 0
3943 831 0.442335 -0.882588 0.159307 -0.0270967 -1.67708e-06 0 0 0
1679 4899 0.657135 0.750472 -0.0704645 -0.00754954 -6.49408e-07 0 0 0
3943 2255 0.181818 0.172842 -0.968023 -0.0242177 -2.17585e-06 0 0 -1
1203 443 0.86841 0.0146955 -0.495629 -0.0306276 -2.03228e-06 0 0 0
1203 2447 0.0170729 0.659733 0.751306 -0.0183215 -1.40213e-06 0 0 0
5215 2058 0.866383 0.34185 -0.364033 -0.00694255 -4.98154e-07 0 0 -1
3114 4431 0.487035 -0.781321 0.3903 -0.00574537 -4.48072e-07 0 0 0
1130 3138 0.253243 -0.403472 0.879249 -0.000620741 -3.91916e-08 0 0 0
1130 720 0.100189 -0.807291 -0.581586 -0.00635348 -5.14065e-07 0 0 0
1130 2615 0.663988 0.672483 -0.326934 -0.011033 -6.78734e-07 0 0 0
5215 5014 0.807448 -0.28314 0.517551 -0.0180643 -1.22578e-06 0 0 0
339 3475 0.530598 0.417911 -0.737439 -0.021965 -1.49092e-06 0 0 0
2913 2593 0.263755 0.0672503 -0.962243 -0.0278703 -1.889e-06 0 0 0
667 491 0.0522174 -0.293954 0.954392 -0.0223324 -1.90359e-06 0 0 0
2039 2906 0.63958 0.552867 -0.534112 -0.0108797 -7.6861e-07 0 0 0
2913 4962 0.751014 0.524944 0.400515 -0.00442895 -3.42818e-07 0 0 0
2039 3141 0.183616 0.614385 0.767343 -0.0156959 -1.25176e-06 0 0 0
4411 92 -0.203139 -0.0501531 -0.977865 -0.0149457 -1.32092e-06 1 0 0
1307 1473 0.109408 -0.979015 0.17193 -0.00228124 -2.07491e-07 0 -1 0
948 1978 0.134449 -0.338348 0.931367 -0.00148759 -1.16508e-07 0 0 0
2827 1461 0.947501 -0.319747 0.00205359 -0.00517164 -3.16548e-07 0 0 0
4119 3683 0.976577 -0.0417202 -0.211085 -0.00175507 -1.07818e-07 0 0 0
613 47 0.365629 -0.324495 -0.872364 -0.0139606 -9.99451e-07 0 0 0
2185 2981 0.264421 -0.0748369 -0.961499 -0.0234827 -1.69599e-06 0 0 0
4976 2362 0.285307 -0.220466 0.932735 -0.00411992 -2.9851e-07 0 1 0
1141 3671 0.896307 0.437877 -0.0699796 -0.0134768 -8.4691e-07 0 0 0
2014 2472 0.841976 0.538772 -0.0283031 -0.0033487 -2.33522e-07 0 0 0
2013 1379 0.917633 -0.0346702 -0.395915 -0.0048347 -3.94528e-07 0 0 0
2714 3872 0.736785 0.672746 -0.0675398 -0.0154673 -1.26428e-06 0 0 0
3726 2628 0.872834 -0.233466 0.42855 -0.0121767 -8.48224e-07 0 0 0
3626 4569 0.112314 -0.754851 0.646208 -0.000887874 -6.84528e-08 0 0 0
297 4294 0.564497 0.754706 0.334309 -0.00706777 -5.1249e-07 0 0 0
636 314 0.0543361 0.985668 0.159709 -0.0096325 -6.38642e-07 0 0 0
3959 2647 0.263124 0.953344 -0.147989 -0.0030167 -2.76192e-07 0 0 0
4637 326 0.85501 -0.0732695 0.51341 -0.000147712 -1.14592e-08 0 0 0
212 2106 -0.124576 0.0416188 -0.991337 -0.0104111 -8.08614e-07 0 0 0
3932 3353 0.213936 -0.961428 -0.172881 -0.000753872 -5.23119e-08 0 0 0
2555 3396 0.891246 -0.00385689 -0.453503 -0.0234515 -1.91981e-06 0 0 0
99 1586 0.627155 -0.168585 0.760431 -0.0140528 -9.45081e-07 0 0 0
454 2880 0.45746 0.409287 0.789439 -0.0044229 -3.01387e-07 0 1 0
258 914 -0.0589116 -0.572457 -0.817816 -0.00730697 -5.45032e-07 0 0 0
2212 3082 0.674178 0.447578 0.587501 -0.0135332 -8.54194e-07 0 0 0
1825 2198 -0.0237946 0.0245352 -0.999416 -0.00629014 -4.88341e-07 0 0 0
667 4476 0.69511 0.448671 0.561708 -0.0050527 -3.3794e-07 0 0 0
2369 767 0.5871 -0.0835126 -0.805195 -0.00543603 -4.65172e-07 0 0 0
4577 46 0.551604 -0.338303 0.76242 -0.00514453 -3.70908e-07 0 0 0
719 1497 -0.00286936 0.0712813 -0.997452 -0.0191489 -1.45477e-06 0 -1 -1
268 3486 -0.333249 0.246034 -0.910172 -0.00815502 -6.6889e-07 0 0 0
1673 1839 0.0397352 -0.74797 -0.662542 -0.01042 -7.07233e-07 0 0 0
3045 135 0.753524 -0.570782 -0.326205 -0.00750195 -5.00277e-07 0 0 0
5126 2448 0.532037 0.772129 0.347495 -0.0101866 -9.2141e-07 0 0 0
691 4710 0.662583 -0.510274 -0.548273 -0.00192107 -1.64905e-07 0 0 0
303 4923 0.0227817 0.89693 -0.441586 -0.0140706 -9.99178e-07 0 0 0
806 4282 0.348737 -0.603732 0.716861 -0.00564212 -3.50011e-07 0 0 0
691 2647 0.520791 -0.652531 0.550437 -0.00613275 -4.84328e-07 0 0 0
2703 1187 0.784253 0.0431802 -0.618937 -0.0195863 -1.30909e-06 0 0 0
691 784 0.464612 0.841541 0.27558 -0.00511285 -4.60553e-07 0 0 0
1117 1183 -0.091056 0.951658 -0.293352 -0.00426927 -3.37252e-07 0 0 0
1705 1757 0.212776 0.751559 0.624408 -0.00968049 -6.96031e-07 0 0 0
1906 4178 -0.545273 -0.376179 -0.749111 -0.00399808 -3.22326e-07 0 0 0
2768 3252 0.869245 0.00854564 -0.494307 -0.0049129 -3.00154e-07 0 0 0
3084 581 0.400349 -0.341065 0.850527 -0.00611358 -4.26625e-07 0 0 0
1554 4264 -0.00890615 0.994475 0.104595 -0.0126053 -8.53474e-07 0 0 0
5190 4877 0.917018 0.213003 0.337207 -0.00791632 -6.6243e-07 0 0 1
965 4801 0.804962 -0.535148 0.256229 -0.00889033 -5.44223e-07 0 0 0
5190 3819 0.421928 0.886619 -0.189428 -0.0101961 -6.9809e-07 0 0 0
5190 14 0.381217 0.025798 -0.924126 -0.050074 -3.30848e-06 0 0 0
5190 1046 0.116436 -0.929651 0.349559 -0.0198849 -1.53948e-06 0 -1 1
5233 2708 0.668735 -0.615888 0.416504 -0.00771623 -6.89245e-07 0 0 0
387 1437 0.909102 -0.112029 0.401228 -0.0346328 -2.1595e-06 0 0 0
5329 313 0.350813 -0.727166 0.59005 -0.0149624 -1.16737e-06 0 0 1
3552 1922 0.303446 0.0651051 -0.950622 -0.0196375 -1.53898e-06 0 0 0
3845 3549 0.230396 -0.10371 0.967555 -0.0121624 -1.01421e-06 0 0 1
1254 3857 0.614088 0.545912 -0.569979 -0.0046732 -3.10838e-07 0 0 0
3845 1448 0.523948 -0.3752 -0.764659 -0.0138458 -1.11482e-06 0 0 0
3661 2641 0.594329 -0.708011 -0.381436 -0.0050152 -3.8645e-07 0 0 0
4081 1416 0.599132 -0.0880891 -0.79579 -0.0151409 -8.71746e-07 0 0 0
801 541 0.666294 0.701683 -0.252374 -0.00474129 -4.02938e-07 0 0 0
4505 1846 0.476042 -0.839233 -0.262815 -0.006762 -5.03683e-07 0 0 0
4505 933 0.788297 0.483464 0.380593 -0.00873473 -7.61069e-07 0 0 0
95 800 0.402129 0.453156 -0.795576 -0.00236653 -1.89987e-07 0 0 0
1540 5007 0.571846 0.78248 -0.246407 -0.0137188 -1.01186e-06 0 0 0
801 3105 0.412688 -0.88641 0.209681 -0.00705268 -5.12014e-07 0 0 0
1870 208 0.276642 -0.956236 -0.0952954 -0.00490567 -3.95272e-07 0 0 0
1637 746 -0.056247 -0.997832 -0.0341632 -0.0035263 -2.26478e-07 0 0 0
3683 1007 0.480602 0.303638 -0.822694 -0.0320924 -2.02527e-06 0 0 0
1229 1599 0.635463 -0.0563852 0.77007 -0.00643668 -5.76092e-07 0 0 0
1637 94 0.826748 -0.505059 0.247795 -0.0281388 -1.89503e-06 0 0 0
699 3989 0.20961 -0.889881 -0.405186 -0.0134079 -8.87051e-07 0 0 0
1229 987 0.643463 -0.742458 0.18631 -0.00918465 -8.53257e-07 0 0 0
2876 3727 0.554777 0.200057 0.807589 -0.00313542 -2.09939e-07 0 0 0
3718 4218 0.675633 0.388339 0.626668 -0.00623657 -4.94617e-07 0 0 0
2669 1523 0.549941 -0.688966 -0.472113 -0.00227924 -2.11261e-07 0 0 0
3017 3492 -0.928633 -0.11523 0.352651 -0.00520293 -3.57545e-07 0 0 0
3775 3467 0.380875 0.924389 0.0209449 -0.00170203 -1.06164e-07 0 0 0
4954 1209 0.0101992 -0.0606867 -0.998105 -0.0204549 -1.73807e-06 0 0 -1
5335 1905 0.174957 0.000177699 -0.984576 -0.0085482 -5.78074e-07 0 0 0
4865 4567 0.316127 -0.69423 0.646613 -0.0107644 -8.31051e-07 0 0 1
2748 4808 0.856348 0.359501 0.370713 -0.017875 -1.34711e-06 0 0 0
618 3902 0.334287 0.928837 0.159732 -0.0225562 -1.76314e-06 0 0 0
2226 2682 -0.156017 -0.541837 0.825876 -0.00574837 -4.30825e-07 0 0 0
5264 4220 0.734267 0.567787 -0.372115 -0.0118921 -9.76177e-07 0 1 0
1903 4660 0.992333 0.121751 -0.0212623 -0.00544478 -4.22093e-07 0 0 0
99 5500 0.819732 0.303629 -0.485643 -0.00281801 -1.96637e-07 0 0 0
594 933 0.614675 -0.637687 0.464252 -0.0165493 -9.94871e-07 0 -1 0
3141 2391 0.856048 -0.118319 -0.503173 -0.00828818 -6.88919e-07 0 0 0
1709 1229 0.167084 -0.934287 -0.314946 -0.00860824 -5.34084e-07 0 0 0
1801 4282 0.796371 -0.232022 -0.558533 -0.0231179 -1.72126e-06 0 0 0
1801 4330 0.362549 0.85434 0.372373 -0.00932002 -8.04634e-07 0 0 0
3563 387 0.547763 -0.553628 -0.627257 -0.00886472 -4.88953e-07 0 0 0
5239 3396 0.907675 -0.0322432 0.418433 -0.00027006 -2.1876e-08 0 0 0
2022 3849 0.65379 -0.693821 -0.301947 -0.000877068 -6.51229e-08 0 0 0
2328 1022 0.375886 -0.18541 0.907928 -0.00758338 -5.86678e-07 0 0 0
1778 2746 0.710295 0.569801 0.413289 -0.00526483 -3.79551e-07 0 0 0
3796 4894 0.732801 -0.498162 0.463505 -0.0050106 -2.86198e-07 0 0 0
1127 3612 0.48057 -0.808439 0.339823 -0.0265299 -1.99277e-06 0 0 0
2817 1465 -0.0645396 -0.366762 -0.928073 -0.0240342 -2.00854e-06 0 0 0
2704 264 -0.0605796 0.996705 0.0539328 -0.000394229 -3.06832e-08 0 0 0
893 2116 0.309841 -0.595355 -0.741317 -0.0152907 -1.11357e-06 0 0 0
3301 3550 0.74565 0.321345 -0.583733 -0.00943283 -7.3618e-07 0 0 0
4344 2748 0.0548637 0.681704 0.729568 -0.00113744 -7.74061e-08 0 0 0
272 2991 0.998851 0.0467235 0.0106523 -0.0122111 -8.43864e-07 0 0 0
109 5143 0.656223 -0.43275 -0.618142 -0.017088 -1.12172e-06 0 0 0
2233 3096 0.195906 0.310546 0.930152 -0.00755152 -6.49984e-07 0 0 0
2940 1705 0.73619 0.642091 -0.213877 -0.00568645 -3.72169e-07 0 0 0
2101 4410 0.3287 0.717383 -0.614262 -0.0059986 -4.96043e-07 0 0 -1
3243 2837 0.983745 0.0416892 -0.174663 -0.00594305 -3.76021e-07 0 0 0
2582 4351 0.113536 -0.726186 0.678059 -0.0085472 -6.49986e-07 0 0 0
3314 1081 0.886257 -0.0995354 -0.452372 -0.00255349 -1.82806e-07 0 0 0
3127 1248 0.417804 -0.483216 0.769378 -0.00220737 -2.08281e-07 0 0 0
4218 2212 0.600279 0.370197 0.708956 -0.0106184 -6.75799e-07 0 0 0
3329 1219 0.290033 0.610422 -0.737065 -0.0161416 -1.39156e-06 0 0 0
697 2580 0.663412 0.393522 -0.636416 -0.0233624 -1.58726e-06 0 0 -1
697 2448 0.554315 -0.0623046 0.829972 -0.0328493 -2.31307e-06 0 0 0
5393 4185 0.232092 -0.448319 -0.863217 -0.0183176 -1.46907e-06 0 0 0
291 4043 0.621886 0.768872 -0.14864 -0.00425882 -3.04644e-07 0 0 0
3874 980 0.380126 -0.780836 -0.495782 -0.0193764 -1.48517e-06 0 0 0
1005 2119 0.389481 -0.728502 0.56355 -0.0170428 -9.80454e-07 0 0 0
5396 1112 0.348193 0.105947 -0.931416 -0.00138745 -1.05335e-07 0 0 0
1005 4919 0.837232 -0.490276 -0.242221 -0.0343172 -2.78493e-06 0 0 0
3777 2108 0.139011 0.689282 -0.711032 -0.00703924 -5.68025e-07 0 0 0
3990 551 0.623282 -0.46552 -0.62834 -0.00238064 -2.19084e-07 0 0 0
594 4256 0.227632 -0.688495 -0.688592 -0.0181696 -1.54207e-06 0 0 0
594 4697 0.377718 0.255957 0.88984 -0.033716 -1.96762e-06 0 0 0
2925 2344 0.718239 -0.671465 -0.182393 -0.0166375 -1.13048e-06 0 0 0
1215 2932 0.422519 0.674984 -0.604876 -0.00912095 -7.18612e-07 0 0 0
3821 5053 -0.149264 -0.741936 -0.653644 -0.00160572 -1.39732e-07 0 0 0
1873 2206 0.768756 -0.113148 -0.629454 -0.00812362 -5.77624e-07 0 0 0
746 2049 0.618566 -0.307056 -0.723251 -0.0200104 -1.25594e-06 0 0 0
697 1584 0.303631 -0.672662 -0.674785 -0.00108023 -7.39155e-08 0 0 -1
3864 3595 0.578496 0.208367 -0.788623 -0.0078027 -5.54126e-07 0 0 0
1271 725 0.929657 0.278982 0.24064 -0.00841624 -5.4423e-07 0 0 0
4681 4615 0.516482 -0.821206 0.242626 -0.0195791 -1.40193e-06 0 -1 0
1271 3746 0.258421 -0.143665 -0.95529 -0.0370761 -2.25408e-06 0 0 0
1724 3784 0.29228 0.288178 0.91188 -0.0141853 -1.01548e-06 0 0 0
2571 1002 0.468502 0.79478 0.385786 -0.00072922 -6.5362e-08 0 0 0
3168 1037 0.988407 0.0527141 -0.142383 -0.00604908 -4.96937e-07 0 0 0
2249 5033 0.0853758 -0.910615 -0.404341 -0.028894 -2.68886e-06 0 0 0
3283 3408 0.738676 -0.407078 -0.537257 -0.0169059 -1.05249e-06 0 0 0
3326 2762 0.717751 0.522202 0.460584 -0.000785319 -5.8717e-08 0 0 0
3830 4650 0.51479 0.47755 -0.711995 -0.0149706 -1.17848e-06 0 0 0
5014 2746 0.918339 -0.340639 0.201538 -0.0142092 -9.17674e-07 0 0 0
3133 694 0.932935 -0.193937 0.30335 -0.0143178 -1.15912e-06 0 0 0
16 443 0.146687 -0.249513 0.957197 -0.0103763 -7.58765e-07 0 0 0
676 5001 0.919285 0.306071 -0.247456 -0.000564863 -5.341e-08 0 0 0
2213 1240 0.41949 0.775425 -0.471958 -0.0195406 -1.19384e-06 0 0 0
3335 977 0.394491 -0.887781 -0.237112 -0.0148504 -1.02533e-06 0 0 0
579 444 0.690827 0.441634 -0.572466 -0.043385 -2.80716e-06 0 0 0
2863 2878 0.82225 -0.52613 -0.217008 -0.00198845 -1.44083e-07 0 0 0
579 5020 0.968503 -0.134962 0.209253 -0.00261828 -1.65043e-07 0 0 0
2068 2589 0.277691 0.143867 -0.949837 -0.0141495 -1.02912e-06 0 0 0
1530 3833 0.582315 0.213644 -0.784389 -0.010971 -8.02312e-07 0 0 -1
3658 3899 -0.0919719 -0.585251 0.805619 -0.0226921 -1.83208e-06 0 0 0
4398 2526 0.606472 0.772024 0.190186 -0.018099 -1.33615e-06 0 0 0
2360 633 0.490835 -0.21402 0.844557 -0.0107879 -7.99013e-07 0 0 0
2628 5303 0.926876 0.364258 -0.0906479 -0.0142209 -1.02146e-06 0 0 0
2360 442 0.648867 0.442861 -0.618745 -0.00428822 -3.0274e-07 0 0 0
34 16 0.803796 0.495524 0.329192 -0.000982537 -8.51445e-08 0 0 0
5421 5482 -0.126723 -0.988193 0.08611 -0.000311865 -2.36323e-08 0 0 0
110 4299 0.629339 -0.385712 -0.674654 -0.00824438 -5.30481e-07 0 0 0
3161 3673 0.738104 0.6686 0.0904221 -0.00388393 -3.14143e-07 0 0 0
3161 4273 0.481688 -0.538931 -0.691035 -0.0080095 -6.49056e-07 0 0 0
4212 780 0.92842 -0.314851 -0.197243 -0.0185762 -1.3036e-06 0 0 0
1883 804 0.0248104 0.973553 -0.22711 -0.0115548 -8.96193e-07 0 0 0
5462 2757 0.933861 0.212897 0.287364 -0.000675256 -5.21278e-08 0 0 0
2215 4624 0.928423 -0.233856 0.288692 -0.0218986 -1.81713e-06 0 0 0
3393 2267 0.958193 -0.0270278 0.284845 -0.00950041 -6.02529e-07 0 0 0
4792 129 0.965785 -0.255495 -0.0445248 -0.00770466 -5.40519e-07 0 0 1
2106 608 0.700031 -0.495463 -0.514269 -0.00309185 -2.26786e-07 0 0 0
2486 147 0.655178 -0.603576 -0.454353 -0.00554698 -4.24052e-07 0 0 0
2097 5140 0.0741115 -0.846491 -0.527219 -0.0312441 -2.79265e-06 0 0 0
2518 2792 0.486421 0.10682 0.86717 -0.0395979 -3.28345e-06 0 0 0
2518 5069 0.398497 -0.915507 0.0552096 -0.0283976 -2.04707e-06 0 -1 0
2097 4759 0.621204 0.612349 -0.489014 -0.0264358 -1.87029e-06 0 0 0
2097 506 0.95825 -0.184565 0.218388 -0.00811199 -5.16247e-07 0 0 0
3260 4521 0.668802 0.713397 -0.209208 -0.00352549 -2.41443e-07 0 0 0
491 299 0.337282 -0.756684 0.560063 -0.0225119 -2.06436e-06 0 0 1
2873 2015 0.475451 0.318131 -0.820207 -0.00944363 -7.50688e-07 0 0 0
2274 2010 0.257093 -0.758399 0.598945 -0.00706415 -4.66549e-07 0 0 0
2227 3663 0.870272 -0.254543 -0.421705 -0.00266195 -2.50692e-07 0 0 0
1040 4812 0.87379 0.176727 -0.453055 -0.000314755 -2.09831e-08 1 0 0
2652 218 0.595153 -0.0768196 0.799932 -0.0172556 -1.62808e-06 0 0 0
637 2060 0.328313 0.36787 0.86999 -0.0290015 -2.08773e-06 0 0 0
3396 526 0.438818 -0.89646 0.0616379 -0.00780529 -7.20583e-07 0 0 0
2227 4651 0.547695 0.337698 0.7655 -0.017984 -1.20266e-06 0 0 0
2227 3943 0.144288 -0.833833 -0.532826 -0.0194697 -1.09854e-06 0 0 0
3560 4779 0.912536 -0.224969 0.341565 -0.0138811 -9.55441e-07 0 0 0
1382 3513 0.176034 0.621447 -0.763423 -0.0161322 -1.39909e-06 0 0 -1
2357 1530 0.294795 0.338911 0.89344 -0.00991847 -7.79034e-07 0 0 1
4312 1287 0.609328 0.0954083 -0.787158 -0.0183772 -1.49444e-06 0 0 0
3541 4846 0.339276 -0.118082 0.933246 -0.00496778 -3.16156e-07 0 0 0
3087 2544 0.64437 -0.211874 0.734777 -0.00417015 -3.41936e-07 0 0 0
1820 4556 0.968781 -0.247868 -0.0049909 -0.000385462 -3.23641e-08 0 0 0
193 5101 0.00587003 -0.644816 -0.764316 -0.0216975 -1.594e-06 0 0 0
3819 2905 0.740092 -0.617503 -0.266373 -0.00603178 -4.7241e-07 0 0 0
3501 2598 0.63446 0.45493 0.6249 -0.0107972 -9.60098e-07 0 0 0
43 3103 0.986854 0.159778 0.0242859 -0.0102259 -7.56079e-07 0 0 0
1254 4660 0.44404 -0.893339 -0.0690906 -0.00243675 -1.79516e-07 0 0 0
1502 2503 0.812258 -0.0979076 0.575023 -0.00961403 -6.41306e-07 0 0 0
2727 4852 0.664161 -0.0862738 -0.742594 -0.00360704 -3.22378e-07 0 0 0
1620 323 0.204744 -0.111062 0.972494 -0.015395 -9.30851e-07 0 0 0
4598 2093 -0.990243 -0.0436233 -0.132351 -0.00111352 -7.64887e-08 0 0 0
5003 4986 0.159758 -0.815237 0.556655 -0.00318388 -2.52209e-07 0 0 0
4927 2114 0.822191 -0.182572 0.539137 -0.00690458 -5.69044e-07 0 0 0
3234 3971 0.575392 -0.808155 0.12574 -0.00934409 -7.2898e-07 0 0 0
5033 3550 0.49528 -0.589801 -0.637834 -0.0153023 -1.25761e-06 0 0 0
1870 4414 0.283013 0.938961 0.19559 -0.0157506 -1.05115e-06 0 0 0
1563 2248 -0.195898 -0.301631 -0.933082 -0.00936629 -8.14553e-07 0 0 0
804 1870 0.741767 0.259514 0.618413 -0.0323571 -2.37369e-06 0 0 0
1043 2037 -0.0128056 0.942996 0.332558 -0.00789675 -6.42196e-07 0 0 0
4647 5416 0.427881 -0.777259 0.461288 -0.0136508 -1.13533e-06 0 0 0
1909 4149 -0.00673551 0.271149 -0.962514 -0.0147918 -9.6687e-07 0 0 0
1551 2648 0.621407 0.584747 0.521464 -0.0147692 -1.17571e-06 0 0 0
2520 4972 0.641935 0.451154 0.619984 -0.0112357 -7.32076e-07 0 1 0
826 4532 0.717319 -0.179632 0.673191 -0.0275665 -2.04278e-06 0 0 0
2520 516 0.408962 0.459096 -0.788658 -0.00852207 -6.799e-07 0 0 0
2520 2555 0.188781 -0.963773 -0.188423 -0.0126281 -9.65442e-07 0 0 0
3218 3973 0.670787 -0.575288 -0.468069 -0.00516623 -4.06312e-07 0 0 0
3218 3865 0.610051 0.347987 0.711859 -0.015624 -1.26288e-06 0 0 0
3218 1530 -0.0776954 0.662794 -0.74476 -0.00799663 -5.76679e-07 0 0 0
4737 201 0.932892 -0.217416 -0.287128 -0.00366696 -3.05639e-07 0 0 0
3228 2446 0.338449 -0.88562 0.31801 -0.003187 -2.09973e-07 0 -1 0
3857 3311 0.419489 -0.56206 0.712824 -0.00618705 -4.20475e-07 0 0 0
2009 1461 0.111877 0.913635 0.390838 -0.00842824 -6.51074e-07 0 0 1
3535 3051 0.776514 0.629475 0.0280513 -0.00684335 -5.71063e-07 0 0 0
5306 1086 0.485751 0.0311253 -0.873543 -0.000533969 -3.98339e-08 0 0 0
1748 2453 0.326515 0.897867 0.295334 -0.008287 -6.86317e-07 0 0 0
2361 1829 0.678815 0.535043 -0.502931 -0.0162042 -1.30514e-06 0 0 0
4041 5166 0.554121 0.688866 0.467348 -0.0194421 -1.46463e-06 0 0 0
749 2213 0.143234 0.718358 -0.680768 -0.00555718 -3.55958e-07 0 0 0
3428 1511 0.683501 -0.603808 -0.410173 -0.0120852 -1.1268e-06 0 0 0
2631 3039 0.997976 0.0127028 -0.0623174 -0.0106115 -7.80334e-07 0 0 0
3428 1086 0.378106 0.191395 0.905761 -0.000392439 -3.46944e-08 0 0 0
3506 720 -0.106768 -0.271934 0.956375 -0.0219518 -1.87236e-06 0 0 0
1118 4848 -0.0961404 0.807703 -0.581698 -0.00304565 -2.35744e-07 0 0 0
4655 3342 0.700914 0.179676 0.690244 -0.0132581 -1.23261e-06 0 0 0
188 3096 0.476895 -0.265929 -0.837767 -9.81325e-05 -7.98854e-09 0 0 0
1681 1317 0.725697 -0.688013 -0.00132501 -0.0155112 -1.16402e-06 0 0 0
3506 3241 0.542893 0.27525 0.793413 -0.00705746 -5.80431e-07 0 0 0
1681 209 0.321395 0.41506 -0.851135 -0.0405646 -2.82699e-06 0 0 0
3247 857 -0.358463 0.225585 -0.905878 -0.0108026 -7.04531e-07 0 0 0
3464 2490 -0.0281904 0.0161379 -0.999472 -0.0141411 -1.16108e-06 0 0 -1
3727 1310 0.817574 -0.384396 0.428734 -0.00114954 -6.44496e-08 0 0 0
565 633 0.219227 -0.135208 -0.96626 -0.027405 -1.65438e-06 0 0 0
1455 2857 0.0481655 -0.901623 -0.429833 -0.00832703 -5.96041e-07 0 0 0
4894 946 0.509952 0.00641108 -0.860179 -0.010173 -6.34772e-07 0 0 0
2026 5415 0.597575 0.268136 0.75565 -0.014023 -1.01152e-06 0 0 0
2115 898 0.932235 -0.305713 -0.193589 -0.00875068 -4.83879e-07 0 0 0
324 3841 0.0082838 0.309938 -0.950721 -0.000778325 -5.56604e-08 0 0 0
2086 964 -0.0191165 0.699698 -0.714183 -0.0091742 -7.72335e-07 0 0 0
2086 5200 -0.117714 -0.602892 -0.789091 -0.0265295 -1.95182e-06 0 0 0
1708 900 -0.411043 0.459437 -0.787376 -0.0030468 -2.42375e-07 0 0 0
4277 4328 0.9604 0.180058 -0.212628 -0.00106161 -8.60578e-08 0 0 0
2665 1699 0.281115 0.508249 -0.814037 -0.00481285 -3.37034e-07 0 0 0
2086 2822 0.854731 -0.213154 0.473287 -0.0110866 -7.02546e-07 0 0 0
3300 1267 0.309247 -0.430807 0.847804 -0.0174002 -1.41945e-06 0 0 0
3065 3435 -0.11578 -0.0880367 -0.989366 -0.0289204 -2.00693e-06 0 0 0
1934 2348 0.526415 0.0589481 -0.848182 -0.0182784 -1.52272e-06 0 0 0
640 3424 0.650665 0.635078 0.416306 -0.000150219 -1.19277e-08 0 0 0
3880 1071 0.907374 0.0580844 0.416292 -0.000848232 -6.44693e-08 0 0 0
3821 3864 -0.034219 0.821555 -0.569101 -0.00502637 -3.58748e-07 0 0 0
4103 4571 0.689127 0.300183 0.659541 -0.0272717 -2.23018e-06 0 0 0
4882 2039 0.41613 -0.152154 0.896485 -0.0133468 -1.04631e-06 0 0 0
2931 4846 0.439209 0.274097 -0.85555 -0.00451766 -3.12877e-07 0 0 0
4854 3401 0.684113 0.722512 0.099824 -0.00716311 -5.69273e-07 0 0 0
188 4855 0.209132 -0.970468 -0.120233 -0.00646337 -4.43597e-07 0 0 0
4854 745 0.417816 -0.902107 -0.10785 -0.0155422 -1.17641e-06 0 0 0
4309 3485 0.780277 -0.452006 0.432272 -0.000345027 -2.44515e-08 0 0 0
207 5013 0.252834 0.608531 0.752174 -0.0044026 -3.12993e-07 0 0 0
2144 1404 0.0559046 -0.198483 -0.978509 -0.00872513 -6.71371e-07 0 0 0
3687 2557 0.453323 -0.467299 0.759032 -0.0295216 -2.33604e-06 0 0 0
3425 1665 0.156952 -0.9577 -0.241198 -0.00118382 -7.42843e-08 0 0 0
2728 3310 -0.15888 -0.924845 0.34557 -0.00221612 -1.76762e-07 0 0 0
1621 2096 0.646451 -0.746393 0.158111 -0.000164612 -1.09429e-08 0 0 0
1449 4804 0.891719 -0.0416128 -0.450672 -0.00513105 -4.52675e-07 0 0 0
3500 4703 0.459506 -0.516862 0.722293 -0.01172 -8.03751e-07 0 0 0
2559 3528 0.401646 -0.780185 0.479574 -0.00927477 -6.69319e-07 0 0 0
2700 3174 0.21089 0.0290139 -0.977079 -0.0324664 -2.57933e-06 0 0 0
1045 541 0.824749 -0.565387 0.0112795 -0.0287448 -2.48098e-06 0 0 0
4825 4167 0.248828 -0.339341 0.907156 -0.00554706 -4.58925e-07 0 0 0
4825 4444 0.546044 0.0976773 -0.832043 -0.00714472 -6.13975e-07 0 0 0
1045 5031 0.418509 0.0446214 -0.907116 -0.0106358 -8.97739e-07 0 0 0
4107 4843 0.442989 -0.721312 0.532419 -0.0274788 -2.4632e-06 0 0 0
4682 5097 0.12004 -0.226595 0.966564 -0.0601069 -4.48358e-06 0 0 0
4682 3699 0.199271 0.478808 -0.855005 -0.054084 -3.56646e-06 0 0 0
1008 1046 0.528117 0.842755 0.104197 -0.0246643 -1.84636e-06 0 0 0
1008 691 0.338022 -0.339822 0.877646 -0.0082969 -6.701e-07 0 0 0
1825 2903 0.260921 -0.843801 -0.468956 -0.00272979 -2.05068e-07 0 0 0
2440 5015 0.213734 0.975811 0.0459487 -0.0058903 -4.82401e-07 0 0 0
5333 5255 0.269714 0.302511 0.914189 -0.0119131 -9.5762e-07 0 0 0
66 1229 0.233635 0.0908307 -0.968073 -0.0112908 -8.077e-07 0 0 0
66 1127 0.13592 -0.300921 0.943913 -0.0259634 -1.80268e-06 0 0 0
5346 3943 0.634866 -0.180144 0.751328 -0.00689118 -6.41148e-07 0 0 1
5062 306 0.732577 -0.67117 -0.113411 -0.0127589 -9.81149e-07 0 0 0
5062 4830 0.564066 0.136329 -0.814398 -0.00403822 -3.23719e-07 0 0 0
5263 2927 0.6506 0.479218 0.589127 -0.0186745 -1.58352e-06 0 0 0
814 4802 0.593222 -0.321165 -0.738201 -0.0107077 -9.47581e-07 0 0 0
814 4811 0.526824 -0.255018 0.810816 -0.0264255 -2.14835e-06 0 0 0
5000 5462 0.590672 0.806471 0.0266757 -0.0080702 -5.67896e-07 0 0 0
2711 516 0.909104 -0.41589 -0.0237723 -0.00147735 -1.26257e-07 0 -1 0
4975 2286 0.591823 0.684696 -0.425367 -0.00830175 -6.6181e-07 0 0 0
2728 2928 0.720954 0.204409 0.662149 -0.0165926 -1.266e-06 0 0 0
1222 562 0.926161 -0.0975509 0.364294 -0.00275961 -2.50047e-07 0 0 0
4425 510 0.348231 -0.937377 -0.0076505 -0.00261948 -2.15199e-07 0 0 0
2262 1889 0.595801 0.252676 -0.762349 -0.029691 -2.02819e-06 0 0 0
4911 5100 0.163496 -0.522496 -0.83682 -0.0226234 -1.53264e-06 0 0 0
2474 434 0.752772 -0.602756 0.264613 -0.0140318 -1.23339e-06 0 0 0
315 2549 0.741307 0.131913 -0.658076 -0.0119827 -1.05305e-06 0 0 0
481 2155 0.0508643 0.400966 0.91468 -0.00996266 -7.91125e-07 0 0 0
1622 1268 0.889448 0.33304 0.312997 -0.00105103 -7.93637e-08 0 0 0
3821 3445 0.862446 0.185951 0.470753 -0.00925026 -6.23972e-07 0 0 0
1374 1271 0.315681 0.402955 -0.859053 -0.0323686 -2.05285e-06 0 0 0
2376 5192 0.273061 0.815556 -0.510201 -0.00434269 -3.01299e-07 0 0 0
84 4922 0.915167 -0.180238 -0.360533 -0.00761083 -7.39823e-07 0 0 0
2937 5504 -0.0999747 -0.703672 -0.703457 -0.00840844 -6.31357e-07 0 0 0
3165 2656 0.545521 0.620001 -0.56392 -0.000402698 -3.08785e-08 0 0 0
4381 898 0.493823 -0.249535 0.832989 -0.00298953 -2.63268e-07 0 0 0
1556 3486 0.355026 0.402576 0.843735 -0.00751247 -5.69284e-07 0 0 0
4381 5239 0.196258 0.877701 0.437178 -0.000302622 -2.3248e-08 0 0 0
5019 3404 0.0226974 -0.608493 -0.793234 -0.0176832 -1.35253e-06 0 0 0
4783 236 0.826919 -0.547388 0.128729 -0.0106684 -9.33493e-07 1 0 0
376 2213 0.27315 -0.227174 -0.934763 -0.00686794 -3.99296e-07 0 0 0
208 3923 0.65939 0.617177 -0.429299 -0.0071593 -5.22406e-07 0 0 0
5174 2950 0.971008 0.225215 -0.0801321 -0.00382193 -2.88533e-07 0 0 0
669 1857 0.248057 -0.565453 0.786594 -0.0257955 -2.19023e-06 0 0 0
669 4492 0.787487 0.45794 -0.412499 -0.00967238 -8.41412e-07 0 0 0
2116 1374 0.651868 0.100662 -0.751621 -0.0332489 -2.64697e-06 0 0 0
4479 2968 0.673613 -0.0567713 -0.7369 -0.0279352 -2.12076e-06 0 0 0
299 2553 0.0272461 0.0154995 0.999509 -0.0497056 -2.99955e-06 0 0 0
68 4715 0.73435 0.310156 0.603766 -0.0212849 -1.66825e-06 0 0 0
2957 3093 0.125955 -0.991938 0.0139144 -0.00198603 -1.66413e-07 0 0 0
299 3989 0.674043 0.716037 -0.181542 -0.00538459 -3.43241e-07 0 0 0
3813 2555 0.107455 0.7264 -0.67882 -0.0267477 -2.05351e-06 0 0 0
2837 709 0.282429 -0.668411 -0.688084 -0.00710617 -4.44363e-07 0 0 0
1282 3549 0.764975 0.565596 0.308083 -0.00721405 -5.30379e-07 0 0 0
849 2068 0.339203 0.499981 -0.796844 -0.0137576 -1.09698e-06 0 0 0
1900 2637 0.146694 0.646924 -0.748312 -0.0112421 -7.41496e-07 0 0 0
1900 4570 0.538756 -0.470905 -0.698564 -0.0106664 -7.727e-07 0 0 0
1900 138 0.488054 0.781681 0.388301 -0.00273516 -1.90306e-07 0 0 0
2259 982 0.622421 0.683401 -0.381518 -0.0128839 -1.11836e-06 0 0 0
1899 434 0.356111 0.561579 -0.746869 -0.0168669 -9.77868e-07 0 0 0
2953 412 -0.969998 0.0892885 -0.226122 -0.00734746 -5.18032e-07 0 0 0
662 2721 0.935984 0.176981 -0.304322 -0.00177866 -1.32476e-07 0 0 0
5066 1014 0.430489 -0.107516 0.896169 -0.0272466 -2.07858e-06 0 0 0
4855 272 0.219061 -0.500365 -0.837644 -0.0275344 -2.13278e-06 0 0 0
2233 2031 0.891965 -0.0877223 0.443513 -0.0201086 -1.70567e-06 0 0 0
759 1218 0.212991 -0.561418 0.799653 -0.00687369 -5.50769e-07 0 0 1
5066 1827 0.989864 0.00328859 -0.141978 -0.00985654 -7.71555e-07 0 0 0
2779 4298 0.369689 0.489723 -0.789621 -0.00949389 -6.40126e-07 0 0 0
1525 4563 0.109643 0.542188 -0.833073 -0.00460474 -3.80204e-07 0 0 0
2233 3403 0.231456 0.37456 -0.897849 -0.00848755 -6.07771e-07 0 0 0
4428 1626 0.405477 -0.588247 -0.699682 -0.00629051 -4.8888e-07 0 0 0
1921 2453 0.95462 -0.192918 -0.226899 -0.0160112 -1.20107e-06 0 0 0
420 3478 -0.205397 0.509754 -0.835442 -0.00925301 -7.84184e-07 0 0 0
387 2180 0.325267 0.408117 0.853019 -0.0113591 -1.05239e-06 0 0 0
3003 4579 0.300807 -0.740648 -0.600796 -0.00011057 -8.56566e-09 0 0 0
1527 1326 0.19296 -0.71833 -0.668407 -0.0145147 -8.81667e-07 0 0 0
4586 1088 0.671478 -0.376225 0.638414 -0.00817242 -6.32217e-07 0 0 0
1006 1454 0.731691 -0.0744878 -0.677554 -0.00290389 -2.51906e-07 0 0 0
972 4854 0.147566 -0.683894 -0.714502 -0.0140585 -1.05738e-06 0 0 0
26 388 0.788129 -0.119689 0.603761 -0.00569051 -4.26957e-07 0 0 0
2197 3448 0.526106 0.758866 0.383843 -0.0038267 -3.03146e-07 0 0 0
628 2574 0.732682 -0.668266 0.128834 -0.00768525 -5.82838e-07 0 0 0
948 2679 0.506562 -0.534571 -0.676483 -0.0126742 -9.52465e-07 0 0 0
1381 939 0.692265 -0.209614 0.69053 -0.000745462 -5.82914e-08 0 0 0
3403 4635 0.119474 0.866195 -0.485214 -0.00194342 -1.5838e-07 0 0 0
2050 1908 0.662257 0.269023 -0.699315 -0.0245335 -1.66968e-06 0 0 0
2056 3767 -0.123734 -0.731932 -0.670049 -0.0066228 -4.84476e-07 0 0 0
5108 1219 0.902718 -0.428069 -0.0430973 -0.0424876 -3.70638e-06 0 0 0
2593 1205 -0.047007 0.344788 -0.937503 -0.04568 -3.80417e-06 0 0 0
3625 409 0.225813 -0.878171 0.421691 -0.010499 -8.51537e-07 0 0 0
4298 2717 0.615824 0.600682 -0.509844 -0.0118592 -8.65957e-07 0 0 0
3941 1943 0.648769 -0.739335 0.180228 -0.0114334 -9.53666e-07 0 0 0
3348 2448 0.671525 -0.72132 -0.169562 -0.000333777 -2.38803e-08 0 0 0
2809 2203 0.927976 0.305172 -0.213845 -0.0209125 -1.58917e-06 0 0 0
1763 1556 0.742341 0.0298544 -0.669357 -0.00399622 -3.48275e-07 0 0 0
2344 4786 0.701174 -0.0797182 0.708519 -0.00547196 -3.80993e-07 0 0 0
3407 3572 0.666031 -0.630138 0.39916 -0.00668541 -5.17928e-07 0 0 0
258 5026 -0.241046 -0.0818748 0.967054 -0.0253268 -2.11885e-06 0 0 0
4388 3779 0.845256 -0.307633 -0.436926 -0.00912908 -7.80223e-07 0 0 -1
2809 1153 0.359671 -0.518051 0.776054 -0.0270705 -1.65319e-06 0 0 0
3864 3146 0.415621 0.311024 0.854706 -0.000904466 -7.45081e-08 0 0 0
2809 2281 0.209397 0.695442 -0.687396 -0.0227161 -1.62082e-06 0 0 0
1680 3458 0.1419 0.928651 0.342742 -0.00690869 -4.90738e-07 0 0 0
3353 4330 0.801741 -0.237291 -0.548548 -0.00255889 -2.17467e-07 0 0 0
1392 2646 0.504008 0.0257932 -0.863314 -0.0032719 -2.11277e-07 0 0 0
4040 3868 -0.245543 0.22736 -0.942346 -0.00881031 -6.16031e-07 0 0 0
623 4995 0.236029 0.965877 -0.106638 -0.00375823 -2.34465e-07 0 0 0
3721 388 0.261407 0.461592 -0.847703 -0.0246056 -1.67841e-06 0 0 0
376 749 0.142533 -0.943202 -0.300091 -0.0121856 -7.92682e-07 0 0 0
2119 2726 0.511954 0.858763 -0.020716 -0.00373486 -3.43897e-07 0 0 0
3055 3775 0.977214 0.0857638 0.194156 -0.0023454 -1.47247e-07 0 0 0
466 79 0.0369711 0.425615 0.904149 -0.00224001 -1.50329e-07 0 0 0
4745 4911 0.68823 -0.070191 0.722089 -0.000544655 -3.75356e-08 0 0 0
428 3647 0.953023 -0.167575 -0.25232 -0.00649671 -5.86445e-07 0 0 0
342 2282 0.504622 0.0271451 0.862914 -0.00966281 -7.79543e-07 0 0 1
3448 3025 0.404271 -0.911596 0.0745494 -0.00401827 -3.02175e-07 0 0 0
3448 745 0.49056 0.625523 0.606689 -0.00590393 -4.261e-07 0 0 0
2670 4104 0.585323 -0.155818 0.795687 -0.0207936 -1.64548e-06 0 0 0
5427 1794 0.45888 0.662943 0.591554 -0.00874615 -6.0082e-07 0 0 0
5427 3653 0.590014 -0.256568 -0.765543 -0.0165677 -1.43139e-06 0 0 0
624 4133 0.747247 -0.636064 0.19247 -0.00400395 -3.3849e-07 0 0 0
3845 2282 0.372452 -0.87329 0.314078 -0.0099432 -8.36805e-07 0 0 1
3825 2626 0.20287 0.924343 -0.323164 -0.00241758 -1.55419e-07 0 0 0
1676 4028 0.991445 -0.0782278 -0.104489 -0.00180636 -1.49999e-07 0 0 0
4649 1926 -0.654992 0.00594337 -0.755613 -0.000380315 -3.06355e-08 0 0 0
624 1681 0.165015 0.890678 -0.423631 -0.00130719 -1.08297e-07 0 0 0
2416 1076 0.911569 -0.00792084 0.411071 -0.0223333 -1.64007e-06 0 0 0
1857 4394 0.329762 -0.310404 0.891575 -0.0203671 -1.44686e-06 0 0 0
3202 4169 0.556784 -0.829903 -0.0353778 -0.0117096 -9.16987e-07 0 0 0
2416 3055 0.0248387 0.0192244 -0.999507 -0.0243898 -1.81346e-06 0 0 0
1811 891 0.726745 0.53654 -0.428914 -0.00796829 -5.92155e-07 0 0 0
3055 2700 0.465391 0.875646 -0.129057 -0.02632 -1.76843e-06 0 0 0
4812 2488 0.590954 0.466621 0.658056 -0.00162409 -9.85048e-08 0 0 0
3799 4843 0.290808 0.287546 -0.91255 -0.0388804 -3.29349e-06 0 0 0
2050 2518 -0.0453152 -0.753921 0.6554 -0.0413647 -2.94133e-06 0 0 0
3027 4256 0.0943003 -0.450888 0.887585 -0.0132443 -1.07335e-06 0 1 0
3322 1242 0.623049 -0.114755 0.773719 -0.0257766 -1.82806e-06 0 0 0
3027 2648 0.443541 -0.222668 -0.868153 -0.0199119 -1.6795e-06 0 0 0
1454 3827 0.782198 -0.314747 -0.53768 -0.00743897 -6.35717e-07 0 0 0
1342 1582 -0.178862 -0.674549 0.716234 -0.0191319 -1.54269e-06 0 0 0
353 225 0.513081 -0.180685 0.839107 -0.0039334 -3.11303e-07 0 0 0
5254 4100 0.909642 -0.329085 0.253486 -0.0106113 -8.0578e-07 0 0 0
2246 2401 -0.24065 -0.380199 -0.893049 -0.00956519 -6.92378e-07 0 0 0
5242 3218 0.0965078 0.993587 0.0589138 -0.0137616 -9.722e-07 0 0 0
5053 1885 0.26692 -0.83166 0.486925 -0.00300387 -2.36827e-07 0 0 0
4340 5383 0.701961 0.136593 -0.698995 -0.0043222 -3.10994e-07 0 0 0
3094 2219 0.965656 -0.178776 -0.18854 -0.00333886 -3.2117e-07 0 0 0
3998 751 0.188951 -0.856591 0.480155 -0.00580559 -4.48974e-07 0 0 0
5480 4192 0.236399 -0.963822 -0.123136 -0.0114833 -8.60929e-07 0 0 0
1829 4282 0.787854 0.332407 0.518451 -0.00527233 -3.41549e-07 0 0 0
1553 3331 0.899083 0.412088 -0.14776 -0.000808799 -5.67766e-08 0 -1 0
554 3836 0.936966 -0.31457 -0.152123 -0.0160045 -1.19136e-06 0 0 0
4167 3560 0.477749 0.547306 0.687177 -0.00936691 -5.75473e-07 0 0 0
1021 3064 -0.0933254 0.0480117 -0.994477 -0.0175251 -1.6236e-06 0 0 0
2203 2652 0.526005 -0.406297 0.747155 -0.0311534 -2.30397e-06 0 0 0
4711 4689 0.230603 0.540139 -0.809365 -0.0197292 -1.76733e-06 0 1 0
5487 3339 0.827808 -0.444845 0.34183 -0.0025993 -1.94853e-07 0 0 0
4682 3158 0.626871 -0.460972 -0.628122 -0.0064769 -4.1147e-07 0 0 0
2394 3549 -0.150772 -0.745771 -0.648917 -0.00859003 -6.99729e-07 0 0 0
479 3386 0.283499 0.958964 -0.00404228 -0.00951584 -5.40175e-07 0 0 0
2394 1794 0.209227 0.940003 -0.269478 -0.0124734 -7.75324e-07 0 0 0
4185 3202 0.0993515 -0.789093 -0.606186 -0.0204027 -1.62231e-06 0 0 0
194 336 -0.00354826 0.392308 -0.919827 -0.0178992 -1.2236e-06 0 0 0
3432 5056 -0.25846 -0.89808 -0.355881 -0.014583 -1.30578e-06 0 0 0
2932 605 0.201789 -0.631218 -0.748896 -0.00392701 -2.85158e-07 0 0 0
2803 5069 0.663085 0.424379 0.61662 -0.00668403 -4.0637e-07 0 0 0
3923 44 0.872349 -0.316749 -0.372394 -0.00716645 -5.7204e-07 0 0 0
4788 876 0.458301 0.425796 0.780165 -0.000433244 -2.96609e-08 0 0 0
3629 2729 0.633155 0.489321 -0.599733 -0.00569947 -5.02524e-07 0 0 0
5130 3236 0.50743 0.238362 -0.828069 -0.00792826 -5.57841e-07 0 0 0
1931 4550 0.0617286 -0.446491 -0.892656 -0.000325788 -2.43505e-08 0 0 0
4444 2435 0.194416 0.730128 -0.655069 -0.00853518 -7.54669e-07 0 0 0
4351 4270 0.22126 -0.302504 0.927111 -0.00967805 -7.00544e-07 0 0 0
1935 174 0.286577 0.866215 0.409322 -0.00237452 -1.77082e-07 0 0 0
179 445 0.967004 -0.141246 0.212022 -0.0157413 -1.10324e-06 0 0 0
4676 2761 0.582001 -0.810958 -0.0601868 -0.0129307 -9.5521e-07 0 0 0
2614 4665 0.320933 0.448938 -0.833941 -0.0246934 -1.57818e-06 0 0 0
4092 2406 0.199816 -0.714171 0.670845 -0.0129053 -1.07542e-06 0 0 0
832 5204 0.916286 0.130768 0.378576 -0.00845563 -6.50551e-07 0 0 0
2595 1339 0.883076 -0.0733722 -0.463458 -0.00310146 -2.2303e-07 0 0 0
296 2387 0.71616 0.545859 -0.434917 -0.00956979 -6.98742e-07 0 0 0
3506 4097 0.961997 0.271957 -0.0245202 -0.00181687 -1.08873e-07 0 0 0
2994 2458 0.604772 -0.745859 -0.279189 -0.00445777 -3.66554e-07 0 0 0
1708 5297 0.476937 -0.716035 0.509731 -0.0140598 -1.03605e-06 0 0 0
2834 845 0.270759 -0.63191 0.726209 -0.0143882 -1.27008e-06 0 -1 0
359 267 0.630897 -0.677452 -0.37819 -0.00134236 -1.24711e-07 0 0 0
1661 481 0.549868 -0.793286 -0.261424 -0.00593974 -3.97824e-07 0 0 0
1830 3490 0.494625 0.865433 0.0798206 -0.00959335 -6.12425e-07 0 0 0
3574 156 0.42862 -0.89503 0.123316 -0.00216097 -1.8626e-07 0 0 0
2711 845 0.233751 -0.838452 -0.492299 -0.0111896 -7.46596e-07 0 -1 0
4092 5507 0.868484 -0.0135288 0.495532 -0.00527344 -4.15586e-07 0 0 0
4277 4638 0.501771 0.76758 0.398806 -0.00676027 -6.02545e-07 0 0 0
934 720 0.551824 0.778002 -0.300337 -0.00322774 -2.43389e-07 0 0 0
1972 5452 0.592967 0.753753 -0.283279 -0.00371033 -3.11704e-07 0 0 0
2553 3140 0.545451 -0.784333 0.295476 -0.0261958 -1.40471e-06 0 0 0
3712 2125 0.232249 0.972493 -0.0178338 -0.004655 -3.4234e-07 0 0 0
2247 4343 0.830481 -0.538005 -0.1444 -0.00225907 -1.4282e-07 0 0 0
4681 2270 0.650656 0.0245141 0.758977 -0.0247565 -1.82128e-06 0 0 0
4227 2074 0.00943192 -0.807941 -0.589188 -0.00821613 -6.79796e-07 0 0 0
1219 2106 0.603432 -0.774154 -0.191192 -0.0152265 -1.33916e-06 0 0 0
187 5493 -0.172489 -0.974757 -0.141764 -0.00965261 -8.5951e-07 0 0 0
911 2680 0.410931 0.727518 0.549412 -0.0174805 -1.2223e-06 0 0 0
4377 497 0.740188 0.610155 -0.282547 -0.00117368 -7.45653e-08 0 0 0
172 2869 0.323542 0.424868 0.845463 -0.02049 -1.5597e-06 0 0 0
4596 1941 0.856783 -0.333312 -0.39348 -0.00956517 -7.47926e-07 0 0 0
3841 505 0.0747979 -0.73484 -0.674104 -0.0120061 -1.0444e-06 0 0 0
3657 1896 0.549635 -0.814695 0.18486 -0.0106215 -7.17893e-07 0 0 0
4742 4279 0.175048 0.829812 -0.529878 -0.00176876 -1.3797e-07 0 0 -1
1115 4192 0.590287 0.21809 -0.777173 -0.0100381 -8.68589e-07 0 0 0
3736 1141 0.317118 0.479761 -0.818087 -0.0214258 -1.34192e-06 0 0 0
1583 2515 0.962495 -0.270535 0.0203682 -0.00581489 -4.97735e-07 0 0 0
2714 2589 -0.200623 -0.723778 -0.660224 -0.00351136 -2.55552e-07 0 0 0
2155 2178 0.201615 0.886716 0.416036 -0.00344968 -3.0178e-07 0 0 0
1583 1203 0.485918 0.799487 0.353134 -0.0163413 -1.36049e-06 0 0 0
2289 2637 -0.0400479 -0.520426 0.852967 -0.00561451 -3.71745e-07 0 0 0
2668 3342 -0.213062 0.18133 -0.960065 -0.047865 -2.87755e-06 0 0 0
4268 2039 0.47004 0.880053 0.0676002 -0.00238456 -1.87323e-07 0 0 0
646 4680 0.487278 -0.430677 0.759656 -0.00211513 -1.9165e-07 0 0 0
1125 2575 0.382873 -0.638152 -0.667959 -0.00894019 -6.45611e-07 0 0 0
769 1612 0.853857 0.166084 0.493299 -0.0130546 -9.35768e-07 0 0 0
4722 2448 0.838074 0.0621432 -0.542005 -3.81955e-05 -3.42817e-09 0 0 0
43 5305 0.369182 0.686236 -0.626726 -0.0041065 -3.0668e-07 0 0 0
4530 2056 -0.915537 -0.38323 0.122179 -0.00653011 -5.42643e-07 0 0 1
3790 4923 0.0583012 -0.821619 -0.567048 -0.01578 -9.63812e-07 0 0 0
3889 3348 0.68774 -0.386964 0.614226 -0.00333251 -2.67707e-07 0 0 0
1748 2526 0.669891 -0.0720846 -0.738952 -0.0140077 -9.74311e-07 0 0 0
4268 3687 0.348453 0.212997 0.912805 -0.0327275 -2.81073e-06 0 0 0
821 1153 0.899048 -0.0913477 -0.428216 -0.00394576 -3.06874e-07 0 0 0
3494 673 0.857396 -0.103416 -0.504161 -0.0126479 -1.05349e-06 0 0 0
3972 5099 0.691328 -0.609709 -0.387711 -0.00666961 -5.61638e-07 0 0 0
5451 2874 0.854918 0.0923913 0.51047 -0.0127441 -1.11754e-06 0 0 0
1063 746 0.0712935 -0.541156 0.837895 -0.0172169 -1.06462e-06 0 0 0
2757 3409 -0.142441 0.163646 0.976182 -0.000609649 -4.55106e-08 0 0 0
3654 3059 0.105641 0.779908 0.616915 -0.0187362 -1.33707e-06 0 0 0
90 1877 0.800874 -0.44079 -0.405346 -0.00483891 -3.51668e-07 0 0 0
674 5319 -0.14608 0.0984094 -0.984366 -0.00690021 -5.6554e-07 0 0 0
2768 5281 0.0657368 0.735688 -0.674122 -0.0323221 -2.05241e-06 0 0 0
902 5140 -0.00672569 0.311698 0.950157 -0.028557 -2.55512e-06 0 0 0
902 4203 0.201432 -0.655201 -0.728105 -0.03088 -1.6981e-06 0 0 0
902 2562 0.293664 0.95574 0.0179334 -0.00598669 -3.71407e-07 0 0 0
902 2644 0.638112 -0.563271 0.524918 -0.0141275 -1.25517e-06 0 0 0
223 3699 0.584983 0.293444 0.756099 -0.0350359 -2.38564e-06 0 0 0
749 1080 0.697678 0.511355 0.501758 -0.0175516 -1.58027e-06 0 0 0
4103 1814 0.622171 -0.766872 0.157511 -0.00427296 -3.78699e-07 0 0 0
199 2074 0.519738 -0.710916 0.473783 -0.000902538 -7.52769e-08 0 0 0
1312 4288 0.068001 0.36167 0.929823 -0.0405718 -2.5954e-06 0 0 0
2422 1994 0.571021 -0.320678 -0.755712 -0.00946339 -6.55112e-07 0 0 0
265 2842 0.0946614 0.446484 0.88977 -0.0170853 -1.55665e-06 0 0 0
2688 304 0.582813 -0.784656 0.211291 -0.000199105 -1.39733e-08 0 0 0
994 2808 0.274682 0.677528 0.68228 -0.00482149 -3.1616e-07 0 0 1
4546 936 0.993754 0.111127 -0.0102361 -0.00275701 -2.5107e-07 0 0 0
4314 1380 0.808563 -0.588088 -0.0194562 -0.00544666 -4.67992e-07 0 0 0
2768 3234 0.29988 -0.918329 -0.258347 -0.0104102 -9.21484e-07 0 0 0
3140 2964 0.515363 -0.71761 -0.468441 -0.0142049 -8.05045e-07 0 0 0
4551 306 0.907754 0.320045 0.27121 -0.011987 -9.96878e-07 0 0 0
4027 1740 0.6973 0.600376 -0.391563 -0.00257055 -2.09537e-07 0 0 0
997 3654 0.359644 0.700314 0.616617 -0.0206222 -1.52466e-06 0 0 0
4690 2387 -0.0656195 0.968048 0.242028 -0.00594528 -4.20702e-07 0 1 0
2857 4841 0.424577 0.157272 0.891628 -0.0262152 -2.13253e-06 0 0 0
2056 3535 0.296299 0.825306 0.480705 -0.00496625 -3.18951e-07 0 0 0
492 2002 0.886144 -0.141016 -0.441434 -0.0124261 -1.1392e-06 0 0 0
4964 1900 0.30913 0.130808 -0.941981 -0.0123799 -8.55748e-07 0 0 0
1540 2745 0.28622 0.096586 -0.953284 -0.0109941 -7.92122e-07 0 0 0
1489 4078 -0.972779 -0.108033 0.205012 -0.00470199 -3.55481e-07 0 0 0
686 1449 0.984138 0.173735 0.0358996 -0.00663702 -5.76198e-07 0 0 0
4922 2615 0.608913 0.419411 0.67329 -0.00377469 -3.47888e-07 0 0 0
2004 1835 0.203546 -0.0254184 -0.978735 -0.00930903 -6.81115e-07 0 0 0
111 5379 0.182905 0.222522 -0.957617 -0.014938 -1.14013e-06 0 0 0
176 3156 0.195178 -0.56124 0.80431 -0.00782634 -5.62349e-07 0 0 0
4807 993 0.768547 -0.460958 -0.443682 -0.0213872 -1.43412e-06 0 0 0
176 4062 0.831328 -0.447057 -0.330202 -0.00588995 -4.69332e-07 0 0 0
1568 3469 -0.113552 0.19644 -0.973919 -0.00221845 -1.48338e-07 0 0 0
2745 961 0.542159 0.741737 -0.394829 -0.00770642 -6.13816e-07 0 0 0
2869 3959 0.503717 -0.400937 0.765192 -0.0220207 -1.40405e-06 0 0 0
589 1443 0.666357 -0.629244 0.400026 -0.00464573 -3.20662e-07 0 0 0
4861 384 0.960131 0.079155 -0.268108 -0.00185368 -1.33134e-07 0 0 0
5151 476 0.922117 -0.101303 -0.373414 -0.000534358 -3.87164e-08 0 0 0
814 15 0.948739 0.30922 -0.0654002 -0.00111006 -8.16899e-08 0 0 0
2602 2672 0.84304 0.0391871 -0.536421 -0.000647055 -6.2199e-08 0 0 0
1740 2710 0.772805 -0.383768 0.505465 -0.0244419 -1.85306e-06 0 0 0
218 3438 0.377144 0.692247 -0.61527 -0.0145023 -1.35966e-06 0 0 0
5242 3973 0.784766 0.46069 -0.414617 -0.00771629 -5.99558e-07 0 0 0
4476 4870 0.613339 0.705871 0.354346 -0.00279961 -2.41133e-07 0 0 0
4377 4369 0.242807 -0.155195 0.95758 -0.00357058 -3.1905e-07 0 0 0
1673 2682 0.106076 0.365453 0.924766 -0.0223113 -1.43611e-06 0 0 1
4966 2632 0.757231 0.0601867 -0.650368 -0.00562101 -3.45273e-07 0 0 0
3554 3042 0.189613 0.664997 0.722375 -0.0324109 -1.90541e-06 0 0 0
3553 3094 0.814531 0.51918 -0.258825 -0.0270164 -1.44548e-06 0 0 0
5192 1582 0.49872 0.656746 0.565652 -0.0106821 -7.86725e-07 0 0 0
2361 2270 0.348457 -0.503006 -0.790925 -0.0403865 -2.97973e-06 0 0 0
1267 2751 0.584594 0.478836 0.654955 -0.0175615 -1.41521e-06 0 0 0
3553 5062 0.161605 -0.899823 0.405219 -0.0255141 -2.13755e-06 0 0 0
826 1375 0.150546 -0.727638 -0.669237 -0.0228375 -1.74766e-06 0 0 0
3553 5242 0.10047 0.497422 -0.861671 -0.0299271 -2.3943e-06 0 0 0
1137 590 0.794715 0.574325 0.196415 -0.00747502 -6.23491e-07 0 0 0
4435 899 0.986531 0.163572 0.000551157 -0.010013 -7.74441e-07 0 0 0
2402 1471 0.954888 0.195203 -0.223796 -0.00962522 -7.12861e-07 0 0 0
4068 985 -0.113711 0.980223 0.161963 -0.00181248 -1.43954e-07 0 0 0
5140 1414 0.0716447 -0.935227 0.346724 -0.0107713 -9.08718e-07 0 0 0
2369 5280 0.970275 0.0278655 0.240397 -0.0193773 -1.51563e-06 0 0 0
5128 428 0.766279 -0.467824 -0.440406 -0.00713995 -6.45736e-07 0 -1 0
240 2557 0.356016 0.0635447 -0.932317 -0.00486679 -3.68316e-07 0 0 0
581 3026 0.896929 0.307263 0.317975 -0.0131587 -9.63753e-07 0 0 0
5162 1196 0.0140139 0.182922 -0.983028 -0.0264193 -1.74281e-06 0 0 0
1048 4083 0.394668 0.220432 0.89199 -0.0187427 -1.29173e-06 0 0 0
2765 554 0.0560837 0.926298 0.372595 -0.0195964 -1.37753e-06 0 0 0
420 1577 0.582899 -0.032297 -0.811903 -0.0139107 -9.11258e-07 0 0 0
5467 5038 0.527282 0.637973 0.561218 -0.000881391 -6.20515e-08 0 0 0
4722 2392 0.248833 -0.967758 -0.0390603 -0.00110971 -8.72003e-08 0 0 0
4078 5215 0.389898 -0.71749 -0.577223 -0.0112065 -8.52042e-07 0 0 0
1374 2026 0.221656 0.587809 0.778042 -0.0334575 -2.07687e-06 0 0 0
1063 1637 0.128581 0.449653 0.8839 -0.0165444 -1.06732e-06 0 0 0
4201 2679 0.962019 0.0648232 0.265175 -0.0145866 -1.07659e-06 0 0 0
1242 5135 0.664628 0.589067 0.45964 -0.0145833 -1.18115e-06 0 0 0
2411 2286 0.520454 0.735326 0.434079 -0.0106839 -9.0053e-07 0 0 0
3902 1034 0.927908 -0.341113 -0.15043 -0.0178703 -1.14077e-06 0 0 -1
258 937 0.14589 -0.945867 0.289917 -0.00551775 -4.41818e-07 0 0 0
2933 1739 0.488523 0.79115 -0.368003 -0.00510769 -3.42313e-07 0 0 0
2358 50 0.369056 -0.684692 0.628486 -0.00296798 -1.78871e-07 0 0 0
2411 3288 0.0646397 -0.0365644 -0.997239 -0.0549754 -4.01127e-06 0 0 0
4048 1489 0.382181 -0.388579 0.838418 -0.0105358 -9.26035e-07 0 0 1
5261 1101 0.369037 -0.161595 -0.915259 -0.0103286 -8.46946e-07 0 0 0
796 4805 -0.933462 0.358632 0.00563682 -0.0108314 -8.91113e-07 0 0 0
3590 252 0.502912 -0.440274 -0.7438 -0.00171078 -1.2545e-07 0 0 -1
845 5239 0.453466 -0.871955 0.184564 -0.000698538 -5.25629e-08 0 0 0
64 4375 -0.10036 -0.985659 -0.135661 -0.00684713 -5.22974e-07 0 0 0
2417 1080 0.218267 -0.530955 -0.818808 -0.0275963 -2.3114e-06 0 0 0
3880 2665 0.111091 0.258207 -0.959681 -0.00195046 -1.38205e-07 0 0 0
3496 1561 0.63729 0.731413 -0.242683 -0.00149322 -1.08858e-07 0 0 0
4874 1580 0.268821 -0.520208 -0.810629 -0.0129497 -1.24019e-06 0 0 0
5174 2631 0.0151552 0.561344 0.827444 -0.00568526 -4.16066e-07 0 0 0
3006 4410 0.534237 -0.572639 0.621832 -0.0135929 -8.29242e-07 0 0 0
1220 3692 0.551294 0.797906 -0.243765 -0.00905544 -6.68645e-07 0 0 0
3301 5033 0.275516 0.96018 0.0463081 -0.0141724 -1.11158e-06 0 0 0
315 3305 0.454909 0.608273 0.650432 -0.0144764 -1.30546e-06 0 0 0
2237 2034 0.879717 -0.275826 0.387322 -0.010811 -8.84943e-07 0 0 0
2462 4714 0.103139 -0.709024 -0.697601 -0.0296659 -2.13949e-06 0 0 0
4371 3428 0.377265 0.674596 -0.634501 -0.001584 -1.06428e-07 0 0 0
5252 1008 0.4514 0.871038 0.19373 -0.019799 -1.60319e-06 0 0 0
5499 4825 0.234171 -0.96869 -0.0824876 -0.00678432 -5.30891e-07 0 0 0
4697 4203 0.272971 0.0235927 0.961733 -0.027513 -1.655e-06 0 0 0
4371 948 0.341461 -0.434189 0.833597 -0.00820236 -5.12425e-07 0 0 0
4697 1788 0.67384 0.480569 -0.561243 -0.0117572 -8.64591e-07 0 0 0
2934 2794 0.388002 -0.399978 -0.830345 -0.0365773 -3.02786e-06 0 0 0
4177 2273 0.685487 0.560406 0.464815 -0.00115537 -9.52113e-08 0 0 0
2592 30 -0.0801318 0.825901 -0.558092 -0.00245433 -1.86039e-07 0 0 0
1046 4655 0.795229 -0.604565 -0.0459497 -0.00700248 -5.78602e-07 0 0 0
1205 5204 0.803286 -0.469073 -0.367019 -0.00471922 -3.45912e-07 0 0 0
3615 467 0.459206 -0.826601 0.325363 -0.0231919 -1.66109e-06 0 0 0
2024 2480 0.866145 -0.387261 -0.315947 -0.0058088 -4.24151e-07 0 0 0
1717 1600 0.127421 0.44838 0.884714 -0.00686768 -5.59576e-07 0 0 0
1717 2559 0.646496 -0.202301 -0.735606 -0.0176062 -1.00914e-06 0 0 0
4339 241 0.995875 -0.0709445 0.0565601 -0.00985269 -8.24219e-07 0 0 0
4339 97 0.522833 -0.734486 -0.432639 -0.0167965 -9.8725e-07 0 0 0
4339 845 -0.181691 0.210498 0.960562 -0.037789 -2.53938e-06 0 0 0
340 2783 0.376081 0.277448 0.884073 -0.0137378 -1.21729e-06 0 0 0
1717 3812 0.971067 0.228145 0.0705579 -0.00549366 -4.27501e-07 0 0 0
3549 3051 0.792438 -0.3061 0.527584 -0.00429775 -3.14388e-07 0 0 0
1764 2090 0.740137 0.670608 0.0498089 -0.00577637 -3.75554e-07 0 0 0
2273 3133 0.657942 -0.521167 0.543597 -0.0171116 -1.49887e-06 0 0 0
4067 4761 0.504901 0.467375 0.725696 -0.0106693 -7.33838e-07 0 0 0
465 3336 0.484684 -0.481927 0.72995 -0.00358289 -2.90314e-07 0 -1 1
4288 1478 0.475192 0.560787 0.678019 -0.0395313 -2.69235e-06 0 0 0
337 4344 0.151738 0.855471 0.495122 -0.00274332 -1.97435e-07 0 0 0
337 3348 -0.000209867 -0.0884732 -0.996079 -0.00296022 -2.07618e-07 0 0 0
100 2711 0.125451 -0.802323 -0.583558 -0.00437229 -2.4481e-07 0 0 0
3267 461 0.466628 0.642479 0.607847 -0.0230103 -1.61467e-06 0 0 0
632 52 0.8442 -0.129868 0.520059 -0.0191914 -1.20669e-06 0 0 0
4490 1237 0.0278376 -0.965178 -0.260108 -0.00994669 -7.83582e-07 0 0 0
4444 3314 0.595352 -0.0442849 -0.802244 -0.000767314 -5.5779e-08 0 0 0
3443 752 0.890952 -0.256062 -0.375015 -0.00783338 -6.22298e-07 0 0 0
1554 3394 0.790368 -0.471586 0.391057 -0.0259711 -1.99769e-06 0 0 0
3537 2625 0.350394 -0.762136 0.544401 -0.01504 -1.26311e-06 0 0 -1
525 846 0.25176 0.597531 -0.761298 -0.0102155 -7.88993e-07 0 0 0
2857 2771 -0.195386 -0.23686 -0.951694 -0.0199209 -1.4486e-06 0 0 0
784 3207 -0.215803 -0.170965 0.961353 -0.013674 -1.17791e-06 0 1 0
2380 2343 0.7317 -0.578113 0.36111 -0.00584374 -5.28093e-07 0 0 0
1834 5140 0.875847 -0.0178029 -0.48226 -0.00681645 -5.19677e-07 0 0 0
683 1407 0.639757 0.76835 0.0187133 -0.00153104 -1.0663e-07 0 0 0
2981 879 0.428381 0.714631 0.552985 -0.0116342 -8.55306e-07 0 0 0
4896 3572 -0.934464 -0.345206 -0.0872315 -0.0244748 -1.70682e-06 0 0 0
203 2161 0.854976 -0.151052 0.496184 -0.00754736 -5.65211e-07 0 0 0
492 5033 0.088679 -0.474544 0.875754 -0.0135724 -1.05712e-06 0 0 0
5297 3103 -0.383813 -0.260136 -0.886012 -0.0171494 -1.17325e-06 0 0 0
4971 222 0.672467 -0.671723 -0.310768 -0.000752032 -6.51935e-08 0 0 0
3608 585 0.332624 -0.100651 0.937673 -0.00673753 -4.66089e-07 0 0 0
4846 5040 0.673616 -0.207422 -0.709378 -0.00134292 -7.88886e-08 0 0 0
2799 3211 0.740388 0.191012 -0.644468 -0.00430568 -3.6343e-07 0 0 0
207 3043 0.0356772 -0.669422 0.742025 -0.00375776 -3.16034e-07 0 0 0
1309 2287 0.626628 -0.509289 -0.589883 -0.0126605 -6.96163e-07 0 0 0
4162 2124 0.348922 -0.936259 0.0408952 -0.0124152 -1.09081e-06 0 0 0
5000 2263 0.519659 -0.388114 0.761132 -0.00372797 -2.75355e-07 0 0 0
2827 1281 0.19347 -0.679518 -0.70769 -0.0116479 -7.42289e-07 0 0 -1
3303 2876 0.720353 0.396814 0.568885 -0.00313542 -2.24062e-07 0 0 0
1486 2916 0.116655 0.930933 -0.346057 -0.000208371 -1.92459e-08 0 0 0
2100 2860 0.307366 -0.761387 0.570803 -0.0123959 -9.42116e-07 0 0 0
4996 5433 -0.415946 -0.846603 0.332042 -0.0188016 -1.56392e-06 0 0 0
1125 4851 -0.320716 -0.148878 -0.935402 -0.0111285 -8.86703e-07 0 0 0
1025 14 0.828595 -0.52925 -0.182552 -0.0138136 -9.9095e-07 0 0 0
1025 793 -0.127676 0.331139 0.934904 -0.0311456 -2.4383e-06 0 0 1
1885 288 0.134666 -0.92309 0.360235 -0.00322853 -2.55684e-07 0 0 0
4161 2953 0.184477 0.851298 -0.491182 -0.00268889 -1.83343e-07 0 0 0
4373 3609 0.445055 0.661046 -0.604106 -0.00379415 -3.24972e-07 0 1 0
1870 5091 0.8001 -0.447751 0.399199 -0.00287786 -2.53911e-07 0 0 0
3528 4522 0.722625 0.593258 -0.354765 -0.00266909 -2.33119e-07 0 0 0
338 4240 0.823755 -0.560257 -0.0868361 -0.000756199 -5.48967e-08 0 0 0
2356 48 0.0623628 -0.931856 -0.357428 -0.0102624 -7.14684e-07 0 0 0
3084 3055 0.0390756 0.850489 0.524539 -0.00129086 -8.06064e-08 0 0 0
5496 3270 0.238995 0.470677 -0.84932 -0.00130497 -8.54102e-08 0 0 0
2697 3043 0.962212 0.0349333 0.27005 -0.000727823 -5.61389e-08 0 1 0
2782 1076 0.131217 0.598558 -0.79026 -0.00961459 -6.51828e-07 0 0 0
2020 4011 0.50696 -0.840043 -0.19318 -0.00653192 -5.40141e-07 0 0 0
1512 60 0.893785 0.309669 0.324429 -0.00532868 -3.70037e-07 0 0 0
3719 2837 0.297332 -0.61646 0.729089 -0.0110275 -6.95889e-07 0 0 0
5282 3581 0.659451 0.0176538 -0.75154 -0.012829 -8.25931e-07 0 0 0
3719 3162 0.802686 0.276588 0.528389 -0.00614375 -3.95924e-07 0 0 0
3833 4568 0.285466 -0.924195 0.253719 -0.0105865 -7.86326e-07 0 0 1
3359 2447 0.598581 -0.231062 0.767014 -0.0147798 -1.15033e-06 0 0 0
3406 1573 0.126396 -0.204694 -0.970631 -0.00660538 -6.17681e-07 0 0 0
3443 4069 0.0698598 0.0485434 -0.996375 -0.0271407 -2.22035e-06 0 0 0
4425 709 0.908191 0.0899123 -0.408785 -0.0113917 -7.95075e-07 0 0 0
4888 3681 0.957251 0.287192 -0.0345017 -0.00477966 -3.28024e-07 0 0 -1
2263 3329 0.428498 -0.0203036 0.903315 -0.0038244 -2.84416e-07 0 0 0
4746 628 0.802529 0.586146 -0.111266 -0.0164761 -1.23902e-06 0 0 0
873 1122 0.435133 -0.0399244 0.899481 -0.00137294 -1.01857e-07 0 0 0
3670 2180 0.0365288 0.345765 -0.93761 -0.021388 -1.72776e-06 0 0 -1
4746 2286 0.650227 -0.696692 0.303026 -0.0166048 -9.28018e-07 0 0 0
4672 3648 -0.0829475 -0.975007 0.206108 -0.00776766 -4.63102e-07 0 0 0
3337 828 0.37314 -0.484187 0.79141 -0.00435196 -4.16759e-07 0 0 0
98 298 0.148965 0.63383 -0.758992 -0.0103678 -8.34548e-07 0 0 0
3907 432 0.814035 -0.368772 -0.448725 -0.00683329 -4.49545e-07 0 0 0
985 1516 -0.0930706 0.685905 -0.721715 -0.00113971 -9.7239e-08 0 0 0
3359 5062 0.300467 0.675561 -0.673303 -0.0234788 -1.78935e-06 0 0 0
4163 3419 0.232245 -0.910508 0.342106 -0.005109 -3.38385e-07 0 0 0
5387 4303 0.863815 -0.501447 -0.0487234 -0.00940735 -6.53939e-07 0 0 0
62 3152 0.772019 0.499683 -0.392815 -0.0204643 -1.59503e-06 0 0 0
2070 1556 -0.969194 0.125806 -0.211743 -0.0026131 -1.74313e-07 0 0 0
1654 3673 0.295945 -0.66321 0.687436 -0.0186047 -1.5371e-06 0 0 0
5387 4761 0.770182 0.580837 -0.263532 -0.0117316 -7.64883e-07 0 0 0
510 2113 0.99891 0.0161298 0.0438136 -0.00248603 -2.11257e-07 0 0 0
1137 1200 0.380972 0.46018 -0.801932 -0.00220649 -1.57243e-07 0 0 0
2050 4912 0.409543 0.234121 0.881738 -0.00127623 -1.10393e-07 0 0 0
535 1523 -0.343255 0.239345 -0.908234 -0.0015943 -1.4293e-07 0 0 0
2990 762 -0.0341107 -0.709345 -0.704036 -0.00014516 -1.22114e-08 0 0 0
709 2358 0.494342 0.191936 -0.847813 -0.0131397 -7.51199e-07 0 0 0
2443 3033 0.722758 -0.106997 -0.682768 -0.0229855 -1.5e-06 0 0 0
180 2424 0.242173 0.0702718 -0.967685 -0.00971507 -8.17566e-07 0 0 0
1784 1451 0.878817 -0.162052 0.448799 -0.0228885 -1.34564e-06 0 0 0
406 5317 0.37306 0.493759 -0.785511 -0.00473306 -3.6098e-07 0 0 0
980 103 0.177681 -0.349566 -0.919909 -0.0236627 -2.00279e-06 0 0 0
3328 3695 0.252845 0.207988 0.944886 -0.00388218 -3.11097e-07 0 0 0
184 3070 0.523531 0.851317 0.0342658 -0.00969456 -7.59194e-07 0 0 0
980 5223 0.661263 -0.260688 0.703401 -0.00141054 -9.77093e-08 0 0 0
127 1625 0.280627 0.707345 -0.648776 -0.0123423 -8.26231e-07 0 0 0
2944 1400 0.256034 -0.513829 0.818796 -0.0113711 -1.10668e-06 0 0 0
5245 1775 0.581206 -0.633007 -0.511373 -0.00132259 -9.47969e-08 0 0 0
4492 1766 0.887543 -0.0443061 0.45859 -0.004527 -3.13415e-07 0 0 0
1823 4616 0.932002 -0.248424 0.263928 -0.00528279 -4.46107e-07 0 0 0
3349 3128 0.364522 -0.705162 -0.608169 -0.00122949 -9.41903e-08 0 0 0
4282 4107 0.0470974 -0.235645 -0.970697 -0.0401981 -2.41297e-06 0 0 0
2273 4162 0.602679 -0.611334 -0.512883 -0.0131228 -8.5262e-07 0 0 0
5391 4410 0.85826 -0.140213 -0.49369 -0.00464894 -3.37898e-07 0 0 -1
3493 621 0.908792 -0.403617 0.105783 -0.00862222 -6.65707e-07 0 0 0
5391 5346 0.115717 0.93764 -0.327782 -0.0107615 -8.93416e-07 0 0 -1
501 972 0.13106 -0.45776 0.879363 -0.0129419 -1.03311e-06 0 0 0
4882 1530 0.190561 -0.879653 -0.435772 -0.00899864 -7.22805e-07 0 0 0
1580 83 0.660354 0.73305 -0.163006 -0.00512253 -4.54937e-07 0 0 0
1414 1716 0.785685 -0.499067 0.365557 -0.00656778 -4.1873e-07 0 0 0
5414 1027 0.564637 -0.823571 0.0540041 -0.00190599 -1.48284e-07 0 0 0
2680 2612 0.348978 0.663829 0.661472 -0.00992427 -8.83592e-07 0 0 0
1345 4477 0.463656 0.577788 -0.671702 -0.00410701 -3.66193e-07 0 0 0
2786 188 0.384223 -0.712951 -0.586577 -0.00813549 -5.64834e-07 0 0 0
2998 4879 0.785082 0.454442 -0.420868 -0.00461207 -3.79531e-07 0 0 0
2754 784 0.910559 -0.0307723 -0.412232 -0.00754569 -5.69459e-07 0 0 0
2963 2762 0.835094 -0.45672 0.306635 -0.0075806 -5.57139e-07 0 0 0
977 34 0.47276 -0.568201 0.673532 -0.0151228 -1.16148e-06 0 0 0
4625 5072 0.374595 0.821806 0.429317 -0.00146291 -1.25585e-07 0 0 0
3879 738 0.408211 -0.131675 0.903341 -0.00388408 -2.55378e-07 0 0 0
977 793 0.00873725 -0.241226 -0.97043 -0.028134 -2.20154e-06 0 0 0
1045 2727 0.256107 0.4344 0.863543 -0.0146828 -9.71473e-07 0 0 0
1885 2466 0.394826 0.629429 0.669277 -0.00183501 -1.55354e-07 0 0 0
1265 1380 0.0585002 -0.674713 -0.735758 -0.0114399 -7.70148e-07 0 0 0
662 513 0.42519 0.904943 0.0170643 -0.00151953 -9.62008e-08 0 0 0
1313 4289 0.102441 0.274545 0.956102 -0.0213894 -1.23304e-06 0 0 0
256 4632 0.503948 0.535051 0.678054 -0.0209319 -1.22766e-06 0 0 0
3860 5331 0.670875 0.694124 -0.260996 -0.00476938 -3.94688e-07 0 0 0
2216 2435 0.977567 0.0818916 -0.194055 -0.00862556 -6.88474e-07 0 0 0
2356 4746 0.0074434 -0.228158 0.973596 -0.0473442 -2.79934e-06 0 0 0
5509 272 0.441027 0.716602 -0.540349 -0.00777319 -4.84569e-07 0 0 0
1709 1058 0.213053 0.846811 0.48736 -0.0225736 -1.55373e-06 0 0 0
5509 1045 0.339646 -0.909109 0.241166 -0.0232173 -1.41437e-06 0 0 0
3533 3529 0.630981 -0.757679 0.166689 -0.00767437 -6.64864e-07 0 -1 0
3695 4879 0.689778 0.553784 0.466401 -0.00302276 -2.81884e-07 0 0 0
4882 2101 0.399858 0.781133 -0.479526 -0.0077506 -6.72783e-07 0 0 0
5286 4807 0.0984623 -0.993996 0.0477125 -0.0248534 -2.1264e-06 0 0 0
1827 2546 0.164276 -0.690031 0.704891 -0.00600925 -4.53822e-07 0 0 0
2074 4398 0.81938 0.396805 -0.413716 -0.0151224 -1.42416e-06 0 0 0
2773 4533 -0.244244 -0.763725 -0.597553 -0.00659386 -5.62324e-07 0 -1 0
2074 1823 0.375233 -0.826807 0.419034 -0.0121005 -1.06408e-06 0 0 0
1527 4080 0.104306 0.220234 -0.969854 -0.0184308 -1.26364e-06 0 0 0
1518 3135 0.978867 -0.00975446 -0.204266 -0.0011604 -1.07015e-07 0 0 0
4530 1147 0.712281 -0.0649918 -0.698879 -0.010568 -9.06165e-07 0 0 0
626 966 0.072012 -0.170751 0.982679 -0.0328729 -2.39605e-06 0 0 0
3160 735 0.580108 0.673275 -0.458449 -0.00708854 -5.61771e-07 0 0 0
2119 2261 0.860478 -0.16929 0.48054 -0.00937186 -6.62479e-07 0 0 0
2357 1270 0.251403 -0.556435 0.791945 -0.0190273 -1.7671e-06 0 0 1
2414 4096 0.836807 -0.511466 0.195334 -0.000978984 -6.28634e-08 0 0 0
2826 5392 0.790827 0.529793 -0.30645 -0.0075499 -6.27331e-07 0 0 0
3864 1936 0.47185 -0.761904 -0.44369 -0.00819306 -5.82156e-07 0 0 0
5000 2227 0.455354 -0.417082 -0.786572 -0.00705764 -5.32951e-07 0 0 0
939 5161 0.325787 0.206559 -0.922603 -0.013686 -1.0211e-06 0 0 -1
5445 3781 0.42963 -0.549969 0.716207 -0.0189505 -1.29633e-06 0 0 0
4660 3311 0.629563 0.72792 0.271629 -0.0046803 -3.84562e-07 0 0 0
5297 1824 0.275571 -0.0868883 0.957346 -0.0273502 -1.97536e-06 0 0 0
3814 3747 0.0834256 -0.13661 -0.987106 -0.0239995 -1.43789e-06 0 0 -1
4665 874 0.761614 -0.528801 0.374584 -0.0112829 -9.92369e-07 0 0 0
3210 43 0.834628 -0.392112 -0.38684 -0.011519 -1.075e-06 0 0 0
4623 2814 0.86516 0.0688116 0.496753 -0.00466911 -3.47315e-07 0 0 0
1919 1313 0.376167 0.869981 0.318796 -0.0175863 -1.61114e-06 0 0 0
1160 4854 0.533932 -0.288938 0.794627 -0.00524263 -4.25172e-07 0 0 0
817 4179 0.313422 0.427755 0.847816 -0.0247693 -2.01066e-06 0 0 0
662 5130 0.0981219 -0.0240795 -0.994883 -0.0058614 -4.39418e-07 0 0 0
3436 5069 0.27504 -0.164137 -0.947318 -0.03308 -1.94875e-06 0 -1 0
4444 894 0.748733 0.117523 0.652371 -0.00577909 -5.20617e-07 0 0 0
33 4398 -0.208664 0.298324 -0.931377 -0.0177379 -9.92986e-07 0 0 0
4481 2748 0.620402 0.687125 -0.378101 -0.0144991 -9.62438e-07 0 0 0
796 2803 0.934732 0.332491 -0.125401 -0.00654001 -5.93556e-07 0 0 0
3288 4380 0.751909 0.620323 -0.223231 -0.0217149 -1.59825e-06 0 0 0
3819 1778 0.573019 0.666696 0.476619 -0.00222232 -1.65212e-07 0 0 1
1683 5335 -0.478547 0.26155 -0.838203 -0.00167924 -1.12158e-07 0 0 0
3953 1839 0.0333827 0.388242 0.920952 -0.0169058 -1.20128e-06 0 0 0
2964 211 0.533361 -0.682787 -0.499327 -0.00484488 -4.67298e-07 0 0 0
1877 4622 0.385725 0.258714 -0.885598 -0.00595994 -3.70091e-07 0 0 0
1374 2700 0.407566 -0.624809 -0.665961 -0.0375614 -2.52846e-06 0 0 0
4229 4753 0.652318 0.349697 0.672453 -0.00749754 -6.70506e-07 0 0 0
2645 4655 -0.0292904 -0.780955 0.623901 -0.00243472 -2.18257e-07 0 -1 0
1393 5499 -0.0745574 0.190503 -0.978851 -0.044188 -3.23852e-06 0 0 0
4211 814 0.790609 -0.521056 0.321619 -0.0133173 -1.2476e-06 0 0 0
3386 3497 -0.0139697 -0.46708 -0.884105 -0.000273495 -1.51833e-08 0 0 0
3513 5215 0.579272 0.551405 0.600331 -0.0153467 -1.10175e-06 0 0 1
5500 4848 0.547686 -0.518569 0.656603 -0.00285183 -2.21376e-07 0 0 0
5393 1317 0.301449 -0.0564164 0.951812 -0.00642498 -5.0285e-07 0 0 0
4792 2779 0.231808 -0.964302 -0.128008 -0.00452593 -3.24139e-07 0 0 0
279 3972 0.338642 -0.861979 -0.377245 -0.00449353 -2.86497e-07 0 0 0
3913 822 0.263833 0.839794 -0.474486 -0.00150385 -1.09168e-07 0 0 0
3455 3872 0.849486 -0.394647 -0.350181 -0.00837448 -6.16059e-07 0 0 0
3482 5072 0.206375 -0.867259 0.453068 -0.0131724 -1.06844e-06 0 -1 0
3482 1545 0.91632 -0.106611 0.385995 -0.00553799 -4.28532e-07 0 0 0
280 397 0.0846597 0.762643 -0.641256 -0.0105066 -7.25384e-07 0 0 0
3455 1486 0.17022 0.858688 0.483404 -0.00902393 -7.47366e-07 0 0 0
4511 4344 0.686905 -0.263221 0.677404 -0.00362302 -2.33827e-07 0 0 0
3632 5175 0.510097 -0.738118 -0.441568 -0.00487971 -4.199e-07 0 0 0
4511 2595 0.389598 -0.250385 -0.886296 -0.00738988 -5.49375e-07 0 0 0
3874 336 0.318806 -0.660831 0.679459 -0.00944443 -6.89961e-07 0 0 0
442 4954 0.931823 0.151699 -0.329688 -0.0042825 -3.38457e-07 0 0 0
2380 2786 0.454324 0.876574 0.158771 -0.00403617 -3.6317e-07 0 0 0
1178 2336 0.257634 0.316828 -0.912823 -0.0150477 -1.12274e-06 0 0 0
806 2592 0.582014 -0.0253375 -0.812784 -0.00685898 -4.19413e-07 0 0 0
2343 697 0.434237 -0.0171831 0.900635 -0.0218005 -1.44714e-06 0 0 1
194 3875 0.48805 0.207311 0.847838 -0.0324396 -2.91546e-06 0 0 0
3202 2124 0.0118446 0.576175 -0.81724 -0.019861 -1.752e-06 0 0 0
3895 3720 -0.577206 0.42674 -0.696222 -0.00553533 -4.10707e-07 0 0 0
3156 2699 0.585572 0.127005 0.800609 -0.0104626 -7.14347e-07 0 0 0
2357 3833 0.821204 0.534711 0.199269 -0.0125404 -1.02286e-06 0 0 0
3998 11 0.450461 -0.775693 -0.442025 -0.0100508 -5.97573e-07 0 0 0
2317 2198 0.943721 -0.0915505 -0.317818 -0.00241863 -1.85612e-07 0 0 0
2227 533 0.495644 -0.570774 0.654641 -0.00384349 -3.0241e-07 0 0 0
191 187 0.279147 -0.62735 -0.726986 -0.0142852 -9.5287e-07 0 -1 0
2107 4465 -0.489212 0.269016 -0.82964 -0.0331088 -2.72095e-06 0 0 0
1238 3347 0.872996 0.238891 -0.425217 -0.0183145 -1.68028e-06 0 0 0
2016 1633 -0.0459534 -0.143441 -0.988591 -0.0194614 -1.2314e-06 0 0 0
780 73 0.492633 0.153169 -0.856652 -0.0236128 -2.11133e-06 0 0 0
692 4975 0.208358 -0.16829 -0.963465 -0.0410831 -3.07866e-06 0 0 0
5387 626 0.0577556 -0.78369 0.618461 -0.0201288 -1.52774e-06 0 0 0
4236 4681 0.948955 0.31319 -0.0373597 -0.00202231 -1.43017e-07 0 1 0
3419 3303 -0.0436336 0.145218 0.988437 -0.00155685 -1.20126e-07 0 0 0
1019 1438 0.792403 0.438219 0.424336 -0.0103357 -7.36848e-07 0 0 0
2325 3096 0.851337 0.512408 0.112536 -0.00514508 -3.97656e-07 0 0 0
538 4113 0.818337 -0.0623524 0.571347 -0.0210254 -1.66329e-06 0 0 0
3673 3861 0.688046 0.525766 -0.500162 -0.0043796 -3.21016e-07 0 0 0
2968 1267 0.986312 -0.164837 0.00406174 -0.009216 -8.55732e-07 0 0 0
915 3615 0.882784 -0.464856 -0.067832 -0.0078228 -5.02661e-07 0 0 0
763 2027 0.252653 -0.0882826 -0.963521 -0.00917282 -6.10171e-07 0 0 0
506 5323 0.552725 -0.627834 0.548014 -0.0133654 -8.25579e-07 0 0 0
1393 804 0.138361 0.417931 0.897881 -0.0291881 -2.17664e-06 0 0 0
3278 1366 0.703589 0.693423 -0.155329 -0.0269782 -1.94006e-06 0 0 0
5089 1026 0.687298 -0.691434 -0.22258 -0.00247589 -1.9379e-07 0 0 0
1227 2963 0.883842 0.333823 0.327698 -0.0170808 -1.43155e-06 0 0 0
2615 141 0.533614 0.71523 0.451334 -0.00162545 -1.43926e-07 0 0 0
1580 1288 0.486829 -0.872607 0.039441 -0.00112865 -1.01857e-07 0 0 0
2899 1154 0.894708 -0.0633339 -0.442138 -0.00170426 -1.30448e-07 0 0 0
4900 1309 0.809274 0.0423864 -0.5859 -0.0109175 -1.07129e-06 0 0 0
3026 3283 0.678486 -0.496758 0.541191 -0.00815363 -5.21844e-07 0 0 0
980 179 0.929863 -0.135677 -0.341974 -0.0161805 -1.10793e-06 0 0 0
2441 1462 -0.861638 0.376441 -0.340399 -0.00648191 -5.084e-07 0 0 0
3245 3632 0.177822 -0.877342 -0.445701 -0.0167507 -1.09413e-06 0 0 -1
3008 4346 0.569363 -0.708786 -0.416472 -0.0272056 -2.15491e-06 0 0 0
3008 5426 0.434231 0.822096 0.368241 -0.0165981 -1.40504e-06 0 0 0
2528 4617 0.116472 -0.785524 -0.607772 -0.00301686 -1.81548e-07 0 0 -1
1586 2926 0.957612 0.223238 0.182053 -0.0113039 -7.54228e-07 0 0 0
2986 5509 0.0966146 -0.627205 -0.772838 -0.00551314 -3.90661e-07 0 0 0
4443 2187 0.682135 -0.101708 0.724119 -0.0129441 -9.46704e-07 0 0 0
5152 3975 0.256498 0.962389 0.0895315 -0.0252798 -2.33359e-06 0 0 0
347 265 0.747332 0.13529 0.650532 -0.00416158 -2.48693e-07 0 0 0
2379 1709 0.722328 0.579091 -0.378017 -0.0155102 -1.35732e-06 0 0 0
2379 66 0.691904 -0.633793 0.345796 -0.0179277 -1.49217e-06 0 0 0
1026 3006 0.899568 -0.297737 -0.319577 -0.00810936 -7.03548e-07 0 0 0
1501 209 0.969368 -0.191727 0.153516 -0.00103469 -7.51069e-08 0 0 0
5487 409 0.0376544 0.929519 0.366846 -0.0141115 -1.16126e-06 0 0 0
32 2716 -0.380445 -0.325053 -0.865796 -0.0173037 -1.319e-06 0 0 0
1414 2387 -0.00889876 -0.105769 0.994351 -0.0170025 -1.28647e-06 0 0 0
5188 1322 0.401523 0.308159 -0.862448 -0.000876375 -7.42165e-08 0 0 -1
965 2466 0.657035 -0.323102 -0.681109 -0.0167088 -1.21904e-06 0 0 0
581 3477 0.583103 0.534705 -0.611622 -0.00150218 -1.23437e-07 0 0 0
3563 2180 0.963704 -0.239313 0.118341 -0.00631258 -5.85869e-07 0 0 0
3727 5096 0.0400647 -0.865996 -0.498444 -0.0124936 -1.19918e-06 0 0 0
3039 2950 0.022092 -0.381295 -0.924189 -1.87798e-05 -1.36505e-09 0 0 0
1153 5327 0.0115025 -0.710567 0.703536 -0.00158255 -1.40993e-07 0 0 0
467 2248 0.317566 -0.731085 0.603876 -0.00864148 -7.00782e-07 0 0 0
5329 3819 0.382872 -0.767004 -0.514892 -0.0144297 -1.23993e-06 0 0 0
4112 961 0.783357 0.413296 0.464261 -0.000208642 -1.22378e-08 0 0 0
1799 89 0.442 -0.127389 -0.887923 -0.00448197 -3.65614e-07 0 0 0
3541 1287 0.364187 0.926748 0.0922295 -0.00248332 -1.95338e-07 0 0 0
5031 1415 0.67526 -0.549885 -0.491579 -0.00269344 -2.33583e-07 0 0 0
5340 2809 0.534925 0.679332 0.502358 -0.00121953 -1.07622e-07 0 0 0
5273 5252 0.583188 0.24781 0.773616 -0.0228492 -1.94044e-06 0 0 1
1371 532 0.487262 0.136161 -0.862575 -0.00430441 -3.45089e-07 0 0 -1
350 3353 0.0386568 0.997113 -0.0653543 -0.00281105 -1.96945e-07 0 0 0
4229 2852 0.354373 -0.779621 -0.516343 -0.0123761 -9.4414e-07 0 0 0
4343 4492 -0.0183533 -0.745331 0.666441 -0.012933 -8.73601e-07 0 0 0
3392 238 0.698986 0.235059 0.675401 -0.0185972 -1.4681e-06 0 0 0
4545 3672 0.525015 -0.0378185 -0.850252 -0.010185 -7.28169e-07 0 0 0
3392 3553 0.28764 -0.0410216 -0.95686 -0.0352634 -2.52501e-06 0 0 0
3193 1889 0.408827 -0.873363 -0.264759 -0.0038492 -2.77089e-07 0 0 0
4632 3560 0.130396 0.724302 -0.67704 -0.0245526 -1.43407e-06 0 0 0
1216 4095 -0.191921 -0.876764 -0.440966 -0.00311951 -2.42989e-07 0 0 0
2526 3727 -0.0220373 -0.241563 -0.970135 -0.0249613 -1.83893e-06 0 0 0
4632 2670 0.596527 -0.28322 -0.750961 -0.0106637 -6.14148e-07 0 0 0
4788 5428 0.652667 0.737428 -0.173856 -0.000401356 -3.09948e-08 0 0 0
956 73 0.0406317 -0.263203 0.963885 -0.0243202 -1.99072e-06 0 0 0
4961 2595 0.39739 -0.248566 0.883344 -0.00663637 -5.5928e-07 0 0 1
4513 1820 0.667158 -0.40587 0.624635 -0.00805393 -6.3479e-07 0 0 0
93 1818 -0.886647 0.355255 0.296059 -0.000185345 -1.6838e-08 -1 0 0
1609 4377 0.357959 0.731246 -0.580641 -0.000854198 -6.82188e-08 0 0 0
3236 3810 0.654269 -0.709062 -0.262988 -0.0138442 -1.13368e-06 0 0 0
4394 4095 0.208618 -0.806376 0.553387 -0.00523606 -3.73493e-07 0 0 0
559 1180 0.182168 -0.34212 0.921829 -0.0326691 -2.55273e-06 0 0 0
4394 1708 0.985409 -0.169992 0.00845835 -0.0268156 -1.7949e-06 0 0 0
4961 172 -0.0471093 0.753874 -0.655328 -0.00611618 -5.16723e-07 0 0 1
3097 3632 0.185736 -0.0766228 -0.979608 -0.0162388 -1.20011e-06 0 0 -1
2541 4431 0.728331 0.234345 0.643907 -0.00925783 -6.91906e-07 0 0 0
138 1949 0.523912 0.198758 -0.828258 -0.0211239 -1.24024e-06 0 0 0
757 1789 0.913377 -0.334273 -0.23239 -0.000661893 -5.05517e-08 0 0 0
2344 2215 0.481286 0.856057 0.188495 -0.00201972 -1.43694e-07 0 0 0
586 520 0.794738 -0.116882 -0.595593 -0.00597395 -4.78727e-07 0 0 0
5237 5146 0.468767 -0.671796 0.57354 -0.00519776 -4.0103e-07 0 0 0
3461 39 0.813885 0.485834 0.318679 -0.00235567 -1.79294e-07 0 0 0
2837 457 0.642257 0.264214 0.719512 -0.0123862 -8.22912e-07 0 0 0
2794 2050 0.716228 -0.569753 0.402988 -0.0328425 -2.26576e-06 0 0 0
2794 1823 0.230564 0.931149 0.282491 -0.00685329 -4.69422e-07 0 0 0
3497 5443 0.843954 0.379007 0.3796 -0.00199035 -1.29957e-07 0 0 0
2925 4625 0.121489 -0.242957 -0.962399 -0.00124456 -8.7326e-08 0 0 -1
686 2819 0.446034 -0.558217 0.699605 -0.0185044 -1.61703e-06 0 0 0
686 2465 0.503145 0.489494 0.712208 -0.0152866 -1.23014e-06 0 0 0
4714 1305 0.537852 0.785538 -0.306015 -0.000868132 -6.80919e-08 0 0 -1
2281 2352 -0.189923 0.0570872 -0.980138 -0.0215072 -1.86118e-06 0 0 0
2629 2829 -0.937122 0.211224 -0.277824 -0.00392061 -2.1578e-07 0 0 0
5340 5286 0.329865 -0.276226 0.902712 -0.0274848 -2.21131e-06 0 -1 0
1448 3875 0.238101 -0.871795 0.428114 -0.0282505 -2.3333e-06 0 0 0
2035 3820 0.500294 -0.749055 0.434307 -0.00672289 -4.39349e-07 0 0 0
2287 1450 0.7566 0.0377599 0.652787 -0.0199061 -1.71352e-06 0 0 0
3072 4398 0.655516 -0.112864 0.7467 -0.0027854 -1.82096e-07 0 0 0
660 3326 0.126431 0.925688 -0.356535 -0.00327921 -2.66938e-07 0 0 0
1149 3652 0.81069 -0.564586 -0.154999 -0.0228983 -1.79884e-06 0 0 0
1626 1289 0.791868 -0.445948 0.417223 -0.0125117 -9.84291e-07 0 0 0
4690 1716 0.783819 0.488237 -0.383734 -0.000914073 -6.54527e-08 0 1 0
3072 376 0.441976 -0.72796 -0.524149 -0.0185954 -1.20887e-06 0 0 0
3072 315 0.357962 0.930983 -0.0716532 -0.010056 -6.22929e-07 0 0 0
1857 5316 -0.0679425 -0.961886 0.264876 -0.00606772 -5.00441e-07 0 0 0
3332 5306 0.626993 -0.153694 -0.763714 -0.000434672 -3.55157e-08 0 -1 0
4386 2844 0.669008 0.150488 0.727861 -0.00287399 -2.08695e-07 0 0 0
1382 5329 0.973243 0.0506715 0.22412 -0.0151315 -1.13215e-06 0 0 -1
818 185 -0.887331 0.17019 -0.428578 -0.00391045 -3.33191e-07 0 0 0
3586 4878 0.521063 0.534178 0.665693 -0.0205517 -1.34814e-06 0 0 0
4985 5244 0.441972 0.736778 -0.511683 -0.00814018 -5.64872e-07 0 0 0
2049 2096 0.786393 0.0983952 -0.60984 -0.0206566 -1.3352e-06 0 0 0
2800 4066 -0.0238004 0.0490092 -0.998515 -0.00540006 -4.00959e-07 -1 0 0
3222 2799 0.639264 0.111829 -0.760812 -0.00499728 -4.76404e-07 0 0 0
4203 26 0.410338 0.542495 -0.733023 -0.0138561 -1.15873e-06 0 0 0
4914 2116 -0.0187887 0.602204 -0.798121 -0.0301757 -2.59757e-06 0 0 0
3424 660 0.717191 0.696399 0.0257748 -0.00545862 -3.42523e-07 0 0 0
4430 1609 0.573196 0.304991 0.760544 -0.000874876 -6.45918e-08 0 0 0
4193 953 0.305051 0.379746 -0.873348 -0.00717408 -5.63249e-07 0 0 0
4300 267 0.892767 0.168401 -0.417861 -0.000799895 -6.86062e-08 0 0 0
4626 1750 0.944146 -0.309856 -0.112148 -0.00174688 -1.33851e-07 0 0 0
1599 467 0.257469 -0.0800507 0.962965 -0.00271771 -2.26025e-07 0 0 0
2829 1854 -0.326172 -0.791863 -0.516299 -0.0041392 -3.8633e-07 0 0 0
269 4112 0.394286 0.754709 0.524359 -0.0191489 -1.22016e-06 0 0 0
1595 5108 0.611572 -0.345232 -0.711896 -0.0498591 -3.38542e-06 0 0 0
1595 3055 0.359335 -0.0347402 0.932562 -0.0330972 -2.31514e-06 0 0 0
5133 4499 0.129141 0.624698 -0.770113 -0.00288786 -1.84944e-07 0 0 0
4294 2259 0.985623 -0.066526 0.155314 -0.0144299 -1.0664e-06 0 0 0
3550 1594 0.420021 -0.831203 0.364258 -0.0147342 -1.03685e-06 0 0 0
3550 2002 0.369808 0.724344 -0.581866 -0.020676 -1.60465e-06 0 0 0
635 3724 0.510314 0.0663117 -0.857428 -0.00785012 -6.01565e-07 0 0 0
201 618 0.0187643 0.245557 -0.9692 -0.0286143 -2.28567e-06 0 0 0
5007 961 0.240364 0.075909 -0.96771 -0.00318311 -2.12944e-07 0 0 0
2510 4481 0.955136 -0.296031 0.00901462 -0.00293455 -2.11635e-07 0 0 0
5007 5065 0.698955 0.705833 0.115159 -0.0133305 -8.85491e-07 0 0 0
3631 5054 -0.0399517 -0.461734 0.886118 -0.0274231 -2.20005e-06 0 0 0
2419 639 -0.0669983 -0.286354 -0.955779 -0.00538463 -4.65124e-07 0 0 0
800 3148 0.605593 0.781823 -0.148356 -0.00345826 -2.90283e-07 0 0 0
5020 5026 0.829979 -0.511802 0.221796 -0.00209992 -1.99154e-07 0 0 0
4301 230 0.390246 -0.847188 0.360528 -0.0089852 -8.17508e-07 0 0 0
1419 3392 0.106223 0.232452 -0.96679 -0.0514978 -4.52209e-06 0 0 0
1419 767 0.141034 -0.979855 0.141399 -0.011136 -1.04053e-06 0 0 0
3237 3034 0.666799 -0.399782 -0.62893 -0.0139444 -1.20121e-06 0 0 0
2015 2276 0.364057 0.920538 -0.141679 -0.00317596 -2.73902e-07 0 0 0
3434 4295 -0.350572 -0.853115 0.386387 -0.000138328 -1.04548e-08 -1 0 0
3972 1814 0.127739 -0.208881 -0.969562 -0.0268057 -2.29634e-06 0 0 0
730 5393 0.895512 0.122395 -0.427877 -0.0131769 -7.95903e-07 0 0 0
3413 4632 0.305676 -0.294735 -0.905369 -0.0209423 -1.43477e-06 0 0 0
2576 973 0.208532 -0.976853 -0.0476735 -0.0127837 -8.07139e-07 0 0 0
3860 42 -0.131908 0.97242 -0.192351 -0.00565091 -5.07206e-07 0 0 0
1991 3140 0.163738 0.63153 -0.757866 -0.0177849 -1.5111e-06 0 0 0
894 3897 0.922508 0.192939 0.334297 -0.00442536 -4.12452e-07 0 0 0
1082 4823 -0.213982 -0.974645 -0.0654133 -0.00159427 -1.2454e-07 0 0 0
1005 933 0.503767 0.17826 -0.845247 -0.00490594 -2.80361e-07 0 0 0
2435 3314 0.478184 -0.851947 -0.213369 -0.0062629 -5.04806e-07 0 0 0
1786 3202 0.955774 -0.0318409 -0.292374 -0.00661503 -4.05929e-07 0 0 0
1191 1127 0.0775844 0.349896 -0.93357 -0.000566752 -5.11783e-08 0 0 0
1992 2414 0.577044 0.378192 0.723872 -0.00604473 -4.01351e-07 0 0 0
2305 3289 0.0358073 0.702462 0.71082 -0.00261953 -1.85721e-07 0 0 0
1388 5504 0.45934 0.505694 -0.730261 -0.00245312 -1.65007e-07 0 0 0
3631 2913 0.255052 0.379271 -0.889439 -0.0264358 -2.28652e-06 0 0 0
2754 4622 0.156252 -0.949068 0.273596 -0.00694068 -5.24296e-07 0 0 0
19 4316 0.284757 -0.197489 -0.938036 -0.00211683 -1.75244e-07 0 0 0
54 3625 -0.108423 0.159153 0.981282 -0.0106863 -8.40986e-07 0 0 0
532 3833 0.490633 -0.551739 0.674435 -0.00772022 -6.44028e-07 0 0 0
522 5414 0.939891 -0.190898 -0.28313 -0.00591823 -4.97303e-07 0 0 0
2937 4711 0.0440554 0.51073 0.858612 -0.00841677 -6.73895e-07 0 0 0
1641 950 0.189361 -0.756663 -0.625782 -0.00344785 -2.5842e-07 0 0 0
2775 3235 -0.997389 0.0248131 -0.0678156 -0.00348344 -2.8946e-07 0 0 0
1641 3186 0.500825 0.590705 0.632647 -0.00430441 -3.04993e-07 0 0 0
1377 1914 0.424791 -0.0102834 0.905233 -0.00486293 -3.74126e-07 0 0 0
2402 3131 0.502211 0.0498897 0.863305 -0.00419009 -2.97842e-07 0 0 0
2754 3207 0.788361 -0.218973 0.574924 -0.0048289 -3.84752e-07 0 1 0
1990 683 0.131481 0.353352 0.926205 -0.035452 -2.23804e-06 0 0 0
3531 5485 0.573396 0.817712 -0.0506365 -0.00472684 -3.6045e-07 0 0 0
1600 3376 0.902455 0.226872 0.366201 -0.0146412 -1.16022e-06 0 0 0
5211 2273 0.501844 -0.336732 0.796721 -0.0240131 -1.65555e-06 0 0 0
1215 1209 0.791774 -0.463289 -0.398067 -0.00810249 -4.81345e-07 0 0 0
3708 2213 0.855097 0.305201 0.419121 -0.0208572 -1.75619e-06 0 0 0
3708 1419 0.0252431 0.129016 -0.991321 -0.047959 -3.9355e-06 0 0 0
2270 4370 0.874867 0.121365 0.468912 -0.0189922 -1.45834e-06 0 0 0
3242 1637 0.604456 -0.477746 -0.637489 -0.0252629 -1.80491e-06 0 0 0
2546 2261 0.125075 -0.249324 -0.960309 -0.00779336 -5.17279e-07 0 0 0
4325 1008 0.417087 0.128231 0.899775 -0.0133058 -1.03061e-06 0 0 1
1056 2798 0.758798 -0.0429827 0.649906 -0.015138 -9.7386e-07 0 0 0
4325 948 0.631897 -0.499223 -0.592859 -0.0261323 -1.83094e-06 0 0 0
3897 3649 0.683364 0.391252 -0.616389 -0.00349375 -3.05378e-07 0 0 0
2365 505 0.0431684 0.958131 -0.283056 -0.0165888 -1.46581e-06 0 0 0
2648 3226 0.441643 -0.422998 -0.791217 -0.00546666 -4.14128e-07 0 0 0
5248 4080 0.578518 0.708647 0.403902 -0.0131054 -1.05159e-06 0 0 0
2648 3748 0.844423 0.520304 -0.12741 -0.0105735 -7.51166e-07 0 1 0
5248 3237 0.459411 -0.553467 -0.694706 -0.0141497 -1.2338e-06 0 0 0
3371 2953 0.279242 0.60109 0.748809 -0.00126867 -1.03973e-07 0 0 0
3371 497 0.660237 -0.260732 -0.704348 -0.000383965 -3.18532e-08 0 0 0
5346 3006 0.187669 -0.358828 -0.914343 -0.000943341 -8.586e-08 0 0 0
1919 2615 0.269092 -0.408279 -0.872295 -0.0300145 -2.72606e-06 0 0 0
1919 103 0.120033 -0.00248798 0.992767 -0.0232177 -1.8345e-06 0 0 0
2365 1658 0.770622 -0.314869 -0.554076 -0.029679 -2.59177e-06 0 0 0
2695 3894 0.151844 0.769386 -0.620475 -0.00389008 -2.99706e-07 0 0 0
2562 632 0.564697 -0.538218 0.62565 -0.0197489 -1.23116e-06 0 0 0
2607 4534 0.653368 -0.673024 -0.346625 -0.00510534 -3.93576e-07 0 0 0
729 1834 0.128996 0.730593 0.670517 -0.0144677 -1.33127e-06 0 0 0
1794 2344 0.0626329 0.787108 -0.613627 -0.0128579 -9.65619e-07 0 0 0
1671 1588 0.908204 -0.169108 -0.382843 -0.000626434 -6.13125e-08 0 0 0
3473 1845 0.521064 0.793141 -0.31531 -0.0129417 -1.08327e-06 0 0 0
2239 1930 0.916092 0.307596 -0.257215 -0.00710336 -5.77484e-07 0 0 0
2343 4855 0.327944 -0.300044 -0.895783 -0.0244017 -1.73708e-06 0 0 0
1794 4786 0.689524 0.724151 0.0127445 -0.00996279 -7.74172e-07 0 0 0
873 688 0.280774 -0.912584 0.297248 -0.0047122 -3.42663e-07 0 0 0
3093 4067 0.860424 -0.490118 0.139481 -0.0088176 -8.09921e-07 0 0 0
1199 3278 0.123104 0.463165 -0.877681 -0.0206781 -1.10758e-06 0 0 0
4802 4289 0.126035 -0.637847 0.75978 -0.0297513 -2.60486e-06 0 0 0
3386 5443 0.82182 -0.117618 -0.557474 -0.00257307 -1.69501e-07 0 0 0
1164 864 0.739817 -0.426029 0.52074 -0.00468363 -3.70382e-07 0 0 0
1080 2178 0.548779 -0.000494713 -0.835967 -0.0112033 -1.07032e-06 0 0 0
4192 1511 0.373343 0.435099 0.819332 -0.0242213 -1.93001e-06 0 0 0
2562 776 0.499266 0.832918 -0.238706 -0.00885918 -5.31251e-07 0 0 0
3288 2865 0.241214 -0.675598 -0.696694 -0.0288486 -2.24464e-06 0 0 0
1921 524 -0.00248347 0.949135 -0.314859 -0.000974142 -7.67342e-08 0 0 0
3747 5509 0.325733 0.377862 -0.866671 -0.0348755 -2.08236e-06 0 0 0
3084 3329 0.822999 -0.332816 -0.460333 -0.00249803 -1.75297e-07 0 0 0
4708 5328 0.605519 0.734713 0.30585 -0.00142971 -1.0572e-07 0 0 0
511 3830 0.305161 0.263878 0.915011 -0.00470735 -3.91828e-07 0 0 0
3593 4746 0.325704 -0.908026 0.263448 -0.0101695 -8.22341e-07 0 0 0
3593 3972 0.220546 0.765706 -0.604196 -0.0185404 -1.41171e-06 0 0 0
4807 4571 -0.0974914 -0.678846 0.72778 -0.0198909 -1.52406e-06 0 0 0
4879 895 0.0751217 -0.967428 0.241744 -0.0110197 -9.53681e-07 0 0 0
440 3547 0.881542 -0.177517 0.437461 -0.00872888 -7.19821e-07 0 0 0
4069 752 0.753276 -0.281188 0.594566 -0.014875 -1.01646e-06 0 0 0
4268 3218 0.280806 -0.65327 -0.703126 -0.00979167 -7.84922e-07 0 0 0
2615 3186 0.295167 0.224165 -0.928777 -0.0269908 -2.09072e-06 0 0 0
1927 4215 0.233371 -0.941506 0.243114 -0.0130398 -9.19017e-07 0 0 0
3594 2663 0.346476 -0.166523 -0.92316 -0.0160672 -1.02897e-06 0 0 0
170 2730 -0.0443533 -0.693979 0.718628 -0.0139079 -1.25019e-06 0 0 0
1832 2625 -0.0141879 0.476029 -0.879315 -0.0243424 -1.80778e-06 0 0 -1
4786 2708 0.323489 0.0361077 -0.945543 -0.0181319 -1.35364e-06 0 0 0
4865 5233 0.266328 0.939523 0.215327 -0.0192488 -1.51416e-06 0 0 1
1832 929 0.520971 0.0663304 0.850993 -0.00797312 -4.68781e-07 0 0 0
3717 2440 0.742552 -0.270438 -0.612763 -0.0167175 -1.20962e-06 0 0 0
2801 439 0.401205 0.833151 -0.380649 -0.00210637 -1.85545e-07 0 0 0
2581 5184 -0.0667943 -0.325774 -0.943085 -0.00532368 -3.95621e-07 0 0 0
148 2983 0.688554 -0.0318492 0.724486 -0.0107912 -8.29461e-07 0 0 0
3044 4316 0.815736 0.493423 -0.301842 -0.00182469 -1.35711e-07 0 0 0
2502 3971 0.019697 -0.631495 -0.77513 -0.00656184 -5.7664e-07 0 0 0
2753 387 0.248963 0.389062 -0.886932 -0.0108831 -8.74551e-07 0 0 0
268 3103 -0.324668 -0.764606 0.556749 -0.00593784 -5.01579e-07 0 0 0
4608 4861 0.678221 -0.369237 -0.635358 -0.0167328 -1.13783e-06 0 0 0
3733 821 0.38722 0.708737 0.589705 -0.0136402 -1.13837e-06 0 0 0
2502 1680 0.926977 0.296156 0.230228 -0.00740656 -5.68744e-07 0 0 0
3733 5286 0.675941 0.218415 -0.703846 -0.0340785 -2.69426e-06 0 -1 0
3889 2595 0.514582 0.676646 0.526646 -0.00488141 -3.76659e-07 0 0 0
2113 5163 0.278394 0.133026 0.95121 -0.00139613 -1.13463e-07 0 0 0
832 1205 0.102045 0.625429 0.77358 -0.00441324 -3.31046e-07 0 0 0
3795 995 0.817246 -0.00390266 -0.576276 -0.00312115 -1.90587e-07 0 0 0
1320 3039 0.243624 -0.636716 0.731601 -0.00400749 -3.35556e-07 0 0 0
2466 4801 0.207431 -0.250254 0.945698 -0.0229644 -1.69496e-06 0 0 0
4999 3543 0.497758 -0.865998 -0.0478006 -0.00284283 -2.1145e-07 0 0 0
2466 3717 0.325231 0.110681 -0.939135 -0.0267773 -1.8644e-06 0 0 0
4879 801 0.694123 -0.31472 0.647414 -0.004131 -2.44559e-07 0 0 0
4879 1681 0.610358 0.0499051 -0.790552 -0.0373879 -2.62583e-06 0 0 0
1760 1148 0.296368 0.307996 -0.904049 -0.00809857 -6.96743e-07 0 0 0
3174 3575 0.787124 0.544631 0.289506 -0.0112401 -9.18843e-07 0 0 0
1484 5467 0.968496 0.189621 0.161429 -0.00468476 -3.60705e-07 0 0 0
898 4592 0.412939 0.305919 -0.857844 -0.0112913 -7.95323e-07 0 0 0
144 3838 0.294345 -0.818174 0.493916 -0.0122412 -9.29679e-07 0 0 0
4082 2450 0.96772 -0.100141 0.231277 -0.0191212 -1.42915e-06 0 0 0
1381 4362 0.272684 -0.952895 0.132797 -0.00590448 -4.64685e-07 0 0 0
4476 5426 0.282652 -0.25146 -0.925676 -0.000266863 -2.22687e-08 0 0 0
2352 1265 0.266174 -0.959854 -0.088492 -0.00705768 -6.09694e-07 0 0 0
1484 4201 0.0930066 0.416498 -0.904367 -0.00729292 -6.25685e-07 0 0 0
3712 2414 0.690186 -0.341627 -0.637914 -0.00421413 -3.08544e-07 0 0 0
1014 4006 0.276875 -0.841584 0.463764 -0.0239648 -2.00834e-06 0 0 0
191 2361 0.6222 0.491369 -0.609445 -0.0313303 -2.49772e-06 0 0 0
1014 5264 0.705911 0.0774848 0.70405 -0.0336335 -2.68377e-06 0 0 0
294 3747 0.87353 -0.448799 -0.188481 -0.0063844 -5.80123e-07 0 0 0
2348 647 0.82003 -0.393186 -0.415881 -0.00467914 -3.91224e-07 0 0 0
3536 885 0.658824 -0.293646 0.692621 -0.00532725 -4.24215e-07 0 0 0
1484 172 -0.182629 -0.115427 0.976383 -0.0250602 -2.04944e-06 0 0 1
597 258 0.345851 -0.92938 0.128994 -0.00373323 -2.76258e-07 0 0 0
4829 5147 0.442575 -0.891599 0.0958087 -0.00744128 -5.96693e-07 0 0 0
1320 2950 0.261365 -0.96263 -0.0709303 -0.012546 -1.02344e-06 0 0 0
3572 1188 0.571663 -0.537955 0.619521 -0.00479309 -3.50649e-07 0 0 0
2175 1430 -0.936097 -0.332569 0.114546 -0.00257599 -2.04101e-07 0 0 0
961 3112 0.590268 0.436107 -0.67926 -0.00489077 -3.58064e-07 0 0 0
4082 1216 0.234831 0.579733 -0.780233 -0.00554968 -4.61439e-07 0 0 0
3074 2394 0.134811 0.0163884 -0.990736 -0.0177697 -1.06413e-06 0 0 0
961 743 0.978313 -0.166661 -0.122992 -0.0174064 -1.40333e-06 0 0 0
444 1320 0.323295 -0.242858 -0.914604 -0.0682191 -4.66029e-06 0 0 0
444 3529 0.17107 0.894974 0.412016 -0.028312 -2.49902e-06 0 0 0
158 1766 0.8652 0.0636779 -0.497366 -0.002149 -1.52863e-07 0 0 0
3989 2591 0.879121 -0.443418 -0.174719 -0.0101904 -7.2668e-07 0 0 -1
2247 558 0.063182 -0.743741 0.665476 -0.00807207 -7.08461e-07 0 0 0
410 3424 0.6485 -0.308429 0.695931 -0.0149173 -9.27956e-07 0 0 0
2197 4312 0.416733 0.308509 -0.855077 -0.0186078 -1.6696e-06 0 0 0
1134 5190 0.919415 0.0734155 -0.386375 -0.0413489 -3.09358e-06 0 0 -1
3683 1887 0.732486 -0.567857 -0.375503 -0.0147995 -1.09994e-06 0 0 0
1887 1615 0.873813 0.452649 0.177649 -0.019308 -1.41565e-06 0 0 0
5163 1984 0.271416 -0.104412 0.956782 -0.00430144 -3.42928e-07 0 0 0
1134 2278 0.130711 -0.0526139 0.990023 -0.0446318 -3.28455e-06 0 0 0
5336 492 0.193123 0.256235 0.947126 -0.00488524 -3.7852e-07 0 0 0
4816 2463 0.81592 -0.522075 0.248419 -0.0274515 -2.38522e-06 0 -1 0
1103 5156 0.94202 -0.327375 0.0736451 -0.00275922 -2.30319e-07 0 0 0
3056 2794 0.363129 -0.260663 0.894535 -0.0387223 -2.67412e-06 0 0 0
3675 5104 0.140913 -0.256724 0.956157 -0.0154477 -1.26761e-06 0 0 0
1523 3925 0.182196 -0.185095 -0.965683 -0.00171585 -1.44843e-07 0 0 0
104 5265 0.890593 0.442743 0.10403 -0.00426855 -2.58052e-07 0 0 0
3191 1865 0.0305615 -0.561309 -0.827042 -0.0209068 -1.88033e-06 0 0 0
4361 3687 0.824801 -0.14216 -0.54726 -0.0238703 -1.98514e-06 0 0 0
2711 5340 0.0480061 -0.0858384 0.995152 -0.0284393 -2.46042e-06 0 0 0
4435 44 0.13573 0.562462 0.815606 -0.00573351 -4.39183e-07 0 0 0
1486 2821 0.800236 -0.171549 -0.574625 -0.0223951 -1.86996e-06 0 0 0
3723 3419 0.724321 0.283214 -0.628608 -0.0110396 -8.8307e-07 0 0 0
2612 2860 0.53874 0.459087 -0.706398 -0.00283633 -2.24502e-07 0 0 0
1796 845 0.255041 0.564798 -0.784829 -0.0458431 -3.97603e-06 0 0 0
4617 5126 0.782893 -0.0477085 0.620324 -0.0169156 -1.52092e-06 0 0 1
3092 3927 0.914231 -0.345288 0.212034 -0.0109608 -8.02717e-07 0 0 0
2100 3235 0.0960274 0.317581 -0.943356 -0.0233493 -1.86685e-06 0 0 0
4410 4229 0.188376 -0.972449 -0.13732 -0.00669978 -4.02757e-07 0 0 0
2100 2002 0.435207 0.524048 0.732099 -0.0128039 -1.17191e-06 0 0 0
1724 3966 0.42255 -0.782125 0.457965 -0.00179311 -1.55852e-07 0 0 0
1579 4432 0.212946 0.442583 -0.871076 -0.0157065 -8.90533e-07 0 0 0
3285 376 0.703641 0.670002 -0.236616 -0.010312 -7.60906e-07 0 0 0
4772 2532 0.447383 -0.00357054 0.894335 -0.0116326 -9.76081e-07 0 0 1
3129 849 0.770477 -0.554649 0.314214 -0.0184947 -1.59238e-06 0 0 0
4772 841 0.637765 0.485154 -0.598232 -0.0102654 -5.70587e-07 0 0 0
3285 3056 -0.0622761 -0.499536 0.864052 -0.0286111 -1.96105e-06 0 0 0
982 791 0.943021 0.0588272 0.327492 -0.00372034 -2.89326e-07 0 0 0
4273 140 0.545737 -0.0128883 -0.837857 -0.011925 -1.06416e-06 0 0 0
313 2429 0.684713 -0.668011 0.291425 -0.00550264 -3.92598e-07 0 0 0
1485 1022 0.466458 0.764057 -0.445682 -0.0190407 -1.60934e-06 0 0 0
3573 2652 0.319866 -0.188308 -0.928561 -0.00122852 -8.97406e-08 0 0 0
933 101 0.37021 -0.73106 -0.573146 -0.0159853 -1.25151e-06 0 0 0
933 3271 0.554593 0.325393 0.765863 -0.0203194 -1.26315e-06 0 1 0
5040 2641 0.464474 0.169678 0.869179 -0.0227189 -1.45466e-06 0 0 0
3740 4797 0.550882 -0.236215 -0.800457 -0.0294576 -2.30715e-06 0 0 0
2502 3159 0.220929 0.951284 0.215056 -0.00224031 -1.73175e-07 0 0 0
4033 1801 0.747347 -0.18839 0.637167 -0.0149428 -1.0177e-06 0 0 0
1621 3215 0.42693 0.332656 -0.840875 -0.0129803 -8.05521e-07 0 0 0
1621 3265 0.542755 -0.0887138 0.835192 -0.0106966 -7.60443e-07 0 0 0
2480 4455 0.961228 -0.110491 -0.252649 -0.0135196 -7.50028e-07 0 0 0
3015 504 0.658687 -0.435981 0.61323 -0.00897843 -7.5656e-07 0 0 0
2480 821 0.270206 -0.264465 -0.925769 -0.0132976 -1.07778e-06 0 0 0
3560 4006 0.0233198 0.997491 -0.0668405 -0.0276071 -2.58429e-06 0 0 0
1141 2376 0.449533 -0.247467 -0.858301 -0.00305684 -2.25883e-07 0 0 0
4953 4265 0.436471 -0.290612 0.851492 -0.0195845 -1.4695e-06 0 0 0
1370 4622 0.52423 0.805333 0.276805 -0.0101445 -7.03801e-07 0 0 0
4249 2722 -0.213196 0.422878 -0.880751 -0.0101169 -9.42844e-07 0 0 0
2786 479 0.657626 -0.119885 0.743744 -0.0119165 -7.98842e-07 0 0 0
892 2480 0.314733 -0.663859 0.678405 -0.0190422 -1.41704e-06 0 0 0
2212 4801 -0.0252006 0.680898 -0.731944 -0.0340474 -2.18016e-06 0 0 0
2212 4802 0.0457749 -0.158345 0.986322 -0.0332095 -2.77701e-06 0 0 0
3747 2727 0.956956 -0.127049 0.260948 -0.00607805 -3.88292e-07 0 0 0
2198 1683 0.289332 -0.557817 -0.7779 -0.00739338 -5.92449e-07 0 0 0
466 2976 0.33596 -0.904501 -0.262696 -0.000804195 -5.81914e-08 0 0 0
1487 4596 -0.057192 -0.829194 0.556027 -0.00331501 -2.8087e-07 0 0 0
707 579 0.323858 -0.792132 0.517342 -0.0198635 -1.3936e-06 0 0 0
3397 4114 0.258193 0.296559 -0.91945 -0.0172174 -1.32854e-06 0 0 0
2265 4187 0.536624 -0.842346 0.0498793 -0.00701541 -5.41223e-07 0 0 0
183 4900 0.249449 0.670174 0.699029 -0.0184476 -1.58769e-06 0 0 0
2052 801 0.689497 0.27664 -0.669376 -0.00537007 -3.19223e-07 0 0 0
43 4095 0.0617824 0.520829 0.851423 -0.00444329 -3.3421e-07 0 0 0
3944 3916 0.406465 0.276491 -0.870827 -0.00156323 -9.43195e-08 0 0 0
43 3322 0.641881 -0.759658 -0.104445 -0.0114434 -8.04818e-07 0 0 0
2752 3505 0.264567 -0.613371 -0.744164 -0.00335212 -2.76092e-07 0 0 0
3017 1596 0.306382 -0.666212 -0.67992 -0.00080868 -5.30471e-08 0 0 0
3385 1297 0.424784 0.824722 0.373353 -0.00281486 -1.98359e-07 0 0 0
972 3990 0.163366 -0.360861 0.9182 -0.00681699 -5.34869e-07 0 0 0
3901 3885 -0.0817328 -0.13189 -0.987889 -0.0382152 -3.21557e-06 0 0 0
4362 1309 0.0745657 0.26078 -0.962514 -0.00466898 -3.99439e-07 0 0 -1
1827 3772 0.752813 0.612264 -0.24167 -0.00549892 -4.57e-07 0 1 0
5289 3680 0.91682 0.398818 -0.0196171 -0.0127977 -1.13562e-06 0 0 0
3857 62 0.603422 0.442977 0.663064 -0.00476068 -3.72158e-07 0 0 0
4218 4962 0.64152 -0.762966 0.0795915 -0.0035822 -2.839e-07 0 0 0
4885 191 0.290628 0.784019 -0.548497 -0.00854701 -6.95677e-07 0 0 0
1586 1478 -0.00527126 -0.656982 -0.753888 -0.0318604 -2.12393e-06 0 0 0
2593 4739 0.219832 0.706232 0.672986 -0.00399452 -3.93334e-07 0 0 0
2605 2539 0.346034 -0.93499 -0.0778048 -0.00418288 -4.05333e-07 0 0 -1
4748 3996 0.470203 -0.870093 0.147808 -0.00376008 -2.90466e-07 0 0 0
321 4867 -0.238789 -0.132078 -0.962047 -0.00598693 -4.5196e-07 0 0 0
4979 2775 0.314455 -0.710502 0.629527 -0.0165896 -1.55689e-06 0 0 0
2933 545 0.584356 -0.256998 0.769727 -0.00320665 -2.47022e-07 0 0 0
3446 2435 0.0648132 0.24395 0.967619 -0.0284381 -2.34451e-06 0 0 0
3986 2187 0.176981 0.835496 0.520216 -0.0026624 -1.8774e-07 0 0 0
2528 697 0.809456 -0.0869244 -0.580711 -0.0111061 -7.61376e-07 0 0 0
5216 520 0.124002 0.644551 -0.754439 -0.000152691 -1.17579e-08 0 0 0
516 1380 0.0333751 0.29978 -0.953424 -0.00843373 -6.85211e-07 0 1 0
3446 3753 0.878781 0.419867 -0.226838 -0.0147167 -1.13703e-06 0 0 0
221 353 -0.0156138 0.957233 0.288898 -0.0018896 -1.50271e-07 0 0 0
4990 2047 -0.156059 -0.878041 -0.452426 -0.00842541 -6.55864e-07 0 0 0
2196 3766 0.212697 0.731319 0.648022 -0.00426394 -3.68302e-07 0 0 0
4990 3919 0.33281 0.619263 -0.711162 -0.00746651 -5.80719e-07 0 0 0
5298 2473 -0.0772212 0.855423 0.512141 -0.00989016 -7.24078e-07 0 0 0
3250 2343 0.365776 -0.613473 -0.699899 -0.0199109 -1.5717e-06 0 0 0
3250 3889 0.0325517 0.524668 0.850684 -0.0170287 -1.29319e-06 0 0 1
5096 4386 0.318417 0.339116 -0.885218 -0.00712933 -5.97801e-07 0 0 0
4816 2278 0.173082 -0.0169699 -0.984761 -0.0560882 -3.87695e-06 0 0 0
2420 4676 0.786211 -0.617743 0.0162778 -0.00775449 -6.29807e-07 0 0 0
1922 3764 0.522174 -0.509161 -0.684171 -0.00523943 -4.75945e-07 0 0 0
4361 1647 0.0492764 0.789587 -0.611657 -0.00888605 -7.009e-07 0 0 0
4160 181 0.803886 0.0332067 -0.593855 -0.0109134 -8.37332e-07 0 0 0
3328 730 0.996983 0.0610141 -0.0479867 -0.0127141 -1.02141e-06 0 0 0
73 2783 0.641497 -0.620027 -0.451716 -0.00354787 -2.72378e-07 0 0 0
2046 1894 0.417213 -0.855071 -0.307873 -0.00736128 -5.48168e-07 0 0 0
5100 3218 0.736704 0.244544 -0.630448 -0.0129362 -8.88528e-07 0 0 0
5316 4394 0.413403 0.599344 0.685481 -0.00543418 -4.65059e-07 0 0 0
5415 340 0.152812 0.906881 -0.392703 -0.0120392 -8.91302e-07 0 0 0
702 4064 0.785012 -0.532078 -0.317254 -0.00963907 -8.53701e-07 0 0 0
1313 4802 -0.0088639 0.943814 0.330358 -0.00413656 -3.61928e-07 0 0 0
5063 542 0.274804 0.431827 0.859074 -0.00764037 -5.12243e-07 0 0 0
2761 4742 0.311116 0.671177 0.672851 -0.00552725 -3.62431e-07 0 0 1
4917 4398 0.393566 -0.917813 -0.052204 -0.019316 -1.60267e-06 0 0 0
144 1106 -0.186225 -0.185614 -0.964815 -0.00447749 -3.60969e-07 0 0 0
1313 4641 0.64032 0.340089 -0.688716 -0.019806 -1.58927e-06 0 0 0
1515 1603 0.575294 0.815425 0.0641706 -0.00310377 -1.99453e-07 0 0 0
279 4571 0.565038 -0.0785251 -0.821319 -0.0175813 -1.43288e-06 0 0 0
513 13 0.671041 -0.513918 0.534409 -0.0112628 -9.21526e-07 0 0 0
4801 3314 0.477446 0.485029 0.732661 -0.00622419 -4.40862e-07 0 0 0
5273 1484 0.62286 -0.622328 -0.474082 -0.00190925 -1.46392e-07 0 0 0
384 2983 0.622895 -0.677997 -0.390284 -0.00268507 -2.1407e-07 0 0 0
3813 589 0.992999 -0.0546443 -0.104726 -0.00423313 -2.81709e-07 0 0 0
5242 3094 0.821097 0.0929401 0.563172 -0.0137048 -1.10241e-06 0 0 0
4035 1467 0.459949 -0.281382 -0.842182 -0.0347214 -2.48962e-06 0 0 0
2138 5173 -0.0914766 -0.581138 -0.808647 -0.0114804 -9.56218e-07 0 0 0
3149 3784 0.768006 -0.435818 -0.469286 -0.0180386 -1.2411e-06 0 0 0
4587 1234 0.18288 -0.519035 -0.83496 -0.0169198 -1.40532e-06 0 0 0
3654 579 0.300813 0.871529 -0.387232 -0.00404193 -3.08698e-07 0 0 0
1386 1115 0.767933 0.545655 -0.335469 -0.00548534 -5.05699e-07 0 0 0
3493 3912 0.240112 0.476924 0.845511 -0.0270616 -1.75611e-06 0 0 0
3493 1149 0.212432 -0.224832 -0.950959 -0.0527177 -4.27601e-06 0 0 0
623 1519 0.938183 0.22991 -0.258756 -0.00164076 -1.04744e-07 0 0 0
1595 1102 0.127025 0.777029 -0.616514 -0.00886106 -6.22215e-07 0 0 0
1386 4201 0.689468 -0.00738865 0.724278 -0.0195654 -1.52568e-06 0 0 0
4278 5108 0.802609 -0.176514 0.569791 -0.0266821 -2.27283e-06 0 0 0
5211 223 0.350496 0.899274 -0.261646 -0.0100428 -6.66211e-07 0 0 0
4530 2625 -0.126181 -0.921683 -0.366849 -0.00697223 -5.48118e-07 0 0 0
4530 3152 0.122752 -0.33112 0.93557 -0.0300655 -2.46965e-06 0 0 1
1467 350 0.446088 0.549432 0.706491 -0.00914549 -6.71362e-07 0 0 0
735 3455 0.387312 0.656948 -0.646845 -0.00526575 -3.92082e-07 0 0 0
1594 3867 0.784126 -0.561267 0.264814 -0.0163059 -1.11142e-06 0 0 0
2928 3074 0.749414 0.0488359 0.660298 -0.00706501 -5.62197e-07 0 0 0
5468 1485 0.787973 0.294361 0.540787 -0.0070146 -6.04249e-07 0 0 0
4851 2575 0.784405 -0.557515 0.271821 -0.0066173 -4.80113e-07 0 0 0
1764 4199 0.281545 -0.0799695 0.95621 -0.00982539 -6.3952e-07 0 0 0
3968 5361 0.420797 0.763292 -0.490219 -0.0029895 -1.91051e-07 0 0 0
744 3006 0.660124 -0.156068 0.734765 -0.0139841 -1.24106e-06 0 0 0
3146 101 0.636035 -0.0387883 0.770685 -0.00103139 -8.46121e-08 0 0 0
2047 1342 0.502502 0.022725 0.864277 -0.0256495 -1.5646e-06 0 0 0
4373 3014 0.933319 0.240359 0.266727 -0.0048168 -3.87979e-07 0 0 0
744 4879 0.289484 -0.58559 -0.757155 -0.0298357 -2.73647e-06 0 0 0
2905 1173 0.563798 -0.823717 -0.0601849 -0.00714179 -5.34459e-07 0 0 0
5487 322 0.663639 0.0732696 -0.744456 -0.000825828 -6.11101e-08 0 0 0
2047 3364 0.895604 -0.332656 -0.295353 -0.00381968 -2.35538e-07 0 0 0
4668 702 0.643675 -0.690853 0.329248 -0.00188826 -1.30091e-07 0 0 0
1182 4288 0.700961 0.694245 -0.163332 -0.0141164 -1.00485e-06 0 0 0
2310 1893 -0.0605103 0.59275 -0.80311 -0.0177232 -1.48341e-06 0 0 0
48 2026 0.260055 0.415028 -0.87185 -0.00658938 -4.50726e-07 0 0 0
4718 4445 0.81553 0.534907 -0.220874 -0.00193822 -1.60362e-07 0 0 0
2868 1892 0.738344 -0.246233 -0.627867 -0.00907357 -6.48064e-07 0 0 0
4816 1583 0.508929 0.170789 0.843696 -0.018957 -1.65286e-06 0 0 0
2961 1227 0.479043 0.326762 0.814705 -0.0140734 -1.29773e-06 0 0 0
2448 3686 0.622364 0.0570851 -0.780644 -0.018119 -1.38452e-06 0 0 0
3875 1147 0.694219 -0.499232 0.518486 -0.0391968 -3.61545e-06 0 0 0
5216 3004 0.222352 0.898644 0.378151 -0.000897499 -7.1612e-08 0 0 0
3398 3332 0.663952 0.652844 -0.364641 -0.00108557 -8.45673e-08 0 1 -1
2799 2826 0.603145 0.398838 0.690756 -0.00238303 -1.90188e-07 0 0 0
345 1427 0.536716 -0.451786 0.712618 -0.0124527 -1.11175e-06 0 0 0
3378 3161 0.938406 -0.08842 0.33403 -0.0159026 -1.25324e-06 0 0 0
5494 3359 0.737016 0.483072 -0.472704 -0.0121618 -9.67531e-07 0 0 0
2279 796 -0.00732335 -0.650863 0.75916 -0.000780954 -6.96927e-08 0 0 0
408 4033 0.27736 -0.315216 -0.907585 -0.0116371 -7.92551e-07 0 0 0
4990 2860 0.00475717 0.770619 0.637278 -0.001625 -1.27615e-07 0 0 0
2764 1486 0.629321 -0.0489024 -0.775605 -0.0271136 -2.36424e-06 0 0 0
4033 3424 0.189005 0.653786 -0.732694 -0.0177924 -1.26268e-06 0 0 0
3394 3322 0.614574 0.402083 0.678696 -0.0269287 -2.0892e-06 0 0 0
4048 1671 -0.115606 0.638433 -0.760946 -0.00405662 -3.90551e-07 0 0 0
720 943 0.253486 -0.910909 -0.325559 -0.00178228 -1.37193e-07 0 0 0
1978 4710 0.540156 0.207313 0.81563 -0.00130079 -9.86715e-08 0 0 1
1216 4277 0.971556 -0.0870968 0.220211 -0.00679054 -3.98852e-07 0 0 0
1891 2421 0.713045 0.0218886 -0.700776 -0.00118231 -6.50546e-08 0 0 0
4067 4975 -0.128112 0.931689 -0.339915 -0.0153126 -1.18717e-06 0 0 0
1143 1811 0.752822 -0.0532543 0.656066 -0.00719045 -6.51902e-07 0 0 0
4658 3431 0.0622359 0.976388 0.206864 -0.00649079 -4.22702e-07 0 0 0
1586 3236 0.31269 -0.00859552 0.949816 -0.0296367 -2.01189e-06 0 0 0
2122 3280 0.00117782 0.874584 0.484872 -0.00800373 -5.99926e-07 0 0 0
2843 3758 -0.98393 -0.0871166 -0.155861 -0.00515163 -4.30455e-07 0 0 0
1975 554 0.812426 0.0943004 0.575388 -0.0204109 -1.70358e-06 0 0 0
4163 240 0.929514 -0.0493409 0.36547 -0.0161662 -1.05875e-06 0 0 0
2448 3306 0.306565 0.834473 -0.457901 -0.00367065 -2.94511e-07 0 0 0
22 187 0.462918 -0.84232 0.276053 -0.000612095 -3.58331e-08 0 -1 0
2617 4048 0.822415 0.549359 -0.14778 -0.00987221 -5.88717e-07 0 0 0
4084 4540 -0.203978 -0.977514 -0.0534791 -0.00182647 -1.34178e-07 0 0 0
2931 1353 0.804361 -0.536146 -0.256031 -0.00269637 -1.92221e-07 0 0 0
4065 3892 0.8805 -0.467367 0.0792934 -0.00488012 -3.99059e-07 0 0 0
2559 1292 0.12638 -0.524012 -0.842282 -0.00968251 -5.46575e-07 0 0 0
3430 864 0.813153 -0.209744 -0.542946 -0.0062904 -5.5367e-07 0 0 0
1975 4760 0.00810911 -0.610945 0.791631 -0.000668409 -5.27824e-08 0 0 0
3679 4952 0.416214 -0.575043 0.704338 -0.00365013 -3.1745e-07 0 0 0
1695 5245 0.356322 -0.256657 0.898422 -0.0100587 -7.44195e-07 0 0 0
841 4226 -0.266763 0.859668 -0.43567 -0.00495392 -4.57675e-07 0 0 0
3022 3017 0.116314 -0.791057 0.600583 -0.00627219 -4.12903e-07 0 0 0
2049 3579 0.752382 0.00900891 0.658666 -0.00138848 -1.19071e-07 0 0 0
3217 2786 0.567891 -0.799112 -0.197282 -0.00680694 -5.7403e-07 0 0 0
4381 4477 -0.079148 -0.419661 -0.904223 -0.00317161 -2.48837e-07 0 0 0
3251 461 0.553024 -0.111161 -0.825717 -0.0240803 -1.92868e-06 0 0 0
3511 1935 0.194612 -0.816006 0.544298 -0.00666354 -4.85083e-07 0 0 0
3252 2317 -0.181365 0.896855 0.403432 -0.00482676 -4.43864e-07 0 0 0
3225 1501 0.460495 0.388924 -0.797924 -0.00677902 -5.21393e-07 0 0 0
4761 676 0.741785 0.578526 0.339209 -0.00937029 -6.47339e-07 0 0 0
3078 2716 0.759673 0.439202 0.479581 -0.0111468 -8.62069e-07 0 0 0
4641 61 0.338112 0.902813 -0.265723 -0.0118067 -8.97999e-07 0 0 0
3033 60 0.251113 -0.502223 0.827475 -0.0154413 -9.086e-07 0 0 0
4048 4568 0.339875 0.554229 0.759812 -0.00204294 -1.5788e-07 0 0 1
3704 4291 0.272113 0.135871 -0.952625 -0.019963 -1.6287e-06 0 0 0
2163 3815 0.165847 -0.541608 -0.824109 -0.0161023 -1.03189e-06 0 0 0
3707 1953 0.129536 0.726133 -0.675242 -0.0268136 -2.00366e-06 0 0 0
1331 2355 0.895137 -0.376214 0.23915 -0.0011407 -1.01105e-07 0 0 0
3191 4002 0.480766 0.742479 0.466465 -0.0124574 -8.26781e-07 0 0 0
632 2901 0.553541 0.718277 -0.421509 -0.0045473 -2.72936e-07 0 0 0
2421 4217 0.43229 0.0633407 0.899507 -0.012525 -6.8867e-07 0 0 0
3191 2998 0.733681 -0.671013 -0.107022 -0.00569259 -4.66985e-07 0 0 0
1455 4841 0.45185 -0.803065 0.388482 -0.00613376 -5.25835e-07 0 0 0
2625 1451 0.724929 -0.287497 -0.625958 -0.0311234 -2.2804e-06 0 0 0
4129 3574 0.933304 -0.172213 -0.315097 -0.0116936 -7.53996e-07 0 0 0
4598 5391 0.479979 0.803943 -0.351135 -0.010213 -7.08876e-07 0 0 0
4878 3235 0.424407 -0.255649 0.868633 -0.0188917 -1.35437e-06 0 0 0
4811 2670 0.580142 0.399662 0.709722 -0.0250636 -2.01328e-06 0 0 0
3565 1160 0.542027 0.141284 -0.828399 -0.0294285 -2.69637e-06 0 0 0
1616 1297 0.0343569 0.781956 -0.622386 -0.0026233 -2.13437e-07 0 0 0
4811 2234 0.938397 -0.0562993 -0.340943 -0.00571783 -4.19619e-07 0 0 0
1118 2410 0.451818 -0.0921505 -0.887338 -0.027926 -2.32502e-06 0 0 0
3148 1303 0.569597 0.298409 0.76584 -0.00753555 -4.52615e-07 0 0 0
784 5139 0.499649 0.588319 -0.635792 -0.000515471 -4.67411e-08 0 0 0
2660 3807 0.528328 -0.743127 -0.410647 -0.0107366 -8.34647e-07 0 0 0
4768 188 0.415109 -0.225302 0.881432 -0.00818311 -5.54841e-07 0 0 0
1015 4033 0.350139 0.69374 0.629386 -0.0160616 -1.24349e-06 0 0 0
1779 710 0.94895 -0.142889 0.281205 -0.00365176 -2.10394e-07 0 0 0
3595 3552 0.670715 -0.359701 0.648657 -0.0162 -1.15421e-06 0 0 0
5336 291 -0.0530866 0.811064 -0.582543 -0.0165848 -1.23184e-06 0 0 0
3457 5100 0.130962 0.282048 0.95042 -0.0167035 -1.34899e-06 0 0 0
2525 3645 0.133095 -0.126934 -0.982941 -0.0137201 -1.04528e-06 0 0 0
3521 1025 0.513472 0.754316 0.409089 -0.011751 -8.44145e-07 0 0 0
1565 5290 0.0923897 0.096056 -0.991079 -0.0121206 -1.04452e-06 0 0 0
1936 2953 0.222856 -0.20571 -0.9529 -0.0108275 -7.1905e-07 0 0 0
1936 3717 0.331707 -0.790365 0.515067 -0.00724754 -5.15706e-07 0 0 0
170 2865 0.726003 0.66381 0.179655 -0.000724651 -6.07072e-08 0 0 0
3398 374 -0.984765 -0.125891 -0.119953 -0.00720068 -5.74222e-07 0 0 0
5269 1447 0.064262 0.961175 0.268353 -0.011446 -9.70265e-07 0 0 -1
3006 2255 0.641822 0.349505 0.682577 -0.00680972 -5.99194e-07 0 0 0
4067 3699 0.313666 -0.798119 -0.514412 -0.0212634 -1.46435e-06 0 0 0
4043 3198 0.57242 -0.819959 0.00176863 -0.00966302 -7.62683e-07 0 0 0
4546 13 0.19151 0.908221 -0.3721 -0.00722672 -5.7268e-07 0 0 0
892 2794 0.482925 0.805193 0.344162 -0.00328675 -2.20574e-07 0 0 0
1612 3236 -0.126409 -0.684287 -0.718173 -0.0340211 -2.45264e-06 0 0 0
4786 4225 0.3675 -0.905691 -0.211346 -0.00480669 -3.47143e-07 0 0 0
2934 1823 0.61732 0.615355 -0.490157 -0.00353744 -3.04189e-07 0 0 0
1658 3354 0.289859 0.437834 0.851048 -0.00953896 -7.81677e-07 0 0 0
4914 3288 0.763371 0.0387691 0.644796 -0.0341191 -2.89999e-06 0 0 0
103 1570 0.358886 -0.89752 -0.256241 -0.00424958 -3.41771e-07 0 0 0
4637 3214 0.370272 -0.157242 -0.915518 -0.000228785 -1.98049e-08 0 0 0
3232 4831 0.576225 0.00333178 0.817284 -0.00811967 -6.84821e-07 0 0 0
199 1068 -0.405222 -0.684019 0.606558 -0.0130464 -1.06891e-06 0 0 0
100 2809 0.636676 -0.267803 0.723136 -0.0286594 -1.62494e-06 0 0 0
100 371 -0.0479044 0.0531837 -0.997435 -0.0115734 -9.00592e-07 0 0 0
3373 2734 0.190657 0.854807 0.482653 -0.0162871 -1.36384e-06 0 0 0
140 3162 0.40292 -0.423063 -0.811587 -0.00863971 -5.72453e-07 0 0 0
1642 4163 0.32925 -0.460882 -0.824125 -0.00921187 -6.02489e-07 0 0 0
880 2903 0.45006 0.88887 0.0857602 -0.0042688 -3.50902e-07 0 0 0
149 1794 0.527349 0.201114 -0.825503 -0.00699465 -5.37927e-07 0 0 0
2236 2660 0.486802 0.864405 -0.125812 -0.00228126 -1.70894e-07 0 0 0
645 5359 0.176295 0.51903 -0.836378 -0.00578882 -4.30878e-07 0 0 0
3671 1582 0.19162 0.64523 -0.739568 -0.0241248 -1.94132e-06 0 0 0
126 62 0.625066 -0.715187 0.312731 -0.00822981 -6.63422e-07 0 0 0
4062 4980 0.910663 0.382068 -0.157218 -0.00611142 -5.20565e-07 0 0 0
4425 3148 0.725414 -0.168534 0.667361 -0.00468466 -3.19536e-07 0 0 0
5493 915 0.679212 -0.20014 -0.706127 -0.0055904 -4.63707e-07 0 0 0
2060 2416 0.889639 -0.093024 -0.44709 -0.0121835 -8.5369e-07 0 0 0
3241 1905 0.876799 0.460252 0.139255 -0.00930705 -6.87937e-07 0 0 0
2060 170 0.636734 -0.449062 0.626828 -0.0146431 -1.08316e-06 0 0 0
2060 4914 0.277357 0.690546 0.667997 -0.0323109 -2.61632e-06 0 0 0
1917 4551 0.535137 0.579011 0.615121 -0.0121174 -7.77376e-07 0 0 0
2405 1018 0.459685 0.70468 -0.540478 -0.0090171 -8.33662e-07 0 0 0
1478 1118 0.823492 -0.0754673 0.562286 -0.0106221 -6.95533e-07 0 0 0
1917 4816 0.100632 -0.855334 0.50821 -0.0213044 -1.38867e-06 0 0 0
1478 4214 0.61826 0.130075 -0.775136 -0.0174731 -1.40936e-06 0 0 0
4491 4796 0.267683 -0.391812 -0.880244 -0.0110245 -8.0437e-07 0 0 0
4743 299 0.820555 0.00697023 -0.571525 -0.0178484 -1.59855e-06 0 0 0
1393 4167 0.341317 -0.918853 -0.198019 -0.00196369 -1.22479e-07 0 0 0
3152 3554 0.749255 0.135186 0.648338 -0.0296152 -1.95685e-06 0 0 0
4481 1271 0.517726 -0.380698 0.766178 -0.00781002 -5.50725e-07 0 0 0
4212 279 0.111426 0.664764 -0.738697 -0.00999233 -6.72162e-07 0 0 0
2686 2233 0.748244 0.133388 0.649876 -0.0238833 -1.50713e-06 0 0 0
4203 2618 0.193092 -0.58153 0.790277 -0.015389 -1.39886e-06 0 0 0
3653 3912 0.49786 -0.364111 -0.78712 -0.0200089 -1.74849e-06 0 0 -1
2686 5387 0.476494 -0.74547 -0.466077 -0.00875722 -6.0174e-07 0 0 0
2686 692 0.380588 0.359322 -0.85208 -0.020632 -1.3367e-06 0 0 0
4979 2975 0.985778 0.0833851 -0.145908 -0.00955244 -5.4432e-07 0 0 0
1320 5289 -0.00288348 0.231483 -0.972835 -0.0478683 -4.34346e-06 0 1 0
2686 3752 -0.0159358 0.732373 0.680717 -0.0186825 -1.73375e-06 0 0 0
2823 1764 0.536149 0.735248 0.414674 -0.0110703 -6.81241e-07 0 0 0
3027 1658 0.167457 0.934857 0.313052 -0.01507 -1.21733e-06 0 1 0
2932 506 0.454404 0.418148 -0.786555 -0.0164698 -1.26751e-06 0 0 0
1320 4364 0.674342 -0.379019 -0.633725 -0.0266421 -1.848e-06 0 0 0
1320 5283 0.834908 0.521555 0.17581 -0.00936341 -6.71591e-07 0 0 0
4071 1181 0.0968824 -0.290266 -0.952029 -0.00951434 -7.09753e-07 0 0 0
2435 4919 0.0824548 0.992305 -0.0923716 -0.0164844 -1.27649e-06 0 0 0
4389 223 0.699942 -0.636172 0.324601 -0.00537106 -3.65813e-07 0 0 0
1669 2848 0.734481 0.461606 0.497451 -0.0032609 -2.29269e-07 0 0 0
3068 1642 -0.210271 0.405815 -0.889438 -0.0203205 -1.1426e-06 0 0 0
3398 4325 0.621795 -0.420785 -0.660539 -0.0123514 -9.2433e-07 0 0 -1
1445 2044 -0.039711 -0.803711 0.593694 -0.000689807 -4.01689e-08 0 0 0
4346 4336 0.0192263 -0.255382 -0.966649 -0.0431357 -3.4492e-06 0 0 0
3460 4082 0.795176 -0.191175 0.575454 -0.0195708 -1.54719e-06 0 0 0
3440 1927 0.430571 0.645646 0.630674 -0.00578487 -4.31934e-07 0 0 0
4802 3082 0.692566 0.644678 -0.32364 -0.00354764 -3.01158e-07 0 0 0
2406 138 0.337534 -0.630625 0.698845 -0.0130266 -1.1617e-06 0 0 0
2259 813 0.73837 0.443293 0.508234 -0.00179508 -1.25829e-07 0 0 0
1658 1478 0.576832 0.625121 -0.525822 -0.016483 -1.35003e-06 0 0 0
4113 4690 0.493384 -0.087177 0.865432 -0.0156294 -1.1673e-06 0 -1 0
187 4615 0.449483 -0.0509675 -0.891834 -0.0172747 -1.40779e-06 0 0 0
4532 4336 0.159573 0.471165 0.867491 -0.0313501 -2.55443e-06 0 0 0
4956 1189 0.799591 0.0591976 0.59762 -0.00569391 -4.56145e-07 0 0 0
4532 776 0.470433 -0.59177 -0.654599 -0.0196171 -1.55391e-06 0 0 0
1515 441 0.891937 0.0101181 0.452046 -0.00626399 -5.75051e-07 0 0 0
2762 1222 0.472448 0.267992 -0.839627 -0.0113695 -8.91495e-07 0 0 0
3265 2096 0.123549 -0.702525 -0.700852 -0.0137847 -9.42641e-07 0 0 0
3238 3418 -0.00280392 0.841331 0.540513 -0.0150724 -1.21641e-06 0 0 0
3593 780 0.714859 0.59868 0.36133 -0.0053119 -4.35114e-07 0 0 0
1367 1963 0.555382 0.82226 0.124253 -0.0019426 -1.39109e-07 0 1 0
3571 2840 0.301171 -0.864521 0.402367 -0.0249817 -2.21923e-06 0 0 0
2259 3959 0.332482 -0.115483 -0.936012 -0.00495636 -3.29803e-07 0 0 0
846 2343 0.663291 0.35202 0.660399 -0.0113239 -8.95121e-07 0 0 0
4658 383 0.357954 0.347635 0.866614 -0.00435924 -3.72973e-07 0 0 0
2009 4792 0.716956 -0.517406 0.467189 -0.00670274 -4.88132e-07 0 0 0
938 4824 -0.309445 -0.408565 -0.858673 -0.0094649 -7.76837e-07 0 0 0
2344 4865 0.133766 -0.263984 -0.955206 -0.00760311 -5.95922e-07 0 0 -1
4095 5134 0.657242 -0.19408 0.728263 -0.00660746 -4.64196e-07 0 0 0
3424 806 0.926694 -0.368291 -0.0748286 -0.0156263 -9.85424e-07 0 0 0
2835 1623 -0.0269661 0.867147 -0.497322 -0.00254364 -2.01215e-07 0 0 0
3326 3768 0.521939 0.220163 -0.82408 -0.00323344 -2.41518e-07 0 0 0
602 4956 0.607153 -0.722777 -0.330088 -0.00520154 -4.41391e-07 0 0 0
3214 487 0.731391 -0.256852 0.631739 -0.000261829 -2.05556e-08 0 0 0
926 4268 0.652328 0.0766416 0.754052 -0.0234828 -2.04059e-06 0 0 0
48 2945 0.543327 -0.651196 -0.529848 -0.00295049 -1.94865e-07 0 0 0
347 4227 0.955357 0.00133996 -0.29545 -0.00839836 -6.56304e-07 0 0 0
3608 121 0.893953 0.0223194 -0.447605 -0.0164832 -1.09961e-06 0 0 0
3233 3714 0.786612 -0.54911 -0.282347 -0.00232005 -1.63875e-07 0 0 0
709 2113 0.277537 -0.859869 0.428484 -0.0106883 -6.78001e-07 0 0 0
3183 95 -0.104155 0.933795 -0.342315 -0.00212995 -1.49193e-07 0 0 0
470 5333 0.343392 0.705612 -0.619833 -0.003971 -3.04964e-07 0 0 0
756 4735 0.470198 -0.454719 0.756402 -0.00627522 -3.56478e-07 0 0 0
3899 4339 0.926249 -0.0698285 -0.370388 -0.00682235 -6.63905e-07 0 -1 0
3658 1583 0.826322 0.557027 -0.0831427 -0.00970616 -7.46596e-07 0 0 0
2587 3072 0.531437 -0.813826 -0.235078 -0.00656425 -5.62459e-07 0 0 0
2839 3650 0.875732 0.436217 -0.206902 -0.00605473 -4.81672e-07 0 0 0
1772 371 0.466788 0.783284 0.410578 -0.00735695 -6.16548e-07 0 0 0
4348 2840 0.874157 0.236379 0.424234 -0.0107262 -9.29381e-07 0 0 0
3812 5026 0.563126 0.530587 0.633535 -0.00125189 -1.04627e-07 0 0 0
3799 3228 0.55229 -0.350404 0.756434 -0.0106297 -6.97244e-07 0 0 0
1461 4979 0.294619 0.100289 0.950338 -0.0468946 -2.90096e-06 0 0 0
633 3928 0.363014 0.893941 0.26285 -0.00962289 -7.07397e-07 0 0 0
111 4503 0.642321 0.126739 0.755884 -0.0119996 -9.96058e-07 0 0 0
111 4130 0.982772 0.153292 -0.103248 -0.0110836 -6.46658e-07 0 0 0
265 2961 -0.113394 -0.969204 0.2186 -0.0243113 -2.21988e-06 0 0 0
3316 1448 0.746928 -0.169859 0.642842 -0.00280411 -2.03911e-07 0 0 0
94 3265 0.356582 -0.0116329 -0.934192 -0.0143196 -1.04275e-06 0 0 0
464 5387 0.782225 0.327777 -0.529798 -0.0150295 -1.17482e-06 0 0 0
794 3864 0.397187 -0.879304 0.262808 -0.00708646 -6.05874e-07 0 0 0
94 3530 0.510359 -0.232235 0.82801 -0.0237914 -1.91665e-06 0 0 0
3706 2930 0.216723 -0.729528 0.648706 -0.0276821 -1.9596e-06 0 0 0
94 2207 0.991642 -0.129004 -0.00219373 -0.00800132 -5.39637e-07 0 0 0
5113 2934 0.120566 -0.506154 -0.853974 -0.0360024 -2.88119e-06 0 0 0
2883 4371 0.514205 -0.528425 -0.675545 -0.00236966 -1.73377e-07 0 0 0
1594 63 0.550549 0.670584 0.497206 -0.0109542 -7.29507e-07 0 0 0
2149 1782 0.693609 0.692129 -0.199659 -0.000986911 -7.84278e-08 0 1 0
2644 3721 0.525452 -0.214013 -0.823467 -0.0214439 -1.73616e-06 0 0 0
2633 4601 -0.14228 -0.0192917 -0.989638 -0.01427 -1.31235e-06 0 0 0
3802 3839 0.698953 -0.228515 -0.677676 -0.00156483 -1.36571e-07 0 0 0
2035 554 0.780334 -0.424697 -0.459032 -0.00413036 -2.79159e-07 0 0 0
1870 5264 0.44317 0.562789 -0.69776 -0.00761417 -4.50283e-07 0 0 0
5399 2013 0.952065 -0.22456 -0.207715 -0.00509223 -4.0989e-07 0 0 -1
2836 1217 0.776484 0.510779 0.369023 -0.00682392 -5.94346e-07 0 1 0
4058 920 0.709313 -0.704892 0.00128719 -0.0024877 -1.63351e-07 0 0 0
3939 216 0.552963 -0.813475 0.180248 -0.000740162 -4.87205e-08 0 0 0
656 1868 0.514299 -0.754833 -0.407092 -0.015192 -1.30276e-06 0 0 0
1841 4941 0.224329 -0.742269 0.631437 -0.00211202 -1.62509e-07 0 0 0
3077 4792 0.854167 -0.109285 -0.508385 -0.0030962 -2.14151e-07 0 0 -1
5516 2103 -0.0744445 0.212325 -0.974359 -0.0081603 -6.65507e-07 0 0 0
3252 1570 -0.137485 0.735406 -0.663533 -0.00489197 -4.44736e-07 0 0 0
4642 1296 0.998977 0.00527345 -0.0449031 -0.00793702 -6.35077e-07 0 0 0
3140 1833 0.887556 0.302866 -0.347155 -0.0197901 -1.22882e-06 0 0 0
4573 3815 0.511614 -0.130595 0.849233 -0.00850595 -7.05084e-07 0 0 0
2749 2145 0.956061 -0.131235 0.262154 -0.00242304 -1.66926e-07 0 0 0
3385 163 -0.157851 -0.822347 0.546652 -0.00214375 -1.73302e-07 0 0 0
4647 330 0.67996 0.104439 0.725773 -0.00277212 -1.87626e-07 0 0 0
2281 2743 0.678278 0.521468 0.517697 -0.000862259 -6.38933e-08 0 0 0
3585 413 0.889865 0.111164 0.442474 -0.00352139 -2.66792e-07 0 0 0
1707 3995 0.0729533 -0.259872 -0.962883 -0.00356277 -2.58451e-07 0 0 0
4865 208 0.267609 -0.128853 -0.954873 -0.0165511 -1.24903e-06 0 0 0
796 279 0.435027 -0.564992 -0.701096 -0.0253927 -2.20093e-06 0 0 0
2615 1905 0.831624 -0.506514 -0.227694 -0.00738879 -5.308e-07 0 0 0
1197 1899 0.544328 -0.70943 0.447678 -0.00107279 -9.32927e-08 0 0 0
5370 748 0.958665 -0.00466945 0.284501 -0.00626169 -4.88841e-07 0 0 0
5459 4217 -0.0679862 0.272021 -0.959887 -0.0081661 -7.33533e-07 0 0 0
5366 1345 0.517128 -0.816314 -0.257312 -0.0057074 -4.37398e-07 0 0 0
5366 2115 0.412625 0.189155 0.891045 -0.0199821 -1.60637e-06 0 0 0
1009 2412 0.516749 -0.643706 0.564459 -0.000770077 -5.92664e-08 0 0 0
5095 2730 0.791148 0.449373 0.414908 -0.00825422 -6.75508e-07 0 0 0
1313 141 0.421897 -0.54943 -0.7212 -0.0017198 -1.53251e-07 0 0 0
2249 111 0.75811 0.228967 0.610608 -0.00962408 -5.36212e-07 0 0 0
3658 2834 0.478659 0.319247 0.817904 -0.00443502 -3.51121e-07 0 0 0
3646 4724 0.293914 -0.429715 -0.853792 -0.0217083 -1.66393e-06 0 0 0
4000 3409 0.502624 -0.609864 0.612728 -0.00111803 -9.76469e-08 0 0 0
3092 3814 0.737545 0.159251 -0.656252 -0.0316268 -2.20475e-06 0 0 0
581 1625 0.607494 -0.585535 -0.536749 -0.00169935 -1.18163e-07 0 0 0
5113 2961 0.0787211 0.974611 0.20961 -0.0296943 -2.43756e-06 0 0 0
4303 1065 0.63652 0.719459 0.277887 -0.00375801 -3.16437e-07 0 0 0
4062 250 0.85886 -0.507646 0.0682212 -0.0128562 -7.72805e-07 0 0 0
4068 915 0.707831 -0.19422 0.679157 -0.00628612 -5.59959e-07 0 0 0
5223 1149 0.0970938 0.99401 0.0501699 -0.0133043 -9.9776e-07 0 0 0
5223 1825 0.626925 -0.779071 0.0036264 -0.00940048 -6.86111e-07 0 0 0
5223 3652 0.868509 0.486406 -0.0954016 -0.0069475 -5.69242e-07 0 0 0
1612 4758 0.772894 0.111867 0.624597 -0.00779031 -7.37461e-07 0 0 0
2730 223 0.238611 -0.182946 0.953727 -0.0277699 -2.58807e-06 0 0 0
5034 545 0.0885913 0.487275 -0.868743 -0.00877583 -6.73618e-07 0 0 0
2225 2355 -0.147278 -0.0614062 0.987187 -0.00489819 -3.2353e-07 0 0 1
1016 5300 0.0591711 -0.961473 -0.268455 -0.00300229 -2.3973e-07 0 0 0
3847 3103 0.395447 0.359285 -0.845303 -0.00100928 -7.52559e-08 0 0 0
4556 1729 0.77682 -0.11498 0.619137 -0.00365873 -2.6755e-07 0 0 1
3037 2910 0.196467 -0.00361813 -0.980504 -0.0159286 -1.19109e-06 0 0 0
1437 4870 0.114485 -0.0566154 0.99181 -0.0105606 -9.6575e-07 0 0 0
658 657 0.820646 0.243304 -0.517053 -0.00308644 -2.39328e-07 0 0 0
4983 532 0.81834 -0.293927 0.493889 -0.0116739 -7.45988e-07 0 0 0
3039 597 0.463535 0.823006 0.328324 -0.00181668 -1.40812e-07 0 0 0
1612 513 -0.23933 0.0400732 0.970111 -0.0312769 -2.02507e-06 0 0 0
2314 1829 0.33954 -0.457579 0.821787 -1.76936e-05 -1.28467e-09 0 0 0
1099 1177 0.688936 -0.72482 -0.0019028 -0.00140723 -9.48298e-08 0 0 0
1889 699 0.271018 -0.134516 -0.953129 -0.033922 -2.23507e-06 0 0 0
2465 1449 0.524993 -0.362932 -0.769846 -0.0208939 -1.63242e-06 0 0 0
1166 3392 0.587807 -0.628081 0.5099 -0.0300681 -1.99264e-06 0 0 0
1166 5100 0.381294 0.52966 -0.757678 -0.0251302 -1.65061e-06 0 0 0
3223 2518 0.907012 -0.0806539 -0.413308 -0.0217522 -1.53459e-06 0 0 0
3223 2480 0.0870895 -0.21239 -0.973296 -0.0145753 -9.42272e-07 0 0 0
3130 3358 0.150692 -0.758169 0.634406 -0.00015319 -1.06878e-08 0 0 1
2351 5266 0.232808 0.77833 -0.583097 -0.014691 -1.12231e-06 0 0 0
537 2691 0.436539 0.694645 -0.571753 -0.00723917 -4.37508e-07 0 0 0
2235 4183 0.357041 -0.632052 -0.687774 -0.00337086 -2.67422e-07 0 0 0
175 5385 0.776455 -0.42551 -0.464822 -0.00138178 -9.65767e-08 0 0 0
2972 1009 0.4514 0.838371 -0.305568 -0.00144157 -1.12348e-07 0 0 0
3754 3307 0.151658 -0.988246 -0.0192112 -0.0096375 -6.03666e-07 0 0 0
3847 1242 0.666323 -0.738943 -0.0998847 -0.00196232 -1.60491e-07 0 0 0
2584 3191 0.00386512 -0.124925 -0.992159 -0.0457118 -2.94231e-06 0 0 0
926 5100 0.163024 -0.714176 0.680717 -0.0110518 -7.51482e-07 0 0 0
3349 1726 0.403243 -0.0944912 0.910201 -0.00179561 -1.59931e-07 0 0 1
1513 3398 -0.217457 0.381382 -0.898477 -0.00377809 -3.22037e-07 0 0 0
3779 926 0.238935 -0.0955309 0.966325 -0.0328049 -3.09798e-06 0 0 1
3051 5451 0.904078 0.272451 -0.329261 -0.00705543 -5.76099e-07 0 0 0
2821 35 0.0903984 -0.251455 -0.963638 -0.0140877 -1.0717e-06 0 0 0
2710 3657 0.406608 -0.0362264 0.912884 -0.0179209 -1.4667e-06 0 0 0
945 4361 0.531085 -0.300913 -0.792086 -0.0355196 -2.64236e-06 0 0 0
945 1642 0.0686978 -0.361746 0.929742 -0.0254941 -2.14214e-06 0 0 0
4016 172 0.735893 -0.076951 -0.672711 -0.00550862 -4.55953e-07 0 0 1
3346 4420 0.751135 0.128811 -0.64746 -0.00586281 -4.74798e-07 0 0 0
3529 5128 0.287976 -0.0177849 0.957472 -0.0142268 -1.32901e-06 0 1 0
4016 951 0.312734 -0.41037 0.856618 -0.00642348 -5.33682e-07 0 0 1
1607 4746 0.662275 0.738171 -0.128431 -0.0239103 -1.85538e-06 0 0 0
1701 5450 0.654624 -0.588014 0.475086 -0.00441855 -3.73608e-07 0 0 0
1691 1859 0.445599 -0.109561 0.888503 -0.00448511 -3.48571e-07 0 0 0
3819 4877 0.388272 -0.763639 0.515849 -0.00287859 -2.62559e-07 0 0 1
1267 30 0.407837 -0.463481 -0.786673 -0.007328 -6.00096e-07 0 0 0
3814 5346 0.379898 -0.913751 0.144004 -0.0160142 -1.44857e-06 0 0 -1
4878 1461 0.621203 0.300761 -0.723636 -0.00830861 -5.17026e-07 0 0 0
342 3875 0.961449 -0.274812 0.00967133 -0.00310486 -2.45472e-07 0 0 0
78 2505 -0.487174 0.0410515 -0.87234 -0.00492671 -3.97631e-07 0 0 0
2534 4746 0.658304 -0.0309142 -0.752117 -0.0114584 -6.72003e-07 0 0 0
1513 1146 0.413357 0.882996 -0.222382 -0.0116304 -1.07107e-06 0 0 0
2340 2046 0.966655 -0.14786 -0.209083 -0.0038632 -2.667e-07 0 0 0
4236 985 0.700638 -0.676254 -0.227566 -0.00139913 -1.2201e-07 0 0 0
3118 1574 0.708772 -0.0984228 0.698538 -0.00280547 -1.90395e-07 0 0 0
2534 4573 -0.0121491 -0.565272 0.824815 -0.00807193 -6.8253e-07 0 0 0
5510 507 0.0932512 -0.00243079 -0.99564 -0.00912016 -6.85667e-07 0 0 0
223 3990 0.31543 -0.559714 -0.766305 -0.00800618 -7.05676e-07 0 0 0
3014 845 0.894924 -0.432554 0.109582 -0.00927381 -8.02943e-07 0 0 0
3971 3162 0.421976 -0.866401 0.266994 -0.0192783 -1.6234e-06 0 0 0
3971 3657 0.425378 0.562963 -0.708608 -0.0164571 -1.31464e-06 0 0 0
3014 3899 0.132082 -0.687128 -0.714429 -0.00676064 -5.41486e-07 0 1 0
3620 4481 0.636809 0.770672 -0.0232165 -0.0202258 -1.47693e-06 0 0 0
3352 2770 -0.462529 0.044738 -0.885475 -0.00919679 -6.48029e-07 0 0 0
2802 2357 0.581202 0.713862 -0.390647 -0.0081596 -5.47269e-07 0 0 -1
2802 2617 0.381138 -0.717898 -0.582543 -0.00337956 -2.25992e-07 0 0 -1
2802 3457 0.15814 -0.0189958 0.987234 -0.0209201 -1.69523e-06 0 0 0
4660 245 -0.0964993 -0.990004 -0.10286 -0.00309175 -2.26846e-07 0 0 0
3159 3458 0.906724 0.220428 0.359533 -0.00120401 -8.57406e-08 0 0 0
3671 1556 0.370728 0.35052 0.860056 -0.0112383 -7.73803e-07 0 0 0
2860 1660 0.502898 -0.766081 0.400267 -0.00493613 -3.85311e-07 0 0 0
1234 5248 0.391097 0.380293 -0.838105 -0.0077332 -5.84351e-07 0 0 0
3648 265 0.26988 -0.958122 -0.0957405 -0.00424696 -2.47264e-07 0 0 0
823 4551 0.873584 -0.306018 -0.378422 -0.00585437 -4.25999e-07 0 0 0
2925 5072 0.52405 0.586155 -0.617894 -0.00524996 -4.33637e-07 0 0 -1
3956 5171 0.383994 0.811139 -0.441137 -0.00829022 -6.31188e-07 -1 0 0
4759 2887 0.822097 0.476007 -0.312368 -0.02525 -1.72636e-06 0 0 0
5302 452 0.154424 -0.107658 -0.982122 -0.00721143 -5.37282e-07 1 0 0
488 298 0.811415 -0.35987 -0.460543 -0.00983803 -6.63428e-07 0 0 0
2561 1549 -0.0476774 -0.997196 -0.0576885 -0.00536849 -4.46168e-07 0 0 0
1315 4914 0.406045 -0.368761 -0.836148 -0.0266349 -1.73938e-06 0 0 0
4296 79 0.69169 -0.694856 -0.196827 -0.00284976 -1.88665e-07 0 0 0
2957 4975 0.87429 -0.43665 -0.212022 -0.00475776 -3.37796e-07 0 0 0
4528 5060 0.185172 -0.973463 -0.134469 -0.0012015 -8.69715e-08 0 0 0
3261 4299 0.189851 0.960158 0.205067 -0.00175603 -9.86167e-08 0 0 0
4472 4541 0.346389 0.557159 -0.754711 -0.00046895 -3.67123e-08 0 0 0
1907 4556 0.468692 0.22027 0.855458 -0.00355252 -2.58915e-07 0 0 0
4264 2855 0.875889 -0.475308 -0.0830688 -0.00519359 -3.5608e-07 0 0 0
2957 1607 -0.0149172 0.376906 -0.926131 -0.0523606 -3.63941e-06 0 0 0
735 3149 0.999277 0.02405 0.0294396 -0.0140161 -1.01438e-06 0 0 0
179 4517 0.299592 -0.263381 -0.916992 -0.000924153 -6.33019e-08 0 0 0
3289 2515 0.36339 -0.556642 0.747059 -0.0192559 -1.45878e-06 0 0 0
180 1389 0.342554 0.553445 0.759181 -0.00276953 -2.14614e-07 0 0 0
1326 1287 0.465273 -0.87234 -0.150145 -0.0134206 -1.0814e-06 0 0 0
790 5348 0.150545 -0.678615 0.7189 -0.0212678 -1.49484e-06 0 0 0
1210 1545 0.265934 -0.21744 -0.939148 -0.0254794 -2.17631e-06 0 0 -1
2564 4794 0.0700936 -0.920614 0.384131 -0.00607634 -4.85594e-07 0 0 0
1347 3678 0.923144 -0.200943 0.32776 -0.00221979 -1.77644e-07 0 0 0
513 776 0.343299 0.56477 0.750453 -0.032848 -2.08159e-06 0 0 0
513 2721 0.503435 -0.797754 -0.331877 -0.0108003 -7.82006e-07 0 0 0
365 662 0.524974 -0.745069 -0.411431 -0.000988617 -6.18782e-08 0 0 0
1658 2882 0.740828 -0.553328 -0.380792 -0.00867078 -6.73119e-07 0 0 0
1772 5494 0.114185 0.801141 -0.587482 -0.00816429 -6.60521e-07 0 0 0
5426 1437 0.193471 0.955378 0.223208 -0.0175103 -1.54847e-06 0 0 0
1629 2864 0.476949 -0.414582 -0.77501 -0.0119593 -8.22118e-07 0 -1 0
1772 3014 0.0336955 -0.994923 0.0948355 -0.0150794 -1.18869e-06 0 -1 0
5426 1113 0.760277 0.083873 0.644162 -0.00282464 -2.45749e-07 0 0 0
3225 730 0.428209 -0.861053 -0.274272 -0.0188404 -1.16377e-06 0 0 0
1454 1613 0.393646 0.501978 0.770104 -0.012864 -9.79625e-07 0 0 0
5426 1303 0.5993 -0.160716 -0.784226 -0.00449656 -4.10683e-07 0 0 0
1849 4290 0.727878 0.417062 -0.544291 -0.00982078 -7.15076e-07 0 0 0
1184 4090 0.388075 0.63708 -0.665979 -2.60771e-05 -2.19647e-09 0 0 0
530 4635 -0.977505 -0.0671067 0.199953 -0.00167109 -1.38911e-07 0 0 0
4389 2730 0.5594 -0.544039 -0.625374 -0.0119701 -1.05612e-06 0 0 0
2598 2699 0.211544 0.976357 0.04445 -0.010111 -8.4922e-07 0 0 0
2598 5370 0.259095 -0.818492 0.512777 -0.0131775 -1.04143e-06 0 0 0
1937 4127 0.643999 -0.764658 0.0237485 -0.00679148 -5.14438e-07 0 0 0
3101 2630 0.577563 0.05542 -0.814463 -0.0272383 -1.74189e-06 0 0 -1
2590 4286 0.915686 -0.032248 -0.4006 -0.0166229 -1.22348e-06 0 0 0
4316 1643 0.59122 -0.588111 -0.551891 -0.00841169 -6.67738e-07 0 0 0
3417 4268 0.790797 -0.603815 -0.100242 -0.0073773 -5.90206e-07 0 0 0
1135 223 0.552636 0.597519 0.581003 -0.00592503 -5.10476e-07 0 0 0
4903 5236 0.863138 -0.113346 0.492084 -0.00267942 -2.16145e-07 0 0 0
4575 2933 0.598443 -0.316386 -0.736047 -0.0181361 -1.46175e-06 0 0 0
495 4080 0.927714 0.0834898 -0.363834 -0.0103201 -7.36804e-07 0 0 0
3565 4854 0.986851 -0.11292 -0.115649 -0.00139645 -1.16975e-07 0 0 0
1437 4132 0.52605 0.723405 0.447165 -0.0338261 -2.28544e-06 0 0 0
3565 5095 -0.226375 0.530788 0.816712 -0.0145312 -1.23097e-06 0 0 0
488 3553 0.850135 0.0281588 0.525812 -0.018096 -1.37411e-06 0 0 0
5289 2215 0.309314 -0.416517 -0.854891 -0.0466576 -4.02985e-06 0 -1 0
5126 2671 0.0149593 -0.70514 -0.708911 -0.00456319 -3.65749e-07 0 0 -1
4947 4513 0.0364643 0.980088 0.195188 -0.00302462 -2.39877e-07 0 0 0
4324 1770 0.116121 -0.854881 0.505662 -0.00174787 -1.22737e-07 0 0 0
4062 2822 0.0803719 -0.751177 0.655189 -0.00501897 -2.86455e-07 0 0 0
4062 359 -0.127738 0.203609 -0.970683 -0.0332426 -3.06823e-06 0 0 0
4062 1643 0.317815 0.311215 0.895622 -0.0247667 -1.52992e-06 0 0 0
5130 26 0.551966 -0.661861 0.507222 -0.00315538 -2.3344e-07 0 0 0
2138 3455 0.630551 -0.544367 0.553236 -0.00955341 -7.94815e-07 0 0 0
2699 1643 0.462431 0.280196 -0.841218 -0.00531115 -3.77719e-07 0 0 0
1955 2916 0.569955 -0.590646 0.571217 -0.0124638 -9.47508e-07 0 0 0
2644 3628 0.642028 0.195814 0.741254 -0.00652776 -5.27261e-07 0 0 0
4696 2278 0.564208 -0.698279 0.44054 -0.0157164 -1.33547e-06 0 0 0
4455 1153 0.0501634 -0.211386 -0.976115 -0.031745 -1.9202e-06 0 0 0
3023 2714 0.656446 -0.135776 0.742054 -0.0177421 -1.29357e-06 0 0 0
2028 5473 0.413895 -0.181248 0.892099 -0.00269537 -2.19158e-07 0 0 0
1907 3153 0.999416 -0.0137597 0.0312858 -0.028926 -1.8208e-06 0 0 0
4336 2564 0.806031 -0.325295 0.494468 -0.0127377 -1.09342e-06 0 0 0
2284 3512 -0.0163869 -0.0173411 -0.999715 -0.0176199 -1.11449e-06 0 0 0
2002 3198 0.0268532 0.457596 -0.888755 -0.0360692 -2.12461e-06 0 0 0
2002 3440 0.578629 0.630042 0.517915 -0.0233093 -1.57488e-06 0 0 0
3562 1191 0.527374 -0.413639 -0.742145 -0.000979674 -9.14113e-08 0 0 0
2002 2423 0.598503 -0.261762 0.757149 -0.0150811 -1.41587e-06 0 0 0
640 2314 0.859342 -0.420324 -0.291304 -0.000148938 -1.12029e-08 0 0 0
1115 2937 0.886555 -0.0265061 0.461863 -0.00052962 -4.46982e-08 0 0 0
2212 2370 0.357573 -0.297446 -0.88525 -0.00952246 -8.14377e-07 0 0 0
1955 730 0.329818 0.620532 -0.711449 -0.0113925 -8.75097e-07 0 0 0
3919 2775 0.354858 0.932939 0.0608352 -0.0137244 -1.29642e-06 0 0 0
1519 4786 0.842871 -0.411416 -0.34685 -0.00164633 -1.2307e-07 0 0 0
833 4598 0.0231049 0.112251 -0.993411 -0.0127318 -9.24025e-07 0 0 0
2764 2357 0.439968 -0.205516 0.87418 -0.0332666 -2.37711e-06 0 0 0
913 3055 0.457805 0.801245 -0.385254 -0.0237985 -1.89072e-06 0 0 0
2215 1545 0.0489079 0.854812 -0.516629 -0.00950695 -5.83644e-07 0 1 -1
2165 4799 0.515269 -0.284083 -0.808576 -0.00223814 -1.4989e-07 0 0 0
2503 5112 0.116364 -0.665606 -0.737175 -0.00316506 -2.55568e-07 0 0 0
558 2049 0.765009 0.236404 0.599061 -0.00333204 -2.93832e-07 0 0 0
2259 2748 0.255736 -0.310376 0.915569 -0.0119824 -8.13972e-07 0 0 0
3587 1056 0.892314 0.126057 0.433458 -0.0122617 -8.97361e-07 0 0 0
2213 1661 0.238157 -0.766008 -0.597087 -0.00379576 -2.74555e-07 0 0 0
3339 3671 0.62846 -0.228988 -0.743373 -0.00339777 -2.82557e-07 0 0 0
3564 3769 0.82209 0.466567 0.326317 -0.00357246 -2.55433e-07 0 0 0
3162 4706 0.903412 -0.372569 0.212226 -0.0204561 -1.2126e-06 0 0 0
3226 5128 0.126661 0.609556 -0.782559 -0.0148432 -8.72325e-07 0 1 0
4253 4681 0.248947 -0.964278 -0.0905219 -0.0139092 -1.01695e-06 0 0 0
2729 4009 0.968167 -0.0180164 0.249658 -0.00472073 -3.73879e-07 0 0 0
3680 2328 0.851591 0.101378 0.514311 -0.0167857 -1.38362e-06 0 -1 0
3653 3675 0.614498 0.052246 0.787186 -0.0112876 -9.61509e-07 0 0 0
1516 796 -0.014054 -0.21309 -0.976932 -0.0229034 -1.82953e-06 0 0 0
1788 26 0.0465845 0.102183 0.993674 -0.0167558 -1.24744e-06 0 0 0
373 1398 0.133694 -0.779044 -0.612549 -0.018739 -1.24826e-06 0 0 0
1788 4065 0.381375 -0.924362 -0.0104086 -0.00423043 -3.38983e-07 0 -1 0
1788 3810 0.690688 0.315402 -0.650747 -0.0201773 -1.62134e-06 0 0 0
1389 2102 0.718859 0.466631 0.515264 -9.25382e-06 -6.7291e-10 0 0 0
698 407 0.926321 0.370801 -0.0666094 -0.00588192 -4.01155e-07 0 0 0
4041 1563 0.719359 -0.358274 0.595116 -0.0223384 -1.93391e-06 0 0 0
3854 2348 0.335131 -0.639144 0.69223 -0.00387458 -2.98459e-07 0 0 0
2932 4880 0.590776 -0.290017 0.75291 -0.00216293 -1.62404e-07 0 0 0
3103 4642 0.0441307 -0.0270442 -0.99866 -0.00744781 -5.60797e-07 0 0 0
3846 571 0.854062 -0.269511 -0.444908 -0.0140665 -1.22766e-06 0 0 0
880 2027 0.321676 -0.849965 0.417234 -0.00921784 -8.8005e-07 0 0 0
1864 2356 0.862423 0.299352 -0.408184 -0.00073503 -4.44254e-08 0 0 0
1857 158 0.546181 0.833834 -0.0800407 -0.000298128 -2.07605e-08 0 0 0
2407 419 0.265227 0.130615 0.955298 -0.00929273 -5.5385e-07 0 0 0
362 1963 0.0866874 0.752484 -0.65288 -0.0134875 -1.03977e-06 0 1 0
4268 3865 0.94518 -0.326495 0.00597392 -0.00743187 -5.66827e-07 0 0 0
4797 2754 0.926004 -0.368282 0.0829759 -0.0110687 -8.5897e-07 0 -1 0
1342 1660 0.0442858 0.907223 0.418313 -0.0175735 -1.32512e-06 0 0 0
4797 2278 0.648793 0.698961 -0.300868 -0.00800946 -6.47784e-07 0 0 0
2186 47 0.98572 0.0538968 -0.159532 -0.00164298 -1.18402e-07 0 0 0
960 291 0.352275 -0.775974 -0.523227 -0.0140328 -1.05374e-06 0 0 0
944 279 0.388057 -0.425566 0.817499 -0.0112248 -7.34473e-07 0 0 0
1342 4490 0.933581 0.192563 -0.302236 -0.00916515 -8.2771e-07 0 0 0
461 5387 0.880896 -0.190692 0.433195 -0.0166333 -1.20405e-06 0 0 0
461 3093 0.289241 0.433576 -0.853435 -0.0165597 -1.36991e-06 0 0 0
2085 2588 -0.0676833 0.541435 -0.838014 -0.00672085 -6.14719e-07 0 0 0
5204 3922 0.726093 0.105288 0.679488 -0.00501286 -4.27164e-07 0 0 0
5204 1059 0.883786 -0.37804 -0.275695 -0.00968448 -7.14027e-07 0 0 0
118 1707 0.8068 -0.401305 0.433621 -0.00371219 -2.98191e-07 0 0 0
1420 1321 0.786823 -0.115108 0.606349 -0.000281821 -2.03937e-08 0 0 0
4196 1930 0.093181 0.977877 -0.187278 -0.00702422 -5.44124e-07 0 0 0
780 628 0.409199 -0.888153 -0.209141 -0.0181586 -1.38044e-06 0 0 0
4800 1634 0.378263 -0.807003 0.4535 -0.012919 -1.10237e-06 0 0 0
3847 2048 -0.852143 -0.513869 0.0989504 -0.00101413 -8.32463e-08 0 0 0
1411 1125 0.691569 -0.476279 -0.543039 -0.00500446 -3.65806e-07 0 0 0
3494 2710 0.271676 0.764281 -0.584865 -0.00287113 -2.16432e-07 0 0 0
3445 1239 0.556802 -0.306836 -0.771896 -0.0133373 -1.08707e-06 0 0 0
525 2986 0.884 -0.173726 -0.434009 -0.00196793 -1.58721e-07 0 0 0
525 4617 0.581571 0.0489739 0.81202 -0.0233443 -2.06041e-06 0 0 0
2983 185 0.984937 -0.15244 -0.08161 -0.00391043 -3.54298e-07 0 0 0
4418 5308 0.960238 0.249919 0.124435 -0.0101713 -8.12784e-07 0 0 0
3579 1430 0.677381 -0.306569 0.668708 -0.00251989 -1.99435e-07 0 0 0
4418 1234 0.00413299 0.541546 -0.840661 -0.00915358 -6.77862e-07 0 0 0
4112 2745 0.327665 -0.278112 0.902934 -0.00626449 -5.04031e-07 0 0 0
410 5113 0.0208803 0.647086 -0.762131 -0.0137742 -1.04616e-06 0 0 0
3271 4150 0.746127 0.193969 0.636923 -0.00555473 -4.47563e-07 0 0 0
497 3528 0.343793 -0.436077 -0.83165 -0.0030302 -2.05963e-07 0 0 0
4627 1405 0.731418 -0.0389682 -0.680815 -0.0128239 -1.00486e-06 0 0 0
5306 4266 0.37203 -0.715748 0.591015 -0.000398754 -3.30191e-08 0 0 0
2894 3061 0.60651 -0.144116 -0.781905 -0.00544129 -4.53408e-07 0 0 0
2819 1687 0.416461 -0.592374 0.689676 -0.0139223 -1.08947e-06 0 0 0
4547 5463 0.878441 0.0807563 -0.470978 -0.000798927 -6.41978e-08 0 0 0
4515 640 0.847882 0.527529 0.0530154 -0.000215596 -1.68955e-08 0 0 0
3692 3237 0.837264 -0.418641 0.35175 -0.013162 -1.02855e-06 0 0 0
2819 5508 0.998692 0.0158929 -0.0485958 -0.0145686 -1.16233e-06 0 0 0
325 3243 0.77728 0.279529 0.563648 -0.00107571 -9.48474e-08 0 0 0
2279 3733 0.435576 0.0645941 -0.897831 -0.0334873 -3.17351e-06 0 1 0
4914 48 0.523971 0.837873 0.153044 -0.00777512 -5.6608e-07 0 0 0
34 3289 0.278905 -0.240177 0.929799 -0.0151737 -1.14041e-06 0 0 0
2369 3708 0.486644 0.865636 -0.117694 -0.00480387 -3.61761e-07 0 0 0
1382 793 0.246148 -0.967284 -0.0614157 -0.00239343 -1.7865e-07 0 0 0
4960 2060 0.138071 0.989408 0.0448072 -0.00629907 -4.44771e-07 0 0 0
44 969 0.37144 0.54929 0.74854 -0.00385777 -3.24991e-07 0 0 0
4103 1189 0.255313 0.552412 -0.793509 -0.0307715 -2.365e-06 0 0 0
1876 2764 0.516836 -0.565352 -0.642851 -0.0261638 -1.89545e-06 0 0 0
2480 2518 0.761292 0.146785 0.631577 -0.022157 -1.66849e-06 0 0 0
3970 846 0.319925 -0.690075 0.649188 -0.0085122 -6.27591e-07 0 0 0
3733 3031 -0.35572 -0.317962 -0.878842 -0.0189769 -1.76586e-06 0 -1 0
3912 1634 0.593577 0.420838 0.685975 -0.0242385 -2.16834e-06 0 0 0
1398 1134 0.462754 -0.415461 0.783103 -0.0400439 -2.95375e-06 0 0 1
2035 3813 0.874718 0.483068 -0.0389018 -0.00911447 -6.12562e-07 0 0 0
4902 2236 0.459415 -0.431846 0.776174 -0.00104876 -9.10465e-08 0 0 0
1789 3145 0.858464 -0.467623 -0.210636 -0.0120827 -9.43873e-07 0 0 0
4296 5000 0.870649 0.386102 -0.304787 -0.00614745 -4.4174e-07 0 0 0
3800 112 0.82954 0.134568 -0.541992 -0.0152978 -1.36057e-06 0 0 0
898 3836 0.397441 -0.798966 0.451325 -0.00453101 -2.4996e-07 0 0 0
3355 820 0.589959 0.751556 -0.295148 -0.0106757 -7.74691e-07 0 0 0
1513 1008 0.696421 0.125005 -0.706663 -0.00706243 -6.26873e-07 0 0 0
1905 5116 0.403586 -0.856317 -0.322242 -0.0104582 -6.99302e-07 0 0 0
4336 2113 0.343711 0.490006 -0.801098 -0.0150553 -1.33706e-06 0 0 0
4432 3285 0.348196 0.708118 0.614271 -0.00907171 -6.68682e-07 0 0 0
500 4099 0.321215 -0.798555 0.509049 -0.00578782 -3.96623e-07 0 0 0
4443 280 0.128786 0.729453 0.671798 -0.00572169 -3.88389e-07 0 0 0
4432 100 0.477713 -0.800883 -0.361078 -0.00671466 -3.74961e-07 0 0 0
4432 2369 0.153249 0.145804 -0.977372 -0.0175671 -1.53983e-06 0 0 0
5128 1143 0.417904 0.461658 -0.782451 -0.0100577 -8.72758e-07 0 0 0
1822 862 -0.164021 0.129185 -0.977961 -0.0413909 -3.16712e-06 0 0 0
5128 3509 0.662655 0.0578026 0.746691 -0.0075666 -6.0573e-07 0 0 0
2860 4317 0.749306 0.218079 0.625285 -0.00807354 -6.29373e-07 0 0 0
4521 4396 0.382745 0.00341312 0.923848 -0.0186331 -1.2623e-06 0 0 0
5031 5216 0.848728 0.238403 0.472044 -0.000771335 -6.06711e-08 0 0 0
3522 699 0.902283 0.1759 0.39363 -0.0142722 -1.04397e-06 0 0 0
4563 3858 0.868745 -0.364989 -0.334761 -0.00230399 -1.56251e-07 0 0 0
849 408 0.381545 -0.452082 -0.806254 -0.0115748 -8.59034e-07 0 0 0
1016 203 0.480609 -0.712467 0.511278 -0.00317554 -1.9894e-07 0 0 0
1278 1595 0.578359 -0.743546 -0.335619 -0.0181752 -1.34074e-06 0 0 0
3919 1986 0.388614 0.443017 0.807908 -0.006631 -4.06471e-07 0 0 0
1278 3061 0.236722 -0.113453 0.964931 -0.015201 -8.63337e-07 0 0 0
1278 3620 0.215753 0.78827 -0.576264 -0.020909 -1.66462e-06 0 0 0
3040 4574 0.751397 -0.61973 0.226579 -6.2404e-05 -4.72529e-09 0 0 0
3186 1687 0.328251 0.894541 -0.303395 -0.00924733 -6.93436e-07 0 0 0
3186 422 0.555067 -0.22652 -0.800368 -0.0250137 -1.92027e-06 0 0 0
4028 3723 0.76445 -0.114411 0.634449 -0.00142371 -1.08988e-07 0 0 0
3186 110 0.896931 0.158538 0.412772 -0.00230041 -1.72981e-07 0 0 0
1059 3757 0.529461 -0.296656 0.794774 -0.0305849 -2.12037e-06 0 0 0
50 1694 0.3073 -0.829737 0.465943 -0.0173432 -1.59706e-06 0 0 0
342 1448 0.681222 0.602722 -0.415528 -0.0108669 -8.88555e-07 0 0 0
174 5174 0.653701 0.539281 -0.530897 -0.00220111 -1.7535e-07 0 0 0
1647 3141 0.943904 0.328916 0.0293059 -0.00608341 -4.40959e-07 0 0 0
634 1111 -0.69625 -0.281298 -0.660384 -0.0144189 -1.18816e-06 0 0 0
4870 4792 0.485439 0.543623 0.684706 -0.00280754 -2.42439e-07 0 0 0
3782 4053 0.55007 0.528935 0.646259 -0.0145658 -1.18551e-06 0 0 0
929 4735 0.931722 0.103197 -0.348203 -0.00869009 -4.92843e-07 0 0 0
4587 231 0.363491 -0.33871 0.867842 -0.0160044 -1.57353e-06 0 0 0
1375 1088 0.440154 0.178426 -0.880016 -0.00819955 -6.54928e-07 0 0 0
2822 1143 0.106019 -0.981422 -0.15991 -0.013305 -1.19784e-06 0 0 0
2822 5262 0.403134 -0.222752 0.887617 -0.00829778 -7.40009e-07 0 0 0
1782 4203 0.591649 0.741119 -0.317324 -0.000946037 -8.16615e-08 0 0 0
2468 2983 0.0135233 0.946655 -0.321966 -0.00492956 -3.98698e-07 0 0 0
826 2104 0.415237 0.858996 -0.299507 -0.0142068 -1.02155e-06 0 0 0
1796 2555 0.809203 -0.411286 0.419564 -0.0192788 -1.55884e-06 0 0 0
1214 3699 0.982676 -0.181969 -0.0351384 -0.00491083 -3.6949e-07 0 0 0
5509 966 0.122937 -0.101052 -0.987256 -0.0307653 -2.32016e-06 0 0 0
1395 1520 0.423445 -0.433797 -0.795308 -0.00917425 -6.36111e-07 0 0 -1
3410 3928 0.996084 0.0660918 0.0587263 -0.00161494 -1.13384e-07 0 0 0
2646 1602 0.250403 0.216895 -0.943533 -0.00689773 -4.64149e-07 0 0 0
1395 5451 0.678032 0.0778663 0.730896 -0.00928533 -8.38938e-07 0 0 0
3017 3500 0.490962 -0.0490164 0.869801 -0.00686131 -4.55942e-07 0 0 0
1520 1411 0.59604 0.68251 -0.422986 -0.00661731 -4.39791e-07 0 0 0
12 4459 -0.17393 -0.83917 0.515308 -0.00329733 -2.52817e-07 0 0 0
906 3397 0.871609 -0.374631 -0.316149 -0.0129967 -1.00978e-06 0 0 0
4253 3223 0.244165 0.471726 -0.847265 -0.0154251 -1.20062e-06 0 0 0
3215 2423 0.538656 -0.46954 -0.699559 -0.0151743 -1.31672e-06 0 0 0
1612 1242 0.69227 0.323404 -0.645114 -0.0149663 -8.68593e-07 0 0 0
820 4578 0.478957 -0.876663 -0.0454133 -0.0165976 -1.39027e-06 0 0 0
3648 3294 0.412188 -0.397387 -0.819869 -0.019671 -1.72459e-06 0 0 0
1890 1362 0.642286 -0.57728 0.504199 -0.00448978 -3.40399e-07 0 0 0
1048 5499 0.608117 -0.682134 -0.406062 -0.00222786 -1.50706e-07 0 0 0
4697 26 0.735209 0.587786 0.337603 -0.00999509 -8.0777e-07 0 0 0
833 3237 0.516708 0.6248 0.585353 -0.0197516 -1.10321e-06 0 0 0
2716 1222 0.822966 -0.434195 0.366335 -0.00200056 -1.58401e-07 0 0 0
4080 2263 0.38971 0.651765 -0.650637 -0.0272463 -2.08126e-06 0 0 0
4317 5132 0.930191 0.350565 -0.10885 -0.00330959 -2.77203e-07 0 0 0
2258 3303 0.826542 -0.467891 0.312899 -0.00110573 -9.12054e-08 0 0 0
106 3740 0.0397574 -0.648258 0.760382 -0.00869993 -6.66055e-07 0 0 0
2137 3899 0.250709 0.573817 -0.779666 -0.0238661 -2.27008e-06 0 1 0
4370 4223 0.438516 -0.164027 -0.883628 -0.0125466 -9.96101e-07 0 0 0
2137 5366 0.192656 -0.972244 -0.132757 -0.0108893 -8.52193e-07 0 0 0
2568 829 -0.913581 0.193418 -0.357713 -0.00167321 -1.22386e-07 0 0 0
1582 1289 0.431537 0.520305 0.736925 -0.0158252 -1.16457e-06 0 0 0
5168 5472 0.123391 0.680155 -0.722609 -0.0154017 -1.20974e-06 0 0 0
618 5101 0.947472 -0.266904 0.176238 -0.0184062 -1.3183e-06 0 0 0
186 5161 0.236493 -0.51194 0.825826 -0.0136858 -1.05399e-06 0 0 0
5233 4504 0.837023 0.495203 -0.232736 -0.00418212 -3.71447e-07 0 0 0
4345 2480 0.559588 0.738933 -0.375287 -0.00892765 -7.49816e-07 0 0 0
5266 4077 0.176492 0.9724 0.152606 -0.010226 -8.4327e-07 0 0 0
506 797 0.915324 0.319619 -0.245 -0.0197403 -1.67509e-06 0 0 0
4345 1516 0.119957 -0.704724 0.699267 -0.0178435 -1.33391e-06 0 -1 0
1708 247 0.389888 0.830025 0.398806 -0.0103389 -7.45103e-07 0 0 0
4345 2279 0.103067 -0.182414 -0.977805 -0.0252984 -2.09664e-06 0 -1 0
967 3802 0.486284 0.569495 0.662724 -0.0172661 -1.50115e-06 0 0 0
2699 715 0.737656 -0.484977 0.469745 -0.00672582 -4.65454e-07 0 0 0
2161 2035 0.484597 0.045659 -0.873545 -0.0111936 -7.99225e-07 0 0 0
5362 1555 0.726966 0.209833 0.653828 -0.00807222 -6.2177e-07 0 0 0
235 1662 0.119111 -0.698249 0.705876 -0.0122129 -9.34072e-07 0 0 0
1007 5502 0.697975 0.557967 -0.448892 -0.0184847 -1.73745e-06 0 0 0
1334 2607 0.558721 0.293956 -0.775513 -0.00249685 -1.86857e-07 0 0 0
373 793 0.956337 -0.235157 -0.173554 -0.00434128 -3.43294e-07 0 0 1
373 4696 0.200196 -0.636948 0.744459 -0.0198252 -1.67737e-06 0 0 1
346 844 0.11477 0.427486 0.896707 -0.00352634 -2.74203e-07 0 0 0
469 2411 0.88957 0.442594 -0.113029 -0.00423387 -3.56468e-07 0 0 0
469 3093 0.126894 0.0233739 0.991641 -0.0192597 -1.81459e-06 0 0 0
2232 3224 0.113 -0.885211 0.451256 -0.0012169 -1.14179e-07 0 0 0
4320 5337 0.605817 0.474088 0.638926 -0.00634278 -4.77331e-07 0 0 0
752 887 0.197545 -0.674294 0.71155 -0.0147229 -1.01228e-06 0 0 0
469 4389 -0.0434015 -0.862984 -0.503363 -0.00898842 -6.33304e-07 0 0 0
4956 2137 0.0953801 -0.00818777 -0.995407 -0.0186327 -1.67305e-06 0 0 0
2726 3271 0.239895 0.569641 -0.786104 -0.011063 -9.59073e-07 0 1 0
2726 1827 0.166119 -0.196199 0.966391 -0.0131089 -1.0267e-06 0 0 0
2365 1423 -0.0796345 -0.400917 -0.912647 -0.0267575 -2.23754e-06 0 0 0
2514 188 -0.993674 -0.103627 0.0432905 -0.00500051 -3.7703e-07 0 0 0
2113 50 0.63708 0.358806 -0.682193 -0.012622 -7.87215e-07 0 0 0
2161 4103 0.375392 0.89376 -0.245509 -0.0244012 -1.85223e-06 0 0 0
287 3357 0.301277 0.719918 -0.62526 -0.038606 -2.2055e-06 0 0 0
4894 5483 -0.133839 -0.904197 0.405605 -0.00923456 -7.06829e-07 0 0 0
4041 467 0.243067 0.0241955 -0.969708 -0.0259996 -2.09909e-06 0 0 0
4848 2926 0.31841 0.212129 0.923914 -0.000194432 -1.63437e-08 0 0 0
597 428 0.142887 0.509206 0.8487 -0.00576224 -4.96145e-07 0 0 0
4985 3802 0.613331 -0.601158 -0.512284 -0.00837946 -6.30115e-07 0 0 0
493 5013 0.495813 0.722056 -0.482498 -0.00266059 -2.21064e-07 0 0 0
1922 5180 0.975698 0.218467 -0.0169028 -0.0121597 -1.127e-06 0 0 0
4088 4508 0.527128 -0.777091 0.343897 -0.000837007 -6.47008e-08 0 0 0
2964 5399 0.0373344 0.207495 -0.977523 -0.00952682 -8.71315e-07 0 0 0
1357 1098 0.924681 0.367003 -0.101359 -0.0089353 -7.74973e-07 0 0 0
4703 2826 0.380016 -0.236251 -0.8943 -0.00793909 -7.32249e-07 0 0 0
4592 2608 0.434677 0.49131 -0.754765 -0.0112912 -9.11384e-07 0 0 0
3697 2561 0.449881 -0.39513 -0.800924 -0.014876 -1.12033e-06 0 0 0
3673 4900 0.499271 -0.385316 0.776054 -0.0167528 -1.44676e-06 0 0 0
4745 3417 0.60571 0.795593 0.0121334 -0.00111843 -7.87542e-08 0 0 0
4735 2872 0.972713 -0.230112 0.0296346 -0.00927533 -5.93594e-07 0 0 0
1638 4065 0.239001 0.283922 0.928583 -0.00391752 -3.59491e-07 0 0 0
5072 2215 0.74119 -0.306597 0.59719 -0.00793125 -7.00252e-07 0 0 1
3031 1189 0.458763 -0.763758 -0.454104 -0.0029599 -2.28296e-07 0 0 0
3031 4778 0.18235 0.0241024 -0.982938 -0.0124077 -1.0514e-06 0 0 0
3031 944 -0.0752745 -0.475169 0.876669 -0.00869174 -5.72119e-07 0 0 0
3383 3156 0.451911 0.47364 -0.755938 -0.00607449 -5.00748e-07 0 0 0
5440 637 0.445116 -0.63687 0.629499 -0.00674988 -5.35861e-07 0 0 0
2901 861 0.628274 0.453973 0.631807 -0.0129212 -1.02949e-06 0 0 0
5210 1271 0.497664 0.771171 0.397021 -0.00307951 -2.87685e-07 0 0 0
4578 4068 0.659049 0.00582334 0.752077 -0.00562546 -4.52757e-07 0 0 0
4240 4960 0.0738246 0.675784 0.733393 -0.00480995 -3.44158e-07 0 0 0
5386 3529 0.831583 0.0629764 -0.551819 -0.0218926 -1.98579e-06 0 -1 0
507 2136 -0.21413 -0.540858 -0.813401 -0.000452911 -3.19883e-08 0 0 0
5085 402 0.744568 0.386915 -0.543982 -0.00746607 -5.4751e-07 0 0 0
193 267 0.514731 -0.194092 0.835093 -0.000600319 -4.35086e-08 0 0 0
193 211 0.971164 0.238026 -0.0135526 -0.00102575 -8.9677e-08 0 0 0
3552 1730 0.303899 0.224596 0.925852 -0.0182851 -1.40523e-06 0 0 0
3314 3082 0.237117 -0.742309 0.6267 -0.00940832 -6.56039e-07 0 0 0
4097 5116 0.647057 -0.407611 0.644337 -0.00289661 -2.06438e-07 0 0 0
5019 2161 -0.00459095 0.460343 -0.887729 -0.0330246 -2.5294e-06 0 0 0
3524 5131 0.30474 -0.787476 0.535738 -0.00671992 -5.42692e-07 0 0 0
1326 688 0.640007 -0.165525 -0.750328 -0.0124445 -9.8135e-07 0 0 0
101 3753 0.634815 -0.695019 0.337577 -0.00723446 -5.34606e-07 0 0 0
5472 3392 0.702199 0.495212 0.511548 -0.0156301 -1.05343e-06 0 0 0
1098 913 0.413075 0.645941 0.641973 -0.0188224 -1.43564e-06 0 0 0
2108 1399 0.280223 0.79906 -0.531956 -0.00175518 -1.40202e-07 0 0 0
4150 2192 0.191003 -0.685731 -0.702347 -0.00245146 -1.82798e-07 0 -1 0
4919 5489 0.852065 0.0603782 -0.519941 -0.0272903 -2.03879e-06 0 0 0
337 3164 0.612917 0.636765 -0.467828 -0.00722319 -5.42758e-07 0 0 0
2941 1484 0.833887 0.301504 0.462306 -0.0119 -9.46424e-07 0 0 0
1660 4317 0.235212 0.947872 0.214973 -0.00715707 -4.98178e-07 0 0 0
2108 2486 0.276696 0.683609 0.675365 -0.0039425 -3.32104e-07 0 0 0
1453 2232 -0.25513 0.127063 -0.958522 -0.0116756 -7.20816e-07 0 0 0
1354 3697 0.436187 -0.789803 -0.431223 -0.00388557 -2.85764e-07 0 0 0
3542 1109 -0.0302219 0.422128 -0.906033 -0.0144315 -1.01982e-06 0 0 0
504 1494 -0.155659 -0.548608 -0.821462 -0.00696599 -5.44441e-07 0 0 0
1042 2872 0.31223 -0.933133 -0.178255 -0.00325214 -2.81528e-07 0 0 0
661 3307 0.538216 0.834357 0.119044 -0.00662994 -5.31138e-07 0 0 0
5065 673 0.0859349 0.845794 -0.526543 -0.00717917 -4.42511e-07 0 0 0
1360 1217 0.655531 -0.382088 0.651373 -0.00420933 -3.11903e-07 0 0 0
495 1234 0.0157549 -0.999835 0.00902393 -0.00375617 -2.75289e-07 0 0 0
3631 1919 0.777589 0.0873607 0.622674 -0.00751419 -5.85652e-07 0 0 0
438 463 0.588088 0.76974 0.248299 -0.0159865 -1.41485e-06 0 0 0
3103 613 0.55785 -0.714874 -0.421615 -0.00884542 -6.29016e-07 0 0 0
1810 4210 0.794192 -0.0102991 -0.60758 -0.00558226 -5.17795e-07 0 0 0
4857 1764 0.920334 -0.35204 0.170451 -0.00380566 -2.45399e-07 0 0 0
5250 2965 0.68989 -0.5879 -0.422404 -0.00232671 -1.94395e-07 0 0 0
4398 2417 0.360744 -0.755739 -0.546556 -0.0279755 -2.25171e-06 0 0 0
1815 3901 0.670481 -0.590312 0.449429 -0.0122561 -9.2124e-07 0 0 0
2516 3072 0.93634 -0.145945 0.319322 -0.000993319 -7.30148e-08 0 0 0
2516 3068 0.597908 0.547296 -0.585639 -0.0168212 -1.32396e-06 0 0 0
2593 3186 0.633167 -0.490908 0.598423 -0.00884878 -7.19461e-07 0 0 0
2516 1390 0.289675 -0.831035 -0.474836 -0.00406499 -3.03161e-07 0 0 0
3265 4207 0.871973 0.473439 0.124572 -0.0131387 -9.34633e-07 0 0 0
3588 969 0.821423 -0.557584 0.119855 -0.0132318 -1.18389e-06 0 0 0
22 1015 0.473084 0.878504 0.0665011 -0.00402287 -3.42195e-07 0 0 0
2465 4971 0.521028 0.765395 0.377758 -0.0110547 -8.23366e-07 0 0 0
22 4253 0.302488 0.595676 -0.744091 -0.00139533 -1.12927e-07 0 0 0
1499 4905 -0.039907 0.262214 -0.964184 -0.0258055 -2.36523e-06 0 1 0
4259 945 0.221324 -0.702811 -0.676071 -0.0124597 -9.72878e-07 0 0 0
5264 3588 0.762483 -0.298326 0.574127 -0.0178051 -1.69611e-06 0 0 0
4259 4418 0.311907 0.944821 0.100138 -0.00610018 -4.80431e-07 0 0 0
1268 5292 0.49975 -0.165111 -0.850287 -0.0135989 -9.26308e-07 0 0 0
3222 585 0.664084 -0.747007 -0.0311933 -0.00513369 -2.93443e-07 0 0 0
2950 1124 0.729071 -0.52457 -0.439639 -0.0165716 -1.34715e-06 0 0 0
4432 3385 0.72292 -0.271571 0.635323 -0.00322482 -2.2102e-07 0 0 0
1766 4607 0.420795 -0.762963 0.490734 -0.00201966 -1.54562e-07 0 0 0
2670 702 0.0675926 0.706978 -0.703998 -0.00397776 -2.29559e-07 0 0 0
2584 4152 0.815326 -0.352665 -0.459208 -0.00545273 -4.21762e-07 0 0 0
1262 3363 0.422642 -0.391229 -0.817504 -0.00625581 -5.54541e-07 0 0 0
275 3431 0.883982 0.0459981 0.465253 -0.00545589 -4.01441e-07 0 0 0
2670 2470 0.972273 0.233031 -0.0195447 -0.012064 -8.39332e-07 0 0 0
1471 5379 0.0853809 -0.782933 0.616219 -0.00955497 -6.79435e-07 0 0 0
1877 4477 0.51927 -0.435828 0.735128 -0.00479811 -4.22651e-07 0 0 0
1471 3344 0.650636 0.357639 -0.669901 -0.005393 -3.4938e-07 0 0 0
849 3513 0.731216 0.255354 0.632548 -0.0154659 -8.95895e-07 0 0 0
2821 1588 0.719521 -0.435108 0.541268 -0.0206112 -1.75569e-06 0 0 0
2618 1827 0.366054 -0.92041 0.137293 -0.000607845 -4.76168e-08 0 -1 0
2213 2178 0.903887 -0.268183 0.333267 -0.01042 -6.04655e-07 0 0 0
4519 4278 0.761882 -0.0155633 0.647529 -0.0255569 -2.18498e-06 0 0 0
4534 1595 0.805656 -0.00354532 0.592373 -0.00595278 -4.10947e-07 0 0 0
3218 930 0.864731 0.357011 -0.353246 -0.0010251 -7.52452e-08 0 0 0
4534 4278 0.718646 -0.192625 -0.668164 -0.00496516 -4.30257e-07 0 0 0
127 839 0.101967 -0.848594 -0.519126 -0.00432061 -3.15121e-07 0 0 0
3988 1247 0.0777524 -0.556045 0.827507 -0.00114059 -9.0243e-08 0 -1 0
766 1282 -0.0411153 0.818138 0.57355 -0.00470534 -3.78133e-07 0 0 0
1018 716 0.887574 0.399185 0.22992 -0.0047207 -3.56592e-07 0 0 0
3363 4856 0.0522425 -0.647716 0.760089 -0.00390134 -3.2116e-07 0 0 0
5362 3092 0.702991 0.631714 -0.326712 -0.0250043 -1.78118e-06 0 0 0
2704 4073 0.37359 -0.926542 -0.0441744 -0.00414862 -3.23818e-07 0 0 0
1716 3628 0.324497 0.756146 -0.568283 -0.00455184 -4.0536e-07 0 0 0
4006 2546 0.512097 0.202717 -0.834663 -0.00577965 -5.05831e-07 0 0 0
2498 4373 0.414033 -0.817198 -0.400955 -0.00687858 -5.8167e-07 0 -1 0
4127 2136 0.501495 -0.617733 0.60573 -0.00447745 -3.54646e-07 0 -1 0
49 3962 0.263756 0.304584 0.915238 -0.019764 -1.12873e-06 0 0 0
1173 2537 0.690347 -0.56589 -0.450766 -0.00839575 -6.97547e-07 0 0 0
3237 688 0.789231 0.0190653 0.6138 -0.0243243 -1.99475e-06 0 0 0
565 3533 0.039528 0.610198 0.791262 -0.0206309 -1.43613e-06 0 0 0
3198 4979 0.155981 -0.0852929 -0.984071 -0.0336957 -1.96077e-06 0 0 0
2781 4302 -0.967097 -0.0965161 -0.235387 -0.000643441 -4.00991e-08 0 0 0
3754 4974 -0.00384996 -0.550833 0.834607 -0.0130386 -8.76686e-07 0 0 0
2263 1219 0.763503 0.607832 0.218183 -0.00126355 -1.05206e-07 0 0 0
1866 2329 0.325739 -0.251741 0.911329 -0.00406909 -3.53916e-07 0 0 0
3354 1788 0.576036 -0.108983 0.810126 -0.0106531 -7.4032e-07 0 0 0
472 2532 -0.00631576 -0.999449 -0.0325955 -0.011313 -8.77469e-07 0 0 0
1866 3225 0.15407 -0.986028 -0.0633395 -0.0141686 -9.05979e-07 0 0 0
242 3335 0.643909 -0.101894 0.758287 -0.0112495 -7.38718e-07 0 0 0
2976 3034 0.661466 -0.266955 0.700855 -0.0012114 -9.14668e-08 0 0 0
3088 3328 0.654997 -0.0350488 0.754818 -0.00834972 -6.03677e-07 0 0 0
4339 2463 0.138043 0.35299 -0.925388 -0.031957 -2.92921e-06 0 0 0
453 4060 0.774959 0.450216 0.443557 -0.0136358 -8.44805e-07 0 0 0
4228 2712 0.531402 -0.168628 -0.830167 -0.00366513 -2.58204e-07 0 0 0
4172 2379 0.933626 -0.12122 0.337118 -0.00884399 -7.46306e-07 0 0 0
2453 283 0.281678 0.412414 -0.866356 -0.0174185 -1.49185e-06 0 0 0
2604 3994 0.113411 0.0789217 -0.990409 -0.00160398 -1.10884e-07 0 0 0
4172 2495 0.318359 0.182749 0.930188 -0.0100142 -8.60242e-07 0 0 0
1461 4362 0.778824 -0.341189 -0.52633 -0.00360769 -2.90305e-07 0 0 0
2977 1237 0.737374 0.407508 -0.538718 -0.00159068 -1.26317e-07 0 0 0
776 155 0.870264 -0.128367 -0.475566 -0.000115533 -8.23137e-09 0 0 0
2373 4325 0.957801 0.00601993 0.287369 -0.0137771 -1.05056e-06 0 0 0
3250 2528 -0.0568617 -0.517831 0.853591 -0.00454425 -3.71355e-07 0 0 1
3192 2528 0.711897 0.3169 0.626719 -0.00924395 -7.73929e-07 0 0 1
2894 2060 0.530579 -0.847218 0.0265999 -0.0111915 -8.1132e-07 0 0 0
2894 3518 -0.0233505 0.846771 -0.531445 -0.00342716 -2.58169e-07 0 0 0
1399 4854 0.305885 0.764214 -0.567812 -0.000817102 -6.48934e-08 0 0 0
4327 3328 0.65087 0.476749 -0.590829 -0.00990673 -7.33001e-07 0 0 0
1168 1445 0.858733 0.469421 -0.205481 -0.0178657 -1.2148e-06 0 0 0
4069 4098 0.38276 -0.655795 -0.650713 -0.0237998 -1.55274e-06 0 0 0
3861 1309 0.442026 -0.723337 0.530469 -0.00164412 -9.19861e-08 0 0 0
3861 3458 0.55923 0.603875 -0.567976 -0.0057061 -3.79281e-07 0 0 0
11 3234 0.449266 0.866875 0.216074 -0.00110278 -1.0009e-07 0 0 0
1630 4791 0.849432 0.276788 0.449281 -0.00201867 -1.59189e-07 0 0 0
5379 920 0.379423 0.876365 0.296686 -0.000639657 -4.46974e-08 0 0 0
5385 4983 0.466343 -0.251555 0.848083 -0.0118105 -8.7803e-07 0 0 0
5385 3695 0.285983 0.800601 -0.526546 -0.00253939 -2.07058e-07 0 0 0
5433 906 -0.0975793 -0.569651 -0.816073 -0.0137055 -1.23571e-06 0 0 0
101 1730 0.558356 -0.197721 -0.805695 -0.0154507 -1.18204e-06 0 0 0
3792 5100 0.816574 0.45667 0.353071 -0.00946724 -7.70778e-07 0 0 0
3781 292 0.497031 -0.692253 0.523208 -0.0126181 -8.4059e-07 0 0 1
2835 5235 0.554669 -0.442666 0.704549 -0.0125601 -1.00775e-06 0 0 0
2835 2168 0.728449 -0.483938 -0.48494 -0.0101654 -8.48065e-07 0 0 0
4380 4285 0.798156 0.0332737 -0.601531 -0.0170858 -1.35179e-06 0 0 0
3217 172 0.6134 0.480957 0.626435 -0.00460079 -3.65202e-07 0 0 1
5397 2513 0.994609 0.0854062 -0.0588106 -0.00242983 -2.02863e-07 0 0 0
5229 294 0.0579047 -0.364071 -0.929569 -0.000424272 -3.45412e-08 0 0 0
3792 488 0.401817 -0.915715 0.00291742 -0.00740759 -5.86733e-07 0 0 0
168 195 -0.190765 -0.715631 -0.671924 -0.00811323 -7.38345e-07 0 0 0
2301 191 0.674134 0.645538 0.358921 -0.0168904 -1.13927e-06 0 1 0
4880 5323 0.448428 0.0270171 -0.89341 -0.0230556 -1.48282e-06 0 0 0
4102 2824 0.387428 -0.63991 0.663638 -0.00740639 -6.39043e-07 0 0 1
457 1303 0.0674053 -0.889371 0.452189 -0.00800964 -5.50314e-07 0 0 0
1579 3056 0.523747 0.745288 0.412597 -0.025606 -1.98197e-06 0 0 0
457 5408 0.571033 0.80005 0.183962 -0.0108865 -8.34134e-07 0 0 0
25 274 0.637225 -0.676812 -0.368604 -0.00876574 -7.75416e-07 0 0 0
2638 4912 0.49936 -0.161525 -0.851204 -0.00629107 -5.31633e-07 0 0 0
3267 4429 -0.243204 -0.185473 0.952078 -0.010482 -8.50766e-07 0 0 0
5211 1135 -0.181512 0.391171 -0.902241 -0.0137533 -1.13648e-06 0 0 0
506 632 -0.0195929 -0.437505 -0.899002 -0.0109576 -6.9919e-07 0 0 0
506 4794 0.360591 0.903199 0.23282 -0.0055698 -4.60114e-07 0 0 0
242 1382 0.878718 -0.370238 -0.301294 -0.00497275 -4.05994e-07 0 0 0
1156 2836 0.348124 0.837308 -0.421575 -0.00687654 -5.10866e-07 0 0 0
242 373 0.167891 -0.969378 -0.179218 -0.0142717 -9.75358e-07 0 0 -1
368 3862 -0.250802 0.0395061 0.967232 -0.0128857 -8.18156e-07 0 0 0
4097 422 0.247718 0.84413 -0.475479 -0.000670045 -3.96593e-08 0 0 0
951 802 -0.114157 -0.958858 0.259924 -0.00590601 -4.48533e-07 0 0 0
3564 428 0.149253 0.644851 -0.749594 -0.00186876 -1.56163e-07 0 0 0
543 2044 0.508434 0.306007 -0.804894 -0.0105027 -8.02307e-07 0 0 0
4570 25 0.76222 -0.418583 -0.49377 -0.0218232 -2.07717e-06 0 0 0
543 3225 0.549072 0.2573 0.795183 -0.00491679 -3.65138e-07 0 0 0
3690 3950 0.707945 -0.691414 0.144081 -0.0109675 -9.0901e-07 0 0 0
2965 1691 0.883023 -0.0537531 0.466241 -0.004237 -3.3689e-07 0 0 0
15 702 0.186922 0.584458 0.789601 -0.00592386 -4.28545e-07 0 0 0
4860 3375 -0.172463 -0.517273 -0.838263 -0.00857801 -6.60869e-07 0 0 0
15 3082 0.250905 -0.0301579 -0.967542 -0.00680658 -4.79616e-07 0 0 0
15 2234 0.417714 -0.671252 0.612321 -0.00447599 -3.10431e-07 0 0 0
761 5085 0.329684 -0.187236 0.925338 -0.0162637 -1.38782e-06 0 0 0
633 5289 0.565721 -0.76025 -0.319342 -0.0205989 -1.83824e-06 0 0 0
1435 1227 0.998925 0.0328883 -0.0326684 -0.00862314 -6.32548e-07 0 0 0
1435 5173 0.404734 0.391038 0.826607 -0.0125405 -9.57626e-07 0 0 0
982 261 0.754331 -0.353934 -0.552915 -0.00101934 -8.16024e-08 0 0 0
4203 3271 0.532368 -0.593781 -0.603331 -0.0107515 -6.68205e-07 0 0 0
3220 1669 0.442231 -0.0460384 0.895719 -0.0158705 -1.16499e-06 0 0 0
3220 4423 0.640683 -0.515423 -0.569091 -0.0182178 -1.31479e-06 0 0 0
3160 2617 0.688328 0.278692 0.669728 -0.0279369 -1.63696e-06 0 0 0
1242 2552 0.914636 -0.264981 0.30533 -0.00823155 -6.10133e-07 0 0 0
752 1362 0.228046 0.381439 -0.895823 -0.00333439 -2.40348e-07 0 0 0
4979 146 0.341362 0.744703 -0.57349 -0.00561978 -4.58229e-07 0 0 0
1555 3692 0.1827 -0.848046 0.497432 -0.000814431 -6.25931e-08 0 0 0
1555 4296 0.152008 0.460271 0.874668 -0.0091542 -5.88283e-07 0 0 0
4286 1272 0.167296 -0.854978 -0.490943 -0.00250297 -1.87455e-07 0 0 0
119 1546 0.272435 -0.58569 -0.763379 -0.00216747 -1.46111e-07 0 0 0
3226 1922 0.575193 -0.76702 0.284311 -0.0110887 -6.76177e-07 0 0 0
3112 3530 -0.0031146 0.998919 -0.0463867 -0.0142459 -1.04486e-06 0 0 0
3900 468 -0.187058 -0.974646 0.122778 -0.00215304 -1.62359e-07 0 0 0
3112 743 0.400485 -0.668613 0.626552 -0.0141868 -1.05604e-06 0 0 0
4912 3860 0.605948 -0.622734 -0.495005 -0.00519781 -4.75688e-07 0 0 0
5150 2990 0.453792 -0.672907 -0.584182 -0.0101459 -8.18977e-07 0 0 0
1109 2197 0.901501 -0.359877 -0.240383 -0.00762832 -5.7426e-07 0 0 0
5389 3206 -0.0550787 0.571466 -0.818776 -0.00516744 -4.12314e-07 1 1 0
4361 4163 -0.0332435 -0.641401 0.766485 -0.0156672 -1.26984e-06 0 0 0
2778 1867 0.122083 0.847456 -0.516637 -0.0160238 -1.16604e-06 0 0 0
359 2964 0.426452 0.421299 -0.800404 -0.0328815 -3.04408e-06 0 0 0
1643 1604 0.923976 0.278835 -0.261762 -0.00281287 -1.74112e-07 0 0 0
2187 4570 0.751887 -0.426491 0.502763 -0.0179029 -1.45306e-06 0 0 0
2591 1894 0.462887 -0.366129 0.80727 -0.00965005 -7.14911e-07 0 0 1
1997 4396 0.960644 -0.275707 0.033889 -0.000689821 -5.40859e-08 0 0 0
632 4546 0.0163382 -0.341568 -0.939715 -0.00808408 -7.59758e-07 0 0 0
4911 4361 0.172158 0.722133 0.669989 -0.0222813 -1.7373e-06 0 0 0
4196 2237 0.558187 -0.671929 0.486764 -0.00502278 -4.17021e-07 0 -1 0
4975 2940 0.922259 -0.358118 -0.145566 -0.00667738 -5.12148e-07 0 0 0
5282 3518 -0.0795342 -0.9197 0.384481 -0.00985268 -7.97782e-07 0 0 0
3285 1297 0.870952 -0.250138 0.422936 -0.0035154 -2.41646e-07 0 0 0
3752 4768 0.22649 0.198801 0.95351 -0.0162439 -1.36094e-06 0 0 0
731 488 0.746012 -0.244851 -0.619285 -0.0126787 -8.5478e-07 0 0 0
3533 3501 0.145808 0.40039 0.90467 -0.0234168 -1.61116e-06 0 0 0
984 3764 0.631624 0.746939 -0.207684 -0.0112661 -8.79241e-07 0 0 0
2488 492 0.513487 -0.842419 -0.163286 -0.00979154 -8.50519e-07 0 0 0
3562 1388 0.674859 0.56666 -0.472717 -0.0100497 -6.86049e-07 0 0 0
1147 1451 -0.0651108 -0.963671 -0.259033 -0.0187027 -1.09073e-06 0 0 0
2024 1330 0.183051 0.945277 0.270079 -0.00753397 -6.35845e-07 0 0 0
1635 4778 0.746691 -0.399953 0.531498 -0.0124086 -9.28244e-07 0 -1 0
1147 756 0.303168 -0.462541 0.833154 -0.027471 -1.66407e-06 0 0 1
1635 3014 0.536738 -0.0993744 -0.837876 -0.00558843 -4.40381e-07 0 -1 0
2590 3412 0.40786 -0.866156 0.288834 -0.00196999 -1.43701e-07 0 1 0
1147 4942 0.898668 0.409802 -0.156392 -0.0135103 -1.15665e-06 0 0 0
542 2138 0.241883 -0.41088 0.879017 -0.0155937 -9.15662e-07 0 0 0
3382 1521 0.50904 0.716544 0.476909 -0.00132337 -8.45597e-08 0 0 0
542 3454 -0.0391102 0.479875 0.876465 -0.0146466 -1.11972e-06 0 0 0
1602 353 0.266728 -0.847642 -0.458649 -0.00154299 -1.31156e-07 0 0 0
107 191 0.377888 -0.51284 -0.770841 -0.0317462 -2.57436e-06 0 0 0
367 3648 0.346231 -0.570701 -0.744597 -0.0162397 -9.5226e-07 0 0 0
1876 4983 0.376117 0.562365 -0.736398 -0.0180027 -1.14181e-06 0 0 0
1876 3779 0.260165 -0.492762 0.830361 -0.0326403 -3.13444e-06 0 0 0
1941 5395 0.541641 -0.159424 0.825354 -0.0209889 -1.49554e-06 0 0 0
1427 802 0.581003 0.443783 -0.68227 -0.00814769 -6.20659e-07 0 0 0
4130 1089 0.799306 -0.295974 0.522981 -0.00935244 -7.19883e-07 0 0 0
1113 4298 0.632857 0.754208 0.175108 -0.00660894 -4.28613e-07 0 0 0
2096 63 0.249875 0.0712505 -0.965653 -0.0275567 -1.82163e-06 0 0 0
5456 713 0.817755 0.541281 -0.195681 -0.0010094 -7.75443e-08 0 0 0
3724 1506 0.340711 0.87144 -0.352858 -0.00647795 -5.79911e-07 0 0 0
2096 777 0.69767 0.0480642 0.714806 -0.0256754 -1.72514e-06 0 0 0
5410 1695 0.677294 -0.495825 0.543536 -0.0110219 -8.27966e-07 0 0 0
5370 3748 0.10056 -0.652938 0.750706 -0.0104855 -8.38575e-07 0 0 0
1725 967 0.414189 0.107376 0.903835 -0.0277521 -2.08537e-06 0 0 0
829 315 -0.0593881 -0.91521 0.398576 -0.0141316 -9.35886e-07 0 0 0
2263 4651 0.617037 0.300296 -0.727384 -0.0240848 -1.85304e-06 0 0 0
1716 1209 0.124322 0.410118 0.903519 -0.0165318 -1.0997e-06 0 0 0
1859 294 -0.0972533 0.112552 0.988875 -0.00532082 -4.86268e-07 0 0 0
1998 4887 0.454398 0.873536 -0.174521 -0.00962595 -7.28144e-07 0 0 0
4456 1426 0.871163 0.40972 0.270563 -0.00659051 -5.03015e-07 0 0 0
1736 3609 0.501404 -0.0929402 0.860207 -0.0163831 -1.17412e-06 0 0 0
1215 2387 -0.0660478 -0.552111 -0.831151 -0.0138519 -1.07047e-06 0 0 0
672 1965 0.114383 -0.296181 -0.948258 -0.0042478 -3.15118e-07 0 0 0
1240 4386 0.408211 0.0879837 0.908638 -0.00689118 -5.259e-07 0 0 0
1663 461 0.364989 -0.927159 -0.0846124 -0.00844991 -6.55927e-07 0 0 0
2119 4919 0.376427 0.337464 -0.862798 -0.00500608 -4.17695e-07 0 0 0
1303 1850 0.734576 -0.0823054 0.673516 -0.0115902 -8.96504e-07 0 0 0
1447 2539 0.291842 0.909875 -0.294883 -0.00804346 -6.83145e-07 0 0 0
4187 3052 0.61359 -0.629457 -0.476751 -0.0106234 -8.08495e-07 0 0 0
2660 1386 0.880844 -0.200341 0.428927 -0.0218547 -1.72477e-06 0 0 0
1815 1725 0.143903 0.938305 0.314445 -0.00586303 -4.46908e-07 0 0 0
2660 5493 0.725064 0.452874 -0.518832 -0.0100175 -7.65155e-07 0 0 0
3039 258 0.864047 -0.12665 0.487219 -0.0115883 -8.48151e-07 0 0 0
5387 4067 0.224159 0.082848 -0.971025 -0.0122205 -8.27526e-07 0 0 0
4487 2052 0.746051 -0.362314 -0.558692 -0.00537005 -3.31736e-07 0 0 0
5395 560 0.157504 0.288731 0.944366 -0.0437263 -3.81912e-06 0 0 0
1298 2883 0.868995 -0.486364 -0.0910939 -0.00236967 -1.65626e-07 0 -1 0
5299 5106 0.554381 0.831523 -0.0350941 -0.00116196 -9.2201e-08 0 0 0
4587 1527 0.945776 0.323344 -0.0309246 -0.00222737 -2.12245e-07 0 0 0
4247 1496 0.371459 -0.476898 -0.79661 -0.0023149 -2.18201e-07 0 0 0
2891 2816 0.41364 0.755218 -0.508476 -0.00363417 -2.7226e-07 0 0 0
449 3687 -0.953935 -0.299322 -0.0203404 -0.00801907 -4.99258e-07 0 0 0
5126 1793 0.773103 -0.544953 0.324559 -0.00596889 -4.82802e-07 0 0 0
4772 604 0.627031 -0.649071 -0.430743 -0.00167289 -1.46346e-07 0 0 0
61 2492 0.515156 -0.440402 -0.735296 -0.00169462 -1.11927e-07 0 0 0
748 499 0.771606 -0.523786 -0.360932 -0.0101816 -8.549e-07 0 0 0
5466 5478 0.494293 -0.684809 -0.535454 -0.0167496 -1.36186e-06 0 0 0
2842 665 0.996406 -0.0728674 -0.0431955 -0.00574815 -4.61795e-07 0 0 0
3175 3692 0.263058 0.183693 0.947131 -0.0129709 -1.02939e-06 0 0 0
4048 3149 -0.171029 -0.213308 -0.961899 -0.0136343 -1.01787e-06 0 0 0
4996 1915 0.283933 0.198984 -0.93797 -0.0110769 -8.33041e-07 0 0 0
1276 2369 0.448351 0.485241 0.750681 -0.020875 -1.71933e-06 0 0 0
281 4555 -0.164829 -0.941501 0.293951 -0.0075482 -6.4983e-07 0 0 0
1864 1607 0.300418 -0.635606 0.711164 -0.0178974 -1.42031e-06 0 0 0
1415 576 0.478176 -0.786701 -0.390446 -0.0057132 -4.75406e-07 0 0 0
5433 3827 0.647322 0.261893 0.715812 -0.00551525 -4.92532e-07 0 0 0
2035 2115 0.178153 0.50953 -0.841808 -0.0211095 -1.52184e-06 0 0 0
3047 1921 0.0177104 0.109382 0.993842 -0.00742191 -6.08337e-07 0 0 0
2655 1636 0.461268 0.749034 0.475583 -0.00343449 -1.94934e-07 0 0 0
2655 1513 0.441169 0.266426 -0.856964 -0.014583 -7.92287e-07 0 0 0
4580 1280 -0.986916 0.0244817 0.159363 -0.0117948 -8.94206e-07 0 0 0
4675 4219 0.273983 -0.961425 -0.0243933 -0.00988728 -6.83192e-07 0 0 0
2871 1786 0.261525 0.382671 -0.886097 -0.00830043 -5.96533e-07 0 0 0
2532 2964 0.301347 -0.840583 0.450122 -0.020836 -1.7433e-06 0 0 0
3543 3827 -0.0428937 -0.963881 0.262857 -0.00165086 -1.2889e-07 0 0 0
423 3143 -0.202182 -0.455149 -0.867157 -0.00931866 -6.60355e-07 0 0 0
3814 2671 0.897614 0.439812 -0.0292253 -0.0168122 -1.29023e-06 0 0 -1
1330 2934 0.661764 0.696982 -0.276196 -0.00920805 -7.18686e-07 0 0 0
1436 1677 0.115177 -0.253599 0.960428 -0.00408123 -3.31669e-07 0 0 0
3978 2734 0.198739 -0.867701 0.45563 -0.0124588 -6.9511e-07 0 0 0
3902 193 0.482275 -0.566736 0.667998 -0.00348776 -2.52428e-07 0 0 0
4022 833 0.418284 0.664876 0.618852 -0.0190589 -1.27041e-06 0 0 0
4154 2772 0.7279 -0.0702109 -0.682079 -0.0246316 -2.12174e-06 0 0 0
3795 1140 0.0719017 -0.661715 -0.7463 -0.0104282 -6.39073e-07 0 0 0
453 682 -0.0399142 0.5263 -0.849362 -0.00495306 -4.33262e-07 0 0 0
3937 4003 0.751522 0.658867 -0.0333134 -0.00165094 -1.3981e-07 0 0 0
5188 488 0.499959 0.452913 0.738181 -0.00984645 -6.77323e-07 0 0 0
5188 242 0.221213 -0.716359 -0.661736 -0.0154118 -1.10185e-06 0 0 0
3536 3461 -0.066527 0.864438 -0.498319 -0.000287123 -2.21424e-08 0 0 0
1643 5434 0.758706 -0.165855 0.629966 -0.0220363 -1.36733e-06 0 0 0
439 2786 0.738373 0.0661874 0.671137 -0.00714441 -4.82867e-07 0 0 0
625 2551 0.518724 -0.38403 -0.763837 -0.0049555 -3.59407e-07 0 0 0
439 3970 0.143794 -0.950578 -0.27518 -0.00288106 -2.37254e-07 0 0 0
439 2941 0.118339 0.991844 -0.0473497 -0.0039595 -3.11043e-07 0 0 0
2614 152 0.207687 -0.0824079 0.974718 -0.0189035 -1.2237e-06 0 0 0
1205 3683 0.382634 0.400764 -0.832454 -0.0405046 -3.1547e-06 0 0 0
4343 1594 0.396888 -0.430712 -0.810535 -0.00738412 -4.80538e-07 0 0 0
2348 3442 0.628508 0.750864 -0.202931 -0.0137333 -1.07381e-06 0 0 0
5111 1308 0.603262 0.0663059 -0.794782 -0.00767425 -6.63419e-07 0 0 0
980 4289 0.520874 0.821575 -0.231745 -0.00140441 -1.04229e-07 0 0 0
5508 1844 0.732341 -0.384933 -0.561696 -0.0293637 -2.33727e-06 0 0 0
3657 4621 0.975794 0.0983302 0.195337 -0.0114796 -7.54744e-07 0 0 0
912 3424 0.915658 -0.0624051 -0.397083 -0.0142009 -8.87851e-07 0 0 0
1209 4880 0.0842563 0.850158 0.519742 -0.000539921 -3.66812e-08 0 0 0
1984 4765 0.780582 -0.202401 -0.591376 -0.0138424 -9.34188e-07 0 0 0
926 3218 0.861697 -0.497628 0.0992256 -0.00447121 -3.2548e-07 0 0 0
1209 3317 0.678891 -0.510783 0.527454 -0.00637106 -4.01555e-07 0 0 0
5416 330 0.302518 0.898435 0.318274 -0.00199655 -1.63856e-07 0 0 0
4319 3177 0.695155 -0.385915 -0.60649 -0.0276204 -2.20303e-06 0 1 0
366 5021 0.188678 -0.125743 -0.973956 -0.0233517 -1.53343e-06 0 0 0
505 99 0.546394 0.176156 -0.818793 -0.00666802 -6.09727e-07 0 0 0
3436 2792 0.336638 0.879555 -0.336241 -0.00736216 -6.6158e-07 0 0 0
2546 4196 0.339739 0.939435 0.0451712 -0.00707767 -5.92909e-07 0 1 0
1794 4567 0.446092 -0.0188428 -0.894789 -0.00416532 -3.27275e-07 0 0 0
3748 1629 0.494727 0.063906 0.866695 -0.0077683 -5.17549e-07 0 0 0
4421 2802 0.513161 0.177356 0.839768 -0.0211377 -1.41884e-06 0 0 1
4578 4212 0.723352 -0.0226804 -0.690107 -0.018261 -1.4526e-06 0 0 0
5104 2394 -0.993068 0.0892713 0.076468 -0.00443942 -3.83853e-07 0 0 0
1824 782 0.763736 0.225264 -0.604949 -0.0240516 -1.51956e-06 0 0 0
3418 4103 0.743213 -0.0531101 0.666944 -0.0175123 -1.46619e-06 0 0 0
3418 4956 0.329298 0.527434 -0.783183 -0.0146309 -1.13775e-06 0 0 0
1615 4804 0.0782364 0.760004 0.645192 -0.0088318 -5.63889e-07 0 0 0
2044 1613 -0.555755 -0.500448 -0.663843 -0.0143886 -1.14406e-06 0 0 0
2258 1642 0.160949 0.954694 -0.25031 -0.00710714 -6.5764e-07 0 0 0
3680 1976 0.434576 -0.150383 -0.887991 -0.00123656 -7.13384e-08 0 0 0
2587 315 0.923672 0.221467 -0.312703 -0.00326698 -2.81665e-07 0 0 0
1518 5411 -0.225148 -0.717994 -0.658629 -0.0123249 -1.13866e-06 0 0 0
1322 5082 0.819248 -0.551538 0.156969 -0.00496565 -4.20333e-07 0 0 0
1164 2655 0.218021 0.553409 -0.803869 -0.0156628 -1.24939e-06 0 0 0
5108 2263 0.160959 -0.957574 -0.239047 -0.00348836 -2.6353e-07 0 0 0
2983 4911 0.381982 0.501643 -0.776173 -0.00114827 -9.35259e-08 0 0 0
1446 2493 0.2152 -0.900162 0.378677 -0.011918 -6.65874e-07 0 0 0
3530 1934 0.643336 0.472667 0.60225 -0.0170619 -1.26862e-06 0 0 0
3815 692 0.186538 -0.667648 -0.720729 -0.0154871 -9.70662e-07 0 0 0
1451 1381 0.106813 -0.888136 0.446996 -0.0164693 -1.45245e-06 0 0 1
1451 2854 0.749885 0.562104 -0.348871 -0.00734785 -4.31274e-07 0 0 0
1451 186 0.761367 -0.396576 -0.512882 -0.0420422 -3.15262e-06 0 0 0
1827 4196 0.534386 0.23799 0.811044 -0.00420732 -3.35739e-07 0 1 0
3055 5339 0.633703 -0.0678287 -0.770597 -0.000499879 -3.63263e-08 0 0 0
3082 4206 0.648236 -0.440146 0.621339 -0.0159308 -1.01379e-06 0 0 0
3082 3629 0.564608 0.761925 0.317314 -0.00475106 -4.13632e-07 0 0 0
2939 4421 0.122775 0.0118623 0.992364 -0.0178428 -1.47132e-06 0 0 0
5256 5393 0.682332 0.652116 0.330406 -0.0071213 -5.95373e-07 0 0 0
1687 983 0.349468 0.335336 0.874884 -0.0171069 -1.30266e-06 0 0 0
1553 2773 0.752098 -0.0743261 0.654847 -0.00928357 -6.55362e-07 0 0 0
5082 298 0.183633 0.316205 0.930749 -0.00944768 -6.50629e-07 0 0 1
1137 844 0.461778 -0.643133 -0.610853 -0.00352631 -2.92995e-07 0 0 0
4637 135 0.678289 0.677871 -0.283574 -0.000107465 -6.97282e-09 0 0 0
1771 1055 -0.0178746 0.750622 0.66049 -0.00180077 -1.53925e-07 0 0 0
2510 2579 -0.223223 0.379674 -0.897786 -0.00934317 -8.31221e-07 0 0 0
2548 4817 0.797231 0.202392 0.568736 -0.00180536 -1.40377e-07 0 0 0
1484 948 0.419809 0.906532 -0.0442682 -0.0138017 -9.3393e-07 0 0 0
3581 4481 0.414818 -0.111445 -0.903054 -0.0137899 -9.54809e-07 0 0 0
3632 5461 0.706419 -0.241857 0.66519 -0.0213407 -1.43101e-06 0 0 0
2101 4229 0.536119 -0.357114 -0.764883 -0.00250983 -2.07713e-07 0 0 -1
764 3250 0.953405 0.0756732 0.292047 -0.0108558 -7.94957e-07 0 0 0
2663 1341 0.0629556 -0.479142 -0.875477 -0.0144539 -1.05174e-06 0 0 0
841 713 0.505148 -0.484497 -0.714204 -0.0180568 -1.30981e-06 0 0 0
841 654 0.799635 0.598794 -0.0450582 -0.000839528 -6.46333e-08 0 0 0
5350 2481 -0.270152 -0.249509 -0.929927 -0.00352118 -2.60204e-07 0 0 0
3245 3651 0.759369 -0.0733648 -0.646511 -0.00238941 -1.52951e-07 0 0 -1
2887 3742 0.759629 -0.270053 -0.591637 -0.0124217 -1.04898e-06 0 0 0
1787 439 0.0821618 0.175675 0.981014 -0.0169626 -1.16524e-06 0 0 0
353 5095 0.713536 -0.220271 -0.665092 -0.00980503 -7.4284e-07 0 0 0
121 1663 0.137774 -0.311245 -0.94029 -0.0189891 -1.17259e-06 0 0 0
2592 4836 0.0818624 0.820494 0.565764 -0.00815662 -7.49616e-07 0 0 0
1643 5235 0.0392656 0.816065 -0.576624 -0.00932018 -7.04887e-07 0 0 0
3042 2948 0.929455 0.317828 0.187345 -0.0132242 -8.60143e-07 0 0 0
271 987 0.228056 0.90349 -0.362899 -0.00332223 -2.97549e-07 0 0 0
2866 2417 0.0754307 0.710246 -0.6999 -0.00332432 -2.51674e-07 0 0 0
1414 2644 0.610789 0.0105639 -0.791723 -0.0174034 -1.46752e-06 0 0 0
4226 1113 0.281506 0.819335 0.499444 -0.0143713 -1.24097e-06 0 0 0
4226 1984 0.591662 -0.480214 -0.647557 -0.0140202 -1.19617e-06 0 0 0
1981 944 0.676871 0.344346 -0.650594 -0.0137842 -1.17372e-06 0 0 0
2136 1338 0.332945 0.922335 -0.196077 -0.000340116 -2.24531e-08 0 1 0
673 1934 0.626099 0.242004 -0.741238 -0.016943 -1.15313e-06 0 0 0
1453 847 0.269852 0.812187 0.517234 -0.00597831 -4.0109e-07 0 0 0
2936 1296 -0.0438228 -0.294729 -0.954576 -0.00883236 -5.38302e-07 0 0 0
1164 2579 -0.0315298 -0.992584 0.117404 -0.00548376 -4.28442e-07 0 0 0
1395 3675 0.147008 0.972038 0.183115 -0.0134183 -9.08626e-07 0 0 0
4786 1124 0.535555 -0.416772 0.734494 -0.00757634 -5.88548e-07 0 0 0
2881 5250 0.276509 0.584821 -0.762579 -0.00990547 -7.55089e-07 0 0 0
4003 626 0.720113 0.481922 0.499188 -0.00233157 -1.93483e-07 0 0 0
708 1241 0.596325 0.75506 -0.272544 -0.00570568 -4.77571e-07 0 0 0
4880 1034 0.181234 0.682018 0.708523 -0.00351838 -2.26651e-07 0 0 0
291 3311 0.0732897 0.277713 -0.957864 -0.0201048 -1.5889e-06 0 0 0
397 2928 0.0621656 0.767266 -0.638309 -0.0172057 -1.28365e-06 0 0 0
3251 2686 0.828556 0.52552 0.193195 -0.0280661 -2.52511e-06 0 0 0
1527 1625 0.973629 0.223603 -0.0452494 -0.000859033 -5.69161e-08 0 0 0
2047 1623 0.393068 -0.908162 0.144016 -0.000238421 -2.28974e-08 0 0 0
971 2932 0.210389 -0.284841 -0.935202 -0.000444272 -3.64572e-08 0 0 -1
2115 2555 0.762878 0.612362 0.207437 -0.00948914 -7.85255e-07 0 0 0
1825 3458 0.26333 -0.531992 0.804762 -0.00999806 -7.46371e-07 0 0 0
718 5463 -0.0131612 0.33718 0.941348 -0.00118034 -1.0397e-07 0 0 0
4177 524 0.47072 -0.86157 -0.190054 -0.000974142 -7.81217e-08 0 0 0
1832 146 0.966535 -0.2564 -0.00831081 -0.00293163 -2.33369e-07 0 0 0
632 5140 -0.961198 -0.15395 0.228905 -0.0146077 -1.31437e-06 0 0 0
1764 2408 0.80255 -0.580976 -0.135575 -0.0022686 -2.01336e-07 0 0 0
3417 1647 0.299281 0.549542 0.780022 -0.0115415 -7.9381e-07 0 0 0
4743 3000 -0.271403 0.0360221 -0.961791 -0.00899818 -8.4126e-07 0 0 0
1109 4259 0.063261 -0.47061 -0.880071 -0.00660508 -4.83939e-07 0 0 0
2964 2824 0.690955 0.513998 -0.508319 -0.0122306 -1.1496e-06 0 0 0
2964 2407 0.90254 0.27112 0.334539 -0.00621122 -3.66136e-07 0 0 0
4372 885 0.366104 -0.00738192 -0.930545 -0.00305835 -2.18001e-07 0 0 0
497 4623 0.0943562 -0.269032 0.958498 -0.00275769 -2.19577e-07 0 0 0
5196 1184 0.677998 -0.624986 0.386926 -0.000320054 -2.52346e-08 0 0 0
1887 1059 0.548584 -0.636575 0.542059 -0.0202561 -1.55935e-06 0 0 0
5168 823 0.275897 -0.425213 -0.862018 -0.0127267 -9.26019e-07 0 0 0
4546 3721 0.159692 -0.987133 -0.00816812 -0.0110341 -9.36205e-07 0 0 0
2355 4016 0.900765 0.176027 -0.397035 -0.000401599 -3.53282e-08 0 0 -1
575 4862 0.0804319 0.610787 0.787699 -0.0112282 -9.51044e-07 0 0 0
4243 495 0.559079 0.067248 0.826382 -0.021439 -1.54994e-06 0 0 0
4243 4296 0.456489 0.710284 -0.53583 -0.0032449 -2.04232e-07 0 0 0
718 1865 0.887215 0.432804 0.159783 -0.00308186 -2.77533e-07 0 0 0
1067 1518 0.0542894 -0.982586 -0.177703 -0.0151025 -1.02679e-06 0 0 0
4002 3747 0.891936 0.44477 0.0814248 -0.0165465 -1.05171e-06 0 0 0
4384 5275 -0.320217 0.448803 -0.834288 -0.00312937 -2.88788e-07 -1 0 0
4002 744 0.811202 -0.486213 -0.32488 -0.0279279 -2.38198e-06 0 0 0
2370 61 0.740138 0.436323 0.511682 -0.00131429 -1.11395e-07 0 0 0
2682 201 0.600821 -0.673239 0.431003 -0.00683573 -3.91798e-07 0 0 0
2261 5221 0.822479 -0.114295 -0.557194 -0.0039127 -3.16184e-07 0 0 0
4395 1352 0.803419 -0.114667 0.584269 -0.00139851 -9.33397e-08 0 0 0
3376 1922 0.348447 0.385458 0.854405 -0.0166281 -1.55318e-06 0 0 0
3138 3233 0.58627 -0.107272 -0.802982 -0.00317509 -2.32864e-07 0 0 0
579 1121 -0.915495 -0.162809 0.367915 -0.00421277 -3.16176e-07 0 0 0
3628 3964 0.791697 -0.0340311 -0.609966 -0.00491728 -4.34544e-07 0 0 0
5440 1278 0.562472 0.531938 -0.632982 -0.00877947 -7.9651e-07 0 0 0
5461 5188 0.0273041 -0.98538 0.168171 -0.0181825 -1.27701e-06 0 0 1
5440 706 0.513588 -0.741351 -0.432002 -0.000261198 -2.24573e-08 0 0 0
4022 3417 0.399448 -0.392184 0.828633 -0.0122191 -8.62869e-07 0 0 0
5281 1570 0.83056 -0.0237507 -0.556423 -0.00103558 -8.71023e-08 0 0 0
364 1419 0.922136 0.179722 -0.342585 -0.00147229 -1.42177e-07 0 0 0
384 4151 0.0238815 -0.520343 0.853624 -0.00696398 -5.48085e-07 0 0 0
2364 2376 0.660149 0.738203 -0.138779 -0.00210265 -1.64285e-07 0 0 0
2878 920 0.0136345 0.0531022 -0.998496 -0.020294 -1.41345e-06 0 0 0
2878 4503 0.114632 -0.888129 0.445068 -0.00239499 -1.94436e-07 0 0 0
328 3023 0.94192 -0.325277 0.0835496 -0.0196234 -1.50488e-06 0 0 0
4240 3565 0.328637 -0.4193 0.846277 -0.0094843 -6.94192e-07 0 0 0
1115 4241 -0.0401554 -0.859281 -0.509925 -0.00242418 -1.96121e-07 0 0 0
3235 4979 0.538831 0.649208 -0.536833 -0.0119394 -9.09915e-07 0 0 0
1298 3521 0.795828 0.59952 0.0850572 -0.00801303 -5.89026e-07 0 0 0
2470 4803 0.557069 0.32193 -0.765529 -0.00502978 -4.4301e-07 0 0 0
724 1496 0.143551 0.882515 -0.447839 -0.00326761 -1.83295e-07 0 0 0
2895 305 -0.0139095 -0.784406 0.620092 -0.00307756 -2.67709e-07 0 0 0
3322 2186 0.304568 -0.0592138 -0.950648 -0.00278024 -1.96998e-07 0 0 0
3322 2926 0.436613 -0.899043 0.0330207 -0.0105412 -7.5968e-07 0 0 0
260 4035 0.50716 -0.474756 -0.719302 -0.0287674 -2.05988e-06 0 0 0
364 3708 0.87622 0.0693642 0.476894 -0.00954397 -8.21751e-07 0 0 0
364 2468 0.266005 0.722674 -0.637953 -0.0056618 -4.24938e-07 0 0 0
3091 4174 0.815589 -0.389107 0.428264 -0.00658385 -5.88068e-07 0 0 0
4343 2096 0.704278 0.182657 0.686024 -0.0181116 -1.17019e-06 0 0 0
532 4229 0.634054 0.540248 0.55327 -0.00255094 -1.59372e-07 0 0 0
4641 4584 0.819076 0.333009 0.467139 -0.013914 -1.02113e-06 0 0 0
3553 4830 0.634671 -0.693942 -0.340055 -0.00112549 -6.78109e-08 0 0 0
2591 654 0.545875 -0.0518867 -0.836258 -0.00848664 -5.86162e-07 0 0 0
4506 253 0.504042 -0.0335664 -0.863026 -0.00860708 -5.70269e-07 0 0 0
5491 3626 0.926193 -0.250923 -0.281432 -0.00774848 -5.77676e-07 0 0 1
4104 1137 0.463928 0.536986 0.704568 -0.0186491 -1.40324e-06 0 0 0
408 350 0.58756 -0.483272 0.649015 -0.0055266 -3.80016e-07 0 0 0
1311 474 0.877488 -0.100803 0.468886 -0.00795755 -7.04135e-07 0 0 0
1995 3223 0.739246 -0.595983 -0.313561 -0.0264531 -1.65046e-06 0 0 0
1995 410 0.501253 0.760271 0.4132 -0.0132359 -8.28248e-07 0 0 0
686 3683 0.132594 -0.530063 -0.837527 -0.00713371 -4.31417e-07 0 0 0
1995 1330 0.105736 0.441273 -0.891122 -0.0106317 -9.26746e-07 0 0 0
3812 937 0.938904 -0.342448 -0.0344852 -0.00540351 -4.30189e-07 0 0 0
63 2423 0.0291195 0.651763 -0.757864 -0.0253098 -2.22294e-06 0 0 0
3601 464 0.795312 -0.117597 -0.594684 -0.00883404 -6.60678e-07 0 0 0
5435 339 0.200956 0.0670268 -0.977304 -0.0272268 -2.15706e-06 0 0 0
1220 833 0.734001 -0.433451 -0.522841 -0.0133023 -1.1269e-06 0 0 0
2542 2783 -0.228893 -0.339894 -0.912184 -0.0129354 -1.02507e-06 0 0 0
422 3922 0.118074 0.804437 -0.582186 -0.0127398 -1.16878e-06 0 0 0
5508 222 0.322787 0.942948 0.081596 -0.00429542 -3.44811e-07 0 0 0
1211 3224 -0.0266935 0.682025 -0.730842 -0.00482045 -3.8865e-07 0 0 0
4920 2941 0.428682 -0.757906 0.491743 -0.00489024 -3.63556e-07 0 0 0
422 4299 0.908935 -0.0369526 0.415297 -0.0136005 -8.21229e-07 0 0 0
4920 2660 0.0494471 0.185757 -0.981351 -0.0277557 -2.14384e-06 0 0 0
1118 3810 0.104315 0.0880898 0.990635 -0.035534 -2.93454e-06 0 0 0
1701 1439 0.204788 0.972143 0.114013 -0.00169048 -1.45386e-07 0 0 0
1118 1629 0.192094 -0.91344 -0.358785 -0.00441607 -2.86031e-07 0 0 0
3331 892 0.764455 0.58425 0.272507 -0.00353205 -2.36606e-07 0 1 0
3978 3097 0.80451 -0.14457 0.576075 -0.00863551 -6.71821e-07 0 0 0
83 2461 0.536987 -0.841628 -0.0575141 -0.00516501 -3.85954e-07 0 0 0
978 1298 0.669081 0.691425 -0.272511 -0.00504414 -4.27289e-07 0 1 0
2450 50 0.376065 0.433591 0.818885 -0.0211164 -1.48401e-06 0 0 0
244 4988 0.955946 -0.229443 -0.183094 -0.0122795 -1.07138e-06 0 0 0
5461 2802 0.623641 0.484195 -0.613699 -0.00599475 -3.90435e-07 0 0 1
2450 1824 0.714624 -0.43699 -0.546217 -0.0201126 -1.38053e-06 0 0 0
1685 4154 0.122944 0.306297 -0.943963 -0.0322709 -2.6566e-06 0 0 0
3721 1930 0.169307 -0.391481 0.904476 -0.0106821 -8.85107e-07 0 0 0
841 4102 0.327799 -0.310401 0.8923 -0.0123861 -8.72712e-07 0 0 0
3721 4150 0.463488 -0.507159 -0.726615 -0.010082 -7.73845e-07 0 0 0
2708 4666 0.821645 0.0123634 -0.569866 -0.0231987 -1.61454e-06 0 0 -1
5106 4572 0.76419 0.190508 0.616214 -0.00198269 -1.41992e-07 0 0 0
5089 4002 0.0938772 -0.306803 -0.947132 -0.0191236 -1.43036e-06 0 0 0
2514 3882 0.789726 -0.468161 0.396433 -0.0051031 -2.97866e-07 0 0 0
1366 4184 0.960673 -0.213585 -0.177449 -0.00986559 -7.0406e-07 0 0 0
5339 3409 0.599296 0.344034 -0.722831 -0.00116696 -9.08374e-08 0 0 0
2173 4631 0.999926 -0.0117826 0.00307404 -0.00836105 -6.85276e-07 0 0 0
1726 4016 0.40581 -0.894775 0.186268 -0.00657905 -6.23906e-07 0 0 -1
687 1581 0.17145 0.483958 0.858131 -0.00041646 -3.45261e-08 0 0 0
2288 2495 0.802899 -0.353596 -0.47992 -0.0114946 -9.11565e-07 0 0 0
2288 2660 0.22373 0.0297376 0.974197 -0.033376 -2.57437e-06 0 0 0
3651 2802 0.76157 -0.594657 0.257672 -0.00385457 -2.46351e-07 0 0 1
4214 715 0.600526 0.542084 -0.587804 -0.018478 -1.52695e-06 0 0 0
4741 2930 -0.0324564 0.643954 -0.764376 -0.0202454 -1.50964e-06 0 0 0
4801 1674 0.697781 0.581561 -0.418196 -0.00166161 -1.26029e-07 0 0 0
3238 2035 0.809286 -0.115317 0.575984 -0.0246699 -1.63823e-06 0 0 0
4348 3646 0.198516 -0.715764 -0.669532 -0.0265559 -2.08287e-06 0 0 0
5397 1387 0.284221 0.641521 -0.71251 -0.00225894 -1.84959e-07 0 0 0
5262 1960 0.938697 0.117942 0.323942 -0.00381607 -2.97255e-07 0 0 0
928 4036 0.712867 -0.562367 -0.419003 -0.011718 -9.2305e-07 0 0 0
5052 4519 0.219375 -0.972362 0.0799141 -0.00915571 -6.11203e-07 0 0 0
5052 1427 0.138592 0.961987 -0.235314 -0.00862358 -6.97281e-07 0 0 0
247 2624 0.585675 -0.806857 -0.0772476 -0.0106237 -7.36404e-07 0 0 0
720 3241 0.75437 0.632634 -0.175217 -0.0020832 -1.54186e-07 0 0 0
3383 3501 0.183495 -0.800837 -0.570078 -0.0152543 -1.33814e-06 0 0 0
479 1339 0.464947 0.359214 0.809191 -0.00914267 -7.46837e-07 0 0 1
121 4142 0.238609 -0.672808 0.700282 -0.0391124 -2.42727e-06 0 0 0
4476 1113 0.962671 -0.146818 -0.227395 -0.00154689 -1.07251e-07 0 0 0
437 22 0.368122 -0.881971 -0.2943 -0.00314047 -2.63406e-07 0 0 0
121 1787 0.159253 0.42595 0.890621 -0.0101391 -6.65688e-07 0 0 0
4679 1602 0.403132 -0.727734 0.554877 -0.0113049 -7.82404e-07 0 0 0
3376 5026 0.699674 0.0557695 -0.712283 -0.0197459 -1.57213e-06 0 0 0
5347 446 -0.0687214 0.200131 -0.977356 -0.000755822 -5.52198e-08 0 0 0
831 2653 0.990608 0.000765533 -0.13673 -0.00172808 -1.33782e-07 0 0 0
3674 1462 0.939019 -0.330088 -0.0963582 -0.00958493 -7.94684e-07 0 0 0
3023 4479 0.193857 -0.561671 -0.804329 -0.01976 -1.35554e-06 0 0 0
1370 2869 0.449902 -0.117387 -0.885329 -0.0129883 -9.04329e-07 0 0 0
5110 5472 0.203631 0.516851 0.831504 -0.0212071 -1.30585e-06 0 0 0
5110 5188 -0.11579 0.560596 -0.819955 -0.0328546 -2.49438e-06 0 0 0
2721 13 0.15718 0.332318 0.929978 -0.0115702 -8.92107e-07 0 0 0
2589 2019 0.689038 -0.174039 0.703517 -0.0113703 -8.29403e-07 0 0 0
4360 2210 0.155553 -0.285625 -0.945633 -0.00571715 -4.3626e-07 -1 0 0
2721 4838 0.958184 -0.253233 -0.133256 -0.0148803 -1.04849e-06 0 0 0
1289 3867 0.367316 0.908449 0.199499 -0.0193697 -1.3713e-06 0 0 0
258 1485 0.608427 0.629735 -0.48296 -0.0159704 -1.19233e-06 0 0 0
2734 591 0.861481 -0.0442637 -0.505857 -0.00197164 -1.89299e-07 0 0 0
110 4483 0.300178 0.537024 -0.788352 -0.00531742 -4.02641e-07 0 0 0
1016 28 0.572357 0.609427 0.54864 -0.00612444 -5.61923e-07 0 0 0
1555 466 0.792549 -0.595358 -0.131965 -0.000534424 -3.83705e-08 0 0 0
13 2901 0.463143 0.404536 0.788574 -0.011481 -9.67552e-07 0 0 0
973 5019 0.341226 -0.236657 -0.909702 -0.0266637 -2.30288e-06 0 0 0
4917 1748 0.39098 -0.0520896 0.918924 -0.0122101 -9.5199e-07 0 0 0
5349 4145 0.0383259 0.0146546 -0.999158 -0.0316545 -2.7688e-06 0 0 0
841 2591 0.309913 0.642731 0.700608 -0.0070389 -5.33139e-07 0 0 0
1730 3498 0.595109 0.402612 0.69552 -0.0111777 -9.0118e-07 0 0 0
5018 337 0.487398 -0.118698 -0.865075 -0.00280537 -1.97015e-07 0 0 0
3969 2399 0.571732 0.681002 -0.457558 -0.0137488 -1.01716e-06 0 0 0
1708 2624 0.940116 0.0842667 0.330273 -0.00965149 -7.15202e-07 0 0 0
4515 4253 0.790565 -0.559135 -0.24975 -0.00586939 -4.63359e-07 0 0 0
5131 2684 0.610471 -0.785482 -0.101707 -0.00120206 -9.36516e-08 0 0 0
4515 437 0.0126754 -0.238867 0.97097 -0.0116323 -9.07642e-07 0 0 0
3651 3779 0.702435 0.539843 0.463848 -0.0116474 -1.04016e-06 0 0 0
1421 3016 0.285165 0.582692 -0.76102 -0.0170634 -1.50234e-06 0 0 0
4533 2279 0.990899 0.088774 0.101181 -0.00747409 -7.01026e-07 0 0 0
5379 3440 0.492503 -0.464763 -0.735823 -0.0181893 -1.30168e-06 0 0 0
822 4562 0.660618 0.242192 0.710582 -0.00492071 -3.48632e-07 0 0 0
181 2100 0.508209 0.845405 0.164358 -0.012554 -9.60603e-07 0 0 0
63 1474 0.604267 -0.429717 -0.670973 -0.00414987 -2.95214e-07 0 0 0
419 4953 0.586268 0.291014 0.756043 -0.0143351 -1.18386e-06 0 0 0
866 4296 0.645269 -0.231083 -0.728168 -0.00411242 -2.85882e-07 0 0 0
3582 1715 0.790361 -0.13762 -0.596984 -0.00367968 -2.71938e-07 0 0 0
3671 4316 0.0787481 -0.987368 -0.13749 -0.0148947 -1.19654e-06 0 0 0
4717 5494 -0.00247447 0.487196 0.873289 -0.00615055 -5.15635e-07 0 0 0
444 5020 0.332405 -0.558962 0.75965 -0.00669479 -4.53648e-07 0 0 0
4846 1353 0.356242 -0.758938 0.545074 -0.00350402 -2.08215e-07 0 0 0
4060 1975 0.871432 0.0491891 0.488044 -0.0208705 -1.94159e-06 0 0 0
3521 3332 0.286849 -0.489108 0.823706 -0.00141644 -9.10161e-08 0 0 0
4060 3238 0.0180506 0.606223 0.79509 -0.0168693 -1.13318e-06 0 0 0
3430 5366 0.711555 0.375858 0.59365 -0.0183202 -1.42606e-06 0 0 0
3430 1164 0.143025 0.167087 -0.975513 -0.0108842 -8.39346e-07 0 0 0
45 5361 0.77482 -0.16347 -0.610681 -0.0049602 -3.06059e-07 0 0 0
3430 4060 0.118203 -0.453149 0.883563 -0.0130226 -7.58794e-07 0 0 0
5008 1327 0.706749 -0.23339 0.667859 -0.000318718 -2.1725e-08 0 0 0
4048 2420 0.324286 0.939827 -0.107536 -0.0106747 -9.73811e-07 0 0 0
940 2695 0.782046 -0.0221748 0.622826 -0.00813389 -7.03713e-07 0 0 0
1143 4392 0.856893 0.312474 -0.409993 -0.0252135 -2.04116e-06 0 0 0
2891 2292 0.567354 -0.45509 0.686296 -0.0187911 -1.50736e-06 0 0 0
4057 1772 0.817752 -0.509043 0.268619 -0.0284683 -2.27215e-06 0 0 0
269 3460 0.343358 -0.201466 0.917342 -0.0361078 -2.24695e-06 0 0 0
4792 1940 0.662717 0.738601 0.123594 -0.000934491 -7.37414e-08 0 0 0
704 3127 -0.986585 -0.151427 -0.0609924 -0.00100208 -8.38622e-08 0 0 0
2818 2534 0.813885 -0.170093 -0.555572 -0.00736569 -5.88312e-07 0 0 0
2818 4172 0.436539 0.886599 -0.152891 -0.00872292 -6.56661e-07 0 0 0
731 1166 0.717049 0.47927 0.506104 -0.00405407 -2.84977e-07 0 0 0
2442 559 -0.019693 -0.156312 0.987511 -0.03498 -3.15154e-06 0 0 0
731 5472 0.575212 -0.659106 0.484469 -0.00239225 -1.7171e-07 0 0 0
106 4696 0.638581 0.426339 -0.640663 -0.00869957 -7.84696e-07 0 0 0
3078 33 0.259244 -0.293008 -0.920293 -0.0123794 -8.31418e-07 0 0 0
1626 1594 0.374741 0.863937 0.336425 -0.00660577 -4.60786e-07 0 0 0
4527 1422 0.637681 -0.244891 -0.730337 -0.00902482 -5.42387e-07 0 0 0
3444 734 0.832047 0.416075 0.366851 -0.00297723 -2.36194e-07 0 0 0
5298 1702 0.325673 0.318014 -0.890395 -0.0183183 -1.23795e-06 0 0 0
1149 5058 0.834038 0.417856 0.360247 -0.000225914 -1.65746e-08 0 0 0
1136 2288 -0.0709539 -0.996706 -0.0392848 -0.0133075 -1.14772e-06 0 0 0
1674 4971 0.0300169 -0.452692 -0.891161 -0.0104889 -7.98637e-07 0 0 0
1654 1784 0.135957 0.708891 0.69209 -0.00945816 -8.49794e-07 0 0 0
4768 3562 0.164527 0.950851 0.262321 -0.016683 -1.23366e-06 0 0 0
1674 1081 0.695855 -0.187821 0.693188 -0.00601743 -4.60707e-07 0 0 0
1210 3680 0.820683 -0.3754 0.430759 -0.00446487 -3.79656e-07 0 0 0
1814 3813 0.393003 0.398619 -0.828644 -0.00841596 -7.25146e-07 0 0 0
2526 512 0.538937 -0.664983 0.517053 -0.00655025 -4.6819e-07 0 0 0
4445 4429 0.250185 0.522871 -0.81487 -0.0106255 -9.29376e-07 0 0 0
4317 2423 0.144537 0.825693 0.545289 -0.0128468 -1.04e-06 0 0 0
4317 1986 0.127712 0.279104 -0.95173 -0.00696725 -5.29277e-07 0 0 0
4445 3601 0.28638 0.876904 0.386039 -0.00453245 -3.4458e-07 0 0 0
772 2951 0.659255 -0.742031 -0.121544 -0.0040897 -3.01191e-07 0 0 0
2662 2084 0.781996 -0.387811 -0.487939 -0.00323139 -2.24569e-07 0 0 0
1367 362 0.523242 0.0973695 0.846603 -0.012533 -8.9017e-07 0 0 0
5224 3116 0.344605 0.911003 0.226543 -0.00147021 -1.12905e-07 0 0 0
1651 5014 0.797017 0.341599 -0.498069 -0.000909652 -7.42953e-08 0 0 0
1922 3564 0.0843216 0.479332 -0.873573 -0.00759225 -5.60321e-07 0 0 0
936 989 0.764739 0.0447467 -0.642785 -0.0018622 -1.12186e-07 0 0 0
1922 5015 0.20211 -0.739565 0.642024 -0.0127089 -1.14124e-06 0 0 0
3524 456 0.543207 0.229703 -0.807566 -0.00900804 -5.4272e-07 0 0 0
3539 4361 0.905312 -0.0793361 0.417271 -0.0086552 -7.55588e-07 0 0 0
1656 2820 -0.917548 0.141672 0.371531 -0.008359 -5.87802e-07 0 0 0
3539 384 -0.117409 -0.562433 0.818464 -0.00617905 -4.88848e-07 0 0 0
3458 3639 0.670108 -0.446102 -0.593252 -0.000620302 -3.89482e-08 0 0 0
1683 830 0.495227 0.372207 -0.784992 -0.00407568 -3.28152e-07 0 0 0
5318 20 0.541256 -0.0899275 -0.836035 -0.00181456 -1.43385e-07 0 0 0
4492 2540 0.086812 -0.991878 -0.0929575 -0.00179902 -1.2009e-07 0 0 0
3601 3251 0.132547 0.551105 -0.823841 -0.0275019 -2.19714e-06 0 0 0
5175 1322 0.743736 -0.268793 0.612051 -0.00472978 -3.78524e-07 0 0 0
2440 1449 -0.0919739 -0.969902 0.225458 -0.0104864 -8.76192e-07 0 0 0
1784 4292 0.187068 0.228735 -0.955346 -0.00281294 -2.53937e-07 0 0 0
3128 5273 0.713703 0.389256 0.58233 -0.0225893 -1.71872e-06 0 0 0
2440 2814 0.423932 -0.193032 -0.884884 -0.0176832 -1.34678e-06 0 0 0
5175 4421 0.390619 0.841808 -0.372528 -0.000900614 -7.34675e-08 0 0 0
2807 958 0.473396 -0.730697 0.491913 -0.000218727 -2.02626e-08 0 0 0
2440 1534 0.780044 0.376569 0.499726 -0.00680676 -4.77288e-07 0 0 0
4745 926 0.630393 0.159604 -0.759692 -0.00221635 -1.43227e-07 0 0 0
2000 4715 0.564066 -0.746221 0.35353 -0.012035 -9.80126e-07 0 0 0
5500 2405 0.662373 0.488257 -0.568213 -0.00313706 -2.71784e-07 0 0 0
2796 121 0.203932 -0.665431 0.718062 -0.0400418 -2.70332e-06 0 0 0
2796 2818 -0.0158022 0.636467 -0.771142 -0.0468158 -3.49748e-06 0 0 0
3950 1234 0.70381 0.331832 0.628124 -0.012552 -1.00048e-06 0 0 0
1644 1647 0.095892 -0.682448 -0.724617 -0.0128136 -8.99645e-07 0 0 0
3950 1220 0.135804 -0.184675 -0.973372 -0.019727 -1.59106e-06 0 0 0
4567 4225 0.631545 -0.103929 0.768342 -0.000712197 -5.17886e-08 0 0 0
1113 2779 0.235688 0.23248 0.943612 -0.0147412 -9.4454e-07 0 0 0
4421 3160 0.133317 -0.850579 -0.508666 -0.00729564 -5.21939e-07 0 0 0
752 4534 0.948483 0.225207 -0.222849 -0.00392495 -2.67124e-07 0 0 0
5339 3477 0.286442 -0.762058 0.580705 -0.00083295 -6.7601e-08 0 0 0
5385 2998 0.141255 0.863365 0.484405 -0.00717518 -5.19453e-07 0 0 0
260 849 0.485032 0.619545 -0.617177 -0.0199203 -1.16223e-06 0 0 0
2202 2859 0.703959 -0.469009 0.53336 -0.00492532 -4.02388e-07 0 0 0
260 373 0.508052 -0.231006 0.829771 -0.0381135 -2.77083e-06 0 0 0
3527 1275 0.429479 -0.375093 0.821494 -0.028858 -2.20095e-06 0 0 0
1512 169 0.786928 -0.117095 -0.605832 -0.00110197 -9.55723e-08 0 0 0
3657 1881 0.335157 0.595762 -0.729889 -0.0119155 -8.22718e-07 0 0 0
2423 1064 0.947311 0.301338 -0.108613 -0.0184709 -1.442e-06 0 0 0
4278 1831 0.147988 0.901913 -0.405775 -0.0121822 -1.10512e-06 0 0 0
4153 3647 0.354693 -0.522017 0.775687 -0.0161048 -1.46792e-06 0 0 0
4169 1561 0.558434 -0.622293 -0.548546 -0.0117074 -8.92628e-07 0 0 0
4197 2280 0.7153 0.445898 -0.538071 -0.0157029 -1.47135e-06 0 0 0
1649 100 0.827928 0.229915 0.511542 -0.0219373 -1.25105e-06 0 0 0
208 4800 0.317041 -0.76337 0.562807 -0.012919 -9.56172e-07 0 0 0
2234 5058 0.297581 -0.442033 0.846199 -0.00828125 -5.68164e-07 0 0 0
2234 4206 0.54859 0.113137 -0.828402 -0.00720371 -5.53181e-07 0 0 0
3011 1311 0.792033 -0.190188 -0.580096 -0.000845135 -6.89557e-08 0 0 0
2874 4164 0.185668 0.605855 0.773606 -0.0113537 -7.99537e-07 0 0 0
1649 1276 0.137646 0.788538 -0.599384 -0.0125723 -8.43341e-07 0 0 0
4394 1216 0.371279 0.13382 0.918828 -0.00667581 -4.66387e-07 0 0 0
1609 3683 0.67783 -0.341895 0.650888 -0.00139706 -1.14747e-07 0 0 0
4132 4362 0.22053 0.801818 0.555386 -0.0280453 -2.14751e-06 0 0 1
1649 4057 -0.15324 0.0633476 -0.986156 -0.00840247 -7.70979e-07 0 0 0
1702 373 0.374469 -0.172973 -0.910963 -0.0249032 -1.82033e-06 0 0 -1
3951 460 0.46727 0.846226 -0.256048 -0.00595579 -3.48538e-07 0 0 0
1445 4682 0.911447 0.252528 0.324798 -0.0284076 -1.88814e-06 0 0 0
3129 3160 0.597471 0.545057 0.588168 -0.0337807 -2.92035e-06 0 0 0
1440 1325 0.274687 -0.956099 -0.102089 -0.00941409 -6.69693e-07 0 0 0
4136 4481 0.333417 -0.394221 0.856401 -0.0169824 -1.15086e-06 0 0 0
4136 4344 0.877149 -0.396228 -0.271316 -0.000213913 -1.48542e-08 0 0 0
4671 953 0.80544 0.370832 0.462331 -0.014697 -1.10167e-06 0 0 0
699 4870 0.370922 0.418739 -0.828899 -0.0102634 -8.98822e-07 0 0 -1
1439 4959 0.509597 -0.133212 0.850039 -0.00127861 -9.69686e-08 0 0 0
1497 1398 0.380128 0.924873 0.0105971 -0.00649274 -4.59312e-07 0 1 0
1323 3483 0.36825 -0.0609147 -0.927729 -0.0149456 -9.92306e-07 0 0 -1
2548 1019 0.847698 -0.428922 -0.312143 -0.00864305 -7.03956e-07 0 0 0
951 1370 0.24304 0.874822 0.419068 -0.00302141 -2.1825e-07 0 0 0
4622 3207 0.571244 0.781505 0.250858 -0.00668125 -5.72443e-07 0 1 0
193 2964 0.322069 0.832358 0.451056 -0.023581 -1.70692e-06 0 0 0
423 4155 0.0926631 -0.978977 -0.18171 -0.00248002 -2.43646e-07 0 0 0
983 2492 0.707034 0.69608 -0.124803 -0.00563438 -3.92282e-07 0 0 0
4835 3828 0.796447 -0.0592678 0.601796 -0.00497751 -4.04381e-07 0 0 0
5016 4540 0.442669 0.735655 0.512695 -0.00863744 -7.09136e-07 0 0 0
3768 1222 0.671865 0.575213 0.466612 -0.002149 -1.68336e-07 0 0 0
1736 3740 0.363053 -0.723766 -0.586817 -0.00545942 -3.99876e-07 0 0 0
3357 3609 0.321681 0.864696 0.385776 -0.00905921 -7.15629e-07 0 1 0
1358 4136 0.706898 0.70162 0.0895749 -0.000360534 -2.54785e-08 0 0 0
1276 371 0.785745 -0.568348 0.244101 -0.000634618 -4.67327e-08 0 0 0
3848 3923 0.0504436 0.306957 0.950386 -0.00989133 -7.41098e-07 0 0 0
2035 1814 0.568836 0.126565 0.812654 -0.0161245 -1.34734e-06 0 0 0
3848 4435 0.809822 -0.554954 -0.1903 -0.00592159 -4.59657e-07 0 0 0
776 1019 0.228494 0.410191 -0.882912 -0.0043117 -3.30669e-07 0 0 0
3779 1371 0.65307 0.730307 -0.20038 -0.000983941 -8.32937e-08 0 0 1
1938 78 -0.254604 -0.186614 -0.948869 -0.00185804 -1.59566e-07 0 0 0
620 714 -0.0121152 0.394438 0.918842 -0.0265108 -2.047e-06 0 0 0
4795 2103 0.46999 -0.0821643 0.878839 -0.011479 -9.24021e-07 0 0 0
5354 220 -0.302725 0.168262 -0.938107 -0.0175076 -1.30532e-06 0 0 0
4847 4890 0.155476 -0.687267 0.709571 -0.00226468 -2.03386e-07 0 0 0
5042 3078 0.424569 0.804034 0.416258 -0.00264246 -2.08965e-07 0 0 0
3372 1741 0.933159 0.276869 -0.229257 -0.000963958 -7.99943e-08 0 0 0
1095 3182 0.832532 -0.264899 0.486538 -0.0160462 -1.34852e-06 0 0 0
5502 2069 0.466997 -0.129386 0.874742 -0.00435548 -3.5501e-07 0 0 0
1702 1917 0.73874 -0.434923 0.514883 -0.0217642 -1.48421e-06 0 0 0
1913 1003 0.562418 -0.663713 0.493125 -0.00237829 -1.54187e-07 0 0 0
267 2848 0.649677 -0.571091 0.501771 -0.00120946 -8.59035e-08 0 0 0
3695 1955 0.502142 -0.848453 -0.167278 -0.00141417 -1.15048e-07 0 0 0
1702 5110 0.115982 0.780419 0.614405 -0.0217317 -1.21574e-06 0 0 0
5091 2708 0.136884 -0.21091 0.967874 -0.00786675 -6.89535e-07 0 0 1
5091 3923 0.106225 0.0443821 -0.993351 -0.0110999 -8.83194e-07 0 0 0
1160 581 0.626537 0.599034 -0.498608 -0.0139802 -1.20204e-06 0 0 0
5091 2431 0.596081 -0.725794 -0.343381 -0.00293355 -2.32989e-07 0 0 0
191 3898 0.771351 -0.131136 0.622752 -0.00432538 -3.58856e-07 0 0 0
4923 4346 0.3575 0.499966 -0.788814 -0.0246045 -2.04191e-06 0 0 0
1740 3233 0.778497 0.615904 -0.120848 -0.00159822 -1.2638e-07 0 0 0
3753 5489 0.103148 0.805716 0.583251 -0.00738228 -5.62047e-07 0 0 0
4781 1736 0.74156 0.0427739 0.669522 -0.017956 -1.55822e-06 0 0 0
4607 4633 0.922786 0.112131 0.368636 -0.00226361 -1.72721e-07 0 0 0
3753 76 0.994036 -0.0997283 -0.0441243 -0.0124469 -1.06142e-06 0 0 0
4388 4022 0.498515 0.664295 0.556951 -0.0231906 -1.70008e-06 0 0 0
2498 1649 0.541551 0.631925 0.55443 -0.0152838 -1.25599e-06 0 0 0
2576 4578 0.289832 -0.325253 0.900115 -0.0135835 -1.1172e-06 0 0 0
2576 1981 0.0353447 0.519065 -0.854004 -0.0225121 -1.96384e-06 0 0 0
3696 3160 0.334688 0.792933 -0.509157 -0.00416374 -3.91536e-07 0 0 0
1449 2428 0.132148 -0.881567 -0.453184 -0.0188671 -1.52451e-06 0 0 0
5262 715 0.112424 0.72989 0.674256 -0.00641049 -5.24868e-07 0 0 0
603 3978 0.407717 0.207799 -0.889149 -0.00739716 -4.37159e-07 0 0 0
187 2270 0.564151 0.6936 -0.447943 -0.0024457 -2.0536e-07 0 1 0
4598 4882 0.558194 -0.796995 0.230692 -0.000861424 -6.16385e-08 0 0 0
4779 2431 0.360239 0.347911 0.865555 -0.00896309 -7.75079e-07 0 0 0
2068 3932 0.483428 0.452953 0.749087 -0.00049649 -3.62167e-08 0 0 0
4779 2470 0.59711 -0.647976 -0.47285 -0.0132238 -8.63683e-07 0 0 0
3839 2764 0.349655 0.545786 0.761484 -0.00236934 -1.87225e-07 0 0 0
3772 104 0.74598 -0.0292254 0.665326 -0.00585202 -5.55848e-07 0 0 0
777 2207 -0.156007 0.484684 0.860665 -0.00911114 -6.06496e-07 0 0 0
1170 3601 0.571898 -0.380786 -0.726591 -0.0157754 -1.16445e-06 0 0 0
1905 4235 0.985873 0.14639 0.0813877 -0.00665503 -5.00089e-07 0 0 0
45 3968 0.376355 -0.915683 -0.141002 -0.010676 -6.95989e-07 0 0 0
388 351 0.103869 -0.451029 -0.886445 -0.0220624 -1.51505e-06 0 0 0
3810 616 0.561952 -0.741503 0.366584 -0.0148424 -1.16705e-06 0 0 0
2044 2273 0.697877 0.0383274 -0.715191 -0.0176481 -1.04349e-06 0 0 0
3352 3225 0.556889 -0.311603 -0.769921 -0.0118822 -8.09595e-07 0 0 0
4364 4624 0.485232 0.0253379 -0.874018 -0.0180053 -1.44013e-06 0 0 0
1355 1199 0.841927 0.249353 0.478521 -0.00571259 -3.61201e-07 0 0 0
1904 2138 0.0727008 -0.638457 -0.766216 -0.0128963 -8.53648e-07 0 0 0
3915 3249 0.508048 0.33178 -0.794864 -0.0098481 -5.54844e-07 0 0 0
61 1081 0.342497 0.930524 -0.129693 -0.0122327 -8.0952e-07 0 0 0
1691 1866 0.706073 -0.562775 -0.429819 -0.0104708 -8.37626e-07 0 0 0
1691 3601 0.0990728 0.627258 -0.772484 -0.0214111 -1.51395e-06 0 0 0
3962 347 0.205573 0.650403 -0.731243 -0.0179159 -1.01714e-06 0 0 0
2607 1278 0.792666 0.134397 0.594657 -0.00856291 -7.06201e-07 0 0 0
1939 1664 0.788625 0.576748 0.213149 -0.00235929 -1.92794e-07 0 0 0
1963 1195 -0.0830025 0.256459 -0.962985 -0.0245301 -1.68634e-06 0 0 0
2473 5110 0.546005 0.407612 -0.731936 -0.0179189 -1.39744e-06 0 0 0
947 140 0.673519 0.42861 0.602217 -0.00501183 -4.04891e-07 0 0 0
2191 2807 0.0702303 -0.581999 0.810151 -0.00360282 -2.2513e-07 0 0 0
3335 5082 0.208565 0.614299 -0.761011 -0.000414079 -2.91653e-08 0 0 -1
1034 4736 0.954029 -0.178935 0.24044 -0.0162662 -1.14426e-06 0 0 0
2165 742 0.545452 0.834626 -0.0766955 -0.00150356 -9.70467e-08 0 0 0
1266 1001 0.424713 -0.904593 -0.0364672 -0.0103028 -8.56922e-07 0 0 0
3251 464 0.695852 -0.684297 0.218008 -0.00747491 -5.8349e-07 0 0 0
1467 2361 0.202313 -0.56124 -0.802546 -0.0361671 -3.07865e-06 0 0 0
5323 4528 0.522004 0.36385 0.771443 -0.0100452 -6.47482e-07 0 0 0
3554 195 0.557962 -0.51533 0.650471 -0.0108689 -6.95515e-07 0 0 0
3554 418 0.776468 0.0394333 -0.628922 -0.00680373 -5.3725e-07 0 0 0
3647 998 0.692015 -0.123089 0.711312 -0.00933731 -5.87054e-07 0 0 0
3153 1398 0.774381 0.142838 0.616386 -0.0429506 -2.89466e-06 0 0 0
5286 2809 0.275052 0.931445 -0.238236 -0.0309007 -2.97765e-06 0 1 0
4323 3993 -0.031322 0.553442 -0.832299 -0.00167152 -1.09524e-07 0 0 0
4431 4473 0.329205 0.275761 -0.903095 -0.00846826 -6.6082e-07 0 0 0
3662 897 0.910293 0.191662 -0.366922 -0.00249347 -2.35388e-07 0 0 0
5342 945 0.531379 -0.785787 0.316504 -0.0233781 -1.70575e-06 0 0 0
782 91 0.731721 -0.50867 0.453695 -0.0209943 -1.21672e-06 0 0 0
2329 1045 0.838973 -0.190522 0.509731 -0.0119698 -1.03086e-06 0 0 0
5249 5002 -0.100523 -0.120841 -0.987569 -0.0377455 -2.84544e-06 0 0 0
2575 4205 0.87256 -0.487371 0.033304 -0.0124665 -1.00562e-06 0 0 0
1640 5282 0.486565 -0.717185 -0.498899 -0.0097503 -8.04802e-07 0 0 0
1640 3238 0.390637 0.843879 -0.367792 -0.0313693 -2.58227e-06 0 0 0
1613 435 0.0397148 0.731885 -0.68027 -0.014417 -1.14295e-06 0 0 0
1940 774 0.281211 -0.30669 -0.909319 -0.00936385 -7.16536e-07 0 0 0
1646 3774 0.124688 -0.153397 -0.980266 -0.00469641 -3.71187e-07 0 0 0
3898 3428 0.551183 -0.378871 -0.743407 -0.0126963 -1.13418e-06 0 -1 0
1383 1056 0.624579 0.707657 -0.330336 -0.0129338 -8.49655e-07 0 0 0
2855 2186 0.771614 -0.633283 0.0597089 -0.000790033 -5.6238e-08 0 0 0
822 255 0.426213 -0.619739 -0.658989 -0.000447362 -3.09039e-08 0 0 0
730 1681 0.554607 0.696476 0.455338 -0.011261 -7.6232e-07 0 0 0
938 4073 0.396689 0.290156 0.870889 -0.00683757 -5.52691e-07 0 0 0
3367 3013 0.272799 -0.136072 -0.9524 -0.0115547 -8.84233e-07 0 0 0
4527 136 0.838843 0.526935 0.136681 -0.00202836 -1.48426e-07 0 0 0
597 5283 0.204267 0.431582 -0.878642 -0.00407146 -2.70909e-07 0 0 0
447 3057 0.848101 -0.431785 -0.307062 -0.0012198 -8.7364e-08 0 0 0
4782 2881 0.675089 -0.255568 -0.692055 -0.00712733 -5.17732e-07 0 0 0
2316 3308 -0.00115488 0.578994 -0.815331 -5.56031e-05 -3.54635e-09 0 0 0
5246 3542 -0.479524 -0.0953745 -0.872331 -0.0080542 -6.78411e-07 0 0 0
2773 2279 0.715785 -0.564011 -0.411757 -0.0100763 -7.30781e-07 0 -1 0
1309 186 0.329041 0.942816 -0.0531889 -0.00727404 -5.7381e-07 0 0 0
2773 2024 0.304283 0.795776 0.523597 -0.0105952 -7.07479e-07 0 0 0
2407 4928 0.426826 0.843527 -0.326009 -0.00621359 -3.65858e-07 0 0 0
2340 472 0.303822 -0.893206 -0.331473 -0.0113132 -7.2446e-07 0 0 0
2890 4519 0.482118 0.579037 0.657479 -0.0295435 -2.09898e-06 0 0 0
3873 4795 0.955109 0.0237199 0.295305 -0.0142208 -1.19427e-06 0 0 0
2890 3092 0.4608 -0.550507 -0.696137 -0.0295144 -2.13821e-06 0 0 0
1239 5015 0.362499 0.0611313 -0.929977 -0.00828208 -6.33972e-07 0 0 0
1239 1123 0.788572 -0.161188 0.593442 -0.0100652 -8.24921e-07 0 0 0
3769 5180 0.0406608 -0.800307 0.59821 -0.00664526 -5.938e-07 0 0 0
2499 4057 0.397046 -0.341327 0.851969 -0.014471 -1.10887e-06 0 0 0
2499 2473 0.103325 0.601935 -0.791832 -0.0182183 -1.38481e-06 0 0 0
2779 2046 0.110777 -0.718075 0.687093 -0.0177378 -1.29636e-06 0 0 1
4338 3371 0.873405 0.00280098 0.486987 -0.00126548 -9.70855e-08 0 0 0
2779 129 0.658825 0.746974 0.0893232 -0.0201278 -1.52597e-06 0 0 1
3802 2764 0.967406 0.252988 0.0111087 -0.0141871 -1.0337e-06 0 0 0
4159 4741 0.682524 -0.426334 -0.593634 -0.015859 -1.31434e-06 0 0 0
5457 4369 0.854362 -0.516564 0.0568012 -0.0108074 -1.03155e-06 0 0 0
4409 2415 0.481435 0.843904 -0.236741 -0.00087277 -6.56018e-08 0 1 0
4265 4018 0.707222 0.364775 -0.605621 -0.0146985 -1.12273e-06 0 0 0
1383 2583 0.330995 -0.27273 -0.903361 -0.0136121 -9.65771e-07 0 0 0
28 3418 0.550573 -0.702798 -0.450493 -0.01491 -1.17095e-06 0 0 0
2564 2887 0.168059 -0.34168 -0.924668 -0.0262478 -1.79242e-06 0 0 0
4374 2288 0.167316 0.928516 0.331456 -0.0119966 -9.60441e-07 0 0 0
2564 4652 0.866926 -0.492267 0.0781832 -0.00345627 -2.36397e-07 0 0 0
4132 1266 0.0173242 0.0981501 -0.995021 -0.00649144 -4.88464e-07 0 0 0
4374 2818 0.13111 -0.491478 -0.860965 -0.0132518 -9.82043e-07 0 0 0
618 1215 0.186116 -0.514097 -0.837296 -0.0255352 -1.95259e-06 0 0 -1
20 4960 0.84396 0.147041 -0.515859 -0.00566612 -4.38913e-07 0 0 0
5227 4575 0.928454 0.304806 0.212288 -0.000242665 -1.94018e-08 0 0 0
231 4418 -0.205458 -0.554889 -0.806155 -0.000545196 -4.75554e-08 0 0 0
4478 973 0.402001 0.778287 -0.482353 -0.0264993 -2.09193e-06 0 0 0
4478 2818 0.187975 -0.156368 0.969647 -0.0387365 -2.78507e-06 0 0 0
4142 3970 0.13599 0.388167 0.911501 -0.00781952 -6.4148e-07 0 0 0
3862 1836 0.443187 0.700803 0.558981 -0.00159038 -1.21634e-07 0 0 0
1917 977 0.471511 0.296625 -0.830476 -0.00603578 -4.20283e-07 0 0 0
1582 2977 0.479367 -0.34927 -0.80512 -0.0016578 -1.22901e-07 0 0 0
3714 5116 0.402088 0.445299 -0.800021 -0.0140653 -9.38404e-07 0 0 0
5507 3528 0.565353 0.677674 -0.470249 -0.00617354 -4.83684e-07 0 0 0
228 225 0.0984561 -0.90431 -0.415367 -0.0142908 -1.20887e-06 0 0 0
702 3897 0.756177 0.409026 -0.510778 -0.00417074 -2.50782e-07 0 0 0
4883 1769 0.52871 0.670379 -0.520632 -0.00300914 -1.93423e-07 0 0 0
753 410 0.720224 -0.672235 -0.171402 -0.00330162 -2.10696e-07 0 0 0
2704 5307 0.887728 -0.132489 0.440892 -0.00860035 -6.97265e-07 0 0 0
2708 1925 0.766707 -0.17336 0.618148 -0.00894222 -5.28136e-07 0 0 0
1304 1199 0.288104 -0.540239 -0.790657 -0.00847715 -7.46118e-07 0 0 0
3923 3588 0.4216 0.855923 0.299415 -0.00448014 -3.79157e-07 0 0 0
3628 2378 0.524344 -0.153547 0.837548 -0.00253131 -2.05881e-07 0 0 0
1399 745 0.725552 -0.166212 -0.667793 -0.00119392 -9.64738e-08 0 0 0
1543 5282 0.259669 0.402903 0.877634 -0.0118656 -7.46847e-07 0 0 0
3652 445 0.442276 -0.492015 -0.749875 -0.018242 -1.55317e-06 0 0 0
3457 5242 0.841967 -0.485084 0.236189 -0.0104266 -8.08771e-07 0 0 0
2797 3692 0.875553 -0.459317 -0.149783 -0.00512124 -4.07315e-07 0 0 0
5402 4121 0.202934 -0.404412 -0.891779 -0.00411452 -3.24183e-07 0 0 0
2801 2380 0.959729 0.140728 0.243137 -0.008406 -6.90668e-07 0 0 0
2797 4243 0.300258 0.247266 0.921252 -0.0217398 -1.82797e-06 0 0 0
1007 1464 0.174204 0.375649 0.910242 -0.00344537 -2.64011e-07 0 0 0
4629 3838 0.890212 -0.310635 -0.33321 -0.0214471 -1.412e-06 0 0 0
4060 3581 0.718343 -0.694186 -0.0456995 -0.000210734 -1.2956e-08 0 0 0
2027 4188 0.729355 -0.52219 0.441995 -0.0105587 -9.8371e-07 0 0 0
602 3031 0.756557 0.143421 0.638006 -0.0182228 -1.192e-06 0 0 0
3357 3899 0.823017 -0.0180376 0.56773 -0.00720177 -7.08706e-07 0 1 0
686 4161 0.0193092 0.892187 -0.451254 -0.000650225 -3.94345e-08 0 0 0
3357 3658 0.887226 0.453026 -0.0871616 -0.0128275 -1.20083e-06 0 1 0
5116 4202 0.887643 -0.0268145 0.459751 -0.00746351 -6.38162e-07 0 0 0
3357 90 0.418916 -0.908008 -0.00561249 -0.00485754 -3.76704e-07 0 0 0
692 1610 0.213069 0.864054 -0.456083 -0.0033181 -2.07413e-07 0 0 0
4598 4806 -0.290348 -0.462432 -0.837768 -0.0105499 -7.43352e-07 0 0 -1
2415 5249 0.263251 -0.855097 -0.446664 -0.00621968 -4.79446e-07 0 -1 0
3042 2292 0.377851 0.884738 -0.272887 -0.0145112 -1.35123e-06 0 0 0
1113 1850 0.642033 -0.326584 -0.69364 -0.00593375 -4.38861e-07 0 0 0
3042 168 0.561856 -0.665806 0.490938 -0.00949358 -9.34136e-07 0 0 0
19 2405 0.82509 -0.562987 -0.0476714 -0.00707956 -6.66287e-07 0 0 0
3018 3944 0.275343 -0.909177 0.312384 -0.00544892 -3.32779e-07 0 0 0
2775 3585 0.44691 -0.437285 -0.780419 -0.00980926 -8.06836e-07 0 0 0
2775 5021 0.81137 0.349778 0.468332 -0.0201759 -1.70965e-06 0 0 0
4649 3505 0.206699 -0.571555 0.794104 -0.0157482 -1.31836e-06 0 0 0
3894 2267 0.706794 -0.309938 -0.635909 -0.00785305 -5.77124e-07 0 0 0
3632 1693 -0.0623161 -0.10502 -0.992516 -0.02719 -2.10178e-06 0 0 0
4315 4141 0.781191 0.189172 0.594941 -0.00818121 -5.92149e-07 0 0 0
1725 112 -0.484256 -0.13779 -0.864008 -0.0233477 -1.83057e-06 0 0 0
1871 3565 0.966788 0.113492 -0.229 -0.0155355 -1.08441e-06 0 0 0
146 756 0.153609 0.945702 -0.286447 -0.00806275 -6.61752e-07 0 0 0
146 939 0.494734 -0.652444 -0.574069 -0.0056223 -4.18897e-07 0 0 0
159 1684 0.127928 -0.0269164 0.991418 -0.0264883 -1.8234e-06 0 0 0
1871 20 -0.119248 0.986973 0.108001 -0.0188429 -1.3286e-06 0 0 0
1863 826 0.538486 -0.128846 -0.832725 -0.00943823 -6.39167e-07 0 0 0
966 272 0.359008 0.866332 0.347249 -0.0129406 -1.0338e-06 0 0 0
5305 1763 -0.419845 -0.0666652 -0.905144 -0.00559166 -4.74227e-07 0 0 0
4937 2145 0.742029 0.49319 -0.454044 -0.00421788 -3.53793e-07 0 0 0
4420 4953 0.838013 -0.544932 0.0279961 -0.0120019 -1.03913e-06 0 0 0
4266 4655 0.539626 0.166963 0.825183 -0.00712837 -6.45237e-07 0 0 1
4327 5385 0.603651 -0.0947544 0.791598 -0.0111495 -7.79912e-07 0 0 0
1680 3639 0.841464 0.464605 -0.275826 -0.00492161 -3.48897e-07 0 0 0
1439 851 0.657574 0.657218 -0.368322 -0.00830911 -6.64226e-07 0 0 0
3560 702 0.538433 -0.296961 -0.788609 -0.0131268 -7.66374e-07 0 0 0
4977 912 0.680543 -0.136985 -0.719789 -0.0132231 -1.05854e-06 0 0 0
45 906 0.834399 0.106995 0.540676 -0.0174692 -1.56826e-06 0 0 0
879 3203 0.33316 -0.936631 0.108292 -0.00987874 -7.27061e-07 0 0 0
3875 1520 0.845379 0.527073 0.0867646 -0.0111949 -9.63461e-07 0 0 0
1161 1238 0.122164 0.395882 -0.910139 -0.0376827 -3.06388e-06 0 0 -1
3962 1435 0.387306 0.246076 0.888505 -0.00674106 -4.99095e-07 0 0 0
771 5142 0.369999 0.913658 0.168317 -0.0096547 -5.56224e-07 0 0 0
5361 1642 0.604376 -0.285892 -0.743636 -0.0105577 -6.66771e-07 0 0 0
2981 4780 0.338392 0.555037 -0.759885 -0.00681813 -4.78229e-07 0 0 0
1081 2729 0.420942 0.496142 0.759375 -0.0149439 -9.03866e-07 0 0 0
763 1266 0.00469421 -0.759125 0.650928 -0.0125026 -9.58043e-07 0 0 0
1217 4345 0.64595 -0.140813 -0.75028 -0.0176498 -1.48093e-06 0 0 0
1217 4236 0.20966 -0.726535 0.654361 -0.0053374 -3.82732e-07 0 -1 0
2532 4102 0.680569 0.248394 -0.689294 -0.0127911 -9.86533e-07 0 0 -1
880 4621 0.747419 -0.281254 -0.601881 -0.00139263 -1.28161e-07 0 0 0
1604 419 0.204484 0.367401 -0.907305 -0.0180317 -1.09398e-06 0 0 0
4071 571 -0.0380727 0.990994 0.128378 -0.015634 -1.24551e-06 0 0 0
61 3302 -0.117196 0.327878 -0.937423 -0.00736652 -5.81874e-07 0 0 0
4954 4423 0.572483 -0.427806 0.699461 -0.0120622 -9.14162e-07 0 0 0
4025 3620 0.994602 0.0368215 0.0970066 -0.012068 -8.71474e-07 0 0 0
388 4838 0.558667 0.690411 -0.459591 -0.00855441 -5.84354e-07 0 0 0
4025 2607 -0.11042 -0.990427 0.0828381 -0.0190791 -1.42468e-06 0 0 0
4025 1543 0.138151 0.441674 0.886475 -0.00874315 -6.123e-07 0 0 0
4454 2468 0.633795 0.263846 0.72711 -0.00350307 -2.88788e-07 0 0 0
2421 3502 -0.143756 -0.748597 0.647253 -0.0441811 -3.74082e-06 0 0 0
1986 700 0.774201 -0.440407 -0.454592 -0.004521 -3.76576e-07 0 0 0
1174 1467 0.926638 -0.369491 0.0694201 -0.00766724 -4.30394e-07 0 0 0
2634 3792 0.782104 -0.2907 -0.551187 -0.0132219 -1.00577e-06 0 0 0
4786 4364 0.27865 0.71901 0.636693 -0.0208058 -1.48528e-06 0 0 0
86 4629 -0.0191409 0.454653 -0.890463 -0.0240726 -1.39846e-06 0 0 0
1174 437 0.113854 -0.299878 -0.947159 -0.0185065 -1.61514e-06 0 0 0
2313 40 0.895789 -0.442362 -0.0433412 -0.000488804 -2.94861e-08 0 0 0
4632 3912 0.466839 -0.767903 0.438619 -0.0110432 -7.12181e-07 0 0 0
4828 242 0.801023 -0.488726 0.3457 -0.0117935 -1.06057e-06 0 0 0
3373 3781 0.428205 -0.00662252 -0.903657 -0.0213652 -1.64377e-06 0 0 -1
756 418 0.634909 0.447052 0.630107 -0.0239242 -1.94451e-06 0 0 0
3633 3911 0.78406 0.615417 0.0806975 -0.0114434 -8.58964e-07 0 0 0
5101 3220 0.0923001 -0.621685 0.77781 -0.0224704 -1.74093e-06 0 0 0
3983 3088 0.0128787 -0.698484 0.71551 -0.0130617 -9.40515e-07 0 0 0
940 3393 0.532732 0.350616 -0.770237 -0.040619 -2.44609e-06 0 0 0
3983 1168 0.238065 0.823198 -0.515431 -0.00896182 -6.72079e-07 0 0 0
3522 2753 -0.20342 0.350545 -0.914187 -0.00470258 -3.32284e-07 0 0 -1
4717 823 -0.0968959 0.974403 -0.202852 -0.00158547 -1.19438e-07 0 0 0
1017 1454 0.206517 -0.430857 0.878472 -0.0134037 -8.45696e-07 0 0 0
3122 1404 0.906589 -0.155895 -0.392164 -0.00283364 -2.14279e-07 0 0 0
366 3196 0.509678 0.697005 0.504393 -0.0118835 -9.71189e-07 0 0 0
1669 204 0.689022 -0.547855 0.47445 -0.0145261 -1.0017e-06 0 0 0
1437 1113 0.499581 -0.783241 0.370069 -0.00597753 -3.74317e-07 0 0 0
715 5141 0.733432 -0.373322 0.568074 -0.0156904 -1.17845e-06 0 0 0
743 247 0.141068 -0.423452 -0.894868 -0.0196524 -1.46467e-06 0 0 0
1570 5335 0.602179 -0.183469 -0.776994 -0.00739822 -6.05205e-07 0 0 0
3714 1934 0.457142 -0.886608 0.0703317 -0.00406827 -2.73695e-07 0 0 0
28 602 0.197144 0.566223 -0.800329 -0.00825255 -7.05516e-07 0 0 0
1908 1515 -0.172475 -0.161023 -0.971763 -0.0117723 -8.14381e-07 0 0 0
2729 3649 0.399958 0.337298 0.852211 -0.0070846 -5.80918e-07 0 0 0
1707 2499 0.93838 0.174095 -0.298554 -0.00404302 -3.03068e-07 0 0 0
1634 4901 0.717096 -0.588643 0.373194 -0.0210865 -1.74375e-06 0 0 0
2836 3240 -0.325013 -0.0111807 -0.945643 -0.0036045 -3.17037e-07 0 0 0
369 2491 0.905185 0.306156 0.294804 -0.00690314 -5.27974e-07 0 0 0
3727 1774 0.566445 0.442186 -0.695422 -0.00988835 -7.39482e-07 0 0 0
957 3026 -0.19026 -0.247502 -0.950023 -0.0187892 -1.79122e-06 0 0 0
5496 4748 0.651456 0.00400618 0.758676 -0.00346155 -2.97036e-07 0 0 0
3131 5379 0.595132 -0.676492 -0.433793 -0.0190336 -1.37195e-06 0 0 0
1330 4375 -0.153262 0.0435777 -0.987224 -0.00515583 -4.20515e-07 0 0 0
518 2894 0.662009 0.0669943 0.746496 -0.00314126 -2.3032e-07 0 0 0
518 5440 0.454127 -0.545493 -0.704419 -0.00481203 -3.89764e-07 0 0 0
224 826 0.132516 0.834848 -0.534292 -0.00268078 -1.94265e-07 0 0 0
2187 2637 0.365316 0.735264 0.570904 -0.00034532 -2.54527e-08 0 0 0
265 3078 0.880196 -0.464227 0.0987309 -0.0073687 -4.83558e-07 0 0 0
466 3943 0.787585 0.115108 -0.605359 -0.00262287 -1.89727e-07 0 0 0
1534 4966 0.910325 -0.157982 0.382557 -0.00950018 -6.90784e-07 0 0 0
3310 5518 0.791621 -0.487684 0.368105 -0.0107056 -8.35345e-07 0 0 0
1623 3364 0.655673 0.561176 -0.505148 -0.00234658 -2.13553e-07 0 0 0
2186 4557 0.320744 -0.712884 -0.623634 -0.00258061 -2.20123e-07 0 0 0
763 1680 0.224574 0.819723 -0.526897 -0.00496097 -3.51438e-07 0 0 0
4288 2648 0.204183 -0.965362 0.162439 -7.13358e-05 -5.34389e-09 0 -1 0
1007 65 0.939723 -0.261127 -0.220758 -0.00505267 -4.08262e-07 0 0 0
2637 1949 0.898614 0.377657 0.223309 -0.0099527 -6.71774e-07 0 0 0
4503 4207 0.470386 -0.852902 0.226484 -0.00456316 -3.64456e-07 0 0 0
973 4212 0.670463 0.695425 0.25858 -0.0125399 -8.7159e-07 0 0 0
2634 4745 0.610461 0.790219 -0.0537767 -0.00231204 -1.84766e-07 0 0 0
2634 148 0.389009 0.295805 0.872451 -0.0168406 -1.26131e-06 0 0 0
5250 4791 0.254198 0.883046 -0.394478 -0.00636709 -5.55654e-07 0 0 0
2634 731 0.358184 -0.924835 0.128003 -0.00531284 -4.07109e-07 0 0 0
2662 1907 0.245325 0.429062 -0.869322 -0.0173654 -1.241e-06 0 0 0
1124 4225 -0.186012 -0.408398 -0.89365 -0.0248097 -1.65938e-06 0 0 0
4251 152 0.12721 -0.563407 -0.816327 -0.0147744 -8.51429e-07 0 0 0
1289 4046 0.638834 -0.744204 0.195067 -0.0214547 -1.54927e-06 0 0 0
1124 4453 0.343439 -0.755647 0.557717 -0.0105364 -1.00521e-06 0 0 0
4988 3684 0.755326 0.290471 0.587459 -0.0121494 -7.94419e-07 0 0 0
1124 1969 0.64292 0.695105 0.321687 -0.0157311 -9.52041e-07 0 0 0
1787 2163 0.727224 0.535722 -0.429124 -0.00617417 -3.96431e-07 0 0 0
1817 3476 0.322164 0.89882 -0.29721 -0.0105207 -9.62307e-07 0 0 0
1124 4883 0.919554 -0.391671 -0.0318354 -0.00481424 -3.25525e-07 0 0 0
4754 912 0.680514 0.0849026 0.727799 -0.0079124 -4.86249e-07 0 0 0
4754 1995 0.467571 -0.42879 -0.772992 -0.0163638 -1.02016e-06 0 0 0
3357 4373 -0.0439735 0.347283 0.936729 -0.0246673 -2.44228e-06 0 0 0
1100 5348 0.645959 0.591339 0.482758 -0.00328301 -2.87708e-07 0 0 0
5489 3498 0.392241 0.0837873 -0.916039 -0.0234215 -1.57793e-06 0 0 0
4700 2965 0.648514 -0.317892 0.691646 -0.00368557 -3.32304e-07 0 0 0
2878 422 -0.0170513 0.582637 0.812553 -0.0233407 -1.39244e-06 0 0 0
668 3467 -0.547918 -0.0578336 -0.834531 -0.00895601 -7.84405e-07 0 0 0
1772 2711 0.611524 -0.306447 0.729471 -0.0280786 -2.67062e-06 0 0 0
1008 4266 0.66164 0.0697567 -0.74657 -0.000335915 -2.75309e-08 0 0 -1
4196 4220 0.53035 0.394111 0.750604 -0.00387137 -3.07382e-07 0 0 0
2938 1154 0.0460878 -0.154575 0.986906 -0.0266998 -2.01201e-06 0 0 0
5498 4776 0.365927 0.43274 -0.823914 -0.000416024 -2.4446e-08 0 0 0
2432 2578 0.79337 -0.283222 0.538842 -0.0110318 -9.15684e-07 0 0 0
5378 2037 -0.0724871 0.0109993 -0.997309 -0.0191976 -1.71816e-06 0 0 0
2887 1694 0.410497 0.734279 -0.540673 -0.0194084 -1.79396e-06 0 0 0
3454 1904 0.246708 -0.303692 0.920275 -0.0291365 -2.06271e-06 0 0 0
1303 1348 0.826571 -0.280373 -0.488028 -0.00320867 -2.83681e-07 0 0 0
1890 2408 0.397231 0.393251 0.829193 -0.0033263 -2.97389e-07 0 0 0
2887 2033 0.938648 0.339389 0.0612782 -0.0164947 -1.13245e-06 0 0 0
1786 5256 0.0340968 0.557282 0.829623 -0.0164678 -1.37481e-06 0 0 0
4506 3473 0.423405 0.844285 -0.328498 -0.0126433 -7.87026e-07 0 0 0
2926 1347 0.566871 -0.13565 -0.812561 -0.0134125 -9.35869e-07 0 0 0
3974 4022 0.758769 0.558341 -0.335446 -0.00816242 -6.34691e-07 0 0 0
4572 4547 -0.0673776 0.680024 0.730087 -0.0021394 -1.78162e-07 0 0 0
3974 4745 0.547742 -0.665803 0.506641 -0.00201545 -1.56235e-07 0 0 0
978 2373 0.894471 -0.382261 0.231944 -0.0137096 -1.11214e-06 0 0 0
4805 2773 0.11065 0.935679 -0.335055 -0.00588653 -3.96396e-07 0 1 0
3193 3077 0.567398 0.0100301 -0.823383 -0.00153219 -1.14361e-07 0 0 0
5298 1736 0.0150677 -0.758949 0.650975 -0.0139167 -8.9653e-07 0 0 0
1234 1644 0.312228 -0.82661 -0.468219 -0.0128134 -1.04484e-06 0 0 0
2343 1584 0.710654 -0.676201 0.194223 -0.00334888 -2.15453e-07 0 0 0
2168 2407 0.709445 -0.172384 -0.683353 -0.0102219 -6.96809e-07 0 0 0
2314 2792 0.844503 -0.094959 -0.527065 -0.000141464 -1.16484e-08 0 0 0
5283 204 0.549825 0.828522 -0.106032 -0.0098296 -6.9255e-07 0 1 0
3196 856 0.343311 0.790208 0.507651 -0.014436 -1.13021e-06 0 0 0
345 2355 0.0390168 0.896805 -0.440702 -0.00565591 -3.83153e-07 0 0 0
4362 939 0.409025 0.731983 0.544885 -0.0251814 -1.8594e-06 0 0 0
2138 2972 0.652238 0.638536 -0.408483 -0.00144156 -1.27489e-07 0 0 0
1437 1001 0.884039 -0.0967618 -0.457288 -0.0227636 -1.43797e-06 0 0 0
2118 4430 0.237993 -0.0729013 0.968527 -0.00174579 -1.33773e-07 0 0 0
5065 3587 0.854154 -0.507363 0.114033 -0.00264399 -2.01526e-07 0 0 0
1725 3216 0.380273 0.695395 -0.609769 -0.00682304 -4.98703e-07 0 0 0
4376 1871 0.0812955 0.178757 0.980529 -0.0507255 -3.47755e-06 0 0 0
3922 1844 0.910275 0.392979 -0.130258 -0.000642229 -6.0881e-08 0 0 0
1687 4483 0.985362 -0.133062 -0.106562 -0.0040336 -3.01914e-07 0 0 0
4376 2705 0.0859104 -0.807289 -0.58387 -0.0370651 -2.60998e-06 0 0 0
1357 4587 0.710688 -0.70024 -0.0677272 -0.0186397 -1.75045e-06 0 0 0
2578 5417 0.507884 -0.693875 0.510481 -0.00728105 -6.19488e-07 0 0 0
3458 2978 0.866454 0.432289 0.249768 -0.0126387 -1.12657e-06 0 0 0
4030 3927 0.604521 0.5953 0.529314 -0.00375195 -2.91466e-07 0 0 0
4950 940 0.232399 0.889607 0.393179 -0.0113673 -7.68802e-07 0 0 0
1357 4376 -0.0552739 -0.467258 0.882391 -0.0379108 -2.80439e-06 0 0 0
1044 4813 0.435832 -0.110521 -0.893216 -0.00890945 -7.39927e-07 0 0 0
3883 2477 0.616456 -0.579161 0.533437 -0.00575416 -4.24295e-07 0 0 0
4336 5163 0.695188 0.69153 0.196212 -0.00217945 -1.74931e-07 0 0 0
5290 4577 0.138171 -0.945499 0.294855 -0.00724039 -5.72829e-07 0 0 0
5512 1049 0.144728 -0.325121 -0.934532 -0.00300471 -2.69343e-07 0 0 0
1671 1779 0.409278 0.897132 -0.16627 -0.00393415 -3.72171e-07 0 0 0
4392 4408 0.920073 -0.070038 -0.385436 -0.0234629 -1.69424e-06 0 0 0
1930 3964 0.670474 0.74188 -0.00883618 -0.00629623 -5.29673e-07 0 0 0
1930 104 0.837327 -0.537001 -0.102532 -0.00337828 -3.03071e-07 0 0 0
4225 5491 0.457145 -0.301848 -0.836604 -0.0257989 -2.0646e-06 0 0 -1
5196 4090 0.957456 0.0487622 -0.284431 -0.00447558 -3.00047e-07 0 0 0
1479 5060 0.479954 -0.224165 -0.848171 -0.00679525 -4.80841e-07 0 0 0
2070 716 0.608217 -0.484341 -0.628877 -0.00518732 -3.74565e-07 0 0 0
2145 338 0.966654 -0.0707053 0.246133 -0.0182838 -1.28764e-06 0 0 0
330 3042 0.926799 0.365424 0.0866567 -0.00586827 -4.39845e-07 0 0 0
3344 168 0.714709 0.487004 -0.502014 -0.00539298 -4.79345e-07 0 0 0
887 866 0.311385 -0.170636 -0.934838 -0.00254214 -1.741e-07 0 0 0
887 1357 0.186795 -0.838945 0.511154 -0.0352151 -2.61315e-06 0 0 0
3007 2770 0.286234 0.957422 -0.0375859 -0.00997656 -7.72703e-07 0 0 0
3755 1403 0.787118 -0.192567 -0.585972 -0.00903817 -6.20344e-07 0 0 0
2096 2021 0.949701 -0.156911 -0.271009 -0.00931302 -6.20691e-07 0 0 0
402 2674 0.41412 -0.20347 -0.887189 -0.0140824 -1.07431e-06 0 0 0
3684 4533 0.143486 0.591393 0.793515 -0.0204273 -1.76081e-06 0 0 0
3684 28 0.219978 -0.328548 -0.918513 -0.0220185 -1.84788e-06 0 0 0
820 1516 0.836657 0.540706 0.0874186 -0.0185912 -1.36531e-06 0 0 0
2957 692 0.616179 -0.244556 0.748676 -0.0199528 -1.43772e-06 0 0 0
3652 4851 0.792598 0.214259 0.57086 -0.0194094 -1.53695e-06 0 0 0
3282 1855 0.910707 -0.315456 0.266648 -0.00229256 -1.79613e-07 0 0 0
3560 3848 0.840803 0.450737 -0.29981 -0.00692065 -5.74658e-07 0 0 0
588 5342 0.462678 -0.650574 -0.602232 -0.0151792 -1.17772e-06 0 0 0
4463 4487 0.620853 -0.652711 -0.434177 -0.00625918 -5.83814e-07 0 0 -1
3075 22 0.849361 0.527734 -0.00909537 -0.00625767 -4.88873e-07 0 0 0
3075 4236 0.519693 -0.0392821 -0.853449 -0.00457995 -3.32217e-07 0 -1 0
1000 484 0.852383 0.225247 -0.471918 -0.00771048 -5.98746e-07 0 0 0
1533 3352 0.626296 -0.736785 -0.254756 -0.00520997 -4.19978e-07 0 0 0
1006 1491 0.765135 -0.297089 0.571233 -0.00960855 -7.52943e-07 0 0 0
402 3503 0.121039 -0.118158 0.98559 -0.0104721 -7.6635e-07 0 0 0
2970 2584 0.743441 0.575123 0.341364 -0.00142006 -1.19374e-07 0 0 0
3679 2772 0.511193 0.74313 -0.431786 -0.00461149 -4.40211e-07 0 0 0
3349 2373 0.70112 0.660412 -0.268861 -0.00108243 -8.27082e-08 0 0 0
3382 2400 -0.359023 0.0973926 -0.928233 -0.00581315 -5.12051e-07 0 0 0
715 4557 0.0248662 0.603063 0.797306 -0.00267238 -2.39594e-07 0 0 0
1414 605 0.664025 0.541473 0.515633 -0.000949942 -6.80489e-08 0 0 0
715 5434 0.524202 0.570619 -0.632144 -0.0239544 -1.5174e-06 0 0 0
3272 3268 -0.168912 0.0290156 -0.985204 -0.00684485 -5.55035e-07 0 0 0
990 4318 0.904405 -0.303493 0.299906 -0.00626361 -3.90105e-07 0 0 0
3130 4315 -0.176309 0.711903 -0.679786 -0.0164634 -1.14423e-06 0 0 0
373 1382 0.726759 0.677011 -0.116088 -0.0152675 -1.21099e-06 0 0 1
895 2916 0.244481 -0.921849 -0.300706 -0.00233963 -1.92662e-07 0 0 0
1272 602 0.322477 0.121007 0.938811 -0.0263534 -1.75972e-06 0 0 0
5262 1811 0.454043 -0.802699 -0.386678 -0.00135642 -1.21602e-07 0 0 0
1872 5107 0.362272 0.0808703 -0.928558 -0.0130283 -1.04037e-06 0 0 0
909 3331 0.655204 -0.14059 0.742255 -0.00314699 -2.34655e-07 0 -1 0
702 3848 0.236587 0.779255 0.580334 -0.00267442 -2.23023e-07 0 0 0
5281 5054 -0.30158 0.26863 -0.914815 -0.0319941 -2.48719e-06 0 0 0
50 1383 0.384089 0.793831 0.471495 -0.0321816 -1.9452e-06 0 0 0
4758 5311 0.968258 -0.235443 -0.0839185 -0.000498733 -4.38236e-08 0 0 0
591 4828 0.185895 -0.74498 -0.640662 -0.0124573 -9.98622e-07 0 0 0
2280 5113 0.95577 0.256074 0.14467 -0.027424 -2.20187e-06 0 0 0
4992 1596 0.457647 -0.769415 0.4456 -0.00254449 -2.15066e-07 0 0 0
2280 3962 0.06947 0.978381 0.194795 -0.00958833 -5.44584e-07 0 0 0
1033 4642 -0.0327189 0.424379 0.904893 -0.00013627 -1.0076e-08 0 0 0
588 3950 0.279933 0.379189 -0.88196 -0.018771 -1.24914e-06 0 0 0
2236 3211 0.432104 -0.772122 -0.465955 -0.00224464 -1.51742e-07 0 0 0
588 2705 0.178676 0.568914 0.802752 -0.0331062 -2.12366e-06 0 0 0
4570 1471 0.404726 -0.155652 0.901093 -0.0244327 -1.67145e-06 0 0 0
338 637 0.73998 0.653872 -0.157737 -0.028384 -2.19994e-06 0 0 0
1015 4253 -0.188342 -0.310661 -0.931674 -0.0150477 -1.13224e-06 0 0 0
222 1534 0.146797 0.915179 -0.375363 -0.00374043 -2.85584e-07 0 0 0
5046 5224 0.377844 -0.34918 -0.8575 -0.00327237 -2.69763e-07 0 0 0
2241 3175 0.709042 0.519979 -0.476321 -0.0070268 -5.82552e-07 0 0 0
1183 2695 0.161254 0.0835528 -0.98337 -0.0115968 -8.86119e-07 0 0 0
4504 3588 0.17563 -0.0923182 -0.980118 -0.0135085 -1.25197e-06 0 0 -1
5131 3690 0.740562 -0.108138 0.66323 -0.00895035 -6.60503e-07 0 0 0
4504 1976 0.39076 0.417201 0.820518 -0.0138532 -8.30654e-07 0 1 0
4152 744 0.56417 0.655737 -0.501718 -0.00634639 -5.04757e-07 0 0 0
1183 542 0.880735 -0.18434 0.436262 -0.00866447 -7.00593e-07 0 0 0
2743 2155 0.0907745 -0.0187508 -0.995695 -0.00749082 -5.74997e-07 0 0 0
3717 4971 0.708492 -0.195217 0.67818 -0.00151377 -1.1559e-07 0 0 0
4244 4605 0.370883 -0.183235 -0.910423 -0.023125 -1.41218e-06 0 0 0
1059 2144 0.3584 0.264992 -0.89517 -0.0144608 -1.28755e-06 0 0 0
598 1941 0.56402 0.751132 0.343047 -0.00808054 -5.79655e-07 0 0 0
5202 1913 0.624589 0.489225 0.608726 -0.00874737 -5.52169e-07 0 0 0
1602 4389 0.978562 -0.167606 -0.119687 -0.0104081 -7.24232e-07 0 0 0
4376 1107 0.103265 -0.904354 0.414101 -0.00117742 -8.88042e-08 0 0 0
3431 2846 0.497446 -0.24594 -0.831902 -0.00191438 -1.30785e-07 0 0 0
3145 222 0.616251 0.504305 -0.604907 -4.01028e-05 -3.37617e-09 0 0 0
273 3539 0.345696 -0.665191 0.661827 -0.0133738 -7.70258e-07 0 0 0
5244 393 0.0421863 -0.663762 -0.746753 -0.000141858 -1.20864e-08 0 0 0
2878 4130 0.516927 -0.757702 -0.398339 -0.0134347 -7.73462e-07 0 0 0
273 2241 -0.124755 0.895036 -0.428189 -0.00576624 -4.65114e-07 0 0 0
1831 337 0.595885 0.762141 -0.253106 -0.00657392 -4.91037e-07 0 0 0
1232 3056 0.50868 -0.795823 -0.328498 -0.0131751 -1.06737e-06 0 0 0
621 5058 0.048068 0.614872 -0.78716 -0.00654231 -4.56393e-07 0 0 0
2584 4002 0.511785 0.651517 -0.560002 -0.0198781 -1.2481e-06 0 0 0
3028 965 0.0724411 0.780208 -0.621312 -0.0107244 -7.70132e-07 0 0 0
3447 3929 0.126803 0.21103 -0.96922 -0.0178841 -1.34092e-06 0 0 -1
718 4327 0.884681 -0.371612 -0.281503 -0.0032037 -2.46562e-07 0 0 0
1529 4464 0.411169 -0.850608 -0.327729 -0.00104424 -9.17343e-08 0 0 0
621 1125 0.965187 0.0403017 0.258438 -0.000972749 -7.58409e-08 0 0 0
3404 893 0.164998 -0.951253 -0.260562 -0.0139794 -1.03678e-06 0 0 0
1327 2564 0.809464 0.519188 -0.274248 -4.47837e-05 -3.11044e-09 0 0 0
3509 2864 0.527862 -0.18435 0.829082 -0.00817878 -6.51261e-07 0 -1 0
2625 3767 -0.934962 -0.271518 -0.228308 -0.00962932 -6.70463e-07 0 0 1
4537 1434 0.790783 0.593276 -0.150619 -0.0147546 -1.2707e-06 0 1 0
267 1420 0.385709 -0.420961 -0.820987 -0.00153388 -1.22938e-07 0 0 0
2225 3217 0.790846 -0.402367 -0.461154 -0.00521204 -4.59353e-07 0 0 0
2620 3238 0.576825 -0.512784 0.635866 -0.0295422 -1.94595e-06 0 0 0
1209 2378 0.594449 0.116019 -0.79572 -0.0113217 -9.82937e-07 0 0 0
2770 543 0.496602 -0.603798 -0.62355 -0.00774768 -5.95055e-07 0 0 0
2770 4445 -0.0447296 0.922152 -0.384232 -0.008985 -5.46583e-07 0 0 0
499 5310 0.153553 0.367873 0.91711 -0.00826138 -6.81458e-07 0 -1 0
3453 4388 0.363912 -0.547006 0.753891 -0.0132869 -1.05632e-06 0 0 1
967 2939 0.871427 -0.368416 0.323859 -0.0227433 -1.76461e-06 0 0 0
2996 3231 0.378696 0.672147 0.636245 -0.00777474 -5.35469e-07 0 0 0
2646 3267 0.815554 0.0343348 0.577662 -0.0113081 -8.06222e-07 0 0 0
2926 877 0.356235 -0.217668 0.90869 -0.0201122 -1.13311e-06 0 0 0
1234 1326 0.996894 -0.043078 -0.0659234 -0.0114298 -9.08002e-07 0 0 0
914 1124 0.0481372 -0.252001 -0.966529 -0.00730692 -6.23146e-07 0 0 0
699 2779 0.956457 -0.138097 -0.257135 -0.0187063 -1.28784e-06 0 0 -1
5406 4057 0.619853 0.598005 0.508106 -0.0187298 -1.46203e-06 0 0 0
5406 1736 0.401777 -0.262332 -0.877358 -0.0123936 -9.37848e-07 0 0 0
3307 811 0.699565 -0.0790525 0.710183 -0.00740708 -4.94939e-07 0 0 0
112 1815 0.356696 -0.730022 0.582954 -0.00971276 -7.99668e-07 0 0 0
175 1865 0.138445 0.585916 -0.798458 -0.0118574 -9.42472e-07 0 0 0
175 5244 0.0724693 -0.804239 0.589871 -0.0117122 -8.33103e-07 0 0 0
5281 103 0.524636 0.781666 -0.337277 -0.00640471 -5.73962e-07 0 0 0
5502 1439 0.503228 0.345764 -0.791966 -0.0191923 -1.52464e-06 0 0 0
4500 2294 0.0337439 -0.132756 -0.990574 -0.00690185 -6.52375e-07 0 0 0
5508 4483 0.399729 -0.701887 0.589552 -0.0111802 -7.86558e-07 0 0 0
4568 930 0.10087 0.395754 0.9128 -5.7827e-05 -4.20049e-09 0 0 0
1504 4469 0.959064 0.223008 -0.17454 -0.000659466 -4.46113e-08 0 0 0
1755 2655 0.753008 -0.572777 -0.323892 -0.00207736 -1.347e-07 0 0 0
1755 3357 0.363944 0.49033 0.79191 -0.0135418 -8.84001e-07 0 0 0
4550 3231 0.805997 -0.591737 0.0147216 -0.00247951 -1.93244e-07 0 0 0
5408 2287 0.67724 0.502419 0.537513 -0.00776613 -6.52786e-07 0 0 0
2090 4025 0.465099 -0.777472 0.423345 -0.0242873 -1.67266e-06 0 0 0
225 1135 0.525156 -0.432499 -0.732909 -0.00978741 -8.03385e-07 0 0 0
1698 1640 0.583453 0.576642 -0.571897 -0.0343453 -2.58096e-06 0 0 0
2796 4573 0.85359 -0.145569 -0.500193 -0.00473111 -3.75268e-07 0 0 0
231 5308 0.591005 -0.359831 -0.721966 -0.00206155 -1.9699e-07 0 0 0
4162 4872 0.655911 0.737639 -0.160214 -0.0037405 -2.88479e-07 0 0 0
2062 2795 0.899184 0.0866222 0.42891 -0.00539653 -3.61646e-07 0 0 0
200 4419 0.11475 0.0546878 -0.991888 -0.00230898 -1.76015e-07 0 0 0
5180 5364 0.413774 -0.814076 -0.407518 -0.0092348 -7.05878e-07 0 0 0
2225 4016 0.69791 0.100419 0.709111 -0.00336889 -3.1053e-07 0 0 0
920 1471 -0.449512 -0.0778636 -0.889874 -0.0210567 -1.39784e-06 0 0 0
4097 3261 0.945475 -0.195932 -0.260169 -0.00277888 -1.65501e-07 0 0 0
5269 5362 0.277227 -0.326581 0.903598 -0.00930026 -7.85024e-07 0 0 0
1004 3187 0.184882 -0.799675 0.57126 -0.00589861 -4.85779e-07 0 0 0
570 4636 0.892038 0.451957 -0.00184572 -0.00216551 -1.8744e-07 0 0 0
4932 2630 -0.00243029 -0.607029 0.794676 -0.0175546 -1.38816e-06 0 0 0
287 2620 -0.0418862 -0.367367 0.929133 -0.050352 -2.9311e-06 0 0 0
3044 2699 0.903111 -0.427835 0.036699 -0.00109275 -7.43854e-08 0 0 0
1896 3154 0.829752 -0.524779 0.190048 -0.00971453 -8.05405e-07 0 0 0
2267 1921 0.925981 0.041044 0.375334 -0.0159832 -1.30293e-06 0 0 0
3393 281 0.412383 -0.575771 -0.705994 -0.0127125 -7.74311e-07 0 0 0
3921 2244 -0.0734976 0.587149 0.806136 -0.00361473 -2.36376e-07 0 0 0
2493 4823 0.576105 -0.274343 -0.769961 -0.00982177 -7.85669e-07 0 0 0
4308 2817 0.326378 -0.859561 -0.393234 -0.0219187 -1.59653e-06 0 0 0
3393 5433 0.513565 0.511789 -0.688711 -0.0293716 -1.74164e-06 0 0 0
1541 4002 0.863613 -0.376463 0.335334 -0.0219888 -1.89546e-06 0 0 0
3194 5427 0.82366 0.567038 -0.00722153 -0.000837945 -5.77255e-08 0 0 0
2046 5114 0.859152 -0.301813 0.413239 -0.00855861 -5.94053e-07 0 0 0
2624 782 0.612733 -0.637758 0.466716 -0.000652638 -4.90282e-08 0 0 0
643 2377 0.689068 -0.518433 -0.506372 -0.00285806 -1.93044e-07 0 0 0
5058 346 0.881617 0.272014 0.385694 -0.00406457 -2.95934e-07 0 0 0
1484 3562 -0.0399577 -0.677715 -0.734239 -0.0160001 -9.39109e-07 0 0 0
3347 525 0.876639 -0.476936 -0.0635397 -0.0196741 -1.79656e-06 0 0 0
3347 6 0.209662 -0.244006 -0.946838 -0.0185583 -1.25976e-06 0 0 0
5515 3129 0.366774 0.904307 0.218417 -0.0177252 -1.39187e-06 0 0 0
5515 4977 0.329842 0.384607 -0.862138 -0.0128731 -9.64085e-07 0 0 0
5515 1174 0.435088 -0.748502 -0.500442 -0.00829155 -6.40885e-07 0 0 0
794 3027 0.402156 0.829225 0.388143 -0.0108951 -8.6953e-07 0 0 0
2198 445 0.669823 0.736684 0.0929193 -0.00413099 -3.44071e-07 0 0 0
3968 2516 0.743313 -0.583892 0.326429 -0.00782465 -5.70527e-07 0 0 0
716 3895 0.770452 0.636056 -0.0428496 -0.00414632 -2.86507e-07 0 0 0
2813 1247 0.796913 -0.584754 0.151635 -0.00584442 -4.00848e-07 0 -1 0
4423 1976 0.380232 -0.912015 -0.153796 -0.00725387 -5.3506e-07 0 0 0
4423 1504 0.589589 0.129767 0.797211 -0.0284831 -2.03606e-06 0 0 0
4423 0 0.928176 0.000593616 -0.37214 -0.0133836 -1.15184e-06 0 0 0
427 485 0.205506 -0.976366 0.0669019 -0.00939436 -6.0569e-07 0 0 0
180 5016 0.62014 0.773833 -0.128875 -0.00427933 -3.90719e-07 0 0 0
3346 4046 0.367509 0.547424 0.751841 -0.0129367 -9.54946e-07 0 0 0
2985 2791 0.407546 0.333829 0.849979 -0.023337 -1.86567e-06 0 0 0
777 3976 0.530471 0.612626 -0.585909 -0.015557 -1.44167e-06 0 0 0
5370 4214 0.163075 0.662397 0.731189 -0.00118803 -8.93524e-08 0 0 0
3654 1717 0.690724 -0.477522 -0.543022 -0.00185308 -1.46261e-07 0 0 0
3075 1136 0.458567 -0.868894 -0.186385 -0.0103405 -8.03234e-07 0 -1 0
3500 2236 0.584822 -0.157102 -0.795803 -0.00366739 -2.40918e-07 0 0 0
1170 6 0.424725 0.0534978 0.90374 -0.0187291 -1.18126e-06 0 0 0
1311 5127 0.369675 -0.385718 -0.845318 -0.0045264 -3.64434e-07 0 0 0
2705 1109 0.469086 -0.787778 0.399204 -0.0140677 -1.03642e-06 0 0 0
984 2814 0.470034 -0.81037 0.349811 -0.0039196 -3.1397e-07 0 0 0
1385 4827 0.538397 0.014655 -0.842564 -0.0351829 -2.33669e-06 0 0 0
2527 3153 0.436654 -0.767838 0.468783 -0.0239327 -1.76978e-06 0 0 0
1001 670 0.153837 -0.403708 -0.901862 -0.0201892 -1.94597e-06 0 0 0
5450 2948 0.173169 0.0357517 -0.984243 -0.000578216 -4.70751e-08 0 0 0
2527 5515 -0.00112798 0.895275 -0.445513 -0.0210222 -1.47981e-06 0 0 0
1001 3795 0.825766 -0.36393 0.430889 -0.019507 -1.21649e-06 0 0 0
4718 402 -0.268857 -0.868724 0.415973 -0.00259486 -1.9539e-07 0 0 0
1664 2890 0.526755 -0.831584 -0.176061 -0.00727727 -6.86402e-07 0 0 0
1656 2254 0.259532 0.273482 0.926202 -0.00944802 -6.84561e-07 0 0 0
1030 297 0.840026 -0.476878 0.258734 -0.0022749 -1.57684e-07 0 0 0
1307 3709 -0.0511542 -0.290653 -0.95546 -0.0163302 -1.07465e-06 0 0 0
110 4235 0.667663 -0.662288 0.34 -0.00298097 -1.96837e-07 0 0 0
4206 4584 0.0299997 -0.388699 -0.920876 -0.0203761 -1.53133e-06 0 0 0
858 2165 0.214441 0.920432 0.326835 -0.00405876 -2.86218e-07 0 0 0
1692 2660 0.901305 -0.366623 0.230731 -0.0190644 -1.41606e-06 0 0 0
4768 2325 0.124998 -0.99211 -0.00965443 -0.0125121 -1.03162e-06 0 0 0
3509 748 0.33518 0.853874 0.398188 -0.0034181 -2.47761e-07 0 0 0
2630 1617 0.858956 0.152611 0.488779 -0.0263298 -2.02112e-06 0 0 1
3884 1963 0.314613 -0.330263 -0.889913 -0.0231386 -1.80091e-06 0 0 0
4706 670 -0.0869674 -0.653172 0.752199 -0.0099002 -9.35392e-07 0 0 0
4706 1383 0.132822 -0.857046 -0.497825 -0.0314794 -1.9532e-06 0 0 0
4706 4188 0.308018 0.835183 0.455624 -0.02485 -2.31783e-06 0 0 0
4706 3154 0.253336 0.523572 -0.813445 -0.00146761 -1.34194e-07 0 0 0
3436 4223 0.724242 -0.533321 0.437084 -0.00627991 -5.71581e-07 0 0 0
3795 5474 0.0678832 0.00894544 0.997653 -0.010151 -6.11228e-07 0 0 1
4614 3963 0.241224 -0.332695 -0.91166 -0.015643 -1.13389e-06 0 0 0
3347 2539 -0.000640576 -0.3898 0.920899 -0.000741095 -7.2807e-08 0 0 0
4627 4658 0.505757 -0.292838 0.811453 -0.00539353 -4.12514e-07 0 0 0
1154 5318 0.17626 0.967912 -0.179105 -0.0225546 -1.74685e-06 0 0 0
4240 1098 0.264842 0.150791 -0.952429 -0.0117648 -9.27114e-07 0 0 0
671 5515 0.092641 -0.336873 -0.936981 -0.00713227 -5.44202e-07 0 0 0
4002 1026 0.547955 -0.332316 0.767666 -0.00828147 -6.91895e-07 0 0 0
3158 4872 0.459943 -0.648439 -0.606613 -0.0110652 -8.39336e-07 0 0 0
4454 5472 0.591934 -0.686788 -0.421826 -0.00342107 -3.01891e-07 0 0 0
4415 4151 0.253011 -0.49285 -0.832517 -0.00350423 -2.65442e-07 0 0 0
2061 5433 0.343031 -0.492323 0.799967 -0.0070325 -4.20948e-07 0 0 0
2061 1107 0.205578 0.526959 -0.824652 -0.0070323 -5.7002e-07 0 0 0
5308 1326 0.180708 0.233836 -0.955335 -0.000878855 -7.88859e-08 0 0 0
3280 3065 0.70337 0.234991 -0.670857 -0.0283738 -2.21563e-06 0 0 0
3710 3709 0.403623 0.82434 0.396928 -0.00446979 -3.14152e-07 0 1 0
909 2483 0.157606 0.790026 -0.592469 -0.0181578 -1.09271e-06 0 0 0
4557 1347 0.560916 -0.474123 0.678661 -0.0140753 -1.23838e-06 0 0 0
455 5175 0.665191 0.385452 0.639491 -0.00511649 -3.99125e-07 0 0 0
455 671 0.0745021 -0.957112 -0.279974 -0.00566187 -4.1822e-07 0 0 0
3215 5379 0.0588212 0.990032 -0.127969 -0.0132582 -9.58295e-07 0 0 0
4703 2941 0.942605 0.263613 -0.204948 -0.0157271 -1.182e-06 0 0 0
250 1488 0.155686 -0.102779 0.982445 -0.0114318 -7.88372e-07 0 0 0
4873 3980 0.666855 -0.680454 -0.303788 -0.00888251 -6.43715e-07 0 0 -1
250 2848 0.228158 -0.498986 -0.836036 -0.0131582 -9.05982e-07 0 0 0
3757 10 0.355147 -0.934497 -0.0242153 -0.00380646 -3.0469e-07 0 0 0
2488 960 -0.0675689 0.440533 -0.89519 -0.037651 -2.20622e-06 0 0 0
3007 3328 0.900614 -0.407682 -0.150633 -0.00181124 -1.32707e-07 0 0 0
3007 1865 0.209978 0.0262711 0.977353 -0.0238563 -1.88333e-06 0 0 0
1772 4314 0.955468 0.150168 -0.254028 -0.0177457 -1.41648e-06 0 0 0
682 3430 0.789836 0.52913 0.310129 -0.0210189 -1.87601e-06 0 0 0
682 2090 0.170391 -0.971132 -0.166942 -0.0188996 -1.58935e-06 0 0 0
1934 332 0.315474 -0.853931 -0.413857 -0.0028383 -1.99918e-07 0 0 0
3492 4665 0.198633 -0.665655 -0.719339 -0.00284327 -2.02744e-07 0 0 0
5046 2244 0.154198 -0.987564 0.0306594 -0.00896764 -5.74447e-07 0 0 0
1934 2733 0.760819 0.611923 0.216115 -0.00664812 -4.43002e-07 0 0 0
2966 1273 0.337784 -0.916545 -0.214118 -0.00703096 -4.58185e-07 0 -1 0
2926 2122 0.932792 0.347129 -0.096952 -0.0110321 -7.09101e-07 0 0 0
1629 5155 0.543278 -0.34282 0.76637 -0.0141486 -1.01155e-06 0 -1 0
2483 4432 0.955387 0.217405 -0.199927 -0.0227668 -1.33732e-06 0 0 0
4641 983 0.170684 -0.272108 -0.947008 -0.0191279 -1.40044e-06 0 0 0
5112 4890 -0.136567 -0.234669 -0.962434 -0.0073755 -6.03117e-07 0 0 0
3706 1340 0.132844 -0.853192 -0.504397 -0.0107455 -8.34029e-07 0 0 0
2511 502 0.570511 -0.744367 0.347037 -0.0130827 -7.9524e-07 0 0 0
1170 341 0.00337365 0.43088 -0.902403 -0.0141223 -9.99979e-07 0 0 0
2207 2175 0.727656 -0.685237 0.0310866 -0.00680705 -5.76189e-07 0 0 0
802 3889 0.457325 -0.364905 -0.810986 -0.0101349 -7.66257e-07 0 0 0
4413 3740 0.865478 0.065211 0.496685 -0.00281699 -2.06451e-07 0 1 0
2431 1137 0.302645 -0.912628 0.274801 -0.0014833 -1.30338e-07 0 0 0
2431 4666 0.541686 0.458496 0.704526 -0.00852703 -7.34144e-07 0 0 0
820 2576 0.176101 -0.505524 -0.844651 -0.00783146 -4.81352e-07 0 0 0
3639 4395 0.227992 0.0116917 -0.973593 -0.0118198 -7.56625e-07 0 0 0
148 1166 0.742206 -0.655209 -0.140827 -0.0125297 -1.02916e-06 0 0 0
132 1656 0.479029 0.847363 -0.229143 -0.00362255 -2.11875e-07 0 0 0
1081 76 0.394577 0.814782 -0.424782 -0.010671 -6.43733e-07 0 0 0
5398 1656 0.314157 -0.821544 -0.475785 -0.0138815 -1.096e-06 0 0 0
877 4838 0.133409 -0.242984 0.960813 -0.0345653 -2.44548e-06 0 0 0
752 2607 0.34245 0.932105 0.117932 -0.0163353 -1.22705e-06 0 0 0
3901 4977 0.322798 -0.899717 -0.293789 -0.00463702 -3.51346e-07 0 0 0
4741 1995 0.787796 0.608078 -0.0980762 -0.0182608 -1.40992e-06 0 0 0
4104 1411 0.206084 -0.783946 0.585627 -0.00662759 -4.85379e-07 0 0 0
4741 1217 0.371621 -0.864608 -0.338158 -0.017164 -1.42532e-06 0 0 0
4286 1635 0.932791 -0.185783 -0.308847 -0.011808 -8.99489e-07 0 1 0
3849 1693 0.058014 0.485445 0.87234 -0.0168054 -1.28018e-06 0 0 0
4286 602 0.49894 -0.711399 0.494945 -0.00242155 -1.84838e-07 0 0 0
4902 2288 0.817282 0.480913 -0.317448 -0.00994533 -7.95074e-07 0 0 0
3153 4035 0.644435 0.63388 -0.427668 -0.0138154 -9.33519e-07 0 0 0
3777 5246 -0.508286 -0.1612 -0.845967 -0.0079457 -6.23318e-07 0 0 0
2699 2405 0.464665 0.571737 0.676168 -0.00845128 -7.15586e-07 0 0 0
4457 4395 -0.0270015 -0.852279 0.522391 -0.00970896 -6.76979e-07 0 0 0
3674 4490 -0.0976525 -0.378575 -0.920405 -0.000746776 -6.8895e-08 0 0 0
706 637 -0.100287 0.149816 0.983615 -0.0170004 -1.31017e-06 0 0 0
4774 5342 0.713573 -0.176548 0.67797 -0.0132319 -1.00155e-06 0 0 0
1775 1666 0.341679 0.514381 0.786554 -0.00407955 -3.37727e-07 0 0 1
2359 1167 -0.33171 -0.311936 -0.890317 -0.0209726 -1.50307e-06 0 0 0
3792 3457 0.739883 0.188151 -0.645889 -0.00177741 -1.34075e-07 0 0 0
3191 3352 0.583532 0.322454 -0.745328 -0.0182695 -1.31213e-06 0 0 0
1694 2033 0.654913 -0.388348 0.648286 -0.0260824 -2.26348e-06 0 0 0
713 5 0.310302 -0.647781 0.695767 -0.000787179 -5.62753e-08 0 0 0
2834 1583 0.356648 0.243837 -0.901857 -0.0139316 -1.10562e-06 0 0 0
5336 2100 0.72551 -0.529594 -0.439506 -0.00650105 -5.02859e-07 0 0 0
1440 4197 0.762374 0.572976 0.300806 -0.0108283 -8.82625e-07 0 0 0
2626 1276 0.829497 -0.480569 0.284584 -0.018662 -1.17505e-06 0 0 0
2626 364 0.73559 0.563853 0.375469 -0.000303079 -1.90284e-08 0 0 0
4251 4873 0.733459 0.588894 0.339472 -0.00427901 -2.4674e-07 0 0 1
274 4301 0.912442 -0.304733 -0.273108 -0.00949203 -5.88296e-07 0 0 0
3182 1663 0.918806 0.138867 -0.369474 -0.0190408 -1.56474e-06 0 0 0
247 5368 0.577319 0.58919 -0.565294 -0.00941439 -7.95407e-07 0 0 0
1610 1229 0.382062 0.852441 -0.356893 -0.0033181 -2.15822e-07 0 0 0
3182 341 0.165006 -0.445657 0.879865 -0.0148182 -1.10344e-06 0 0 0
3199 3355 0.230151 -0.361125 0.90367 -0.000922019 -6.68513e-08 0 0 0
734 1640 0.477844 0.41174 0.775974 -0.00297724 -2.24483e-07 0 0 0
374 1726 0.41561 -0.837031 0.355876 -0.00460274 -2.87439e-07 0 0 0
2162 4862 0.106444 -0.985534 -0.131883 -0.00796117 -5.42015e-07 0 0 0
5361 4415 -0.196201 -0.797173 -0.570982 -0.00309839 -2.59276e-07 0 0 0
4647 3535 -0.0206137 0.399853 -0.916348 -0.0115873 -8.09177e-07 0 0 0
1824 5135 0.352641 -0.658485 -0.664862 -0.0139774 -1.09135e-06 0 0 0
4983 895 0.580712 0.539729 -0.60948 -0.0120398 -9.81599e-07 0 0 0
2225 1726 0.237888 0.866391 0.439063 -0.00101977 -6.09738e-08 0 0 1
4532 2113 0.469413 0.882952 -0.00690487 -0.00574661 -4.44735e-07 0 0 0
1787 3752 0.742508 -0.438864 -0.506044 -0.0126222 -1.09238e-06 0 0 0
3041 2145 0.196489 -0.396049 0.89696 -0.0359129 -2.96042e-06 0 0 0
2313 3993 0.652647 0.100381 0.750983 -0.0307067 -2.03285e-06 0 0 0
1270 4078 0.0220305 -0.992446 -0.120687 -0.0100626 -8.23907e-07 0 0 0
327 5244 0.867461 -0.449925 -0.212316 -0.00516598 -3.5825e-07 0 0 0
168 1404 -0.108284 0.277012 0.954746 -0.0094404 -7.76611e-07 0 0 0
4130 4215 0.184541 -0.622336 -0.760686 -0.0210566 -1.62472e-06 0 0 0
1175 1003 0.4704 0.166051 -0.866689 -0.00397448 -2.78605e-07 0 0 0
242 5082 0.866216 0.498682 0.0314173 -0.00208881 -1.49843e-07 0 0 -1
323 2473 0.283736 -0.842578 -0.457774 -0.0129319 -9.79113e-07 0 0 0
4102 1894 0.42405 0.717737 0.5523 -0.00881853 -6.69401e-07 0 0 1
2254 1630 0.393094 -0.549697 0.737096 -0.00340694 -2.8708e-07 0 0 0
1712 2685 0.219748 -0.0011422 0.975556 -0.00810964 -4.76495e-07 0 0 0
2846 4478 0.0682526 0.927027 0.368732 -0.0119347 -8.5982e-07 0 0 0
4666 5495 0.773129 -0.236237 0.588611 -0.0128332 -9.28315e-07 0 0 1
5026 3764 0.377005 -0.212671 0.901465 -0.00982941 -7.89863e-07 0 0 0
3757 4299 0.0562488 -0.00248958 0.998414 -0.0455247 -3.17018e-06 0 0 0
4486 4004 0.404361 -0.706066 0.581346 -0.00935913 -6.55923e-07 0 0 0
5030 1873 -0.114494 0.133683 -0.984388 -0.0269226 -1.95551e-06 0 0 0
4207 3976 0.498368 -0.564179 -0.658279 -0.0108476 -9.93931e-07 0 0 0
4679 1719 0.602343 0.230466 0.764244 -0.0121904 -9.43896e-07 0 0 0
4763 2894 0.908274 0.0302673 -0.41728 -0.0119973 -9.49197e-07 0 0 0
4207 1073 0.914011 0.23308 0.33205 -0.00959718 -5.7871e-07 0 0 0
3585 1940 0.147133 0.292355 -0.944924 -0.00958218 -7.40617e-07 0 0 -1
3609 3658 0.635035 -0.523831 -0.567742 -0.0174352 -1.41785e-06 0 0 0
2798 2102 0.672853 0.187338 -0.715663 -0.00541402 -4.20686e-07 0 0 0
4763 4679 -0.011343 -0.352629 0.935694 -0.0210622 -1.42449e-06 0 0 0
3148 2113 0.480163 -0.625444 -0.615031 -0.00126712 -7.86879e-08 0 0 0
780 3972 -0.480515 0.10704 -0.870429 -0.0265019 -1.75509e-06 0 0 0
433 2807 0.178193 -0.530598 -0.828681 -0.00422839 -3.49704e-07 0 0 0
855 2458 -0.0177006 0.58876 -0.808114 -0.00820556 -6.42755e-07 0 0 0
5 1819 0.00199895 -0.484856 -0.874592 -0.00119964 -1.01102e-07 0 0 0
3675 1409 0.930443 -0.114963 0.347936 -0.00397195 -2.62642e-07 0 0 0
877 5136 0.374709 -0.847662 0.375583 -0.00382358 -3.63673e-07 0 0 0
3786 1242 0.206834 -0.462417 -0.862201 -0.019568 -1.61104e-06 0 0 0
1833 1894 0.327 0.579324 -0.746629 -0.0185991 -1.4842e-06 0 0 0
3480 1427 0.89038 -0.195977 -0.410872 -0.00950359 -8.08227e-07 0 0 0
2216 2119 0.489661 0.575555 0.654957 -0.00132569 -1.27632e-07 0 0 0
4987 4052 0.806005 -0.327054 -0.493347 -0.00564979 -3.38032e-07 1 0 0
1927 856 0.853292 0.175252 -0.491101 -0.0279629 -2.0013e-06 0 0 0
4624 1976 0.194503 0.852585 -0.485044 -0.0148082 -1.2478e-06 0 1 0
4624 1925 0.457133 -0.886138 -0.0760772 -0.0210394 -1.77542e-06 0 0 0
3445 1674 0.533036 -0.681734 0.50111 -0.00635473 -4.51754e-07 0 0 0
4311 2891 0.910986 0.391064 0.131046 -0.00230676 -1.89423e-07 0 0 0
4178 347 0.639447 -0.658535 0.396786 -0.0173105 -1.68133e-06 0 0 0
5512 4700 0.209424 0.677592 0.70499 -0.000755788 -7.23261e-08 0 0 0
2282 4530 0.374987 -0.763986 0.525081 -0.0196724 -1.4914e-06 0 0 -1
712 2974 0.381072 -0.646468 -0.660956 -0.00861282 -6.86713e-07 0 0 0
4827 1871 0.513182 0.573322 -0.638707 -0.0351262 -2.35148e-06 0 0 0
228 4389 0.418331 0.0170862 -0.908134 -0.000147106 -1.24105e-08 0 0 0
2814 3811 0.374307 0.917864 0.131981 -0.0189082 -1.57841e-06 0 0 0
4827 1017 0.372099 -0.492933 0.786486 -0.0140054 -9.36461e-07 0 0 0
5295 602 0.359533 -0.725565 -0.586764 -0.00860847 -7.60115e-07 0 0 0
3216 1117 0.239606 -0.0873752 -0.96693 -0.0109583 -8.57704e-07 0 0 0
2203 1627 0.0300413 0.00051 -0.999549 -0.0367233 -2.49697e-06 0 0 0
5203 887 0.327645 -0.596618 -0.732595 -0.00222878 -1.55726e-07 0 0 0
4281 2244 0.858713 0.00442189 -0.512437 -0.000446475 -3.71054e-08 0 0 0
3145 3302 0.17463 0.842863 0.509005 -0.00959377 -7.06337e-07 0 0 0
3317 1096 0.841172 -0.488696 0.231531 -0.00637099 -5.42314e-07 0 -1 1
224 2562 0.655743 -0.693199 -0.299127 -0.00123697 -7.62394e-08 0 0 0
3118 1834 0.307173 -0.665503 -0.680257 -0.0196047 -1.66942e-06 0 0 0
1680 2027 0.0506485 -0.862697 -0.503178 -0.00213449 -1.60644e-07 0 0 0
1893 2683 0.441454 0.0812892 -0.893594 -0.0123723 -1.13953e-06 0 0 -1
3609 1772 0.400685 0.503471 0.765486 -0.0264063 -2.22182e-06 0 0 0
2951 5106 0.172233 -0.937486 0.302416 -0.000729457 -5.00416e-08 0 0 0
713 5410 0.93228 0.178174 0.314813 -0.0131341 -9.24057e-07 0 0 0
294 525 0.336655 0.93772 0.0856977 -0.00736433 -5.87505e-07 0 0 0
1237 2517 0.321355 -0.775201 -0.54387 -0.00370094 -2.91605e-07 0 0 0
3885 753 0.460193 0.189582 -0.867341 -0.0280235 -1.73731e-06 0 0 0
5134 3847 -0.0273401 -0.570916 -0.820553 -0.0021366 -1.57344e-07 0 0 0
1365 1543 0.616385 0.276898 -0.737155 -0.00117985 -7.58265e-08 0 0 0
1365 518 0.265247 -0.931935 0.247268 -0.00307003 -2.31204e-07 0 0 0
1915 231 0.161354 0.313758 -0.935693 -0.0167565 -1.35153e-06 0 0 0
2408 4025 0.522625 0.532076 0.666152 -0.00383553 -3.23363e-07 0 0 0
3498 5155 0.232584 0.880127 -0.413861 -0.00779891 -5.30384e-07 0 0 0
1876 4806 0.213768 0.829869 0.515384 -0.0110828 -8.4664e-07 0 0 0
2655 1652 -0.138463 -0.672527 -0.727004 -0.00727857 -6.51171e-07 0 0 0
5082 1382 -0.0252486 -0.935924 -0.351295 -0.00704994 -5.49919e-07 0 0 1
3629 3897 0.278417 0.381673 0.881368 -0.0035596 -3.34448e-07 0 0 0
2519 820 0.452539 0.033985 -0.891097 -0.043512 -3.40898e-06 0 0 0
3000 2808 -0.111589 0.972811 -0.202948 -0.00367121 -2.33304e-07 0 0 0
4170 3130 0.32083 -0.886355 -0.333832 -0.00417061 -3.00442e-07 0 0 -1
620 1864 0.809322 0.0725264 0.58287 -0.00842412 -4.56937e-07 0 0 0
318 1998 0.746451 0.207358 0.632308 -0.00395533 -2.71689e-07 0 0 0
620 1698 -0.207061 0.37301 -0.904428 -0.0335005 -2.98379e-06 0 0 0
4296 58 0.348863 0.423259 0.83615 -0.00775976 -5.14466e-07 0 0 0
3917 3251 0.929236 0.287471 0.232121 -0.0297731 -2.42115e-06 0 0 0
5110 3335 0.697159 -0.208709 -0.685864 -0.0048891 -3.40324e-07 0 0 0
4858 4073 -0.198545 -0.0264899 -0.979734 -0.0170923 -1.38326e-06 0 0 0
1663 2957 0.500245 0.289203 -0.81616 -0.0382172 -2.88292e-06 0 0 0
621 3844 0.296496 -0.612235 0.732979 -0.0127376 -9.15772e-07 0 0 0
219 3571 0.786008 -0.368362 -0.496489 -0.00921836 -7.36454e-07 0 0 0
1333 2890 0.367087 0.725854 -0.581708 -0.00636188 -5.80436e-07 0 0 0
2854 3844 -0.0843689 0.938593 -0.334551 -0.0111992 -8.79061e-07 0 0 0
3602 1732 0.811476 -0.572547 0.117028 -0.0107269 -7.16233e-07 0 0 0
4824 4659 -0.0916505 0.157398 -0.983273 -0.0176685 -1.28907e-06 0 0 0
1333 2797 0.424055 -0.836566 0.346892 -0.00423563 -3.23128e-07 0 0 0
2854 1213 0.700811 0.498935 -0.509831 -0.00411055 -2.99976e-07 0 0 0
2854 4077 0.794283 -0.607202 0.0205173 -0.0114368 -7.0093e-07 0 0 0
4861 1003 0.416791 0.788682 0.451957 -0.00428374 -3.02065e-07 0 0 0
196 5299 0.964425 0.103683 0.243176 -0.000822281 -6.89432e-08 0 0 0
2464 4774 0.929103 -0.369768 -0.00635385 -0.00833223 -5.74729e-07 0 0 0
3578 1164 0.879706 -0.355011 -0.316362 -0.0295509 -2.13956e-06 0 0 0
2267 3827 0.186264 0.903099 -0.386934 -0.00878648 -7.55203e-07 0 0 0
3578 287 0.261277 0.558023 0.78762 -0.0259837 -1.81368e-06 0 0 0
1135 5095 -0.40761 0.442527 -0.798764 -0.00715349 -5.42794e-07 0 0 0
4141 1619 0.160282 0.585213 0.794881 -0.0018134 -1.36012e-07 0 0 1
176 1991 0.416119 0.380607 -0.825822 -0.00825839 -6.05868e-07 0 0 0
1726 1513 0.615488 0.555415 0.559186 -0.00391459 -2.21356e-07 0 0 0
3897 4435 0.0523377 -0.172218 0.983667 -0.0116934 -1.08125e-06 0 0 0
3897 5221 -0.104706 0.613528 -0.7827 -0.00620681 -5.59025e-07 0 0 0
5318 353 0.922819 -0.327173 0.20338 -0.00934167 -7.01577e-07 0 0 0
2396 2646 0.997692 -0.0252816 0.0630269 -0.0164049 -1.23851e-06 0 0 0
5135 3280 0.194279 -0.206477 -0.95897 -0.0306549 -2.23366e-06 0 0 0
1281 4900 0.937815 0.307648 -0.160794 -0.00496378 -4.50704e-07 0 0 0
3339 1763 0.398442 0.133121 0.907482 -0.00470335 -3.84043e-07 0 0 0
5403 2528 0.255662 -0.354177 -0.899553 -0.0180478 -1.55897e-06 0 0 0
3535 3549 0.081706 0.897129 -0.434148 -0.00375717 -3.1404e-07 0 0 0
3328 4686 0.459964 -0.863587 -0.20652 -0.00390244 -2.84114e-07 0 0 0
2084 3153 0.5139 0.780686 -0.355579 -0.00557048 -3.50147e-07 0 0 0
2084 978 0.283065 -0.846263 -0.451346 -0.000275735 -2.44147e-08 0 -1 0
2084 374 0.335119 -0.795098 0.505485 -0.0093095 -5.94197e-07 0 -1 1
1824 1606 0.589459 -0.780917 0.206654 -0.00550454 -4.4644e-07 0 0 0
292 260 0.534018 -0.128433 -0.835661 -0.0249956 -1.39605e-06 0 0 -1
5070 3171 -0.994651 0.0908556 -0.0491434 -0.00673454 -5.14978e-07 0 0 0
1298 1497 0.10568 0.258248 0.960281 -0.0137697 -9.52336e-07 0 -1 0
3373 5292 0.218404 -0.838363 0.499447 -0.00706022 -5.20761e-07 0 0 0
1347 5141 0.191039 -0.514117 -0.836175 -0.02212 -1.63382e-06 0 0 0
3389 2167 -0.013185 -0.130534 -0.991356 -0.0062397 -4.98928e-07 0 0 0
5450 5257 0.421124 0.747686 0.51344 -0.00517739 -3.87136e-07 0 0 0
3245 4388 0.692844 0.705023 0.151361 -0.020447 -1.47803e-06 0 0 0
1738 1743 0.275505 -0.937151 0.214114 -0.000230431 -1.99069e-08 0 0 0
1409 2816 -0.0306175 0.406973 0.912927 -0.00743397 -5.76497e-07 0 0 0
1409 4901 0.159121 -0.412583 -0.896915 -0.01348 -1.02014e-06 0 0 -1
1136 4236 0.0267358 0.805279 -0.592293 -0.00340486 -2.38082e-07 0 0 0
4518 2074 -0.166049 0.506161 0.846303 -0.0161172 -1.41085e-06 0 0 0
5318 1602 0.542576 0.553377 0.63197 -0.028535 -2.29795e-06 0 0 0
1272 4373 0.39392 0.404597 -0.825305 -0.0234356 -2.06393e-06 0 0 0
1244 2704 0.976059 -0.0476732 -0.212217 -0.00439107 -2.74507e-07 0 0 0
5325 2634 0.404411 -0.646713 0.646694 -0.016909 -1.2818e-06 0 0 0
4962 983 0.929865 0.168614 -0.326988 -0.00466711 -3.45089e-07 0 0 0
5325 3974 0.458982 0.887118 0.0485623 -0.00159265 -1.17129e-07 0 0 0
2432 4596 0.138706 -0.283323 -0.948941 -0.00939278 -7.38763e-07 0 0 0
4801 1789 0.0424971 -0.646275 -0.76192 -0.0303351 -2.64835e-06 0 0 0
2244 1293 0.713169 -0.700172 0.0338981 -0.0101464 -8.94403e-07 0 0 0
888 1655 0.227226 -0.208705 -0.951215 -0.0159965 -1.24072e-06 -1 0 0
3849 3901 0.209366 -0.508178 -0.835416 -0.0236198 -1.94569e-06 0 0 0
4584 5498 0.75244 -0.596603 -0.279105 -0.00943039 -7.02891e-07 0 0 0
3849 967 0.114629 0.986142 -0.119934 -0.0118241 -9.62851e-07 0 0 0
3849 455 0.0288834 -0.483471 0.874884 -0.00384294 -3.00144e-07 0 0 0
383 2796 0.527962 0.615875 0.584769 -0.00594494 -5.05798e-07 0 0 0
4981 1184 0.672788 -0.116808 -0.730556 -0.00209057 -1.53773e-07 0 0 0
406 729 0.974151 -0.0902109 -0.207104 -0.00322808 -2.14721e-07 0 0 0
4396 2634 0.427095 0.560067 -0.709869 -0.0130565 -9.97572e-07 0 0 0
432 4138 0.22865 -0.961072 -0.155113 -0.00236827 -1.8527e-07 0 0 0
4099 1649 0.65073 0.129364 -0.748208 -0.0239437 -1.60528e-06 0 0 0
4340 4224 0.676145 -0.734457 0.0583141 -0.00715174 -6.16795e-07 0 -1 0
633 1210 0.643151 0.0159878 -0.765573 -0.0257708 -2.20361e-06 0 0 0
258 447 0.864669 -0.467738 -0.183217 -0.0149349 -1.05398e-06 0 0 0
972 3401 0.817453 0.0758126 -0.570984 -0.00876598 -6.80279e-07 0 0 0
2387 1209 0.927841 0.030003 0.371767 -0.00116736 -9.27966e-08 0 0 0
4823 4707 0.357949 -0.551787 -0.753262 -0.00973868 -7.01362e-07 0 0 0
655 1434 0.155823 -0.173086 0.972502 -0.0232412 -1.64417e-06 0 0 0
433 175 0.43435 0.798662 0.416507 -0.000321768 -2.46921e-08 0 0 0
665 2716 0.81599 -0.499732 -0.290564 -0.00450684 -3.32691e-07 0 0 0
1000 2288 0.887971 -0.222091 0.402721 -0.0115827 -8.80896e-07 0 0 0
920 1927 0.566975 -0.71004 -0.417592 -0.0126195 -9.19781e-07 0 0 0
1066 1831 0.727383 -0.272312 -0.629889 -0.00209651 -1.36165e-07 0 0 0
2267 3294 0.578512 -0.781491 0.233657 -0.00310311 -2.62256e-07 0 0 0
5323 4254 0.879071 -0.406956 -0.248235 -0.00416303 -2.86037e-07 0 0 0
3252 880 0.491618 -0.689653 0.531687 -0.00612316 -5.98277e-07 0 0 0
3353 2019 0.2625 0.498788 -0.826017 -0.00189486 -1.37547e-07 0 0 0
3802 3651 0.0921142 -0.0949067 0.991215 -0.00881709 -6.05968e-07 0 0 0
670 1348 0.0838198 -0.995033 -0.0536956 -0.00634037 -5.06058e-07 0 0 0
670 196 0.876311 -0.210704 -0.433224 -0.0109274 -9.91425e-07 0 0 0
2605 3347 0.289324 -0.45021 -0.84475 -0.00652968 -3.59187e-07 0 0 -1
3706 2280 0.522878 0.451472 0.723029 -0.0317551 -2.49529e-06 0 0 0
1850 654 0.228353 -0.726343 0.648291 -0.0100333 -7.00922e-07 0 0 0
2452 4248 -0.100783 -0.13488 -0.985723 -0.0192831 -1.59918e-06 0 0 0
3706 4858 0.12708 0.609764 -0.782329 -0.0179122 -1.47316e-06 0 0 0
1850 1140 0.827711 -0.108649 -0.550535 -0.00848752 -6.6268e-07 0 0 0
4690 4414 0.63055 -0.241746 0.73754 -0.0221879 -1.57441e-06 0 0 0
1752 1691 0.708816 -0.182139 -0.681472 -0.021176 -1.61517e-06 0 0 0
1752 1541 0.150027 -0.76725 0.623554 -0.0195111 -1.7183e-06 0 0 0
1752 1170 0.227601 0.728073 -0.646612 -0.0113739 -7.35132e-07 0 0 0
5249 1692 0.278566 -0.843228 -0.459747 -0.00446529 -3.36725e-07 0 0 0
561 1775 -0.0153644 -0.987694 0.155641 -0.00218141 -1.83573e-07 0 0 0
2315 764 0.933131 -0.181215 0.310527 -0.0108558 -8.21732e-07 0 0 0
3927 2227 0.705537 0.381693 0.597099 -0.0136293 -1.08533e-06 0 0 0
2717 1450 0.643247 0.748518 -0.161102 -0.0066093 -4.97007e-07 0 0 0
4715 1483 0.951336 -0.256387 0.170956 -0.00939559 -7.25293e-07 0 0 0
2315 3347 0.291326 -0.956391 -0.0211213 -0.00984663 -7.12483e-07 0 0 0
856 5105 -0.106877 0.825531 -0.554144 -0.0145021 -1.07899e-06 0 0 0
1745 1739 0.352451 -0.914728 0.197613 -0.00384765 -2.72975e-07 0 0 0
939 2975 0.345323 -0.0964549 0.933514 -0.0255225 -2.15568e-06 0 0 0
1559 224 0.903916 0.404593 -0.138708 -0.0030677 -2.45204e-07 0 0 0
5025 630 0.76412 0.642507 -0.057492 -0.00376349 -3.59179e-07 0 0 0
3528 1439 0.956655 -0.0263176 0.290033 -0.00571154 -4.52151e-07 0 0 0
1389 5424 0.932165 -0.0647183 -0.356202 -0.0111489 -8.52503e-07 0 0 0
1252 4512 0.101678 -0.923414 -0.370093 -0.00928981 -7.04104e-07 0 0 0
5148 1494 0.74741 0.402105 0.528857 -0.0059473 -4.86838e-07 0 0 0
3654 4338 0.161374 -0.964819 0.207565 -0.00107668 -8.02524e-08 0 0 0
2807 4327 0.377933 0.925753 0.0121862 -0.0220526 -1.61516e-06 0 0 0
155 4208 0.525592 -0.846196 0.0877869 -0.00729747 -5.68755e-07 0 0 0
2807 3216 -0.00824355 -0.955233 -0.295739 -0.0104584 -8.25952e-07 0 0 0
1360 2773 0.741739 -0.148503 -0.654041 -0.0139141 -9.28683e-07 0 0 0
2407 3794 0.904315 0.0284631 -0.425916 -0.00244148 -1.91938e-07 0 0 0
4873 2454 0.706607 0.302493 -0.639692 -0.0262206 -1.81356e-06 0 0 -1
647 5009 0.938123 0.300623 0.171903 -0.00227915 -1.98408e-07 0 0 0
1334 5203 0.0625355 -0.767407 0.638103 -0.00337982 -2.58036e-07 0 0 0
2191 3088 0.477765 0.80364 -0.354829 -0.00791871 -6.13257e-07 0 0 0
332 5148 0.218076 -0.963401 0.155887 -0.000731457 -6.66397e-08 0 0 0
2191 1183 0.199252 -0.815811 -0.54291 -0.00911167 -6.90529e-07 0 0 0
4021 966 0.797533 -0.577869 0.17323 -0.00562889 -4.72003e-07 0 0 0
5233 5091 0.611609 -0.465139 -0.639985 -0.00905929 -7.03069e-07 0 0 -1
4215 1064 0.148835 -0.539584 -0.828672 -0.026791 -2.06545e-06 0 0 0
4776 643 0.56804 -0.109429 0.815693 -0.00259633 -1.67534e-07 0 0 0
4518 3285 -0.325109 -0.524319 -0.787015 -0.0158797 -1.10314e-06 0 0 0
3041 3443 0.120282 0.622557 -0.773275 -0.00440857 -3.43235e-07 0 0 0
3699 2337 0.879147 0.447593 -0.163587 -0.0406811 -2.71974e-06 0 0 0
4784 5267 0.543224 -0.503828 -0.671614 -0.0244018 -1.8431e-06 0 -1 0
1027 2516 0.752644 -0.141591 -0.643023 -0.0033359 -2.6679e-07 0 0 0
358 550 0.557079 -0.333728 0.760453 -0.0127032 -9.66171e-07 0 0 0
5116 3261 0.376687 0.189072 -0.90684 -0.0109233 -7.98219e-07 0 0 0
4453 2816 -0.192061 -0.267462 -0.944233 -0.00274413 -2.22229e-07 0 0 0
2596 1030 0.129747 -0.814504 0.565464 -0.0012408 -8.52716e-08 0 0 0
2064 3684 0.290656 -0.91247 0.287956 -0.011602 -9.34261e-07 0 0 0
2823 4069 0.592341 -0.75928 0.269492 -0.00630413 -4.04819e-07 0 0 0
91 4832 0.477011 -0.450782 -0.75449 -0.025378 -1.72386e-06 0 0 0
4686 367 -0.528706 -0.0167868 -0.848639 -0.013944 -1.11142e-06 0 0 0
3559 294 0.963784 -0.0142701 -0.266303 -0.00773798 -7.41095e-07 0 0 0
4207 3854 0.0537854 0.340215 0.938808 -0.0155627 -1.35483e-06 0 0 0
3559 5089 0.728054 -0.579765 0.3658 -0.00272991 -2.21276e-07 0 0 0
4740 1533 0.683752 0.367728 0.630285 -0.000486506 -3.89977e-08 0 0 0
4522 4453 0.280545 -0.292614 -0.914151 -0.0128999 -1.03104e-06 0 0 0
4740 2770 0.679295 -0.329963 -0.655502 -0.00188012 -1.74879e-07 0 0 0
2215 5233 -0.150253 -0.334046 -0.930504 -0.0399692 -3.53014e-06 0 0 0
909 4099 0.102486 -0.157997 -0.982107 -0.0376305 -2.52795e-06 0 0 0
2173 4715 -0.135686 0.275936 -0.951551 -0.0189035 -1.61348e-06 0 0 0
189 375 -0.903617 -0.137971 0.405512 -0.000198158 -1.40364e-08 0 0 0
2399 1435 0.997175 0.0751077 -0.00106334 -0.00942918 -7.00289e-07 0 0 0
3717 4161 -0.285243 -0.341767 -0.895451 -0.00885822 -6.74657e-07 0 0 0
5362 4463 0.218236 -0.626481 -0.748261 -0.0234169 -2.00063e-06 0 0 0
4348 4547 0.572445 0.414419 -0.707505 -0.00328052 -3.09555e-07 0 0 0
12 438 -0.0561512 0.0215204 -0.99819 -0.00804433 -7.03271e-07 0 0 0
5363 3948 0.232272 0.36614 -0.901106 -0.00820599 -6.19306e-07 0 0 0
1710 1383 0.840502 -0.532118 0.102012 -0.000277145 -2.1715e-08 0 0 0
49 64 0.722419 -0.628642 -0.287958 -0.0123062 -1.05513e-06 0 0 0
479 2580 0.593342 -0.733552 -0.331432 -0.00302376 -1.88592e-07 0 0 0
1348 1140 0.793451 0.0804302 0.603296 -0.00191349 -1.70889e-07 0 0 0
5064 4857 0.749802 -0.609869 -0.256626 -0.00322507 -2.58525e-07 0 0 0
1553 4533 0.582592 -0.799786 0.144669 -0.022814 -2.07336e-06 0 -1 0
588 4259 0.689526 -0.636686 0.345231 -0.00450504 -2.87534e-07 0 0 0
453 1543 0.67222 -0.67105 0.312749 -0.00368432 -2.31293e-07 0 0 0
24 1319 0.202822 0.266482 0.942258 -0.0177782 -1.52757e-06 0 0 0
635 4096 0.437089 0.193748 0.878302 -0.00410625 -3.7078e-07 0 0 0
5107 1174 0.682133 0.403735 0.609666 -0.0106815 -8.82873e-07 0 0 0
3658 1636 0.0727225 -0.785149 -0.615023 -0.00343442 -3.13733e-07 0 -1 0
357 3500 0.129882 -0.948333 0.289474 -0.0035748 -2.45515e-07 0 0 0
1940 1738 0.927928 0.0181794 0.372316 -0.000122175 -9.09902e-09 0 0 1
5141 1960 0.0303328 -0.240603 -0.970149 -0.0103279 -7.38933e-07 0 0 0
186 4984 0.345228 -0.343539 -0.873384 -0.0458303 -3.34028e-06 0 0 0
3052 219 0.558832 -0.795021 0.235901 -0.0191548 -1.49513e-06 0 0 0
2140 5269 0.941145 -0.333283 -0.0562963 -0.000789958 -7.12683e-08 0 0 0
186 4077 0.917753 0.364534 0.157623 -0.026672 -1.95459e-06 0 0 0
4117 477 0.730473 -0.30514 -0.610982 -0.00955924 -8.19875e-07 0 0 0
1894 712 0.962675 0.0630204 -0.263221 -0.0170143 -1.33274e-06 0 0 -1
1106 3519 0.14241 0.951127 0.274003 -0.00778793 -6.01736e-07 0 0 0
5213 4111 -0.0709603 -0.232493 -0.970006 -0.0178519 -1.58318e-06 0 0 0
1748 3958 0.655143 -0.295229 0.695433 -0.00756405 -5.29994e-07 0 0 0
3355 67 0.307177 -0.823879 -0.476304 -0.0255837 -1.76839e-06 0 0 0
1534 1004 0.600387 -0.177924 -0.779666 -0.00906268 -6.77079e-07 0 0 0
2409 4197 0.246887 -0.182091 -0.951782 -0.0135185 -1.11959e-06 0 0 0
3028 4218 0.329558 -0.888976 -0.317984 -0.00132391 -9.56348e-08 0 0 0
3413 4865 0.554143 0.828592 0.0797532 -0.0160222 -1.28147e-06 0 0 0
5147 1893 0.511329 -0.754379 0.411649 -0.00876862 -7.13061e-07 0 0 0
5141 5310 0.272847 -0.95565 0.110847 -0.0183155 -1.3257e-06 0 -1 0
129 5474 0.550806 -0.699642 -0.455097 -0.00236553 -1.74991e-07 0 0 0
1845 3203 0.203934 0.815942 -0.540971 -0.0129417 -1.04168e-06 0 1 0
3559 1541 0.0565804 -0.551746 -0.83209 -0.00200474 -1.88684e-07 0 0 0
5019 3593 0.728509 0.0248705 0.684585 -0.0206236 -1.56566e-06 0 0 0
1600 3371 0.0772475 -0.948224 0.308064 -0.000184521 -1.42594e-08 0 0 0
2192 1201 0.432012 -0.869574 -0.239178 -0.0097589 -7.06538e-07 0 0 0
1606 750 0.37289 0.848337 0.375868 -0.00279478 -2.24679e-07 0 0 0
4457 1246 0.216889 0.405986 -0.88777 -0.0160175 -1.08304e-06 0 0 0
616 5155 0.190089 -0.68151 -0.706689 -0.0191799 -1.5821e-06 0 -1 0
3825 4057 0.829398 -0.382501 -0.407175 -0.0190936 -1.59843e-06 0 0 0
5141 414 0.877401 0.174322 -0.446967 -0.00851617 -7.00907e-07 0 0 0
1760 3729 0.335113 -0.332546 0.88154 -0.00907124 -6.79694e-07 0 0 0
4435 2470 0.0156791 -0.922878 0.384774 -0.00717875 -5.91662e-07 0 0 0
2683 978 0.810235 0.421786 -0.406958 -0.00553743 -5.13993e-07 0 0 0
3999 2112 -0.0104843 -0.855075 -0.518398 -0.00337619 -2.18475e-07 0 0 0
4060 5282 0.102852 -0.729524 0.676177 -0.00158842 -1.06103e-07 0 0 0
1477 5034 0.911324 -0.259733 0.319419 -0.00793228 -5.30171e-07 0 0 0
366 1064 0.368831 -0.190316 0.909804 -0.0174741 -1.39122e-06 0 0 0
3135 2607 0.987722 -0.102206 0.118152 -0.00116041 -9.4859e-08 0 0 0
1145 4909 0.757032 -0.37999 0.531517 -0.00605706 -4.72807e-07 0 0 0
2399 1117 0.396452 0.84594 0.356667 -0.00656525 -5.90551e-07 0 0 0
2310 708 0.0956762 -0.0116364 0.995344 -0.0104672 -8.74327e-07 0 0 0
4209 378 0.386422 0.024586 -0.921995 -0.0136212 -1.10767e-06 0 0 0
4299 4235 0.0536023 -0.276639 0.959478 -0.0566334 -3.25197e-06 0 0 0
4206 4064 -0.00981824 0.604226 0.796753 -0.0145661 -1.31993e-06 0 0 0
2421 2136 -0.151267 0.768106 0.622199 -4.78466e-05 -3.48115e-09 0 0 0
1193 4200 0.382729 -0.452797 0.805291 -0.0180991 -1.70659e-06 0 0 0
3980 2225 0.731507 0.612568 0.29943 -0.0068234 -4.89447e-07 0 0 0
3980 4703 0.418025 0.196317 -0.886969 -0.0304886 -2.15679e-06 0 0 0
484 4578 0.349018 0.0281585 -0.936693 -0.0173986 -1.34319e-06 0 0 0
4904 3889 0.791618 -0.438146 0.425874 -0.0014319 -1.29409e-07 0 0 0
4198 1441 0.416277 -0.415963 -0.80851 -0.0087507 -6.81884e-07 0 0 0
545 3974 0.440433 0.283204 -0.851948 -0.00691967 -5.10985e-07 0 0 0
3081 4827 0.336443 0.0510808 0.940317 -0.017084 -1.14391e-06 0 0 0
5064 981 0.809446 0.473281 -0.347566 -0.00163521 -1.22113e-07 0 0 0
2492 1646 0.73001 0.671791 0.125627 -0.0054254 -4.47655e-07 0 0 0
350 4835 0.949278 -0.284943 -0.132961 -9.84034e-05 -7.97856e-09 0 0 0
4985 3453 0.365282 0.56247 0.741752 -0.0171596 -1.38143e-06 0 0 0
3164 1339 -0.00471903 0.149945 -0.988683 -0.00758585 -6.07116e-07 0 0 0
4790 2957 0.748469 0.209109 0.629339 -0.00169906 -1.29633e-07 0 0 0
3196 86 0.747871 0.49213 -0.445529 -0.0087816 -7.69306e-07 0 0 0
4490 2990 0.661152 0.718327 -0.21653 -0.0113192 -9.4595e-07 0 0 0
1180 3632 0.392263 -0.742296 0.543255 -0.0331831 -2.75877e-06 0 0 0
1602 3555 0.430219 0.218328 -0.875925 -0.0141241 -8.15687e-07 0 0 0
1196 5009 0.486537 -0.461792 -0.74164 -0.00406035 -3.6284e-07 0 0 0
1405 1719 0.511212 -0.779177 0.362691 -0.0209228 -1.66132e-06 0 0 0
1562 1276 0.465951 -0.325678 -0.822693 -0.0186359 -1.36434e-06 0 0 0
1405 2846 0.327453 0.50026 0.80157 -0.0136753 -9.4262e-07 0 0 0
5434 1488 -0.031179 -0.831594 -0.554508 -0.00593425 -4.00095e-07 0 0 0
1405 620 0.13497 0.761534 -0.633916 -0.0127894 -8.4059e-07 0 0 0
1535 364 0.920023 0.0177595 -0.391461 -0.0127384 -7.67608e-07 0 0 0
5434 2715 0.317443 0.231441 0.919601 -0.0182179 -1.18924e-06 0 0 0
5434 3940 0.514583 0.855123 -0.0630069 -0.00990609 -8.79799e-07 0 0 0
820 4805 -0.0160926 0.663595 -0.747919 -0.0327812 -2.2477e-06 0 0 0
3820 2026 0.341466 -0.894299 -0.289188 -0.0176223 -1.20117e-06 0 0 0
2829 1366 0.246431 -0.957638 0.149 -0.0213096 -1.50926e-06 0 0 0
2990 2735 0.142498 0.362798 -0.920908 -0.0124941 -1.02995e-06 0 0 0
61 4584 0.440311 -0.565629 0.697273 -0.00323891 -2.26965e-07 0 0 0
1123 1534 0.159956 -0.358097 -0.919881 -0.00399467 -2.76144e-07 0 0 0
1123 76 0.41083 0.487494 0.770434 -0.00280345 -2.05565e-07 0 0 0
1123 1526 0.710251 -0.570977 0.411737 -0.0118859 -9.29033e-07 0 0 0
2145 3911 0.265964 -0.78474 0.559863 -0.0231901 -1.63043e-06 0 0 0
3582 610 0.28165 -0.898485 0.336747 -0.00136656 -1.05925e-07 0 0 0
1685 772 0.959519 0.0772648 -0.270839 -0.00315107 -2.96156e-07 0 0 0
1663 4573 0.430446 0.887691 -0.163467 -0.000837546 -7.16839e-08 0 0 0
3816 3182 0.295705 -0.923885 -0.242889 -0.003277 -2.37723e-07 0 0 0
1615 3610 0.917841 -0.334646 0.213496 -0.0298992 -1.93787e-06 0 0 0
4942 759 0.433999 0.890744 -0.134982 -0.00765302 -5.75959e-07 0 0 0
4942 2265 0.485523 -0.726234 0.486675 -0.0103048 -7.82674e-07 0 0 0
816 4941 0.306022 -0.871938 -0.382198 -7.99279e-05 -6.33704e-09 0 0 0
211 4736 0.683309 -0.187029 -0.705768 -0.00576141 -4.99686e-07 0 0 -1
2470 346 0.368533 -0.916727 0.154255 -0.0154462 -1.1551e-06 0 0 0
486 658 0.46748 0.874262 -0.130877 -0.0038596 -3.16181e-07 0 0 0
4987 4783 -0.237734 -0.718709 0.653406 -0.0341364 -3.00548e-06 0 0 0
4459 3806 0.723772 -0.177679 -0.666771 -0.0061794 -4.44417e-07 0 0 0
2470 2395 0.978726 0.036663 0.20187 -0.00523007 -4.35553e-07 0 0 0
1908 441 0.748334 -0.174821 -0.63987 -0.00770483 -6.6638e-07 0 0 0
2332 248 0.50542 -0.85667 0.103284 -0.00315029 -2.79517e-07 0 0 0
3590 3413 0.837272 0.516788 -0.178623 -0.00324296 -2.12929e-07 0 0 -1
2684 1220 0.960437 -0.232492 -0.153324 -0.00714973 -5.47431e-07 0 0 0
1820 1901 0.037963 -0.453116 0.890643 -0.0246058 -1.94827e-06 0 0 1
1660 3674 0.918815 -0.348463 0.185347 -0.00735547 -5.66235e-07 0 0 0
2285 219 0.587873 0.551055 -0.592236 -0.00158586 -1.19448e-07 0 0 -1
3431 2818 0.759426 0.506297 0.408578 -0.00981334 -7.48571e-07 0 0 0
1390 3104 0.495747 -0.748255 -0.44085 -0.00495433 -4.22626e-07 0 0 0
2292 4164 0.484734 0.634313 -0.60223 -0.0358363 -2.91824e-06 0 0 0
559 4985 0.411124 0.642984 0.64618 -0.0215129 -1.76686e-06 0 0 0
5063 3648 0.46867 0.725799 -0.503552 -0.00502598 -3.26846e-07 0 0 0
1577 4264 0.140932 -0.923851 0.355863 -0.0113593 -8.02166e-07 0 0 0
2824 2013 0.170657 -0.594465 -0.785804 -0.000661199 -5.27447e-08 0 0 -1
4880 1479 0.691869 -0.352921 0.629892 -0.00607084 -4.01694e-07 0 0 0
3623 4341 -0.116622 0.0727561 -0.990508 -0.00167991 -1.39382e-07 0 0 0
2851 4178 0.596434 -0.265747 0.757394 -0.0155328 -1.25683e-06 0 0 0
2824 1869 0.925044 0.149667 -0.349133 -0.00970681 -8.15867e-07 0 0 0
3608 341 0.308038 -0.892291 -0.330045 -0.00100595 -7.04729e-08 0 0 0
1518 4383 0.335841 -0.320071 0.88587 -0.00661422 -4.08577e-07 0 0 0
5002 1692 0.39077 -0.746884 0.538018 -0.0276901 -2.02131e-06 0 0 0
3659 2943 0.704592 -0.183002 0.685609 -0.015799 -1.20613e-06 0 0 0
936 3964 -0.0430771 -0.634401 0.771803 -0.00951478 -6.33606e-07 0 0 0
936 4208 0.306758 0.850401 -0.427454 -0.00847453 -7.15471e-07 0 0 0
936 3939 0.285155 -0.922001 -0.261918 -0.0011257 -7.67969e-08 0 0 0
5002 2519 0.326825 0.264289 -0.907379 -0.0446893 -3.32388e-06 0 0 0
40 866 0.787334 0.484468 0.381309 -0.00191543 -1.3988e-07 0 0 0
4760 2765 0.759978 -0.326679 -0.561885 -0.00580843 -4.86979e-07 0 0 0
40 3690 0.169068 -0.946367 0.275327 -0.0184057 -1.56575e-06 0 0 0
4236 22 0.355196 0.54633 0.758524 -0.00114703 -8.07316e-08 0 1 0
2454 2225 0.673612 -0.37617 0.636194 -0.00719938 -4.93949e-07 0 0 0
651 3691 0.178439 0.467628 -0.865727 -0.00637808 -4.7075e-07 0 0 0
2796 3211 0.176698 0.356395 0.917475 -0.0136086 -9.17442e-07 0 0 0
1587 5410 0.385615 -0.0708069 -0.919939 -0.0092268 -6.94871e-07 0 0 0
1461 4900 0.0308033 -0.112337 -0.993193 -0.0314813 -2.89889e-06 0 0 -1
2358 743 0.25555 0.371781 -0.892453 -0.0164119 -1.36808e-06 0 0 0
2864 3769 0.247935 -0.377483 -0.892208 -0.0207284 -1.20588e-06 0 0 0
2583 3463 0.819848 -0.566484 0.0833367 -0.00689032 -4.83552e-07 0 0 0
104 3504 0.50401 -0.829498 -0.240637 -0.000397032 -2.80322e-08 0 -1 0
3115 5034 0.00110013 -0.91118 -0.412007 -0.00719376 -5.05221e-07 0 0 0
2965 4445 0.602425 -0.365345 -0.709653 -0.00452707 -3.94286e-07 0 0 0
858 4313 0.0458685 -0.843485 0.535191 -0.0190475 -1.19891e-06 0 -1 0
5085 1812 -0.0207108 0.823917 0.566332 -0.00591068 -4.4735e-07 0 0 0
2913 2615 0.623404 -0.627444 0.466563 -0.00143983 -9.34717e-08 0 0 0
4174 5362 0.589648 0.451188 -0.669884 -0.0363931 -2.89108e-06 0 0 0
401 3565 0.0480199 0.504191 -0.862256 -0.0208667 -1.518e-06 0 0 0
425 4741 0.198744 0.585993 -0.785565 -0.0263724 -2.17175e-06 0 0 0
425 5107 -0.0213238 0.262045 0.96482 -0.0227881 -1.83778e-06 0 0 0
3198 737 0.377678 0.504253 0.776588 -0.00200913 -1.78969e-07 0 0 0
643 870 0.426327 0.768247 -0.477537 -0.00715476 -5.87932e-07 0 0 0
603 2734 0.604666 -0.683643 -0.408671 -0.00841922 -5.05654e-07 0 0 0
1352 5397 0.727438 -0.231328 -0.646004 -1.1135e-05 -9.68159e-10 0 0 0
5135 782 0.47936 0.877587 -0.0074566 -0.00176977 -1.42763e-07 0 0 0
57 1060 0.481966 -0.30915 -0.819838 -0.017376 -1.13455e-06 0 0 0
57 2569 0.678437 0.427221 0.597666 -0.0112606 -7.49754e-07 0 0 0
1213 847 0.968414 0.0815816 0.235623 -0.00473047 -3.29848e-07 0 0 0
3033 4506 0.795624 -0.409638 -0.446294 -0.0209531 -1.34592e-06 0 0 0
1620 731 0.688923 0.665908 0.28627 -0.0121158 -8.94823e-07 0 0 0
1535 2626 0.202096 -0.565717 -0.799451 -0.0309373 -1.88504e-06 0 0 0
1620 742 0.0809096 -0.960117 -0.267638 -0.00150356 -1.04251e-07 0 0 0
2632 2196 0.214604 -0.167191 0.962285 -0.0102829 -6.67547e-07 0 0 0
889 1666 0.295286 -0.953183 0.0651822 -0.00310957 -2.60915e-07 0 0 0
4454 1166 0.743041 0.523414 -0.417046 -0.00425929 -3.68545e-07 0 0 0
4058 1887 0.519126 0.852596 -0.0599002 -0.0133667 -9.59167e-07 0 0 0
3964 3788 0.453791 -0.467473 0.758645 -0.010984 -7.19521e-07 0 0 0
3431 4478 0.577721 0.647255 -0.497292 -0.00787015 -5.84949e-07 0 0 0
4904 4957 -0.345094 -0.0550004 -0.936955 -0.00955276 -8.33485e-07 0 0 -1
4286 2498 0.168907 0.285586 -0.943351 -0.00887347 -6.39367e-07 0 1 0
2122 3678 0.457716 -0.747299 -0.481705 -0.00533949 -4.40332e-07 0 0 0
1278 5210 0.897064 0.395194 -0.197732 -2.18608e-05 -2.07149e-09 0 0 0
630 1465 0.722425 -0.691393 0.0087923 -0.00122479 -1.02243e-07 0 0 0
1479 3024 0.91167 0.114696 0.394593 -0.00624118 -4.67273e-07 0 0 1
5264 1508 0.57714 0.643033 0.503406 -0.00331578 -2.5085e-07 0 1 0
3132 1462 0.226066 0.319088 0.920368 -0.00502569 -3.72788e-07 0 0 0
3347 2801 0.26651 0.749318 -0.606214 -0.00538787 -4.83791e-07 0 0 0
5142 2244 0.595948 0.801993 0.04065 -0.00213487 -1.43613e-07 0 0 0
1392 1799 0.743892 -0.668227 0.0098006 -0.00235255 -2.08869e-07 0 0 0
45 1798 0.206638 0.62174 -0.755473 -0.00963749 -5.9575e-07 0 0 0
45 5414 -0.0283135 -0.715177 0.698369 -0.0124612 -1.02718e-06 0 0 0
249 3028 -0.139803 0.147415 -0.979144 -0.00875694 -6.43086e-07 0 0 0
989 771 0.401998 -0.588015 0.701881 -0.0289235 -1.75501e-06 0 0 0
1564 3301 0.369261 -0.410168 0.833911 -0.0306297 -2.59261e-06 0 0 0
41 4049 0.28404 -0.407154 0.868071 -0.0190688 -1.35714e-06 0 0 0
1042 4 0.0597905 0.602211 0.796095 -0.00927794 -8.03248e-07 0 0 0
309 1428 0.0413244 0.19314 -0.980301 -0.0205914 -1.55294e-06 0 0 0
5202 1477 0.102389 -0.83851 -0.53518 -0.00314457 -2.26642e-07 0 0 0
226 889 0.679543 -0.437428 -0.588963 -0.00315445 -2.65692e-07 0 0 1
4751 3357 0.883984 -0.258488 0.38956 -0.00556309 -4.32492e-07 0 -1 0
2737 968 0.514759 -0.488227 -0.704739 -0.0128338 -9.20456e-07 0 0 0
4621 4154 0.559311 -0.0380638 0.828084 -0.0225447 -1.84838e-06 0 0 0
4621 963 0.398277 0.603506 -0.690764 -0.00416589 -2.92967e-07 0 0 0
2804 2460 0.346023 -0.835422 -0.427011 -0.00117836 -7.52083e-08 0 0 0
2462 5447 -0.420602 0.222068 -0.879647 -0.0028975 -2.04764e-07 0 0 -1
2384 3838 0.0086274 0.552316 0.83359 -0.028032 -2.01874e-06 0 0 0
1979 4837 0.51029 0.630922 0.584416 -0.00704409 -5.82191e-07 0 0 0
2235 4146 0.237799 0.648618 0.723012 -0.00183299 -1.31861e-07 0 0 0
5203 5440 0.775611 0.630743 -0.0243278 -0.00438228 -3.53231e-07 0 0 0
2978 1453 0.945037 -0.162319 0.283825 -0.00868346 -8.02642e-07 0 0 0
3827 3777 0.609041 -0.116498 -0.784536 -0.00739268 -5.8499e-07 0 0 0
1976 534 0.811103 0.413492 0.413686 -0.0144272 -1.00402e-06 0 0 0
915 4241 0.222223 -0.744108 0.630016 -0.00132782 -9.9968e-08 0 0 0
1890 1664 0.303102 -0.702086 -0.644364 -0.0028281 -2.51681e-07 0 0 0
4064 4803 0.821853 0.319763 0.471496 -0.00679072 -5.50757e-07 0 0 0
552 4608 0.406923 -0.471806 -0.782185 -0.014427 -1.0048e-06 0 0 0
5221 953 0.22248 0.965908 0.132378 -0.00809139 -6.92012e-07 0 0 0
5221 2729 0.443773 -0.573891 -0.688269 -0.00860535 -7.26401e-07 0 0 0
5365 3232 0.315428 0.776891 0.544927 -0.00900085 -7.03646e-07 0 0 0
4593 2584 0.638389 0.490174 -0.593456 -0.0327187 -2.4624e-06 0 0 -1
2834 4314 0.220594 0.915491 0.336474 -0.0106118 -8.43401e-07 0 0 0
1516 4681 0.387982 0.32688 0.861754 -0.0409655 -2.83858e-06 0 1 0
2355 1652 0.517032 0.743893 0.42344 -0.00541924 -4.43373e-07 0 0 0
500 1562 0.789728 0.578857 -0.203112 -0.0229366 -1.6222e-06 0 0 0
4700 3917 0.754737 0.412601 -0.510032 -0.0015498 -1.14329e-07 0 0 0
4099 5295 0.163647 -0.861911 0.479926 -0.00853614 -7.59088e-07 0 -1 0
5507 1007 0.274065 -0.242954 0.930517 -0.0163481 -1.42013e-06 0 0 0
500 3825 0.120242 -0.235434 -0.964423 -0.0148923 -1.01386e-06 0 0 0
4267 460 0.074255 -0.946376 -0.314417 -0.00781698 -7.36129e-07 0 0 0
4396 731 0.752618 -0.352478 -0.556171 -0.00641276 -4.35211e-07 0 0 0
2002 1986 0.530963 -0.616541 -0.58134 -0.00354348 -2.18158e-07 0 0 0
1870 5233 0.27718 -0.0483424 0.959601 -0.0285028 -2.55721e-06 0 0 1
3820 4760 -0.500177 -0.291684 -0.815318 -0.0105008 -9.08685e-07 0 0 0
445 2601 0.838993 0.514094 -0.178319 -0.0125737 -1.04627e-06 0 0 0
3261 10 0.484738 0.239958 -0.8411 -0.0103878 -9.03797e-07 0 0 0
1553 1340 0.248879 0.853698 0.457449 -0.0107457 -6.54062e-07 0 0 0
1553 909 0.183232 0.505682 -0.843037 -0.0497564 -3.11958e-06 0 0 0
2298 2862 0.817375 0.518179 0.251773 -0.00217804 -1.73627e-07 0 0 0
3261 1099 0.802005 0.0209962 0.596948 -0.0112736 -8.38939e-07 0 0 0
4975 2411 0.0936647 -0.0444728 -0.99461 -0.0445024 -3.30511e-06 0 0 0
1286 585 0.501627 0.344673 -0.793455 -0.0144274 -1.05657e-06 0 0 0
1708 268 0.42907 -0.311654 -0.847803 -0.0131421 -1.20166e-06 0 0 0
5417 560 0.608692 0.489319 -0.624549 -0.0140112 -1.12874e-06 0 0 0
886 1541 0.658951 0.387179 0.644884 -0.00633289 -4.89127e-07 0 0 0
4328 180 0.467273 0.441947 0.765728 -0.000953869 -7.56816e-08 0 0 0
616 2813 0.974714 -0.22276 0.0176158 -0.0119759 -9.1973e-07 0 0 0
3733 3407 0.585425 -0.593956 0.55181 -0.0123559 -1.02671e-06 0 -1 0
1716 1508 0.647327 -0.41491 0.639388 -0.00368051 -2.64061e-07 0 0 0
1545 4423 0.621807 0.595126 0.509099 -0.0273131 -2.0339e-06 0 0 1
3374 518 0.762729 0.64165 -0.0808068 -0.000990542 -7.16393e-08 0 0 0
1488 891 0.657486 -0.695249 -0.290415 -0.00435426 -2.90614e-07 0 0 0
1688 2616 0.537279 -0.210437 -0.81673 -0.014872 -1.12442e-06 0 0 0
3374 5203 0.459501 -0.490963 -0.740144 -1.82159e-05 -1.3103e-09 0 0 0
3729 827 0.876032 0.406838 -0.25894 -0.00386916 -3.03844e-07 0 0 0
1331 2596 0.404362 0.492548 0.770641 -0.000547915 -4.72074e-08 0 0 0
4901 759 0.432154 -0.808591 -0.39928 -0.0208325 -1.56591e-06 0 0 0
1846 101 0.861971 0.506656 0.017474 -0.00355999 -2.69237e-07 0 0 0
4846 2810 0.623767 0.684769 -0.376838 -0.00392533 -3.07325e-07 0 0 0
4901 4569 0.835622 0.0689374 0.544962 -0.00871536 -6.73332e-07 0 0 1
418 5025 0.000961304 0.606739 0.794901 -0.0138129 -1.16358e-06 0 0 0
4587 495 0.162029 0.541905 -0.824673 -0.00928093 -7.88045e-07 0 0 0
1450 1944 0.303383 0.0876142 -0.948832 -0.000579084 -4.38422e-08 0 0 0
3362 658 0.114754 0.599259 0.792288 -0.0150021 -1.13213e-06 0 0 0
1528 4219 0.926552 -0.140251 -0.349043 -0.00129992 -1.01531e-07 0 0 0
4838 989 0.836849 -0.0658502 0.543459 -0.0378414 -2.54838e-06 0 0 0
4478 714 -0.275735 -0.113034 -0.954565 -0.0203897 -1.45288e-06 0 0 0
4837 3531 0.629785 0.758224 0.168724 -0.00747623 -5.97016e-07 0 0 0
2747 1324 0.746822 -0.575777 -0.332773 -0.0133259 -1.08491e-06 0 0 0
3175 4030 0.329543 0.58661 -0.739791 -0.0089237 -8.05776e-07 0 0 0
4020 2000 0.405525 -0.273895 0.872084 -0.0105345 -7.05998e-07 0 0 0
80 1771 0.860463 0.485314 -0.155157 -0.00943738 -8.01347e-07 0 0 0
3471 3453 0.679365 -0.656142 -0.328543 -0.020812 -1.69126e-06 0 0 0
5163 659 0.746412 0.0749685 -0.661248 -0.00484752 -3.64506e-07 0 0 0
2848 1886 0.881011 0.462277 0.1006 -0.0108426 -7.55765e-07 0 0 0
3471 1739 0.247403 -0.20918 0.946063 -0.0187935 -1.26227e-06 0 0 1
2428 3922 0.106424 -0.77674 0.620765 -0.0103903 -8.84873e-07 0 0 0
4315 3646 0.620764 0.252907 -0.742085 -0.00235033 -1.65112e-07 0 0 0
2845 67 0.421021 -0.184458 0.888097 -0.0255504 -1.68726e-06 0 0 0
4984 3639 0.0849303 0.380464 -0.920888 -0.021339 -1.34798e-06 0 0 0
4984 1685 0.155526 -0.753981 -0.63822 -0.0278985 -2.51771e-06 0 0 0
5186 1662 0.0821681 -0.672819 -0.735229 -0.0102949 -8.66739e-07 0 0 0
3001 5435 -0.498796 0.259857 -0.826848 -0.0263315 -2.02685e-06 0 0 0
1855 1390 0.676283 -0.639832 0.365042 -0.00268704 -1.98314e-07 0 0 0
3410 633 0.56727 -0.799169 -0.19883 -0.00747679 -4.85151e-07 0 0 0
3895 4596 0.567538 -0.793347 -0.220231 -0.00352276 -2.50418e-07 0 0 0
1589 5269 0.631046 0.567102 0.529317 -0.014945 -1.18942e-06 0 0 1
397 2289 0.83723 -0.410423 0.361384 -0.00866363 -5.73659e-07 0 0 0
2070 1505 0.954709 0.249612 0.16194 -0.00128696 -1.00786e-07 0 0 0
1796 2115 -0.0976926 -0.984757 0.143908 -0.00348642 -3.28729e-07 0 0 0
5113 2968 0.818709 0.0646912 0.570553 -0.0192774 -1.55799e-06 0 0 0
4220 104 0.443463 -0.0516071 -0.894806 -0.0111701 -9.17065e-07 0 0 0
322 276 0.0686154 0.188324 -0.979707 -0.000825825 -6.22852e-08 0 0 0
4409 5249 0.732378 -0.042081 -0.679597 -0.0240146 -1.86934e-06 0 0 0
3290 4501 -0.121049 0.123319 -0.984957 -0.00448846 -3.27203e-07 0 0 0
1886 1316 0.0786471 0.292684 -0.952969 -0.00645489 -4.62406e-07 0 0 0
1324 3075 0.728199 -0.495651 -0.473345 -0.0131112 -9.35368e-07 0 0 0
1324 5107 0.364884 0.909635 0.198555 -0.00666319 -4.83467e-07 0 0 0
3104 3708 0.123371 0.0502523 -0.991087 -0.0403114 -3.0811e-06 0 0 0
3153 107 0.418447 -0.223413 -0.880335 -0.0309069 -2.51421e-06 0 0 0
114 177 0.41959 -0.89797 0.132645 -0.00556266 -3.26984e-07 0 0 0
1324 2415 -0.0152754 -0.495204 0.868643 -0.00708869 -5.53366e-07 0 0 0
2383 1815 0.833617 0.490734 0.253502 -0.00423889 -3.46534e-07 0 0 0
3748 2221 0.131877 -0.961 0.243078 -0.0031429 -2.15898e-07 0 -1 0
4313 1755 0.916004 -0.305195 0.26037 -0.00523808 -3.22498e-07 0 0 0
5192 2835 0.537959 -0.451511 -0.711855 -0.0124588 -1.00365e-06 0 0 0
3675 4567 -0.125292 0.939001 -0.320278 -0.0156848 -1.11448e-06 0 0 0
5094 4060 0.968666 -0.225225 -0.104687 -0.00334852 -3.21034e-07 0 0 0
3521 3898 0.379257 -0.459919 -0.802894 -0.0148161 -1.25773e-06 0 0 0
5110 823 0.342905 -0.464843 0.816295 -0.0100215 -7.72034e-07 0 0 0
2705 4418 0.854805 -0.344169 -0.388402 -0.0131428 -1.04203e-06 0 0 0
2674 3007 0.399862 -0.519747 0.754966 -0.0251883 -1.86123e-06 0 0 0
2674 4267 -0.162755 -0.681573 -0.71342 -0.0111475 -1.00358e-06 0 0 0
2027 1896 -0.0772007 -0.323191 -0.94318 -0.00983656 -7.11423e-07 0 0 0
203 3238 0.483175 0.0080049 -0.875487 -0.00463928 -2.98933e-07 0 0 0
4521 3097 0.403957 0.299868 -0.864233 -0.0193358 -1.34483e-06 0 0 0
2064 5295 0.382535 0.0623879 -0.921832 -0.0108066 -8.69339e-07 0 0 0
5155 1703 0.619017 -0.530491 0.579135 -0.0192534 -1.19624e-06 0 0 0
4174 2797 0.768436 0.221562 0.600346 -0.0196035 -1.79623e-06 0 0 0
5434 1604 0.204814 0.442637 -0.872997 -0.0148241 -9.52587e-07 0 0 0
4256 3146 0.361873 -0.927872 -0.0900119 -0.00159609 -1.26422e-07 0 -1 0
2478 3729 0.56092 0.766747 -0.312198 -0.00546878 -4.32902e-07 0 0 0
2266 2078 -0.261767 0.321529 -0.909998 -0.0263668 -1.80385e-06 0 0 0
5094 453 0.0951512 -0.767589 -0.63384 -0.0014526 -1.33298e-07 0 0 0
4552 3690 0.369801 0.654306 -0.659645 -0.0164549 -1.28395e-06 0 0 0
1505 1810 0.389675 0.832887 -0.393005 -0.000105895 -8.89584e-09 0 0 0
5174 2559 0.685747 -0.502032 0.526986 -0.000443997 -2.91375e-08 0 0 0
2835 2977 0.468789 0.757766 0.453903 -0.000333005 -2.70082e-08 0 0 0
5267 978 0.819342 -0.0900365 0.56619 -0.0116598 -9.62662e-07 0 0 0
62 1832 0.518357 -0.534335 -0.667677 -0.00965188 -7.9268e-07 0 0 0
2791 4073 0.492233 0.870224 0.0204101 -0.0013109 -1.05974e-07 0 0 0
1362 4519 0.73237 -0.314162 -0.6041 -0.00660164 -4.8146e-07 0 0 0
2409 4754 0.893881 -0.436624 -0.101671 -0.0126782 -9.19949e-07 0 0 0
4873 1331 0.487981 0.210631 0.847059 -0.0013838 -1.29667e-07 0 0 0
1676 1535 0.310021 -0.933221 0.18162 -0.00757267 -4.6077e-07 0 0 0
3794 404 0.301021 -0.709915 -0.636716 -0.00575074 -4.21859e-07 0 0 0
1175 45 0.128737 0.290386 0.94821 -0.0142948 -9.70197e-07 0 0 0
12 2632 0.301915 0.801963 0.515464 -0.0142149 -8.34432e-07 0 0 0
4536 3618 0.282307 -0.264003 0.922283 -0.00778171 -5.47109e-07 0 0 0
3762 4088 0.477971 0.626638 0.615523 -0.00132258 -1.07048e-07 0 0 0
4195 1541 0.604682 0.715385 -0.35012 -0.010606 -8.93885e-07 0 0 0
456 2890 0.830476 0.534999 0.155193 -0.000808066 -5.1029e-08 0 0 0
591 5188 0.762481 -0.3996 0.508864 -0.0251138 -2.09467e-06 0 0 0
1127 4041 0.774986 0.260436 0.575821 -0.0133963 -1.12927e-06 0 0 0
1771 5019 0.897876 -0.178808 0.402302 -0.00776985 -6.02322e-07 0 0 0
2706 3597 0.4387 -0.898633 -0.000833897 -0.00903486 -6.45042e-07 0 0 0
195 4629 0.964033 -0.257386 -0.0662782 -0.0140348 -8.97709e-07 0 0 0
2824 2407 0.353401 -0.207032 0.912275 -0.00782789 -7.19896e-07 0 0 0
2968 3300 0.680802 0.202705 -0.70386 -0.0105176 -8.15774e-07 0 0 0
3581 2765 0.72121 0.0407074 0.69152 -0.00112568 -8.44147e-08 0 0 0
848 5406 0.830544 0.333202 0.446287 -0.027084 -2.21681e-06 0 1 0
4804 3187 0.711457 0.481179 0.512147 -0.00928968 -8.63697e-07 0 0 0
637 913 0.783788 -0.564323 -0.25926 -0.0125097 -9.2015e-07 0 0 0
3781 4828 0.88644 0.274682 0.372523 -0.0199394 -1.80167e-06 0 0 1
1670 3951 0.187964 -0.677858 -0.710758 -0.024316 -1.80091e-06 0 0 0
1617 4004 0.0678533 0.887847 -0.455109 -0.00889923 -6.48636e-07 0 0 -1
1858 4200 -0.29263 0.167831 -0.941382 -0.022987 -1.84159e-06 0 0 0
3781 671 0.583384 -0.18322 -0.79126 -0.00461915 -3.69939e-07 0 0 0
2539 5229 0.670529 -0.666641 -0.325548 -0.000903883 -7.44852e-08 0 0 0
3595 3226 0.278284 0.616024 -0.736934 -0.00666875 -5.18176e-07 0 0 0
415 5064 0.74324 0.388004 -0.54502 -0.00348608 -2.69669e-07 0 0 0
2903 4864 0.713573 0.700161 -0.0242573 -0.00111359 -8.50276e-08 0 0 0
4396 4454 0.823389 -0.390411 0.411837 -0.00581314 -4.78236e-07 0 0 0
1392 3917 0.429025 0.496208 0.754794 -0.0151981 -1.06538e-06 0 0 0
2715 4821 0.567606 -0.135375 0.812095 -0.00630259 -4.07937e-07 0 0 0
5034 148 0.828148 -0.484105 -0.282512 -0.020472 -1.61128e-06 0 0 0
2807 3454 0.99082 0.135072 -0.00564568 -0.0216897 -1.57817e-06 0 0 0
3282 3968 0.571342 0.380836 0.727002 -0.0080062 -5.44007e-07 0 0 0
5021 413 0.545095 -0.558883 -0.624916 -0.0119068 -8.2904e-07 0 0 0
5021 4301 0.686414 0.659044 -0.307403 -0.00624621 -4.27212e-07 0 0 0
1502 3400 0.470091 -0.423402 -0.774432 -0.00999441 -8.94154e-07 0 0 0
146 4735 0.691361 0.445038 0.569176 -0.00218433 -1.76129e-07 0 0 0
3370 4860 -0.994853 -0.0640238 0.0785364 -0.00798199 -6.89872e-07 -1 0 0
982 2302 0.521995 0.82826 -0.203734 -0.010868 -8.91233e-07 0 0 0
89 225 0.485781 -0.0263927 -0.873682 -0.00778165 -5.90616e-07 0 0 0
1154 4574 0.433397 0.212695 0.875744 -0.0079228 -6.7845e-07 0 0 0
1715 4763 0.516132 -0.27689 0.810518 -0.0266883 -2.20281e-06 0 0 0
4774 273 0.24251 -0.248659 -0.937741 -0.00777671 -5.67585e-07 0 0 0
4738 1926 0.483213 -0.389787 0.783946 -0.000380315 -3.00807e-08 0 0 0
1656 2862 0.894883 -0.235976 -0.378813 -0.0154607 -1.03306e-06 0 0 0
2729 4269 0.68547 -0.664078 -0.29855 -0.00862623 -7.49155e-07 0 0 0
319 1602 0.659194 -0.560267 -0.501561 -0.0240615 -1.38049e-06 0 0 0
168 606 0.94327 0.194764 0.268901 -0.0112222 -1.02612e-06 0 0 0
464 4021 0.187133 -0.100457 0.977185 -0.00954995 -7.79042e-07 0 0 0
3503 3191 0.786174 -0.00638462 0.617972 -0.0202963 -1.51556e-06 0 0 0
1759 5160 -0.0269716 0.793761 -0.607631 -0.00641049 -5.6703e-07 0 0 0
5282 4760 0.822362 0.37426 0.428543 -0.00831646 -7.36219e-07 0 0 0
969 2034 0.101602 0.192751 -0.975973 -0.0115121 -9.68394e-07 0 0 0
1355 3486 -0.0871474 -0.683274 0.724942 -0.00406606 -3.2296e-07 0 0 0
5244 1876 0.654577 -0.454728 0.603946 -0.00952055 -6.59655e-07 0 0 0
4486 4497 0.0263446 0.188224 0.981773 -0.0110347 -7.67123e-07 0 0 1
3035 49 0.690959 0.412675 -0.593528 -0.0226624 -2.0572e-06 0 0 0
3975 598 0.921751 0.18832 -0.338986 -0.00784235 -5.60049e-07 0 0 0
1602 228 0.669506 -0.197303 0.716123 -0.0181384 -1.65017e-06 0 0 0
601 4076 0.972837 -0.16001 0.167289 -0.00804373 -5.74779e-07 1 0 0
2442 967 0.506929 -0.79671 0.329055 -0.0227051 -1.93314e-06 0 0 0
3506 950 0.492528 0.177622 -0.851978 -0.0176501 -1.19444e-06 0 0 0
4408 4925 0.00980052 -0.248049 -0.968698 -0.0581897 -4.22926e-06 0 0 0
2442 2807 0.444797 0.616176 -0.649987 -0.0203542 -1.24455e-06 0 0 0
3456 4089 0.335575 -0.274955 -0.900993 -0.00781814 -6.54751e-07 0 0 0
2426 3593 0.025071 -0.0670391 -0.997435 -0.0227551 -1.69722e-06 0 0 0
1385 1017 0.883058 -0.467025 -0.0457888 -0.00415438 -2.59422e-07 0 0 0
2070 4046 -0.168477 0.156377 -0.973222 -0.0208714 -1.36531e-06 0 0 0
5402 5431 0.0784798 0.954316 0.288309 -0.00190042 -1.54358e-07 0 0 0
2848 1321 0.440683 0.0769218 -0.894361 -0.00332126 -2.49776e-07 0 0 0
3986 62 0.428273 0.249136 -0.868627 -0.0289601 -2.13307e-06 0 0 0
4507 2527 0.586069 -0.347663 -0.731883 -0.019795 -1.50602e-06 0 0 0
4661 812 -0.0744989 0.282824 -0.956274 -0.0157885 -1.31017e-06 0 0 -1
3895 2432 0.453318 -0.545694 0.704784 -0.00830692 -6.63901e-07 0 0 0
5203 338 0.353366 -0.638056 0.684118 -0.000196975 -1.46054e-08 0 0 0
139 4396 0.432411 -0.336135 -0.836681 -0.0202191 -1.5003e-06 0 0 0
4346 1984 0.915997 0.291169 0.27599 -0.00896326 -7.19763e-07 0 0 0
1439 415 0.977091 -0.211149 -0.0266179 -0.0100713 -7.5706e-07 0 0 0
1646 4776 0.457677 -0.884766 0.0878675 -0.000994855 -8.77738e-08 0 0 0
204 2328 0.347611 -0.697693 -0.626411 -0.00476767 -3.55869e-07 0 -1 0
139 1676 0.0818102 -0.214719 0.973243 -0.0218399 -1.34968e-06 0 0 0
2383 24 0.503348 -0.786677 0.357464 -0.0056211 -5.54006e-07 0 0 0
204 4925 0.899306 0.105937 -0.424295 -0.0102935 -7.24866e-07 0 0 0
2975 5338 0.325423 0.651468 -0.685339 -0.00544664 -3.65077e-07 0 0 0
470 3656 -0.601143 0.672604 -0.431544 -0.00344653 -2.88831e-07 0 0 0
2975 4301 0.552412 0.170794 0.815886 -0.0294541 -1.80422e-06 0 0 0
169 3057 0.194403 -0.136768 -0.97134 -0.00109919 -9.11824e-08 0 0 0
732 682 0.69872 -0.446339 0.559081 -0.0266062 -2.08704e-06 0 0 0
732 3578 0.723064 0.684187 0.0952149 -0.0109213 -8.38709e-07 0 0 0
1730 57 0.71707 -0.40068 -0.57032 -0.00945158 -7.46882e-07 0 0 0
971 4880 0.815517 -0.571201 -0.0930686 -0.000310413 -2.7067e-08 0 0 -1
3574 158 0.0524401 -0.5152 -0.855464 -0.00104167 -7.67674e-08 0 0 0
1347 2122 0.411393 0.51775 0.750127 -0.015559 -1.03311e-06 0 0 0
3240 2843 0.114687 -0.699099 -0.705768 -0.00327422 -3.22008e-07 0 0 0
3282 1676 -0.0360089 -0.648518 -0.760347 -0.0213957 -1.35727e-06 0 0 0
1145 5060 0.133642 0.6707 0.72959 -0.0103224 -8.08239e-07 0 0 0
2396 3040 0.200413 -0.403181 -0.892906 -0.0135526 -9.75861e-07 0 0 0
3042 1701 0.191724 0.784786 0.589367 -0.0154038 -9.03224e-07 0 0 0
2630 4251 0.709335 -0.462874 -0.531594 -0.00727651 -4.78252e-07 0 0 0
292 1702 0.64976 -0.179097 0.73874 -0.0199163 -1.10208e-06 0 0 0
1831 1102 0.109545 0.040272 0.993166 -0.00584049 -4.40507e-07 0 0 0
4640 2807 0.555383 0.354552 0.752225 -0.0211498 -1.46221e-06 0 0 0
4457 132 0.916056 -0.0175696 -0.400666 -0.00938933 -5.30637e-07 0 0 0
3269 4507 0.534191 -0.186633 -0.824505 -0.00648166 -4.90571e-07 0 0 -1
1782 1005 -0.00365396 -0.478482 -0.87809 -0.00053218 -4.5274e-08 0 -1 0
1422 1168 0.912513 0.386736 0.133252 -0.0143774 -9.56576e-07 0 0 0
2121 4832 -0.512646 -0.0889438 -0.85398 -0.00962143 -6.34816e-07 0 0 0
2988 2519 0.405766 -0.870247 -0.27933 -0.0112274 -9.13212e-07 0 0 0
3969 112 -0.00804207 0.898398 0.439109 -0.0112642 -7.82224e-07 0 0 0
1095 2736 0.0236857 -0.939817 0.340855 -0.00925414 -8.41907e-07 0 0 0
4503 3261 0.648949 0.376944 0.660891 -0.0117203 -9.71037e-07 0 0 0
1218 4888 0.880444 0.472404 0.0406652 -0.00362362 -3.12621e-07 0 0 0
574 4824 0.272096 0.930355 0.24577 -0.00192028 -1.55885e-07 0 0 0
4715 2614 0.578011 0.760067 -0.296986 -0.0134742 -1.10036e-06 0 0 0
2690 940 0.592362 0.052184 0.80398 -0.019771 -1.28305e-06 0 0 0
4155 2114 -0.982509 -0.00157268 -0.18621 -0.0069046 -5.51534e-07 0 0 0
3498 2569 0.76465 -0.310596 -0.564659 -0.00757311 -4.77777e-07 0 0 0
5511 2626 0.766657 0.162756 0.621086 -0.00995198 -8.32356e-07 0 0 0
542 2871 0.882347 0.354308 -0.309724 -0.00632923 -4.79132e-07 0 0 0
236 648 0.00701687 -0.0574023 -0.998326 -0.0239573 -1.6607e-06 -1 0 0
2412 954 -0.0373256 -0.253993 -0.966486 -0.00701617 -5.12107e-07 0 0 0
1292 5104 0.234927 -0.665019 -0.708914 -0.00505321 -4.50179e-07 0 0 0
4177 3543 -0.293829 0.0869687 -0.951893 -0.00111382 -8.39817e-08 0 0 0
1866 4021 0.228775 0.97279 0.0366346 -0.00662234 -6.34155e-07 0 0 0
3001 4829 0.677054 -0.643072 0.357849 -0.0104371 -8.57947e-07 0 -1 1
1136 187 0.815015 0.38442 0.433556 -0.000610064 -3.6384e-08 0 0 0
1739 3974 0.480126 -0.809627 0.337613 -0.00633143 -4.80613e-07 0 0 0
3229 4679 0.72816 0.671159 -0.139024 -0.0140288 -1.0278e-06 0 0 0
2671 2228 0.515181 -0.737341 0.436939 -0.00402566 -3.41211e-07 0 0 1
3684 1981 0.527103 -0.487803 0.695852 -0.0186141 -1.56056e-06 0 0 0
4883 5288 0.855814 0.0891486 0.509544 -0.0011439 -8.27346e-08 0 0 0
2701 80 0.662409 0.564312 0.492713 -0.00565525 -5.19649e-07 0 0 0
2874 3584 0.931662 -0.247698 -0.265804 -0.0132143 -1.09455e-06 0 0 0
4007 100 0.837013 0.113087 -0.53537 -0.00780147 -6.58014e-07 0 0 0
2144 1446 0.952135 -0.0101019 -0.305509 -0.00835815 -7.49903e-07 0 0 0
484 2288 0.0408629 -0.455041 0.889532 -0.0109651 -8.39885e-07 0 0 0
566 3081 0.213313 0.621282 0.753994 -0.0191097 -1.38721e-06 0 0 0
4666 969 0.222403 0.464334 -0.857281 -0.0172713 -1.15411e-06 0 0 0
1170 4142 0.820631 0.522689 -0.230999 -0.0019404 -1.30303e-07 0 0 0
1505 1206 0.64779 -0.333773 0.684809 -0.00120417 -8.91782e-08 0 0 0
1347 459 0.385333 -0.920721 0.0615705 -0.0054615 -4.15873e-07 0 0 0
5134 2450 0.265498 0.434925 0.860437 -0.00755285 -5.41917e-07 0 0 0
2817 5411 0.736471 -0.664264 0.127921 -0.0216115 -2.02848e-06 0 0 0
566 1798 0.572024 -0.814933 0.0931312 -0.0151292 -1.10196e-06 0 0 0
2874 5222 0.452845 0.885843 -0.101059 -0.000619228 -4.59127e-08 0 0 0
2454 3349 0.616479 0.740524 0.26754 -0.00108647 -8.85989e-08 0 0 0
1504 1321 0.339703 0.882718 0.324671 -0.00330007 -2.57236e-07 0 0 0
3795 2128 0.679209 0.733944 -0.00129723 -0.010551 -8.42514e-07 0 0 0
4225 1409 0.411398 -0.905275 -0.105965 -0.00265401 -1.79504e-07 0 0 0
2563 3578 0.688535 -0.373598 0.621566 -0.0262689 -1.95235e-06 0 0 0
382 686 0.841263 -0.423342 0.336241 -0.0332499 -2.6085e-06 0 0 0
1760 3634 0.369954 0.738767 0.563345 -0.0103879 -7.85624e-07 0 0 0
1913 588 0.76355 0.552151 0.334845 -0.015986 -1.04e-06 0 0 0
1913 3115 0.30977 -0.79488 -0.521735 -0.00719375 -5.28476e-07 0 0 0
3555 4914 0.641247 0.740958 -0.199458 -0.0212517 -1.18047e-06 0 0 0
2041 5187 0.255013 0.406886 0.877161 -0.0144191 -1.04203e-06 0 0 0
1056 1389 0.80659 -0.296469 -0.511389 -0.00963787 -7.2133e-07 0 0 0
1404 5105 0.518187 -0.845758 -0.127186 -0.00293881 -2.19652e-07 0 0 0
1586 3394 0.0136341 0.873873 -0.485962 -0.00637049 -5.07708e-07 0 0 0
1703 2946 0.347737 -0.744189 0.570317 -0.0075927 -6.06891e-07 0 0 0
4839 3784 -0.169924 -0.260515 -0.950399 -0.0014815 -1.20222e-07 0 0 0
2287 1685 0.0863691 0.588478 -0.803887 -0.0197956 -1.92733e-06 0 0 0
12 935 0.895002 -0.156189 -0.417824 -0.00295261 -2.7543e-07 0 0 0
2837 3148 0.0927528 -0.934226 0.344411 -0.00152775 -9.34367e-08 0 0 0
953 216 0.76004 0.588505 0.275681 -0.0198673 -1.26085e-06 0 1 0
2840 327 0.346987 -0.478967 -0.806344 -0.00558041 -4.81647e-07 0 0 0
947 3664 0.162416 -0.473454 0.865715 -0.000475201 -3.9041e-08 0 0 0
3527 5178 0.561862 0.734697 -0.380174 -0.00718862 -6.04123e-07 0 0 0
4304 5291 0.20455 0.718136 0.665162 -0.0317281 -1.97192e-06 0 0 0
418 1042 0.759959 -0.426485 0.490482 -0.0186088 -1.49029e-06 0 0 0
418 2907 0.660752 0.618737 -0.424936 -0.00713202 -5.09648e-07 0 0 0
4559 1148 0.33707 0.81566 0.470194 -0.0247634 -1.48711e-06 0 0 0
3639 4154 0.167156 -0.877025 -0.450428 -0.00948827 -7.55728e-07 0 0 0
3754 2685 0.857865 0.501073 -0.113988 -0.00798381 -4.85174e-07 0 0 0
3639 2232 0.645029 0.764035 0.0137205 -0.0146145 -9.8797e-07 0 0 0
5424 1987 0.648722 0.246461 -0.720012 -0.0216136 -1.64518e-06 0 0 0
1739 273 0.462247 0.0408809 0.885808 -0.0179432 -1.25677e-06 0 0 0
4688 5260 0.209226 -0.646823 0.733379 -0.00693258 -5.63992e-07 0 0 0
730 624 0.440508 -0.0958457 0.892618 -0.00353856 -3.08861e-07 0 0 0
1596 4902 0.344831 0.933226 0.100897 -0.0113976 -1.03808e-06 0 0 0
4652 3739 0.746384 -0.660518 0.0814054 -0.0127388 -1.09742e-06 0 0 0
3798 4286 0.560472 -0.780787 0.276121 -0.00528087 -3.7905e-07 0 -1 0
1596 3816 0.167501 -0.95012 -0.263089 -0.00311017 -2.47432e-07 0 0 0
3764 3811 0.233494 -0.662647 0.711603 -0.0171491 -1.39164e-06 0 0 0
3764 2443 0.494753 0.684715 -0.535149 -0.0199247 -1.65185e-06 0 0 0
714 2846 0.200034 -0.802446 0.562198 -0.00071083 -4.91406e-08 0 0 0
4102 1587 0.773583 0.054949 -0.631309 -0.00922676 -7.17441e-07 0 0 0
1719 4790 0.32309 0.534839 0.780743 -0.00169906 -1.2541e-07 0 0 0
5461 3792 0.148151 0.33151 0.931747 -0.0182714 -1.4858e-06 0 0 1
4114 2931 0.853349 -0.374179 -0.363022 -0.00564035 -4.71778e-07 0 0 0
129 774 -0.0670672 0.70473 -0.706299 -0.0158831 -1.13518e-06 0 0 -1
3993 40 0.297835 -0.557743 -0.774736 -0.0139994 -9.51355e-07 0 0 0
129 1743 0.742974 -0.0102936 0.669241 -0.032868 -2.5259e-06 0 0 0
1444 3559 0.707063 0.289861 0.645014 -0.00982709 -8.7605e-07 0 0 0
3811 1060 0.402318 0.591931 0.698397 -0.0203715 -1.78639e-06 0 0 0
590 4932 0.877807 0.370171 -0.304021 -0.00860967 -6.64514e-07 0 0 0
3509 1811 0.492091 0.32498 -0.80761 -0.00456127 -3.81105e-07 0 0 0
2825 536 0.60711 -0.605135 -0.515004 -0.0093339 -7.32692e-07 0 0 0
2300 1338 0.606607 -0.741549 0.286589 -0.00552076 -4.57506e-07 0 0 0
1485 3647 0.119227 0.553253 0.824437 -0.0057213 -3.63993e-07 0 0 0
3132 318 0.158894 -0.625233 -0.764092 -0.00933207 -6.6456e-07 0 0 0
557 4021 0.0963311 -0.414843 -0.904779 -0.0107319 -9.71466e-07 0 0 0
1944 4190 0.639214 -0.011452 0.768944 -0.00206256 -1.73213e-07 0 0 0
1520 3844 0.614688 -0.478918 -0.626734 -0.00422156 -3.10332e-07 0 0 0
2729 1201 -0.0516339 0.935887 -0.348497 -0.00829082 -5.30343e-07 0 0 0
2930 1995 0.789789 -0.00994224 0.613298 -0.00710874 -4.94533e-07 0 0 0
2396 2862 -0.0606325 0.803431 0.592303 -0.0172102 -1.29963e-06 0 0 0
2513 5512 0.262032 0.544018 -0.79711 -0.0029979 -2.51881e-07 0 0 0
5292 292 0.711949 0.00107622 -0.70223 -0.0117923 -8.86535e-07 0 0 0
2211 4793 0.301842 -0.951354 0.0617821 -0.000656027 -5.24757e-08 0 0 0
3463 3729 0.796028 -0.571658 -0.198862 -0.00109183 -8.36893e-08 0 0 0
1639 610 0.53819 -0.010036 -0.842764 -0.00369925 -2.46905e-07 0 0 0
3459 1207 -0.0583223 0.801443 0.59522 -0.00343275 -2.62318e-07 0 0 0
2007 2605 0.533837 -0.650881 -0.539789 -0.00971066 -6.2745e-07 0 0 0
1844 570 0.369549 0.793616 0.483329 -0.00135011 -1.25577e-07 0 0 0
1844 3610 0.590285 -0.121075 -0.798063 -0.0299125 -1.68574e-06 0 0 0
2000 5313 0.206611 -0.0318287 0.977905 -0.025631 -1.61314e-06 0 0 0
2062 2383 0.850576 -0.155813 -0.502239 -0.02774 -2.66765e-06 0 0 0
532 3105 0.752456 0.524299 -0.398647 -0.00189936 -1.4135e-07 0 0 0
613 1296 0.497109 0.653617 -0.570674 -0.00882482 -6.66151e-07 0 0 0
5510 289 0.823756 0.330923 0.460342 -0.00362662 -2.90906e-07 0 0 0
4928 1869 0.00427666 -0.586077 -0.810244 -0.00178032 -1.30414e-07 0 0 0
1907 2084 0.498966 -0.778926 0.379877 -0.00557387 -3.57485e-07 0 0 0
4172 2426 0.798151 -0.0495295 -0.600418 -0.00629908 -4.10214e-07 0 0 0
3454 2138 0.308679 -0.947954 0.078102 -0.00174591 -1.29964e-07 0 0 0
1365 3518 0.866381 -0.154343 0.474934 -0.0103959 -8.87515e-07 0 0 0
4299 1176 0.789667 -0.377681 -0.483511 -0.0170809 -1.28603e-06 0 0 0
1490 4117 0.251702 0.844763 -0.472251 -0.00823068 -6.96915e-07 0 0 0
3357 1736 -0.128003 0.916104 -0.379959 -0.00158203 -1.11106e-07 0 1 0
76 2569 0.210189 0.550671 -0.807826 -0.00766414 -5.13527e-07 0 0 0
2791 909 0.536675 -0.753529 -0.379703 -0.00422269 -2.48631e-07 0 0 0
1525 3305 0.188358 -0.96944 0.157184 -0.00644712 -5.13408e-07 0 0 0
1159 5515 0.933191 0.136424 -0.332481 -0.00818617 -6.74996e-07 0 0 0
76 3618 0.80494 -0.261924 -0.532416 -0.00281842 -1.74922e-07 0 0 0
76 2946 0.722571 0.548913 0.42022 -0.0141685 -1.19431e-06 0 0 0
3444 453 0.630337 0.345825 -0.69504 -0.00579117 -4.12286e-07 0 0 0
1159 4507 0.250153 -0.378324 0.891232 -0.0147958 -1.32159e-06 0 0 0
1766 1304 0.841206 0.101578 0.531088 -0.00381417 -3.14879e-07 0 0 0
4554 2310 0.380083 0.82427 -0.419662 -0.00670727 -4.80863e-07 0 0 0
1985 893 0.707616 0.645238 -0.288006 -0.00490857 -3.67041e-07 0 0 0
2006 213 0.691188 0.160295 -0.704673 -0.00780671 -6.46635e-07 1 0 0
4036 2791 0.0481306 -0.17357 -0.983645 -0.024853 -2.28833e-06 0 0 0
4188 1685 0.139828 0.964653 0.223367 -0.0158948 -1.26468e-06 0 0 0
4188 4952 0.91173 -0.320213 -0.257315 -0.0172496 -1.48396e-06 0 0 0
3909 3222 0.26824 -0.690466 -0.671792 -0.0113694 -6.52035e-07 0 0 0
1359 3282 0.278311 0.370354 -0.886217 -0.0129649 -7.84076e-07 0 0 0
4663 2191 0.552918 -0.811442 -0.189326 -0.00116102 -1.03707e-07 0 0 0
3154 3679 0.604754 0.643353 0.469436 -0.00449956 -3.56165e-07 0 0 0
3154 1056 0.590655 -0.80159 -0.092628 -0.008777 -7.4182e-07 0 0 0
3927 466 0.0565642 -0.727013 0.68429 -0.000830637 -6.0611e-08 0 0 0
4210 5160 0.672684 -0.715277 -0.189406 -0.00191638 -1.50644e-07 0 0 0
1969 4244 0.183205 0.619725 -0.763136 -0.0174837 -1.04033e-06 0 0 0
2410 5141 0.699048 0.486425 -0.524139 -0.00875138 -6.95129e-07 0 0 0
4098 2890 0.648098 -0.133131 -0.74983 -0.0194673 -1.18262e-06 0 0 0
1872 2527 0.608444 0.471314 0.638481 -0.0350799 -2.71993e-06 0 0 0
606 514 0.552156 0.737758 0.388377 -0.00029112 -1.89868e-08 0 0 0
1969 689 0.992902 -0.00798495 -0.118663 -0.00364582 -2.55961e-07 0 0 0
4323 1357 0.964152 -0.222818 0.144092 -0.0180679 -1.24808e-06 0 0 0
2610 3023 0.502789 0.825897 -0.255143 -0.00113197 -9.19075e-08 0 0 0
5378 3032 0.168924 -0.847381 0.503399 -0.00777533 -6.1952e-07 0 0 0
476 1030 0.760777 0.6167 0.202235 -0.00174538 -1.20856e-07 0 0 0
459 4738 0.850217 0.0404753 -0.524874 -0.00263844 -2.11724e-07 0 0 0
2693 1628 0.00972826 -0.895847 -0.444255 -0.00426137 -2.76805e-07 0 0 -1
4084 4527 0.711165 0.673508 0.20157 -0.00144515 -1.14258e-07 0 0 0
2864 2484 0.42777 0.452342 0.782559 -0.0158198 -1.38839e-06 0 0 0
1241 1755 0.455824 0.344636 0.82064 -0.010814 -7.91584e-07 0 0 0
4487 4806 0.170064 -0.984895 0.0325659 -0.00267726 -1.98812e-07 0 0 0
3597 3372 0.257274 -0.231383 -0.938228 -0.0106346 -8.65269e-07 0 0 0
3162 1710 0.338038 -0.84576 -0.41282 -0.00529524 -4.22049e-07 0 0 0
3909 2454 0.673839 0.636954 0.374475 -0.00151451 -1.0604e-07 0 0 0
5495 355 0.182383 0.607647 -0.772982 -0.00255728 -1.90337e-07 0 0 -1
235 4640 0.674687 0.388655 -0.627492 -0.0136925 -9.94377e-07 0 0 0
2253 3182 0.806103 0.0952801 -0.584055 -0.003909 -2.83246e-07 0 0 0
4638 180 0.977568 -0.140793 0.156646 -0.00810993 -7.05204e-07 0 0 0
2735 1262 0.29962 -0.750484 -0.589068 -0.00625587 -4.9104e-07 0 0 0
2253 4791 0.176384 -0.342324 0.922878 -0.00427788 -3.51291e-07 0 0 0
5299 995 -0.106072 0.0892943 0.990341 -0.0221894 -1.84836e-06 0 0 0
4513 5454 0.258819 -0.308764 -0.915247 -0.00970773 -7.62349e-07 0 0 0
4482 289 0.164463 -0.570653 0.804554 -0.00563271 -5.13086e-07 0 0 0
2407 3030 0.293061 -0.61623 -0.73101 -0.013602 -1.0531e-06 0 0 0
44 1200 0.323907 -0.84478 0.425947 -0.00343719 -2.78303e-07 0 0 0
1976 1096 0.670857 0.236431 -0.702888 -0.00878464 -7.73775e-07 0 -1 0
2407 3755 0.814847 -0.43957 0.377893 -0.0117073 -7.34323e-07 0 0 0
3060 2285 0.289703 -0.702009 -0.650581 -0.000822365 -7.39013e-08 0 0 0
522 2851 0.81695 -0.120017 0.564082 -0.0124763 -1.13013e-06 0 0 0
4851 68 0.864919 0.164064 -0.474339 -0.00931822 -6.67337e-07 0 0 0
47 2715 0.23052 -0.414705 -0.880273 -0.0157683 -1.18327e-06 0 0 0
47 1296 0.161365 0.958663 0.234363 -0.008247 -6.35886e-07 0 0 0
1123 57 -0.0013005 0.731808 -0.68151 -0.00329685 -2.18404e-07 0 0 0
4893 2795 0.593214 -0.169323 -0.787037 -0.0114795 -9.75023e-07 0 0 0
3777 3047 0.196958 -0.872645 0.446877 -0.00506291 -4.51861e-07 0 0 0
798 2685 0.865912 -0.39065 0.312392 -0.00519492 -3.0347e-07 0 0 0
1745 2241 0.71962 -0.028754 0.693772 -0.00866155 -7.08274e-07 0 0 0
1427 1358 0.0909034 0.335602 0.937608 -0.0101142 -8.58247e-07 0 0 0
3211 1787 0.204978 -0.594534 0.777505 -0.0117016 -7.97297e-07 0 0 0
1745 4593 0.23963 0.343794 -0.907955 -0.0323292 -2.57461e-06 0 0 0
1745 3471 0.130088 -0.734101 -0.666463 -0.0161701 -1.18531e-06 0 0 -1
1745 4174 0.175726 0.756159 0.630352 -0.0228871 -1.27434e-06 0 0 0
659 1348 0.00498377 0.603474 0.797367 -0.00863463 -6.77107e-07 0 0 0
1960 1937 0.72568 -0.613368 -0.311717 -0.00658745 -4.82477e-07 0 0 0
1064 5132 -0.141064 -0.805672 -0.57532 -0.0148001 -1.19538e-06 0 0 0
1701 65 0.0631586 -0.147381 0.987061 -0.0519643 -4.11473e-06 0 0 0
2166 3758 0.303419 -0.376741 -0.875216 -0.0204583 -1.54822e-06 0 0 0
5108 5462 0.236531 0.219841 -0.946426 -0.0278209 -2.00165e-06 0 0 0
4522 937 0.0211093 0.55533 0.831362 -0.00674457 -5.46104e-07 0 0 0
4541 5498 0.497872 0.142833 0.855408 -0.00889461 -7.32856e-07 0 0 0
1430 5368 0.694182 -0.719676 0.013335 -0.000838486 -6.57949e-08 0 0 0
4541 114 0.719831 -0.306066 -0.623031 -0.00899251 -7.30356e-07 0 0 0
2927 549 0.375905 -0.715839 0.588447 -0.00833565 -4.90198e-07 0 0 0
4765 2033 0.184247 -0.529922 -0.82779 -0.0221424 -1.55517e-06 0 0 0
4765 1140 0.31386 0.86429 0.393058 -0.0233598 -1.30075e-06 0 0 0
4765 5496 0.720357 -0.615707 0.31936 -0.0133247 -8.19363e-07 0 0 0
5462 2392 -0.114338 -0.183756 -0.976299 -0.0134943 -9.78938e-07 0 0 0
3130 1470 0.546711 0.305492 0.779604 -0.0178967 -1.40994e-06 0 0 1
1939 456 0.280903 -0.944943 -0.167857 -0.0061568 -4.73322e-07 0 0 0
4832 928 0.639777 -0.751878 -0.159263 -0.0135267 -1.18027e-06 0 0 0
3824 5230 0.202495 0.105319 -0.973603 -0.00878282 -6.73797e-07 0 0 0
2220 3618 0.0776386 0.636422 -0.767424 -0.0014134 -1.04216e-07 0 0 0
1925 1769 0.886942 -0.0339192 0.460633 -0.015446 -1.03244e-06 0 0 0
3769 2443 0.0412116 -0.830368 -0.555689 -0.0195801 -1.28747e-06 0 0 0
2084 1497 0.966715 0.0681797 0.246603 -0.00994906 -7.20908e-07 0 -1 0
597 1485 0.900207 -0.277623 -0.33549 -0.00118977 -7.51537e-08 0 0 0
5299 5484 0.778855 0.0250297 -0.626704 -0.0119144 -9.16336e-07 0 0 0
3816 2796 0.880831 0.360467 -0.30692 -0.00214823 -1.6207e-07 0 0 0
3769 998 0.87152 -0.187555 -0.453073 -0.0085652 -5.40372e-07 0 0 0
204 4153 -0.0160096 -0.467775 0.883702 -0.0161051 -1.329e-06 0 -1 0
2823 2969 -0.324021 -0.156658 -0.932989 -0.0135843 -1.04473e-06 0 0 0
4697 933 0.249637 -0.884164 -0.394888 -0.00328708 -1.98178e-07 0 -1 0
851 415 0.340387 -0.875733 0.342387 -0.0108129 -8.61822e-07 0 0 0
2140 456 0.336588 -0.00560482 0.941635 -0.00679547 -4.22044e-07 0 0 0
2460 4004 0.362488 0.030995 -0.931473 -0.0108723 -8.039e-07 0 0 -1
5103 386 0.889505 -0.402092 0.217031 -0.00128508 -9.21611e-08 0 0 0
981 253 0.112852 0.930036 -0.349709 -0.00209016 -1.41384e-07 0 0 0
25 195 0.864815 0.416234 -0.280794 -0.00602072 -5.3062e-07 0 0 0
1819 4969 0.934768 0.0620848 0.349791 -0.000239222 -2.06831e-08 0 0 0
909 2064 -0.0522945 -0.9921 0.114033 -0.00370702 -3.35029e-07 0 -1 0
2624 2936 0.227652 -0.767003 -0.599901 -0.00823214 -6.00267e-07 0 0 0
1985 1315 0.481477 -0.150335 0.863469 -0.0149577 -1.1003e-06 0 0 0
4270 3874 0.668988 -0.442287 0.597358 -0.00918066 -7.01321e-07 0 0 0
2364 3044 0.478113 -0.0694038 0.875552 -0.00566875 -4.48525e-07 0 0 0
2033 4456 0.212127 0.1792 -0.960671 -0.0152222 -1.09678e-06 0 0 0
2624 548 0.967548 0.0379082 -0.249827 -0.0190868 -1.32588e-06 0 0 0
4567 2708 0.579535 0.81494 0.00353608 -0.0144887 -1.08915e-06 0 0 0
5224 3969 0.756218 0.0739233 0.65013 -0.00531532 -4.2359e-07 0 0 0
82 1359 0.72389 -0.361774 -0.587455 -0.00754096 -5.6715e-07 0 0 0
718 4663 -0.0359854 0.0524476 -0.997975 -0.00902222 -8.60882e-07 0 0 0
4447 4985 0.462149 -0.306677 0.832086 -0.0120695 -8.17697e-07 0 0 0
2720 552 0.308193 0.0370986 -0.9506 -0.0243983 -1.73965e-06 0 0 0
4447 2442 0.0883196 -0.686568 -0.721682 -0.00814274 -6.02286e-07 0 0 0
3042 5025 0.571598 -0.208557 -0.793587 -0.0121578 -1.19365e-06 0 0 0
450 3704 0.143442 0.069532 -0.987213 -0.0277464 -2.61917e-06 0 0 0
1384 1363 0.0360327 -0.149128 0.988161 -0.00562692 -4.52591e-07 0 0 0
2319 12 0.601988 0.519058 0.606786 -0.0090529 -7.38227e-07 0 0 0
2384 1712 0.376854 -0.643122 0.666614 -0.00696591 -5.36839e-07 0 0 0
1032 2973 0.293403 -0.821115 0.489577 -0.0201445 -1.5532e-06 0 0 0
3762 4459 0.200612 0.497838 -0.843749 -0.00940545 -7.91983e-07 0 0 0
620 768 0.00707352 -0.481461 -0.876439 -0.00838039 -6.61394e-07 0 0 0
2443 3647 0.145372 0.7676 -0.624226 -0.0122451 -7.98354e-07 0 0 0
3529 1143 0.829908 0.526872 0.183463 -0.0204449 -1.6518e-06 0 1 0
4409 5267 0.543686 0.182466 0.819214 -0.0335477 -2.57875e-06 0 0 0
6 557 0.861234 -0.213949 -0.460979 -0.00164741 -1.04967e-07 0 0 0
5131 4174 0.409436 -0.0507244 -0.910928 -0.0360286 -3.09595e-06 0 0 0
1060 5470 0.418801 0.887741 0.191104 -0.00268322 -2.09362e-07 0 0 0
700 413 0.458857 0.601035 -0.654376 -0.00608566 -5.11968e-07 0 0 0
5014 3479 0.740431 0.668184 -0.0727511 -0.00761462 -4.99922e-07 0 0 0
4432 3104 0.468759 0.850844 -0.237339 -0.0126434 -1.12672e-06 0 0 0
2181 5397 -0.0998335 0.47772 0.872821 -0.0012783 -1.03463e-07 0 0 0
2734 1620 0.49958 -0.367618 0.784395 -0.0174963 -1.0104e-06 0 0 0
3266 287 0.858908 -0.162191 0.485769 -0.0197474 -1.2607e-06 0 0 0
5136 2083 0.294976 -0.393046 0.870922 -0.00382367 -3.08567e-07 0 0 0
3538 2825 0.244677 0.0663686 -0.967331 -0.00506247 -3.96556e-07 0 0 0
1388 4041 0.661054 -0.460518 -0.592394 -0.0172015 -1.40123e-06 0 0 0
4559 4155 0.209132 0.637789 -0.741275 -0.00562867 -5.29153e-07 0 0 0
2936 3280 0.0967919 -0.970376 0.221362 -0.00533074 -3.99923e-07 0 0 0
376 5096 0.916236 0.391459 0.0852662 -0.0104435 -9.99128e-07 0 0 0
2463 3207 0.373643 -0.805429 -0.460082 -0.0240175 -1.83646e-06 0 1 0
3584 4888 0.333712 -0.204241 -0.920284 -0.0155065 -1.28476e-06 0 0 0
4235 4202 0.108785 -0.994004 0.0110064 -0.00345189 -3.35125e-07 0 0 0
4235 1246 0.38834 0.453801 0.802033 -0.0207318 -1.40095e-06 0 0 0
4235 3527 0.492911 -0.549002 0.675007 -0.0328864 -1.88826e-06 0 0 0
91 1760 0.0876549 0.965984 0.243293 -0.0107688 -9.0438e-07 0 0 0
5476 3396 0.197427 -0.740752 0.642113 -0.0163924 -1.14637e-06 0 0 0
874 1596 0.31487 0.625728 -0.713667 -0.00892534 -7.85279e-07 0 0 0
874 3222 0.161477 0.0612765 0.984972 -0.0132712 -1.22589e-06 0 0 0
2328 4244 0.220975 -0.820318 -0.527493 -0.0200364 -1.62324e-06 0 0 0
575 2749 0.44443 0.0645411 -0.893486 -0.00398211 -3.2111e-07 0 0 0
5473 3245 0.508011 -0.783533 0.357773 -0.0122498 -7.86618e-07 0 0 1
1434 2603 0.747458 0.297011 -0.594215 -0.0243459 -1.41602e-06 0 0 0
777 4366 0.806187 0.472826 0.355666 -0.0101045 -9.38462e-07 0 0 0
671 3696 0.803302 0.323813 0.49985 -0.000479254 -3.90724e-08 0 0 0
2228 4544 0.529551 0.49833 -0.686472 -0.000324952 -3.01662e-08 0 0 -1
255 5143 0.158073 0.389514 -0.907354 -0.0187736 -1.22994e-06 0 0 0
4098 40 -0.00204287 -0.807127 0.590375 -0.0184993 -1.10958e-06 0 0 0
5419 4553 0.264091 -0.557723 0.786893 -0.00558114 -4.25248e-07 0 0 0
5103 1528 0.0219279 -0.920641 -0.389795 -0.00350104 -2.50374e-07 0 0 0
1325 4741 0.904442 0.0649003 0.421631 -0.00775501 -5.60366e-07 0 0 0
1362 4534 0.750652 -0.141121 0.645451 -0.00226035 -1.66945e-07 0 0 0
2814 2069 0.383194 -0.744302 -0.54697 -0.0260642 -1.87447e-06 0 0 0
1821 1553 0.665795 -0.120811 -0.736289 -0.0270039 -2.24274e-06 0 0 0
3472 2162 0.826789 0.541053 0.153887 -0.000511125 -3.3464e-08 0 0 0
1503 3431 0.531657 -0.0740934 -0.843713 -0.00480335 -3.72243e-07 0 0 0
5269 5089 0.842106 0.185322 -0.506471 -0.00855931 -7.1697e-07 0 0 -1
1445 2273 0.652025 -0.747334 -0.127889 -0.00736499 -4.23861e-07 0 0 0
4099 4286 0.00278699 -0.807674 -0.589623 -0.000248033 -1.91004e-08 0 -1 0
2676 1620 0.407754 0.736842 -0.53926 -0.00211791 -1.4148e-07 0 0 0
1200 1631 0.995116 -0.0808664 0.0566081 -0.00205833 -1.73644e-07 0 0 0
2676 5511 -0.102714 0.174523 0.979281 -0.0103916 -8.47188e-07 0 0 0
2398 49 0.905282 0.258305 0.337257 -0.000614693 -4.24336e-08 0 0 0
500 2483 0.374857 0.282091 0.883124 -0.00979531 -6.98054e-07 0 0 0
1630 4700 0.464656 -0.81177 -0.353731 -0.00112261 -1.04449e-07 0 0 0
3600 848 0.829219 -0.226792 -0.510844 -0.0231939 -2.06819e-06 0 -1 0
5179 4791 0.21039 -0.774431 -0.596652 -0.00538605 -4.35051e-07 0 0 0
5179 3222 0.169952 0.92434 0.341631 -0.00386755 -3.40271e-07 0 0 0
1901 4799 0.836084 0.316516 0.448085 -0.00282361 -2.55126e-07 0 0 0
2948 4308 0.720236 0.628336 0.29403 -0.0155086 -1.08295e-06 0 0 0
5304 4679 0.821871 -0.398316 -0.407275 -0.00229342 -1.68166e-07 0 0 0
2527 1174 0.440065 0.025557 -0.897602 -0.0217717 -1.75291e-06 0 0 0
1409 5222 0.823482 0.131818 0.551816 -0.00638276 -4.68139e-07 0 0 0
3007 4327 0.239475 -0.868172 0.43466 -0.0170981 -1.20293e-06 0 0 0
24 3885 0.601576 0.496799 -0.625538 -0.00317377 -1.99971e-07 0 0 0
1427 5403 0.661905 -0.654259 -0.365824 -0.0137143 -1.03855e-06 0 0 0
2021 619 0.84293 0.509865 -0.171772 -0.00522502 -4.06335e-07 0 0 0
1531 423 0.381532 -0.534931 0.753845 -0.00953746 -5.93969e-07 0 0 0
3798 3825 0.311315 0.668672 -0.675249 -0.00478779 -3.63334e-07 0 0 0
4208 3597 0.992574 0.117776 -0.0304202 -0.00345649 -2.62637e-07 0 0 0
2855 4642 0.892282 0.405963 0.197553 -0.00878474 -6.75652e-07 0 0 0
2569 1703 0.167311 0.653648 0.738073 -0.0144861 -9.19766e-07 0 0 0
3969 2409 0.248994 -0.9269 -0.280816 -0.0150266 -1.03635e-06 0 0 0
4214 2410 0.777081 -0.32751 0.537477 -0.00247644 -1.90544e-07 0 0 0
139 4861 0.270588 0.859321 0.433993 -0.0067311 -4.66708e-07 0 0 0
4453 4164 0.442184 -0.838323 -0.318884 -0.00557008 -4.68393e-07 0 0 0
2719 1698 0.746944 0.599949 0.286596 -0.0326982 -2.8358e-06 0 0 0
1363 3739 0.0740734 0.684209 0.725515 -0.0112133 -9.27701e-07 0 0 0
2719 1365 0.671034 -0.269989 -0.690521 -0.00311736 -1.79376e-07 0 0 0
1016 2620 0.37394 -0.20885 -0.903632 -0.0278776 -1.62645e-06 0 0 0
3951 2367 0.527512 -0.698954 -0.482902 -0.000771507 -4.2655e-08 0 0 0
782 4559 0.743976 -0.194409 -0.6393 -0.0128222 -7.5081e-07 0 0 0
1508 4220 0.157417 -0.101386 -0.982314 -0.00403989 -2.9943e-07 0 0 0
3940 2497 0.328836 0.871086 -0.364795 -0.00837786 -6.80364e-07 0 0 0
5039 2064 0.8118 0.0582398 0.581025 -0.0128441 -9.82507e-07 0 0 0
779 4365 0.529562 -0.229085 -0.816752 -0.0195348 -1.3098e-06 0 0 0
4584 348 0.702642 0.373152 -0.605848 -0.00557605 -4.29906e-07 0 0 0
2552 1816 0.396635 -0.794981 -0.459005 -0.00344678 -2.3585e-07 0 0 0
4990 1155 0.997917 0.0637459 -0.00995056 -0.0056819 -3.93587e-07 0 0 0
674 4069 0.663903 0.26594 0.698934 -0.0164824 -1.12028e-06 0 0 0
4741 4515 0.697807 -0.0105876 0.716208 -0.0102826 -8.11268e-07 0 0 0
2927 5511 0.927223 -0.363459 -0.0903009 -0.00127991 -1.09764e-07 0 0 0
1560 5202 0.570932 -0.434777 0.696424 -0.000478677 -3.4066e-08 0 0 0
4813 357 0.399771 0.275547 -0.874218 -0.0317258 -2.22537e-06 0 0 0
969 4537 0.69327 0.699998 0.171405 -0.0147548 -1.1571e-06 0 0 0
1212 3480 0.689672 -0.685489 -0.233362 -0.00786648 -4.70734e-07 0 0 0
4042 2315 0.746902 -0.386361 0.541168 -0.00855277 -6.10498e-07 0 0 0
1496 1272 0.898224 0.402379 0.176875 -0.0183713 -1.31126e-06 0 0 0
4220 3788 0.727543 0.685842 -0.0173617 -0.00513552 -4.10779e-07 0 0 0
3364 2046 0.128257 0.357027 -0.925247 -0.0122418 -8.80563e-07 0 0 0
1472 575 0.106906 -0.93133 0.348131 -0.00495891 -4.40637e-07 0 0 0
1293 2409 0.535995 0.57297 -0.620012 -0.0117778 -9.98116e-07 0 0 0
1293 4159 0.389445 -0.531649 -0.752118 -0.00427733 -4.09368e-07 0 0 0
1384 4281 0.863359 0.340071 0.372778 -0.000168175 -1.42213e-08 0 0 0
4532 4759 0.193919 -0.789894 0.581775 -0.00647601 -4.85494e-07 0 0 0
2733 1196 0.834556 -0.213231 -0.507984 -0.00191157 -1.20928e-07 0 0 0
2662 1901 -0.114211 0.57863 0.807554 -0.0218984 -1.8674e-06 0 0 1
5300 203 0.477922 0.203795 0.854434 -0.00619793 -4.74305e-07 0 0 0
4063 4931 0.161905 0.370587 -0.914577 -0.00191476 -1.36206e-07 0 0 0
1944 2053 0.55904 -0.8064 0.192857 -0.000243219 -1.7388e-08 0 0 0
4164 1421 0.753752 -0.290122 0.589651 -0.0153676 -1.31362e-06 0 0 0
2393 1773 0.536614 -0.843587 0.0201314 -0.000672375 -5.20378e-08 0 0 0
5454 1907 0.728753 -0.526325 0.438065 -0.0111438 -9.12862e-07 0 0 0
4408 2185 0.938378 -0.0149361 -0.345287 -0.0115674 -6.9551e-07 0 0 0
1201 2946 0.843851 -0.00824779 -0.536514 -0.0109656 -8.46436e-07 0 0 0
5395 1535 0.560447 -0.118092 -0.819728 -0.0317236 -2.22241e-06 0 0 0
816 4581 0.454562 0.34679 0.820433 -0.0252574 -1.62084e-06 0 0 0
858 4413 0.832458 -0.447069 0.327328 -0.000765393 -6.45504e-08 0 -1 0
327 4447 0.0590308 -0.86711 -0.494606 -0.00169637 -1.2694e-07 0 0 0
1379 5287 0.486088 -0.872736 -0.0452839 -0.00284006 -2.39117e-07 0 0 0
4736 3030 0.205716 0.555705 0.805526 -0.0139553 -9.9926e-07 0 0 1
4824 500 0.565338 -0.563249 -0.602614 -0.0110594 -7.88226e-07 0 0 0
4736 3024 0.549663 -0.829133 0.102025 -0.0114572 -7.94699e-07 0 0 1
368 3723 0.469219 0.778966 -0.415988 -0.0186582 -1.40363e-06 0 0 0
4813 2454 0.614508 -0.352089 0.705984 -0.0201169 -1.32602e-06 0 0 0
1397 3951 0.498153 0.370124 0.784125 -0.0300734 -2.21205e-06 0 0 0
2545 1431 0.55112 -0.332275 0.765415 -0.0235607 -1.53898e-06 0 0 0
2629 4184 0.0846775 -0.943944 -0.319061 -0.00138777 -1.08248e-07 0 0 0
897 4763 0.625672 -0.596429 -0.502799 -0.00147143 -8.8605e-08 0 0 0
897 1405 0.695773 -0.0610109 0.715666 -0.014986 -9.59761e-07 0 0 0
5225 4988 0.278127 -0.687525 -0.670787 -0.00832304 -6.03703e-07 0 0 0
3798 426 -0.245674 -0.129172 -0.960708 -0.0333591 -2.66102e-06 0 0 0
426 1707 0.137769 0.622903 -0.770073 -0.00731791 -5.79838e-07 0 0 0
5132 5150 0.00578339 -0.810835 -0.585246 -0.014172 -1.1339e-06 0 0 0
1634 5491 0.571073 0.60441 0.555486 -0.0167299 -1.37164e-06 0 0 0
772 607 0.645373 0.460231 0.609657 -0.00274175 -2.57518e-07 0 0 0
585 3970 0.948925 -0.211697 0.233937 -0.00313219 -2.56418e-07 0 0 0
1403 3640 0.655772 0.0821725 0.750473 -0.0174562 -1.24879e-06 0 0 0
983 110 0.27168 -0.955189 -0.117493 -0.0130755 -9.40537e-07 0 0 0
4782 200 0.0536293 0.935985 -0.347931 -0.00425222 -3.10894e-07 0 0 0
4867 1826 0.226083 -0.248093 -0.941985 -0.0059869 -4.72958e-07 0 0 0
4060 2510 0.178983 -0.49524 -0.850119 -0.0126235 -6.9965e-07 0 0 0
3968 1855 0.342992 -0.773591 -0.532835 -0.000893068 -6.43864e-08 0 0 0
2890 1555 0.498119 -0.842802 0.20387 -0.00186435 -1.08063e-07 0 0 0
1141 19 0.676851 -0.279833 0.680857 -0.0075437 -4.87513e-07 0 0 0
549 4659 0.27162 0.540327 0.79641 -0.0187372 -1.5435e-06 0 0 0
5114 4856 0.967514 -0.252423 0.0141024 -0.00395741 -2.96253e-07 0 0 0
2978 1213 0.269976 0.700046 0.661097 -0.0105823 -9.01633e-07 0 0 0
760 3035 0.545043 0.834948 0.0760891 -0.00765195 -6.16174e-07 0 0 0
2674 3983 0.630682 -0.224473 -0.742867 -0.0168882 -1.28659e-06 0 0 0
289 1821 0.315988 0.473118 0.822381 -0.00674392 -5.19881e-07 0 1 0
4758 155 0.277611 0.453636 0.846845 -0.0075408 -6.47435e-07 0 0 0
1833 2517 0.562004 0.0916133 0.822045 -0.0118956 -9.00315e-07 0 0 0
2590 5039 -0.0414924 -0.162129 0.985897 -0.0133558 -9.84708e-07 0 0 0
3089 4574 0.815198 0.454916 -0.358474 -0.00461329 -2.81024e-07 0 0 0
3089 1385 0.219973 -0.524379 -0.82258 -0.0119711 -7.52023e-07 0 0 0
1060 5364 0.278787 0.0884985 -0.956267 -0.0160732 -1.32259e-06 0 0 0
1060 4536 0.625639 0.0910274 0.774784 -0.0133822 -8.90618e-07 0 0 0
1763 1577 -0.838857 0.535995 0.0950186 -0.0019261 -1.72984e-07 0 0 0
5101 4880 0.331457 0.129465 -0.934546 -0.0217928 -1.6381e-06 0 0 -1
4824 2483 0.909236 -0.234896 0.343677 -0.0153421 -1.1766e-06 0 0 0
1296 4927 -0.0270501 0.997837 0.0599074 -0.0186908 -1.47649e-06 0 0 0
1296 3065 0.785468 -0.37138 0.495093 -0.00877074 -5.51562e-07 0 0 0
1296 3435 0.720246 -0.488084 -0.492971 -0.0115025 -7.69995e-07 0 0 0
4824 5395 0.0731942 0.983515 -0.165351 -0.00500241 -3.57334e-07 0 0 0
1828 4099 0.90239 0.0801421 -0.423403 -0.00798505 -6.53438e-07 0 0 0
183 1266 0.830723 -0.318169 -0.456802 -0.0190898 -1.41331e-06 0 0 0
3051 4311 0.00630826 0.467527 0.883956 -0.00662732 -5.34014e-07 0 0 0
1236 323 0.855802 -0.50256 -0.122626 -0.00664737 -3.99125e-07 0 0 0
3774 4636 0.708279 -0.135939 -0.69272 -0.00469644 -3.52259e-07 0 0 0
1236 4396 0.696512 0.605811 -0.384531 -0.015098 -1.08829e-06 0 0 0
1545 4414 -0.154436 -0.207721 -0.96592 -0.0414382 -2.80212e-06 0 -1 0
659 4765 0.424042 -0.372872 0.825321 -0.00309242 -2.47982e-07 0 0 0
2468 3392 0.745745 -0.391466 -0.53909 -0.00124361 -8.56298e-08 0 0 0
2395 2000 0.231941 -0.74031 -0.630987 -0.00645785 -5.50757e-07 0 0 0
2961 3962 -0.993906 0.0259417 -0.107139 -0.000530965 -4.94958e-08 0 0 0
4313 1241 0.519981 -0.664787 -0.536356 -0.00842604 -6.21368e-07 0 0 0
4313 4751 0.434456 0.502208 0.747687 -0.00595296 -4.35246e-07 0 1 0
4472 5498 0.76953 0.625503 0.128724 -0.00158666 -1.03233e-07 0 0 0
552 2045 0.1087 0.898923 0.424408 -0.0091873 -6.08001e-07 0 0 0
1855 2258 0.694208 0.329535 -0.639907 -0.000659575 -5.4247e-08 0 0 0
3959 261 0.853063 0.476659 0.212318 -0.00199209 -1.90021e-07 0 0 0
5311 2552 0.0893003 0.202654 -0.97517 -0.00808214 -5.6569e-07 0 0 0
2102 1013 0.67288 0.684627 -0.280211 -0.00559426 -4.36378e-07 0 0 0
3241 3233 0.0798471 -0.336303 0.938363 -0.0023055 -1.6748e-07 0 0 0
1247 4465 0.262844 -0.826246 0.498228 -0.0169915 -1.35386e-06 0 0 0
5184 2396 0.759346 0.636033 -0.137319 -0.00743465 -5.31482e-07 0 0 0
508 674 0.192415 0.74812 0.635054 -0.00950391 -7.05943e-07 0 0 0
4154 772 0.826089 -0.183211 0.532926 -0.00631122 -5.26574e-07 0 0 0
4099 4007 0.892273 0.314515 0.323928 -0.0113974 -9.05599e-07 0 0 0
114 4508 0.983987 0.170803 -0.0509476 -0.00192937 -1.40907e-07 0 0 0
2085 1752 0.538352 -0.509236 -0.671458 -0.0252942 -1.60803e-06 0 0 0
187 3428 0.825878 0.158824 0.541018 -0.00659179 -3.603e-07 0 0 0
3788 1145 -0.163928 -0.0220456 0.986226 -0.0104359 -8.65155e-07 0 0 0
2085 1286 0.352073 0.924396 -0.146752 -0.0106322 -7.98945e-07 0 0 0
561 3996 0.0772569 -0.585202 -0.807199 -0.00752576 -6.20219e-07 0 0 0
716 2611 0.630429 -0.77101 0.0900133 -0.00211544 -1.47973e-07 0 0 0
4794 4652 0.857398 0.412111 -0.308273 -0.00472964 -3.70231e-07 0 0 0
3788 5265 0.665632 -0.218789 -0.713489 -0.0234274 -1.39129e-06 0 0 0
5179 585 0.946454 0.0773143 0.313443 -0.00214287 -1.84499e-07 0 0 0
371 4314 0.434526 -0.631269 -0.642407 -0.0054247 -4.34304e-07 0 0 0
1176 4673 0.191419 -0.96859 -0.158717 -0.00083912 -7.02264e-08 0 0 0
4086 2315 0.737013 -0.423934 -0.526395 -0.0165352 -1.13745e-06 0 0 -1
4086 3980 0.51098 0.689257 -0.513639 -0.0296374 -2.11965e-06 0 0 -1
346 1125 0.148104 -0.760652 0.63204 -0.0140423 -1.15056e-06 0 0 0
4086 2007 0.134808 -0.209729 0.968422 -0.0109379 -6.83918e-07 0 0 0
4813 4727 0.897248 0.437516 0.0593755 -0.000105777 -6.76961e-09 0 0 0
1963 4941 -0.00640238 0.931515 -0.363647 -0.00170047 -1.42589e-07 0 0 0
346 2000 0.792611 0.212075 -0.571658 -0.0145942 -1.11861e-06 0 0 0
557 2325 0.475316 0.861642 -0.177895 -0.0156269 -1.37039e-06 0 0 0
4902 4374 0.593936 -0.495137 -0.634097 -0.00130475 -1.11622e-07 0 0 0
1508 5405 0.733051 -0.460651 0.500436 -0.00821104 -6.94573e-07 0 0 0
2805 476 0.201271 -0.124222 0.971627 -0.0145931 -9.72904e-07 0 0 0
3976 619 0.566643 -0.379832 -0.731193 -0.00612871 -4.99508e-07 0 0 0
4463 3175 0.468654 -0.311785 0.826531 -0.0119895 -1.18357e-06 0 0 0
2805 4086 0.139476 -0.761268 -0.633259 -0.0134944 -8.76997e-07 0 0 0
601 4933 0.50407 0.545931 0.669233 -0.00845338 -7.30553e-07 0 0 0
5304 319 0.443536 -0.495216 0.747018 -0.00618844 -4.91872e-07 0 0 0
5304 4627 0.167198 0.688583 0.705619 -0.00996822 -7.28285e-07 0 0 0
779 5154 0.834842 -0.488675 0.253447 -0.012609 -9.39028e-07 0 0 0
4928 4856 0.630011 0.769595 0.103969 -0.00619977 -4.83771e-07 0 0 0
2069 65 -0.133521 -0.791106 -0.596928 -0.0217593 -1.55429e-06 0 0 0
52 4254 0.529034 -0.425703 0.734098 -0.00997052 -6.94061e-07 0 0 0
1704 4036 0.223944 0.655455 -0.721268 -0.0113568 -1.02477e-06 0 0 0
1666 2696 0.563364 0.00315925 -0.826203 -0.000130547 -1.0215e-08 0 0 -1
1704 1821 0.0341668 -0.905445 -0.423087 -0.010786 -8.97805e-07 0 0 0
1553 2064 0.159928 -0.464432 -0.871049 -0.0149878 -1.27094e-06 0 -1 0
4775 2398 0.58056 -0.796774 -0.167636 -0.00129316 -8.53162e-08 0 0 0
1125 1213 0.0606357 -0.977411 0.202462 -0.00973369 -7.32885e-07 0 0 0
2736 3917 0.912954 -0.330454 0.239404 -0.0207266 -1.68097e-06 0 0 0
1125 38 0.612291 0.161818 0.773896 -0.0208897 -1.90992e-06 0 0 0
250 4392 0.022944 -0.988905 0.14677 -0.00427978 -2.95201e-07 0 0 0
2840 3471 0.615457 -0.639455 0.460771 -0.0236394 -1.8577e-06 0 0 0
3911 4376 0.796681 -0.551312 -0.247697 -0.00892608 -6.3968e-07 0 0 0
2733 4202 -0.0295474 0.711678 -0.701884 -0.00814958 -7.17486e-07 0 0 0
3057 5064 0.308084 -0.945895 0.101821 -0.000622495 -4.456e-08 0 0 0
4217 4247 0.251415 0.753963 -0.606902 -0.0050676 -4.87316e-07 0 0 0
2733 5162 0.771373 -0.38406 0.507426 -0.00425373 -2.85199e-07 0 0 0
2319 3610 0.15597 -0.921721 0.355112 -0.0142754 -1.1512e-06 0 0 0
1820 4507 0.443819 0.674817 -0.589616 -0.0251999 -2.28287e-06 0 0 0
1820 2662 0.148056 -0.988874 0.0143926 -0.00607582 -5.13657e-07 0 0 0
4131 4329 0.163036 0.981237 -0.102923 -0.0347442 -2.88941e-06 0 0 0
4 1465 0.784764 0.259791 -0.56272 -0.0113188 -9.04152e-07 0 0 0
1327 5456 0.440239 -0.158965 0.883696 -0.00031268 -2.37073e-08 0 0 0
829 4563 0.314631 0.93793 0.145928 -0.0172741 -1.19442e-06 0 0 0
1404 5450 0.466986 0.87147 -0.149879 -0.00464696 -3.46313e-07 0 0 0
3744 1989 0.593842 -0.777321 -0.207664 -0.0154406 -1.14323e-06 0 0 0
1177 3442 -0.950579 -0.161762 0.265013 -0.00121448 -1.0171e-07 0 0 0
2478 3019 0.0801815 -0.903965 0.420022 -0.00615735 -4.72232e-07 0 0 0
5466 3842 0.800749 0.225654 0.55487 -0.00199985 -1.60758e-07 0 0 0
703 4197 0.305641 -0.9387 -0.159453 -0.00256172 -2.22104e-07 0 0 0
1888 2126 -0.244394 0.43731 -0.865466 -0.0467047 -3.47244e-06 0 0 0
4430 4611 -0.167164 -0.981396 0.0944325 -0.00147073 -1.13227e-07 0 0 0
1304 2193 0.830995 0.228523 0.507173 -0.00141137 -1.15906e-07 0 0 0
2119 2435 0.315452 -0.50156 -0.805561 -0.0135632 -1.23205e-06 0 0 0
1503 1596 0.256877 0.428669 0.866174 -0.00420068 -3.38576e-07 0 0 0
4007 1579 0.0454643 0.49799 0.86599 -0.014443 -1.24899e-06 0 0 0
828 1890 0.570373 -0.769015 0.288601 -0.00224221 -1.41638e-07 0 0 0
3022 1000 0.733998 -0.0128555 -0.67903 -0.0150567 -1.17059e-06 0 0 0
3810 877 0.548787 0.631596 0.547649 -0.0142528 -1.30474e-06 0 0 0
2175 2193 0.550734 -0.746333 -0.373737 -0.0082129 -6.61318e-07 0 0 0
3581 1543 -0.906281 -0.408876 -0.107123 -0.00116285 -7.33891e-08 0 0 0
1049 1392 0.423931 0.871223 0.247494 -0.0158136 -1.00195e-06 0 0 0
3647 2264 0.48905 0.744538 0.454416 -0.000522051 -4.73034e-08 0 1 0
4904 4961 0.923205 0.355864 0.1451 -0.00354446 -3.51041e-07 0 0 -1
4180 5046 0.934261 0.101116 -0.341952 -0.000907442 -7.45593e-08 0 0 0
1049 3089 0.0623199 -0.509017 -0.858498 -0.0242655 -1.55586e-06 0 0 0
3626 587 0.540278 -0.0364265 -0.840698 -0.0130548 -9.77755e-07 0 0 -1
1193 916 0.0660189 -0.891776 -0.447636 -0.0166127 -1.26333e-06 0 0 0
5091 4504 0.301727 0.896597 0.324153 -0.00249611 -2.18045e-07 0 0 1
2539 3192 0.77058 0.618159 -0.155199 -0.00554467 -4.5286e-07 0 0 0
3276 1840 -0.191154 -0.244655 -0.950581 -0.0200846 -1.78379e-06 0 0 0
4483 4299 0.385459 -0.922215 0.0306801 -0.00888785 -7.07879e-07 0 0 0
4049 2845 0.720186 0.505617 0.475062 -0.0112016 -7.85326e-07 0 0 0
718 433 0.373493 -0.789733 0.486646 -0.00519048 -4.50447e-07 0 0 0
419 3755 0.550802 -0.578856 -0.601284 -0.0169947 -1.05818e-06 0 0 0
3965 732 0.325454 0.200397 0.924078 -0.0373495 -2.72949e-06 0 0 0
5408 4188 0.785854 0.370872 -0.494861 -0.00991294 -8.03087e-07 0 0 0
1070 2778 0.354076 0.690781 -0.630438 -0.0218183 -1.67344e-06 0 0 0
3965 708 0.249139 0.816667 -0.520562 -0.0132154 -1.08346e-06 0 0 0
2804 2141 0.0228702 0.764475 -0.644248 -0.00486308 -3.77598e-07 0 1 0
3965 1212 0.308513 -0.827673 0.468803 -0.0171367 -1.33326e-06 0 0 0
3289 16 0.553556 0.690835 -0.465105 -0.00462662 -3.76332e-07 0 0 0
4142 2686 0.518654 0.0572976 -0.853062 -0.00320394 -1.79807e-07 0 0 0
3519 4464 0.814813 0.496119 -0.29991 -0.0135146 -1.12504e-06 0 0 0
4553 405 0.884011 0.389111 0.259072 -0.00400401 -3.11969e-07 0 0 0
1319 3129 0.994032 0.108176 -0.0141145 -0.0163138 -1.23594e-06 0 0 0
4969 3739 -0.162978 0.191836 -0.9678 -0.015244 -1.49086e-06 0 0 0
1270 3218 0.145346 0.294728 0.944463 -0.0122995 -1.04788e-06 0 0 0
776 2887 0.520748 0.309889 0.795481 -0.0227244 -1.32861e-06 0 0 0
2334 4777 0.174872 -0.949503 -0.260509 -0.00529129 -4.28022e-07 0 0 0
654 1675 0.958303 -0.282554 0.0426507 -0.00734159 -5.70947e-07 0 0 0
2690 2851 0.780016 -0.29802 -0.550236 -0.00231605 -1.98682e-07 0 0 0
4563 745 0.243246 0.863643 -0.441534 -0.0158933 -1.18746e-06 0 0 0
4659 1535 0.733109 0.670894 -0.11159 -0.00258306 -2.06231e-07 0 0 0
5426 4226 0.539187 -0.826125 0.163691 -0.00268971 -2.08181e-07 0 0 0
4536 1550 0.860407 0.403197 0.31166 -0.00621116 -4.51748e-07 0 0 0
1895 5325 0.985283 0.0097772 0.170653 -0.00192274 -1.45719e-07 0 0 0
1207 4559 0.474166 0.76297 -0.439368 -0.00271702 -2.32785e-07 0 0 0
5015 1060 0.958567 0.235164 -0.160771 -0.00522131 -4.21817e-07 0 0 0
1050 49 0.566155 -0.645035 0.513224 -0.0183173 -1.23036e-06 0 0 0
3007 3088 0.255185 -0.372491 -0.892262 -0.00613549 -4.46196e-07 0 0 0
2033 3270 0.858336 0.372997 0.352325 -0.024635 -1.61841e-06 0 0 0
4923 841 0.827934 0.306206 0.469854 -0.00123393 -7.63113e-08 0 0 0
4114 829 0.802469 0.205867 0.560055 -0.0171388 -1.44404e-06 0 0 0
3484 2684 0.605113 0.624232 0.494138 -0.00138324 -9.84702e-08 0 0 0
2933 5325 0.535783 -0.839363 -0.0916844 -0.0125607 -8.78198e-07 0 0 0
2862 1392 0.478298 -0.795324 0.372413 -0.00898055 -5.7791e-07 0 0 0
1472 2545 0.829673 -0.441901 0.341125 -0.0243534 -1.70972e-06 0 0 0
916 5397 -0.19402 0.251418 -0.948233 -0.00543313 -4.65186e-07 0 0 0
3911 338 0.669805 0.680003 -0.298256 -0.0213419 -1.30333e-06 0 0 0
1117 5063 0.572018 0.178676 -0.800544 -0.00706482 -5.9555e-07 0 0 0
2383 3969 0.418206 0.233697 -0.877775 -0.027284 -2.36546e-06 0 0 0
4179 5318 0.990227 0.136107 0.0304122 -0.0101104 -7.45726e-07 0 0 0
52 134 0.761335 -0.0914593 -0.641876 -0.0199971 -1.19773e-06 0 0 0
0 3659 0.975592 0.214814 -0.0455463 -0.0129195 -1.16455e-06 0 0 0
5064 1528 0.615599 0.158909 0.771871 -0.00156487 -1.10543e-07 0 0 0
2527 260 0.51749 0.381076 0.76615 -0.0319555 -2.51394e-06 0 0 0
4503 4130 0.459903 0.0446967 -0.886844 -0.00177521 -1.445e-07 0 0 0
4873 2805 0.0203268 -0.567505 0.823119 -0.00821196 -5.40988e-07 0 0 0
1440 4159 0.348537 -0.358113 0.866185 -0.0211554 -1.70123e-06 0 0 0
1440 760 0.0369784 0.74474 -0.66633 -0.0160336 -1.3521e-06 0 0 0
5025 4 0.771023 -0.348028 0.533291 -0.00601967 -5.48842e-07 0 0 0
1440 1704 0.0100403 -0.359288 -0.933173 -0.0130302 -1.00759e-06 0 0 0
1997 139 0.421508 0.0996517 0.901333 -0.00175059 -1.51048e-07 0 0 0
196 4981 0.545239 -0.830203 0.116087 -0.0150836 -1.19707e-06 0 0 0
2510 1358 -0.00941794 -0.579624 -0.81483 -0.00939704 -5.98172e-07 0 0 0
4073 3862 0.590207 0.307927 -0.746215 -0.0126933 -1.03642e-06 0 0 0
3975 2611 0.0253082 0.704063 0.709686 -0.0231406 -1.65515e-06 0 0 0
4559 1244 0.700581 -0.271406 -0.659943 -0.00425303 -2.49966e-07 0 0 0
1321 1316 0.635636 0.770415 -0.0492778 -0.00428795 -3.1965e-07 0 0 0
3203 848 0.474242 0.143901 0.868555 -0.0328815 -2.79068e-06 0 -1 0
3369 216 0.456049 -0.180187 0.871523 -0.0220572 -1.82509e-06 0 0 0
3312 2244 0.0407385 0.599106 -0.799632 -0.00875205 -5.61498e-07 0 0 0
2075 405 0.307704 -0.73033 0.609866 -0.00748276 -5.92889e-07 0 0 0
4032 4695 0.557119 0.584177 -0.590217 -0.0121445 -8.74785e-07 0 0 0
152 4631 0.365151 -0.913801 0.177858 -0.00640857 -5.25011e-07 0 0 0
1939 4098 0.475629 -0.181223 0.860776 -0.0218249 -1.70696e-06 0 0 0
3282 1175 0.0896064 0.995354 -0.0352377 -0.000119576 -8.47106e-09 0 0 0
2351 1450 0.729183 -0.387834 -0.563806 -0.00246385 -1.88723e-07 0 0 0
3505 1821 0.880274 0.474318 -0.0118144 -0.0040325 -3.10079e-07 0 0 0
4773 3160 0.0992487 -0.238015 0.966177 -0.00012045 -7.61684e-09 0 0 0
3475 816 0.628545 -0.00838225 -0.777728 -0.0163461 -1.0305e-06 0 0 0
2279 944 0.00324558 -0.689365 -0.724407 -0.00477921 -3.20808e-07 0 0 0
4281 3722 -0.023579 -0.161935 0.98652 -0.0262734 -1.99788e-06 0 0 0
4861 5034 0.137338 -0.0589188 -0.98877 -0.0177604 -1.20591e-06 0 0 0
5234 3355 0.704754 -0.278463 -0.652518 -0.0226306 -1.59432e-06 0 0 0
5234 5002 0.592871 0.235995 0.769942 -0.021588 -1.73282e-06 0 0 0
1858 2616 0.326614 0.882455 0.338522 -0.00838719 -6.22541e-07 0 0 0
3093 4975 0.806501 0.540017 -0.240701 -0.00666168 -5.50662e-07 0 0 0
104 216 0.649173 0.0812342 -0.756291 -0.0125068 -8.06494e-07 0 0 0
495 1098 0.0975451 0.633214 0.767805 -0.0209942 -1.64824e-06 0 0 0
4151 2258 0.572997 -0.0906634 0.814528 -0.00351568 -2.75647e-07 0 0 0
507 244 0.373634 -0.815429 0.442123 -0.0214144 -1.98879e-06 0 0 0
5397 515 0.375097 0.873074 0.311519 -0.00209805 -1.78741e-07 0 0 0
1387 2581 0.398785 0.418365 -0.816052 -0.00614535 -4.53137e-07 0 0 0
870 4365 0.483404 -0.180954 0.856491 -0.00417244 -3.30166e-07 0 0 0
5498 2820 0.47043 -0.455627 0.755711 -0.0101029 -7.17947e-07 0 0 0
2358 3587 0.598448 0.66733 0.443319 -0.00927326 -7.35055e-07 0 0 0
2881 1444 0.377 -0.367061 0.850375 -0.016691 -1.26824e-06 0 0 0
1359 3576 0.970799 -0.237978 0.030249 -0.00222891 -1.92051e-07 0 0 0
5323 52 0.327451 0.0227864 -0.944593 -0.0139716 -8.67621e-07 0 0 0
460 1491 0.822307 0.557502 -0.11403 -0.000273799 -2.52365e-08 0 0 0
1662 1725 0.898097 -0.0441846 -0.437572 -0.0138657 -1.04103e-06 0 0 0
114 4776 0.177667 0.844026 0.506018 -0.00104521 -6.06231e-08 0 0 0
3476 4552 0.0766802 0.357172 -0.930886 -0.0190084 -1.6648e-06 0 0 0
5235 3346 0.157788 0.675283 0.720483 -0.0125028 -8.85096e-07 0 0 0
319 4658 0.157092 0.796187 0.584302 -0.0138396 -9.61703e-07 0 0 0
5338 4187 0.469566 0.573815 -0.671002 -0.00553629 -4.60382e-07 0 0 -1
224 5008 0.205189 0.518578 0.830045 -0.00013321 -9.88012e-09 0 0 0
281 5430 0.819012 -0.222269 0.528976 -0.0161192 -1.45733e-06 0 0 0
1073 4673 0.412675 0.8484 -0.331538 -0.000999353 -9.21805e-08 0 0 0
459 3678 0.563654 0.776748 0.280993 -0.00819072 -6.19638e-07 0 0 0
2464 3484 -0.00367576 -0.152803 -0.98825 -0.0122486 -8.39561e-07 0 0 0
3814 4617 0.104248 0.994429 -0.0156095 -0.0102624 -6.15773e-07 0 0 -1
2996 45 0.763728 -0.534284 -0.362298 -0.0224434 -1.54322e-06 0 0 0
282 2204 -0.132912 0.13014 -0.982547 -0.0119039 -8.06362e-07 -1 0 0
4782 4200 0.0699135 -0.955033 -0.288137 -0.00111255 -9.03894e-08 0 0 0
4971 1239 -0.0325336 0.901198 -0.432186 -0.00310187 -2.40344e-07 0 0 0
1438 4456 0.833297 0.0442371 0.551052 -0.00974392 -6.91065e-07 0 0 0
1474 3278 0.525693 -0.475561 0.705328 -0.00708113 -5.37088e-07 0 0 0
134 1363 -0.0260532 0.84631 0.532054 -0.0107574 -8.81706e-07 0 0 0
2606 5253 0.982274 -0.00572798 0.187365 -0.009906 -6.35918e-07 0 0 0
4581 1872 0.392836 -0.625086 0.674498 -0.0229568 -1.41492e-06 0 0 0
4581 1293 -0.0648827 0.730179 -0.680168 -0.0117177 -1.06546e-06 0 0 0
4190 1959 0.460154 0.0821167 -0.884034 -0.0112166 -9.79519e-07 0 0 0
2611 3435 -0.100972 0.320663 0.941796 -0.0319096 -2.13862e-06 0 0 0
3364 1237 0.488077 -0.22454 0.843423 -0.00872061 -7.50835e-07 0 0 0
448 4086 0.157798 0.891828 0.423961 -0.00555546 -3.71133e-07 0 0 1
1196 1177 0.22752 0.431036 -0.87318 -0.0203949 -1.42821e-06 0 0 0
657 2845 0.778515 -0.0970268 -0.620081 -0.00442353 -3.29679e-07 0 0 0
1095 2862 -0.0709128 -0.845248 -0.529648 -0.0171282 -1.1744e-06 0 0 0
3795 4688 0.635259 -0.70237 0.321127 -0.00693269 -5.04605e-07 0 0 0
3570 5277 0.0398829 0.699968 0.71306 -0.0130089 -9.81306e-07 0 0 1
2569 3599 0.179002 0.790822 -0.585285 -0.00604121 -3.77855e-07 0 0 0
733 3022 0.8551 0.51756 0.0306043 -0.00769601 -5.38301e-07 0 0 0
587 5313 0.167437 -0.577324 -0.799163 -0.0240923 -1.68361e-06 0 0 0
5410 1675 0.308117 0.806083 0.505266 -0.00992983 -7.70931e-07 0 0 0
4784 2662 0.186182 0.620811 0.761531 -0.0331563 -2.27937e-06 0 0 0
861 1376 0.879979 0.394274 0.264925 -0.028729 -2.26318e-06 0 0 0
2310 2596 0.862826 -0.262285 0.432132 -4.31133e-05 -3.03941e-09 0 0 0
3525 152 0.475527 -0.785966 0.395135 -0.00313016 -2.17431e-07 0 0 0
1185 1422 0.440587 0.536564 0.71971 -0.00723905 -4.33965e-07 0 0 0
4784 2084 0.941317 0.219049 0.256787 -0.00900111 -5.76531e-07 0 0 0
759 38 0.897171 0.10679 -0.428579 -0.0155151 -1.21323e-06 0 0 0
1168 2044 0.822656 -0.379949 0.422937 -0.00279322 -1.88151e-07 0 0 0
4435 4803 0.62143 -0.67068 -0.404986 -0.00216892 -1.76035e-07 0 0 0
3428 5480 0.159613 -0.134621 -0.977957 -0.00174978 -1.5408e-07 0 0 0
5394 2007 0.160125 0.947442 -0.276971 -0.00554557 -3.50125e-07 0 0 0
2454 3128 0.950449 0.077415 -0.301087 -0.0268627 -2.09017e-06 0 0 0
4423 1479 0.306445 0.859442 -0.409207 -0.00624281 -4.59681e-07 0 0 -1
2546 3848 0.380837 -0.740087 0.554287 -0.0122219 -9.49696e-07 0 0 0
5060 4553 0.908583 0.283965 0.306334 -0.00464551 -3.45081e-07 0 0 0
899 3232 0.942996 -0.00608141 0.332749 -0.0055613 -4.1844e-07 0 0 0
3030 1316 0.628338 -0.633818 0.451072 -0.0045752 -3.29411e-07 0 0 0
1031 979 0.0142088 -0.992828 0.118707 -0.0192965 -1.38794e-06 0 0 0
281 2587 0.741926 -0.361534 -0.564658 -0.00360028 -3.29471e-07 0 0 0
2899 3089 0.328623 -0.349058 0.877591 -0.0214596 -1.73064e-06 0 0 0
1013 4663 0.756373 -0.0111669 0.654045 -0.00871318 -7.76474e-07 0 0 0
2232 2575 -0.0234416 0.89662 0.44218 -0.00105388 -7.73273e-08 0 0 0
438 4656 0.22529 -0.251607 -0.941243 -0.019511 -1.49743e-06 0 0 0
4028 364 0.411163 -0.900305 -0.142813 -0.0012027 -1.04941e-07 0 0 0
2795 1815 0.583358 0.173839 -0.793393 -0.0101062 -8.30482e-07 0 0 0
5402 5227 0.517809 -0.85499 -0.0294208 -0.00614388 -4.94902e-07 0 0 0
753 4479 0.909403 0.0167003 0.415582 -0.00831002 -6.25093e-07 0 0 0
3199 2845 0.0876576 -0.89925 -0.428562 -0.00595187 -3.52177e-07 0 0 0
368 1562 -0.212482 -0.872122 -0.440744 -0.0164703 -1.21832e-06 0 0 0
4570 5416 -0.0822566 0.0911748 -0.992432 -0.00628452 -5.8207e-07 0 0 0
609 4126 0.259242 -0.70372 -0.661492 -0.0196301 -1.40807e-06 0 0 0
4018 1941 0.476985 -0.247024 0.843483 -0.0173849 -1.09471e-06 0 0 0
2305 2418 0.173197 0.401633 -0.899274 -0.0156394 -1.1238e-06 0 0 0
534 4469 0.328214 0.878556 0.347008 -0.00901543 -5.89704e-07 0 0 0
2726 4671 0.653751 -0.671395 -0.349054 -0.0042724 -3.43265e-07 0 0 0
2378 3788 0.778782 -0.402403 -0.481217 -0.0166288 -1.3835e-06 0 0 0
413 1743 0.266322 -0.690571 -0.672447 -0.0122215 -7.14683e-07 0 0 0
413 230 0.523682 0.479625 0.704072 -0.00970331 -8.99848e-07 0 0 0
275 4627 0.351983 -0.735513 -0.578903 -0.0150978 -1.10517e-06 0 0 0
3895 1810 -0.00515522 0.922008 0.387137 -0.0109166 -8.28933e-07 0 0 0
1725 328 0.651249 -0.338248 -0.679311 -0.0132179 -1.11731e-06 0 0 0
4508 2377 0.519871 0.0584561 0.852242 -0.00624966 -4.77812e-07 0 0 0
1168 435 0.376437 -0.292463 -0.879068 -0.00515009 -4.32341e-07 0 0 0
3640 2676 0.923934 -0.382423 -0.00996854 -0.00989059 -7.24994e-07 0 0 0
289 5225 0.364474 -0.714267 -0.597479 -0.00883999 -7.035e-07 0 0 0
4883 5222 -0.0277565 -0.832056 -0.553996 -0.00691322 -5.18922e-07 0 0 0
856 4441 0.452844 -0.581372 0.675973 -0.0229526 -1.7048e-06 0 0 0
856 2493 0.589522 0.570408 0.571925 -0.0305976 -2.48944e-06 0 0 0
856 86 0.431249 -0.208246 -0.877871 -0.0334865 -2.65605e-06 0 0 0
5314 2791 0.455257 -0.742283 -0.491689 -0.00548409 -4.74421e-07 0 0 0
1858 1444 0.719197 0.485554 -0.496983 -0.0104902 -7.95009e-07 0 0 0
4633 4927 -0.287591 -0.720826 -0.630636 -0.0158667 -1.26015e-06 0 0 0
2178 5449 0.179256 0.413921 0.892489 -0.0412225 -3.72596e-06 0 0 0
5288 981 0.800758 -0.106362 0.589469 -0.00127662 -9.24577e-08 0 0 0
2481 5182 -0.11828 -0.046417 -0.991895 -0.0113514 -9.0782e-07 0 0 0
2696 3373 0.280526 -0.687545 0.669766 -0.00336311 -2.72712e-07 0 0 1
5335 4517 0.169573 0.840781 0.514133 -0.000537021 -3.50885e-08 0 0 0
724 1016 0.60504 0.384128 0.697404 -0.00308228 -1.72166e-07 0 0 0
1230 3041 0.602751 0.733227 0.314755 -0.0171316 -1.33504e-06 0 0 0
2871 1009 0.404774 0.55097 0.729788 -4.30576e-05 -3.23195e-09 0 0 0
4739 4962 0.242034 -0.331278 0.911962 -0.00101482 -8.44516e-08 0 0 0
2583 180 0.732393 0.176633 -0.657573 -0.0047932 -3.40683e-07 0 0 0
4527 2674 0.764206 -0.404182 0.502619 -0.0291294 -1.88746e-06 0 0 0
4527 1049 0.149527 0.708632 -0.689553 -0.0257254 -1.6975e-06 0 0 0
5105 606 0.534777 0.712586 -0.454131 -0.0116973 -9.42755e-07 0 0 0
1062 3616 -0.930818 0.340799 -0.132038 -0.00832621 -7.63729e-07 0 0 0
574 500 0.862219 0.318344 -0.393998 -0.0244213 -2.02924e-06 0 0 0
1218 2907 0.205271 -0.225602 0.952348 -0.00673049 -5.5059e-07 0 0 0
4254 5419 0.547349 0.581133 0.60224 -0.0115393 -9.15973e-07 0 0 0
574 1828 0.284874 -0.69695 0.658109 -0.0089064 -6.9599e-07 0 0 0
4273 183 0.557258 0.133687 0.819507 -0.00653267 -5.6633e-07 0 0 0
3867 1355 -0.119206 -0.539208 0.833693 -0.00644437 -4.56318e-07 0 0 0
3532 1096 0.135855 0.955652 0.261291 -0.000446661 -3.41767e-08 0 0 1
2513 4527 0.194625 -0.580451 -0.790694 -0.0103769 -8.23381e-07 0 0 0
4127 2170 0.23523 0.208255 -0.949366 -0.00175077 -1.47677e-07 0 -1 0
1140 995 0.720734 0.66521 0.195035 -0.0226595 -1.4263e-06 0 0 0
5474 3363 0.537777 -0.582823 0.609191 -0.0082038 -5.22723e-07 0 0 0
1641 4097 0.734153 -0.610213 0.297758 -0.00323278 -2.53012e-07 0 0 0
1712 2707 -0.00909434 -0.800726 0.598961 -0.0122981 -1.08808e-06 0 0 0
2028 4447 0.547607 -0.0234428 -0.836407 -0.00973268 -7.54085e-07 0 0 0
107 3521 0.739844 -0.169737 0.651015 -0.00184071 -1.52704e-07 0 0 0
536 5454 0.333282 0.306545 0.891602 -0.0170931 -1.32148e-06 0 0 0
2990 3132 0.26958 -0.946386 0.17799 -0.00568085 -4.00684e-07 0 0 0
2007 345 0.846866 0.473379 0.242344 -0.0178708 -1.15012e-06 0 0 0
5468 4364 -0.167566 0.0232128 -0.985588 -0.00885796 -7.47649e-07 0 0 0
981 4857 -0.00427975 -0.997949 0.0638753 -0.0033368 -2.24311e-07 0 0 0
134 771 0.45441 -0.536232 -0.711313 -0.0259587 -1.58834e-06 0 0 0
1249 1715 0.785578 0.567333 0.246983 -0.0197719 -1.61859e-06 0 0 0
1249 4383 0.196115 -0.181502 -0.963637 -0.0135954 -1.24082e-06 0 0 0
1210 3220 0.269597 0.947414 0.172405 -0.00308686 -2.56749e-07 0 0 0
4219 453 0.842241 0.0499333 0.536784 -0.011765 -7.13914e-07 0 0 0
4735 418 0.110363 0.9694 -0.21928 -0.000557461 -4.45663e-08 0 0 0
327 2970 0.238245 0.966708 0.0933528 -0.000374189 -3.29883e-08 0 0 0
4219 1212 0.2789 -0.0514835 -0.958939 -0.0223288 -1.35113e-06 0 0 0
2376 176 -0.0365465 -0.792769 -0.608426 -0.000427996 -3.04263e-08 0 0 0
828 3480 0.914851 0.257415 0.311104 -0.000594232 -3.69632e-08 0 0 0
1613 4177 0.716828 -0.0355502 -0.696343 -5.12689e-05 -3.6818e-09 0 0 0
3723 3303 0.767341 0.485281 0.419155 -0.00137087 -9.70209e-08 0 0 0
874 3608 0.638085 -0.768606 -0.0457473 -0.00885638 -7.41685e-07 0 0 0
3116 3969 0.435792 -0.784932 0.440417 -0.00272031 -2.20747e-07 0 0 0
4654 4323 0.554622 0.640521 0.531156 -0.00597402 -4.96304e-07 0 0 0
3534 4740 0.80771 -0.569611 0.152146 -0.00207718 -1.92837e-07 0 0 0
2175 863 0.699671 -0.379819 0.605143 -0.00524755 -4.57557e-07 0 0 0
10 3090 0.304509 -0.252972 -0.918302 -0.012219 -9.44726e-07 0 0 0
3534 2881 -0.0803546 0.479238 0.873999 -0.0135969 -1.10163e-06 0 0 0
3534 2513 -0.255173 -0.317551 -0.913262 -0.012451 -9.85468e-07 0 0 0
4419 1630 0.286649 -0.0439945 -0.957025 -0.00227067 -1.83438e-07 0 0 0
782 548 0.278516 0.66677 -0.691264 -0.0238247 -1.71353e-06 0 0 0
2701 2719 0.219667 -0.453318 -0.863857 -0.015129 -9.15882e-07 0 0 0
2683 374 0.797324 0.322802 0.509974 -0.0022129 -1.34883e-07 0 0 1
1719 469 0.930261 -0.233468 0.283032 -0.0143189 -1.21139e-06 0 0 0
1377 4218 0.697504 0.65335 -0.294316 -0.0014486 -8.77921e-08 0 0 0
1165 4834 0.649345 -0.507532 0.566359 -0.00182014 -1.23525e-07 0 0 0
1165 724 0.243583 0.351463 -0.903959 -0.00353864 -2.33188e-07 0 0 0
2629 5478 0.685472 -0.0197331 0.727831 -0.00183406 -1.63156e-07 0 0 0
4992 3022 0.00804938 0.803655 0.595041 -0.00327648 -2.61881e-07 0 0 0
364 2369 0.465059 -0.669138 0.579633 -0.00502691 -4.4355e-07 0 0 0
3081 3911 -0.0291073 0.943339 -0.33055 -0.0173708 -1.06035e-06 0 0 0
1864 1315 0.0301772 -0.997509 -0.0637587 -0.00124151 -8.11046e-08 0 0 0
658 690 0.656079 -0.751623 -0.067996 -0.00564115 -4.63466e-07 0 0 0
1798 5361 0.580595 -0.80088 0.146634 -0.00868151 -5.26798e-07 0 0 0
5178 2298 0.975917 0.182073 0.120149 -0.00197994 -1.46785e-07 0 0 0
2849 3199 0.783867 0.237963 0.573521 -0.00300824 -1.77055e-07 0 0 0
3532 4605 0.452309 -0.156743 0.87798 -0.012274 -1.07804e-06 0 0 1
5489 1201 0.89076 -0.270936 0.364884 -0.00796046 -5.37644e-07 0 0 0
3532 355 0.708664 -0.697344 -0.107266 -0.00451687 -3.4248e-07 0 0 0
3091 456 0.724861 0.688882 -0.00432296 -0.00409396 -3.42609e-07 0 0 0
4247 3412 0.818539 -0.0143657 0.574271 -0.00035609 -2.91749e-08 0 1 0
3894 1454 0.142305 0.855922 -0.497138 -0.00469069 -3.44348e-07 0 0 0
1448 3912 0.604504 0.796546 -0.00951787 -0.00975658 -7.51954e-07 0 0 0
5496 1376 -0.0443541 -0.49262 -0.869114 -0.00541911 -4.70842e-07 0 0 0
5046 2341 0.138449 0.9875 -0.0753388 -0.00760054 -5.57887e-07 0 0 0
3649 2404 0.536124 -0.331542 0.776306 -0.00975316 -7.94241e-07 0 0 0
1253 3282 0.639109 -0.537199 -0.550415 -0.00717978 -5.90051e-07 0 0 0
1358 1066 0.057045 -0.966544 0.250078 -0.00215379 -1.37538e-07 0 0 0
1195 2988 0.873561 0.0771673 0.480558 -0.00449449 -3.84017e-07 0 -1 0
1195 1156 0.619413 -0.598766 -0.507747 -0.00328016 -2.57762e-07 0 -1 0
877 3125 0.365784 -0.472818 -0.801652 -0.00813689 -4.94696e-07 0 0 0
3984 714 0.816902 -0.21035 -0.537052 -0.0110541 -7.61524e-07 0 0 0
1195 4941 0.0871095 0.708454 0.700361 -0.000817092 -6.38872e-08 0 0 0
1039 2396 0.625684 -0.409591 0.663894 -0.00379698 -3.10413e-07 0 0 0
3263 4507 0.814351 -0.576607 0.0660078 -0.00837444 -5.39895e-07 0 0 0
3951 4182 0.0691034 -0.841367 0.536028 -0.0319221 -3.05147e-06 0 0 0
851 3057 0.770326 0.543216 -0.333936 -0.0111963 -9.13236e-07 0 0 0
2636 4318 0.7906 0.602024 -0.111884 -0.00358187 -2.60257e-07 0 0 0
1987 940 0.692475 -0.542107 -0.476024 -0.021251 -1.88193e-06 0 0 0
610 4763 0.901755 0.430063 -0.0434082 -0.00404982 -2.79702e-07 0 0 0
4348 4695 0.11394 0.559183 0.821177 -0.0380093 -2.50488e-06 0 0 1
287 2137 0.822085 0.23817 0.517157 -0.00342755 -1.96276e-07 0 0 0
712 3363 0.495498 0.859382 0.126275 -0.0151225 -1.39936e-06 0 0 1
1791 5474 0.425081 0.709565 -0.561982 -0.00110017 -9.57552e-08 0 0 1
5154 1095 0.349553 -0.639221 -0.684988 -0.0295026 -2.44689e-06 0 0 0
2239 1716 0.424041 0.301291 0.854057 -0.0152751 -1.07577e-06 0 0 0
1638 5228 0.569877 -0.546692 -0.613488 -0.00275706 -2.37162e-07 0 0 0
1279 4497 0.536541 -0.587827 0.605461 -0.00200697 -1.35018e-07 0 -1 0
851 2176 0.289878 -0.365934 -0.884343 -0.00309015 -2.49522e-07 0 0 0
2067 1325 0.448561 0.791152 0.415778 -0.0135206 -1.04364e-06 0 0 0
3531 2159 0.326996 0.0234728 -0.944734 -0.00407473 -3.55588e-07 0 0 0
5310 2484 -0.18517 -0.440071 0.878664 -0.0173217 -1.3493e-06 0 0 0
2067 1821 0.244906 0.419877 -0.873913 -0.0249514 -2.06063e-06 0 0 0
386 724 0.125518 0.860933 0.492991 -0.00386216 -2.34596e-07 0 0 0
847 2173 0.254163 0.903031 -0.346319 -0.00391156 -2.66025e-07 0 0 0
3597 3019 0.384741 0.759696 0.524248 -0.00757719 -6.08296e-07 0 0 0
5310 2870 0.904868 -0.0928136 -0.415452 -0.0185802 -1.47725e-06 0 1 0
5150 2139 0.866549 -0.210526 0.452518 -0.00241234 -2.06137e-07 0 0 0
1155 5150 0.599531 0.508052 0.618422 -0.00582507 -4.71444e-07 0 0 0
1533 1691 0.265146 0.781794 -0.564354 -0.0030202 -2.34378e-07 0 0 0
1794 1292 0.418673 -0.421658 0.804312 -0.00574117 -3.30136e-07 0 0 0
4301 2872 0.358662 0.650628 -0.669362 -0.00537495 -3.32748e-07 0 0 0
706 1595 0.684166 0.447702 -0.575743 -0.0298348 -2.09637e-06 0 0 0
4301 798 0.837064 -0.0403183 0.545617 -0.0281334 -1.69486e-06 0 0 0
4155 82 0.79481 0.0257889 -0.60631 -0.00655824 -5.61904e-07 0 0 0
5249 3427 0.500886 0.290202 0.815411 -0.00636002 -5.2411e-07 0 0 0
3626 3101 0.264004 0.427833 0.864443 -0.019107 -1.50377e-06 0 0 0
5373 1185 0.263744 0.383733 -0.884979 -0.0680658 -4.24488e-06 0 0 0
5373 1987 -0.0931224 -0.99054 -0.100794 -0.0244061 -2.06941e-06 0 0 0
3347 3192 0.623479 0.120464 0.772504 -0.00682849 -6.05938e-07 0 0 0
3696 849 0.511783 -0.324494 -0.795476 -0.00948862 -8.85704e-07 0 0 0
1963 5002 0.768031 -0.639907 -0.0254423 -0.00900002 -7.54186e-07 0 -1 0
1963 1324 0.61306 0.650724 0.448014 -0.00834491 -6.1401e-07 0 0 0
2603 2415 0.702692 -0.353441 -0.617498 -0.0108989 -9.38277e-07 0 0 0
2848 204 -0.0657685 -0.99715 -0.036955 -0.00879237 -6.23235e-07 0 0 0
2034 1273 0.761984 -0.144189 -0.631339 -0.0131623 -1.09361e-06 0 0 0
2603 4784 0.228273 -0.411039 0.882575 -0.0267924 -1.8044e-06 0 0 0
1526 1646 0.184152 -0.815172 0.549165 -0.00788553 -6.09002e-07 0 0 0
4292 1571 -0.185452 0.255248 -0.948923 -0.00281295 -2.34849e-07 0 0 0
1526 4966 0.426912 0.0244036 -0.903964 -0.00136507 -1.12167e-07 0 0 0
1526 2220 0.707627 0.123163 0.69577 -0.00735223 -5.6392e-07 0 0 0
2162 1639 0.555131 -0.515769 0.652543 -0.00310625 -2.08969e-07 0 0 0
5354 1193 0.102743 -0.782744 0.613804 -0.0059024 -4.97102e-07 0 0 0
891 4408 0.203187 -0.296427 -0.933191 -0.0436055 -3.22242e-06 0 0 0
827 3116 0.130337 -0.793438 0.594533 -0.00474219 -3.62077e-07 0 0 0
989 3597 0.349421 0.901052 0.256926 -0.0152396 -1.16297e-06 0 0 0
215 1550 0.291915 -0.885326 -0.361916 -0.00458461 -2.8819e-07 0 0 0
4254 5435 0.766752 -0.577654 0.280014 -0.00960454 -7.59292e-07 0 0 0
362 3022 0.368364 -0.696117 -0.616222 -0.0126191 -9.03273e-07 0 0 0
3263 5445 0.380707 0.905055 -0.189573 -0.00524537 -3.57461e-07 0 0 0
1014 2239 0.280439 0.925459 -0.254714 -0.0191734 -1.39429e-06 0 1 0
5253 1715 0.621295 -0.379544 0.68552 -0.0126195 -1.10165e-06 0 0 0
4858 49 0.219483 0.739642 0.636205 -0.00729151 -6.7029e-07 0 0 0
5152 414 0.266543 0.139131 0.953728 -0.00792374 -7.64334e-07 0 0 0
5253 2719 0.350963 0.491505 0.797025 -0.0350663 -2.04206e-06 0 0 0
5253 4383 0.148038 -0.92279 -0.35573 -0.0431099 -2.77043e-06 0 0 0
4791 341 0.816215 -0.0327469 -0.576819 -0.00285417 -2.41341e-07 0 0 0
4909 3001 0.840641 0.459528 0.286631 -0.00953537 -7.68052e-07 0 0 0
3883 2493 0.475593 -0.497141 -0.725715 -0.0208066 -1.5688e-06 0 0 0
2606 2371 0.55507 0.813045 -0.175657 -0.00213292 -1.5462e-07 0 0 0
4932 4209 0.030479 0.860515 -0.508512 -0.00908305 -6.8798e-07 0 0 0
3930 4251 0.661759 0.629161 -0.407715 -0.013864 -8.42651e-07 0 0 0
1268 2676 0.626219 0.286163 0.725231 -0.00957254 -6.37704e-07 0 0 0
5114 762 0.029716 0.576678 0.816431 -0.000145161 -1.26746e-08 0 0 0
3442 1196 0.668863 -0.304982 0.677944 -0.00888782 -7.77489e-07 0 0 0
4675 732 0.622653 -0.0830911 -0.778074 -0.0290149 -2.22561e-06 0 0 0
1246 2820 0.423905 0.637312 0.643535 -0.0108578 -7.3124e-07 0 0 0
1688 1161 0.915131 0.34457 0.209299 -0.00897674 -6.33356e-07 0 0 1
1246 132 0.767732 -0.432826 0.472493 -0.00272039 -1.79628e-07 0 0 0
240 1353 0.533902 0.157181 0.830809 -0.0133684 -9.30731e-07 0 0 0
3372 553 0.441511 -0.889059 0.121005 -0.00344073 -3.1778e-07 0 0 0
4675 386 0.222127 -0.408742 0.885206 -0.0176116 -1.19244e-06 0 0 0
2545 2145 0.567538 -0.555844 -0.607403 -0.0100694 -6.90289e-07 0 0 0
3720 3734 0.578356 -0.433765 -0.690907 -0.00810258 -5.3762e-07 0 0 0
2797 1555 0.59406 0.471282 -0.651909 -0.000544203 -4.83103e-08 0 0 0
2484 3599 0.413167 -0.896145 0.16192 -0.0092804 -7.91912e-07 0 0 0
4947 5454 0.286053 0.660292 -0.694398 -0.00671298 -4.96696e-07 0 0 0
585 1787 0.67982 0.532793 -0.503961 -0.0143166 -9.74552e-07 0 0 0
3646 2028 0.65914 -0.435435 0.613132 -7.45366e-05 -5.69736e-09 0 0 0
5015 1534 0.625502 -0.603034 0.495073 -0.00764874 -6.04244e-07 0 0 0
1096 4909 0.341934 0.495704 -0.798347 -0.00683285 -5.26067e-07 0 1 -1
96 2022 0.422332 0.351652 -0.83545 -0.0215002 -1.68119e-06 0 0 0
2735 1743 0.300456 0.314212 -0.900554 -0.0099901 -9.14954e-07 0 0 0
96 2696 -0.0456518 -0.865703 0.498471 -0.00345424 -3.18831e-07 0 0 0
3175 466 0.852858 0.408118 0.325689 -0.00330335 -2.44496e-07 0 0 0
1695 4748 0.602468 0.357568 -0.713566 -0.0150821 -1.16102e-06 0 0 0
2139 1854 -0.190742 0.765047 0.615077 -0.00414141 -3.64027e-07 0 0 0
3618 4648 0.467739 0.0982291 0.878391 -0.026535 -2.17833e-06 0 0 0
3454 1955 0.681751 0.714676 0.156381 -0.00736703 -5.23417e-07 0 0 0
1507 1951 0.0236652 -0.381256 -0.924167 -0.0250469 -1.6378e-06 0 0 0
4383 3041 0.205296 -0.961926 -0.180424 -0.0355328 -3.0988e-06 0 0 0
1490 4489 -0.965181 -0.21127 -0.154242 -0.0140777 -1.30706e-06 0 0 0
1387 515 0.0987392 0.248442 0.963601 -0.00565801 -4.32321e-07 0 0 0
1177 2008 0.607543 0.775441 0.171995 -0.0139108 -9.47515e-07 0 0 0
1646 5479 0.763099 -0.00174633 0.646279 -0.00660046 -5.03965e-07 0 0 0
1211 3744 0.53473 0.611788 0.582906 -0.000630555 -4.49827e-08 0 0 0
777 1304 0.265774 -0.941262 0.208302 -0.0204672 -1.71751e-06 0 0 0
1246 5178 0.746778 -0.425783 -0.510912 -0.000571964 -4.53086e-08 0 0 0
235 2442 0.702365 0.0907366 0.706011 -0.0318822 -1.86181e-06 0 0 0
41 5459 0.073151 0.982123 -0.173444 -0.00808732 -6.97305e-07 0 0 0
4864 4457 0.345906 0.127425 -0.929576 -0.00180148 -1.64037e-07 0 0 0
2497 716 -0.28823 -0.0540614 0.956034 -0.00624097 -4.6321e-07 0 0 0
2497 3720 -0.133913 0.984819 0.110452 -0.00187662 -1.53565e-07 0 0 0
3471 5473 -0.252963 -0.95709 -0.14138 -0.0140034 -9.6408e-07 0 0 0
2616 2085 0.338515 0.623974 -0.704318 -0.00867414 -6.87453e-07 0 0 0
4313 2563 0.102223 -0.871133 0.48029 -0.020134 -1.56086e-06 0 0 0
2948 4 0.232681 -0.844458 -0.482441 -0.00395887 -2.42192e-07 0 0 0
1738 2285 0.736671 0.365502 -0.568967 -0.000569543 -4.74026e-08 0 0 0
2258 3068 0.402685 0.470914 0.78491 -0.00565201 -5.30055e-07 0 0 0
5438 926 0.812974 0.547979 0.196958 -0.00140026 -1.07362e-07 0 0 0
925 1278 0.869995 -0.234528 -0.433711 -0.000397937 -3.76511e-08 0 0 0
673 4110 0.884756 0.445709 0.136201 -0.00337205 -2.65477e-07 0 0 0
3369 2083 0.0305868 0.949471 -0.31236 -0.0041127 -3.12489e-07 0 0 0
4038 519 -0.290083 -0.100477 -0.951712 -0.0190356 -1.07839e-06 0 0 0
886 4740 0.361922 -0.157362 -0.918831 -0.0015339 -1.21343e-07 0 0 0
1688 2490 -0.109306 -0.908428 -0.403497 -0.00733158 -6.91426e-07 0 0 0
919 2601 -0.067817 -0.824411 0.561914 -0.0148824 -1.25177e-06 0 0 0
3844 1125 0.713959 0.583039 -0.387721 -0.00781622 -6.3384e-07 0 0 0
919 2763 0.383379 0.769257 -0.51114 -0.013682 -8.33653e-07 0 0 0
681 1355 0.242059 -0.964567 0.104966 -0.00054916 -4.53668e-08 0 0 0
3534 2965 0.831686 0.502507 -0.236191 -0.00244761 -2.17875e-07 0 0 0
2176 5064 0.777471 -0.0888999 0.622604 -0.004549 -3.38653e-07 0 0 0
4871 4367 0.14168 0.581382 -0.8012 -0.00466391 -3.46993e-07 0 0 0
549 5511 0.484095 0.449925 -0.75048 -0.00197146 -1.72693e-07 0 0 0
1374 31 0.546085 -0.785769 0.290445 -0.00123428 -9.2141e-08 0 0 0
939 5338 0.738257 0.641358 0.208892 -0.00564178 -4.4748e-07 0 0 0
1096 1279 0.936352 -0.348429 -0.0429225 -0.00639899 -5.36747e-07 0 1 0
4299 114 0.564729 0.755848 0.331323 -0.00476168 -2.79322e-07 0 0 0
1675 5260 0.632264 0.312935 0.708741 -0.0113022 -8.76086e-07 0 0 0
3721 3772 0.284897 -0.95453 0.0877855 -0.00368118 -3.23884e-07 0 0 0
1674 3753 0.137685 0.948247 0.286128 -0.0125281 -9.2676e-07 0 0 0
1176 2477 0.191456 -0.0971414 -0.976682 -0.00783503 -5.76462e-07 0 0 0
1816 4400 0.633988 -0.415102 -0.652495 -0.00344678 -2.32421e-07 0 0 0
4555 1027 -0.203736 0.118276 -0.971855 -0.00232986 -1.80664e-07 0 0 0
3670 2009 0.647002 0.752733 -0.12158 -0.00572319 -4.03916e-07 0 0 -1
1904 2916 0.916899 0.357501 -0.177453 -0.00417503 -2.70431e-07 0 0 0
5507 2353 0.243307 -0.277945 -0.929273 -0.00908221 -7.99485e-07 0 0 0
5102 2067 0.182345 0.983005 0.0212494 -0.00326776 -2.34786e-07 0 1 0
2194 2599 -0.0556323 -0.914919 0.399785 -0.0031774 -2.76762e-07 0 0 0
2139 4198 0.785969 -0.271849 0.555293 -0.00260303 -1.86027e-07 0 0 0
4909 5435 0.347688 0.746339 -0.56753 -0.00237153 -1.84537e-07 0 0 0
2829 4441 -0.030516 0.99423 0.102839 -0.0231546 -1.9814e-06 0 0 0
2128 4348 0.899014 0.306645 0.312639 -0.01215 -1.00483e-06 0 0 0
4575 1477 0.137851 -0.796488 0.58873 -0.00327321 -2.62827e-07 0 0 0
3742 2033 0.252286 0.670176 0.698009 -0.00913068 -7.24941e-07 0 0 0
3884 2603 0.241806 0.238614 0.940528 -0.03727 -2.90178e-06 0 0 0
2705 1107 0.0110598 -0.0403781 0.999123 -0.00754339 -5.91776e-07 0 0 0
600 3404 0.459053 0.404791 0.790831 -0.00653831 -5.22423e-07 0 0 0
1148 1397 0.648976 0.268144 0.71199 -0.0325965 -2.40001e-06 0 0 0
3582 897 0.496945 0.271833 0.824107 -0.0149796 -1.25441e-06 0 0 0
2384 508 0.485393 0.873971 -0.0238572 -0.000285885 -1.99623e-08 0 0 0
3791 5234 0.113954 0.869107 0.481318 -0.000391326 -2.75682e-08 0 0 0
1812 886 0.90275 0.348687 0.251913 -0.00527675 -4.39302e-07 0 0 0
4077 1453 0.48365 0.367601 -0.794325 -0.0175355 -1.07066e-06 0 0 0
4077 1417 0.431401 0.794455 0.427473 -0.0244775 -1.92634e-06 0 0 0
4077 3052 0.705423 -0.412181 0.576615 -0.0160633 -1.34636e-06 0 0 0
3307 1560 0.453497 -0.0736678 -0.888208 -0.0188056 -1.29347e-06 0 0 0
4569 5222 -0.173813 0.460624 0.87041 -0.00625697 -4.67658e-07 0 0 0
3503 4740 0.349089 0.796233 -0.494115 -0.00154379 -1.31385e-07 0 0 0
4569 4888 0.560911 -0.813226 -0.155055 -0.00700806 -4.56536e-07 0 0 0
1543 2510 0.329409 0.577213 -0.747205 -0.00467327 -3.06841e-07 0 0 0
1812 3503 0.831486 -0.546845 -0.0979355 -0.00275311 -1.85597e-07 0 0 0
3975 4265 0.337368 0.88624 -0.317428 -0.0161735 -1.27711e-06 0 0 0
2930 2024 0.746007 -0.465552 -0.476167 -0.00384843 -2.59402e-07 0 0 0
2823 1890 0.886612 -0.131024 -0.443566 -0.00363517 -2.19527e-07 0 0 0
1242 877 0.200162 -0.946922 0.251541 -0.0143342 -8.45802e-07 0 0 0
2282 1395 0.710762 0.684202 0.163356 -0.0100651 -8.15422e-07 0 0 0
2823 828 0.276582 0.644474 -0.71285 -0.00491868 -3.10989e-07 0 0 0
2914 2102 0.571858 -0.789594 -0.222532 -0.000836526 -6.82771e-08 0 0 0
2410 748 0.0621253 -0.333057 -0.940858 -0.017826 -1.42878e-06 0 0 0
928 760 0.484129 -0.11133 0.867885 -0.0173074 -1.38221e-06 0 0 0
587 1631 0.122541 0.684167 -0.718957 -0.00966993 -8.25001e-07 0 0 0
1869 2974 0.430371 0.650035 -0.626287 -0.0173579 -1.2215e-06 0 0 -1
1869 3794 0.472151 -0.327176 0.818553 -0.00902677 -6.51134e-07 0 0 0
928 5314 0.214106 0.128167 -0.968366 -0.0105601 -8.49103e-07 0 0 0
4547 327 0.676335 -0.663178 0.320571 -0.00125462 -1.17918e-07 0 0 0
1867 1185 0.544015 0.281945 0.790288 -0.0293148 -2.33362e-06 0 0 0
3101 1769 0.23845 0.76423 0.599244 -0.00790853 -5.18036e-07 0 0 0
1841 1325 0.67527 0.246781 -0.695061 -0.0171028 -1.33421e-06 0 0 0
1244 2578 0.0518146 -0.127727 -0.990455 -0.0059829 -3.98075e-07 0 0 0
4885 3002 0.370208 -0.710978 -0.597876 -0.0135963 -1.06494e-06 0 -1 0
1734 2807 0.92651 -0.36878 0.0747004 -0.0181071 -1.2358e-06 0 0 0
4408 890 0.616467 0.502482 0.606202 -0.012631 -1.21642e-06 0 0 0
1013 1670 0.246501 -0.93654 0.249259 -0.0286199 -1.9837e-06 0 0 0
4608 1175 0.619829 0.276625 0.734364 -0.0103549 -7.00028e-07 0 0 0
447 3368 0.667252 0.549908 -0.50237 -0.00670809 -4.79403e-07 0 0 0
899 1947 0.170336 0.30673 0.936431 -0.0169966 -1.28181e-06 0 0 0
3969 3885 0.808683 -0.421699 0.410124 -0.0032 -2.28196e-07 0 0 0
3239 2034 0.281391 0.440713 0.852403 -0.000523093 -4.05177e-08 0 0 0
944 4103 0.273456 -0.778953 -0.564318 -0.0149137 -9.78058e-07 0 0 0
2569 4536 0.397352 -0.645156 -0.652599 -0.00745735 -5.10967e-07 0 0 0
5147 4784 0.441736 0.424224 -0.790508 -0.0201811 -1.58173e-06 0 1 -1
2022 967 0.840251 0.287973 -0.459402 -0.0108914 -8.35197e-07 0 0 0
3337 2007 0.834854 -0.481999 -0.265886 -0.0187238 -1.68287e-06 0 0 0
4274 3754 0.777811 -0.162991 -0.606995 -0.0207419 -1.68764e-06 0 0 0
2544 4813 0.59601 -0.196644 0.778526 -0.00735368 -4.83256e-07 0 0 0
3337 476 0.762598 0.510968 0.396681 -0.00702163 -6.10296e-07 0 0 0
4640 3216 0.598341 -0.617022 0.511147 -0.00493329 -3.70393e-07 0 0 0
3720 1611 0.444942 0.871712 0.205293 -0.00351122 -3.26718e-07 0 0 0
58 1595 0.251703 0.847884 0.466624 -0.00228438 -1.56332e-07 0 0 0
96 3978 0.139943 0.419071 0.897104 -0.0256484 -1.46165e-06 0 0 1
2534 2426 0.368437 0.913333 -0.173428 -0.00141768 -9.77505e-08 0 0 0
4563 147 0.326726 0.342169 0.881006 -0.0141568 -9.95531e-07 0 0 0
3280 613 -0.689677 0.00175937 -0.724115 -0.010408 -7.30275e-07 0 0 0
4931 779 0.308578 -0.928085 0.208418 -0.00637884 -4.63921e-07 0 0 0
5150 700 0.0877394 0.251688 -0.963823 -0.00350706 -2.70217e-07 0 0 0
341 3917 -0.173585 -0.594354 -0.785246 -0.003335 -2.28664e-07 0 0 0
3090 4441 0.205318 -0.535371 -0.819282 -0.0168881 -1.27439e-06 0 0 0
3090 2493 0.371873 0.59052 -0.716237 -0.00353947 -2.74057e-07 0 0 0
3090 2477 0.500675 0.666043 0.552911 -0.00822718 -6.01163e-07 0 0 0
1670 2191 0.969292 0.165874 0.181545 -0.00953456 -6.65008e-07 0 0 0
2151 522 0.195504 0.746183 -0.636388 -0.00312158 -2.60856e-07 0 0 0
2293 4458 0.279221 -0.836154 -0.472103 -0.00752892 -6.00666e-07 0 0 0
3786 1824 0.551539 0.794805 0.253159 -0.00386024 -3.06326e-07 0 0 0
31 3775 0.444474 -0.648172 -0.618317 -0.0038841 -2.96141e-07 0 0 0
2925 1519 0.478569 -0.289287 0.829026 -0.000105956 -7.72544e-09 0 0 0
4456 750 0.171686 0.144112 -0.974554 -0.0118834 -8.74778e-07 0 0 0
4581 24 0.273282 0.943669 0.186564 -0.008304 -5.26946e-07 0 0 0
887 706 0.869465 0.420313 0.259553 -0.0239102 -1.71132e-06 0 0 0
5307 1836 0.632536 0.295137 -0.716095 -0.00613229 -4.65644e-07 0 0 0
1606 2706 0.315681 -0.17961 0.931711 -0.0246606 -1.90244e-06 0 0 0
4484 4712 -0.28772 0.0638408 -0.955584 -0.0113235 -7.94101e-07 0 0 0
4775 2151 -0.035763 0.824521 -0.564701 -0.00234186 -1.85565e-07 0 0 0
2601 4263 0.439971 -0.595911 0.671801 -0.0206512 -1.56009e-06 0 0 0
1611 4198 0.608845 0.694269 -0.383794 -0.00559509 -4.74553e-07 0 0 0
3504 4970 0.65026 -0.215013 -0.72865 -0.000367182 -2.41277e-08 0 0 0
1998 1953 0.62052 -0.137098 -0.772113 -0.021525 -1.37173e-06 0 0 0
4009 550 0.927771 0.321244 0.189849 -0.00247784 -1.88231e-07 0 0 0
3231 1385 0.0612157 0.822649 0.565245 -0.0086181 -5.51586e-07 0 0 0
428 1811 0.43083 0.841001 0.327265 -0.00478844 -4.51924e-07 0 1 0
2398 4858 0.820842 -0.492463 -0.289306 -0.000944317 -8.07547e-08 0 0 0
879 1268 0.159201 0.825376 -0.541672 -0.0105788 -7.85229e-07 0 0 0
114 3762 0.136828 0.369118 -0.919255 -0.00868536 -8.03326e-07 0 0 0
4353 2734 0.624768 0.740479 -0.247703 -0.0034699 -3.04989e-07 0 0 0
5160 305 -0.0242585 -0.555942 -0.830867 -0.00239084 -1.9186e-07 0 0 0
2115 3813 0.620464 -0.0566062 0.782189 -9.6049e-05 -6.35152e-09 0 0 0
2173 152 0.568446 0.807697 -0.156507 -0.00406769 -2.33856e-07 0 0 0
445 4457 0.52706 -0.658802 -0.53683 -0.0209279 -1.39129e-06 0 0 0
2367 5063 0.872737 0.219021 0.436304 -0.00865586 -5.80739e-07 0 0 0
657 3791 0.120031 -0.0816795 0.989404 -0.00180073 -1.25249e-07 0 0 0
1505 3895 0.443284 -0.127776 -0.887228 -0.000237237 -1.77578e-08 0 0 0
4206 3230 0.307268 -0.580613 0.753973 -0.0072821 -4.70154e-07 0 0 0
2895 139 0.683714 -0.715815 -0.14193 -0.00863185 -4.96183e-07 0 0 0
4736 5287 0.917009 -0.0159864 -0.398545 -0.0144735 -1.03101e-06 0 0 0
68 2636 0.899233 -0.372502 -0.229395 -0.00116174 -7.95099e-08 0 0 0
413 1738 0.0237145 0.165279 -0.985962 -0.000423598 -3.59504e-08 0 0 0
1042 144 0.998082 -0.0596036 0.0167285 -0.0135139 -1.07781e-06 0 0 0
112 4182 0.0315064 0.646623 -0.762159 -0.037036 -3.28404e-06 0 0 0
477 4937 0.230433 0.550797 0.802199 -0.0144769 -1.35221e-06 0 0 0
281 906 0.00345802 0.66089 -0.750475 -0.0114921 -1.06729e-06 0 0 0
3263 3781 0.787074 0.343876 0.512117 -0.0204021 -1.27598e-06 0 0 0
3892 3098 0.872571 0.0675459 0.483795 -0.00558112 -4.13501e-07 0 0 0
3838 2313 0.74724 0.272394 0.606164 -0.0259849 -1.68607e-06 0 0 0
3909 4813 0.094488 0.953794 -0.285216 -0.00952191 -6.32455e-07 0 0 0
4554 2805 0.37173 -0.696569 -0.613684 -0.00831515 -5.36451e-07 0 0 0
816 4159 0.732335 0.479292 -0.483698 -0.0256021 -1.71583e-06 0 0 0
1629 2882 -0.997309 -0.0594115 -0.0429541 -0.0101602 -8.56031e-07 0 0 0
1960 5152 0.719048 0.30189 -0.625965 -0.00831096 -6.92454e-07 0 0 0
1397 827 0.0814695 -0.59516 0.799467 -0.0122978 -9.97928e-07 0 0 0
817 4937 0.048102 0.169504 -0.984355 -0.0248823 -2.22496e-06 0 0 0
1619 1745 0.743055 0.626951 0.234099 -0.0183959 -1.26884e-06 0 0 0
1403 4044 0.143259 0.88892 -0.435085 -0.00113515 -7.85597e-08 0 0 0
774 2717 0.407752 -0.343384 -0.846065 -0.010848 -7.70528e-07 0 0 0
2581 5512 0.58158 -0.434592 0.687673 -0.00105458 -8.71765e-08 0 0 0
1604 3940 0.259384 0.317172 0.912207 -0.00445817 -4.17638e-07 0 0 0
3378 2294 0.624259 0.759067 -0.184709 -0.00436281 -3.58002e-07 0 0 0
2843 3684 0.755893 0.316241 -0.573251 -0.00572202 -5.04954e-07 0 0 0
4780 5292 0.689944 0.721712 -0.0557603 -0.0056953 -3.99978e-07 0 0 0
4780 1901 0.605557 -0.520526 -0.601958 -0.0131724 -1.18689e-06 0 0 0
3649 4009 0.63854 -0.392356 -0.66206 -0.00741584 -5.50185e-07 0 0 0
3649 4970 0.732503 0.67076 0.116278 -0.00412454 -3.22757e-07 0 0 0
473 5113 0.178302 -0.684867 0.706516 -0.00340477 -2.49318e-07 0 0 0
5190 2418 0.24648 0.0746882 0.966266 -0.018781 -1.41578e-06 0 0 1
5155 3599 0.634795 -0.41698 -0.65051 -0.00520912 -3.37944e-07 0 0 0
2907 3584 0.363409 0.929021 0.0696738 -0.00355382 -2.79189e-07 0 0 0
3267 228 0.147805 0.00659489 -0.988995 -0.0195131 -1.59898e-06 0 0 0
1324 425 0.342248 0.546302 -0.764474 -0.00401307 -2.98947e-07 0 0 0
2907 3519 0.969139 -0.206581 0.134512 -0.00108978 -7.87608e-08 0 0 0
136 3937 0.919384 -0.367688 0.139781 -0.00157614 -1.19136e-07 0 0 0
750 3463 0.310436 0.810184 0.497223 -0.00555016 -3.48105e-07 0 0 0
750 91 0.667881 -0.355731 -0.653751 -0.0149567 -9.70311e-07 0 0 0
3758 2849 0.0712791 -0.692965 0.717439 -0.00269411 -2.16478e-07 0 0 0
1304 4633 0.532776 -0.771193 0.34844 -0.0111265 -9.15788e-07 0 0 0
4888 2190 0.55185 -0.240732 -0.798442 -0.0110851 -7.84441e-07 0 0 -1
3632 591 0.0870255 -0.901736 0.423436 -0.0247663 -2.21126e-06 0 0 1
3280 1207 0.748197 0.117244 0.653035 -0.00177799 -1.37699e-07 0 0 0
4215 4489 0.564556 -0.323368 0.759414 -0.0175633 -1.45271e-06 0 0 0
3720 1462 0.219322 0.726588 -0.651128 -0.00435471 -3.58262e-07 0 0 0
575 2545 0.859933 0.51013 0.0167748 -0.008594 -6.90232e-07 0 0 0
1504 4925 0.703697 -0.0647634 0.707542 -0.0261544 -1.7783e-06 0 0 0
2680 2262 -0.217964 0.128128 -0.96751 -0.00811505 -4.88968e-07 0 0 0
3571 4195 0.720101 0.475963 -0.504889 -0.0106061 -7.65857e-07 0 0 0
3571 4547 -0.00592026 -0.711413 -0.702749 -0.00405783 -3.92425e-07 0 0 0
3980 4957 0.885028 -0.436632 -0.161484 -0.00328992 -2.53245e-07 0 0 0
1550 5459 0.853845 0.0831095 -0.51385 -0.00473716 -4.16671e-07 0 0 0
4513 3263 0.120494 0.985117 -0.122583 -0.00586763 -4.99582e-07 0 0 0
1639 5304 0.704374 0.478029 0.524735 -0.0136149 -9.84472e-07 0 0 0
3476 566 -0.0786736 0.174294 0.981546 -0.0221798 -1.89716e-06 0 0 0
3091 3524 0.123764 0.435527 0.891627 -0.011364 -9.51595e-07 0 0 0
3800 1662 0.457616 0.335476 0.823434 -0.00746642 -6.34829e-07 0 0 0
4857 1067 0.265958 -0.223854 0.937633 -0.00335262 -2.33809e-07 0 0 0
4553 3538 0.597285 0.0262927 -0.801598 -0.00348911 -2.74832e-07 0 0 0
549 3825 0.930882 -0.326515 0.163849 -0.00556317 -3.72918e-07 0 0 0
1230 4323 0.854824 -0.385422 0.347456 -0.0139044 -1.11492e-06 0 0 0
2232 4263 0.122458 0.813621 -0.568353 -0.0202597 -1.83348e-06 0 0 0
607 916 0.291378 0.0447919 -0.955559 -0.0142274 -1.22442e-06 0 0 0
4090 235 0.515292 -0.402508 0.756611 -0.0271661 -1.53473e-06 0 0 0
828 2007 0.367396 0.0278233 -0.929649 -0.00289802 -1.86718e-07 0 0 0
3986 4043 0.842049 -0.454719 0.290145 -0.000446617 -3.168e-08 0 0 0
155 3742 0.46078 0.227387 0.857891 -0.0038868 -3.04622e-07 0 0 0
5222 3101 0.323944 0.708851 -0.62657 -0.0376828 -2.88142e-06 0 0 0
5222 3016 0.697482 0.00997284 0.716533 -0.00603529 -4.44154e-07 0 0 0
3081 1107 0.888933 -0.399928 -0.223284 -0.00445613 -3.55543e-07 0 0 0
4077 3744 0.862253 -0.391937 -0.320789 -0.00552861 -4.1244e-07 0 0 0
2192 3369 0.726006 0.523738 0.44566 -0.0122557 -9.55575e-07 0 1 0
4475 5453 -0.114698 -0.0315701 -0.992899 -0.027268 -1.91604e-06 0 0 0
4578 4172 0.12882 -0.935814 0.328112 -0.00544475 -4.32947e-07 0 0 0
2045 5478 0.138965 0.952627 0.270538 -0.0196492 -1.59119e-06 0 0 0
4472 110 -0.264291 -0.192394 -0.945058 -0.00520124 -3.23656e-07 0 0 0
345 297 0.484778 0.483958 0.728543 -0.0120241 -8.54071e-07 0 0 0
1211 607 0.867664 0.0862461 -0.489612 -0.00224395 -1.88463e-07 0 0 0
1566 5212 0.706497 -0.598508 -0.37769 -0.0148466 -1.17928e-06 0 -1 0
1932 858 0.457963 0.360835 0.812446 -0.0312833 -2.18281e-06 0 0 0
1743 5402 0.655205 -0.206269 0.726746 -0.0105242 -9.3941e-07 0 0 0
2172 708 0.681352 -0.729081 0.0648199 -0.00105614 -8.52461e-08 0 0 0
1743 4121 0.834123 -0.551168 -0.0212752 -0.00887111 -8.25531e-07 0 0 0
1743 4032 0.837298 0.354287 -0.416428 -0.018136 -1.38226e-06 0 0 0
5454 1872 0.71782 -0.259013 -0.646256 -0.00533643 -4.48595e-07 0 0 0
3035 2280 0.894288 -0.381773 0.233448 -0.00810987 -7.51537e-07 0 0 0
2195 2778 0.807753 -0.52411 0.269896 -0.00103604 -7.52399e-08 0 0 0
22 2361 0.816126 0.186956 0.546795 -0.00387648 -3.23991e-07 0 0 0
1241 5277 0.196009 -0.232785 -0.952571 -0.0174876 -1.21016e-06 0 0 0
2813 3988 0.768677 -0.0849879 -0.633965 -0.00694375 -5.70483e-07 0 0 0
4724 4447 0.769664 0.0226178 0.638048 -0.0102544 -7.53924e-07 0 0 0
3473 5332 0.330933 -0.443611 0.832882 -0.0208132 -1.36188e-06 0 0 0
2545 3374 0.792169 0.488602 -0.365699 -0.00099602 -7.4716e-08 0 0 0
620 1985 0.496289 -0.840762 -0.216372 -0.00601651 -4.72966e-07 0 0 0
4714 3323 0.452498 -0.1177 -0.883964 -0.0190666 -1.44273e-06 0 0 -1
3599 5470 -0.0102659 -0.765915 -0.64286 -0.0130436 -1.05531e-06 0 0 0
3777 869 0.790417 0.392857 0.470004 -0.00851662 -7.11832e-07 0 0 0
3599 215 0.75544 -0.0562078 0.652803 -0.00771208 -4.69766e-07 0 0 0
4209 4486 0.529582 0.32351 0.784145 -0.0157739 -1.23894e-06 0 0 0
777 2811 0.888669 -0.228409 -0.397614 -0.00272253 -2.33666e-07 0 0 0
1810 3143 0.18764 -0.184909 0.964676 -0.00635824 -4.46908e-07 0 0 0
4517 4472 0.583677 0.266776 -0.766911 -0.000858848 -5.64408e-08 0 0 0
4974 3307 0.161758 -0.468545 -0.868504 -0.0128202 -8.47841e-07 0 0 0
2141 2943 0.306771 0.91073 0.27652 -0.0125203 -8.98145e-07 0 0 0
5323 2378 0.053184 -0.876598 -0.478276 -0.0101192 -8.26687e-07 0 0 0
463 611 0.593646 -0.23837 0.768612 -0.00264124 -1.89287e-07 0 0 0
619 1366 0.528211 -0.466507 -0.709482 -0.0125428 -9.82378e-07 0 0 0
1335 549 0.905098 0.0409287 0.423229 -0.00304986 -2.31133e-07 0 0 0
4141 2028 0.507327 -0.371458 -0.777585 -0.00751527 -5.68115e-07 0 0 0
719 4797 0.329332 -0.121036 0.936424 -0.0241313 -2.10866e-06 0 0 0
2895 1477 0.31289 0.263692 -0.912451 -0.00223977 -1.65951e-07 0 0 0
3369 5381 0.617228 -0.762369 -0.194483 -0.000473561 -4.18406e-08 0 -1 0
1703 1247 0.832799 0.496392 0.245033 -0.0257332 -1.78947e-06 0 0 0
3334 1778 0.126793 -0.25305 -0.959109 -0.00840507 -5.79724e-07 0 0 0
748 1960 0.6295 0.535455 -0.563043 -0.00970124 -6.76264e-07 0 0 0
2845 1055 0.717672 0.352036 -0.600848 -0.00113646 -1.05378e-07 0 0 0
4468 2472 0.482883 0.0404675 -0.87475 -0.003632 -2.74128e-07 0 0 0
3369 4319 0.832235 0.527566 0.170466 -0.0119799 -9.23507e-07 0 -1 0
2817 352 0.191389 0.616387 -0.763831 -0.0203957 -1.46493e-06 0 0 0
1629 2484 0.998506 0.00678608 -0.0542191 -0.000457059 -3.76634e-08 0 -1 0
5332 1496 0.590165 0.594258 0.546409 -0.0209181 -1.45065e-06 0 0 0
5332 4675 0.0995521 -0.925486 -0.365465 -0.0169973 -1.1015e-06 0 0 0
265 3294 0.105644 0.69344 -0.712728 -0.0213641 -1.86931e-06 0 0 0
3041 3993 0.269869 -0.459332 -0.846277 -0.0203301 -1.72351e-06 0 0 0
132 220 0.0651672 0.442143 0.894574 -0.0133139 -1.14407e-06 0 0 0
3597 2306 0.559136 0.689158 -0.460899 -0.00763264 -5.67732e-07 0 0 0
3482 442 0.174503 0.769583 0.61424 -0.00325877 -2.41032e-07 0 0 1
5267 3427 0.70952 0.0660411 -0.701584 -0.00753702 -6.13193e-07 0 0 0
1864 3404 0.0477775 0.434044 -0.899624 -0.0013046 -1.05891e-07 0 0 0
4018 305 0.45827 0.741213 0.490503 -0.00338148 -2.7777e-07 0 0 0
2945 31 0.032972 -0.334764 -0.941725 -0.00410617 -2.9933e-07 0 0 0
5121 3726 -0.0881759 -0.870452 0.484292 -0.0104177 -7.18734e-07 0 0 0
5364 60 0.727489 -0.0908904 -0.680073 -0.0223585 -1.95288e-06 0 0 0
603 1895 0.428901 0.896748 -0.109032 -0.0025945 -2.16259e-07 0 0 0
3216 328 0.320269 -0.935289 -0.150543 -0.0112295 -9.32392e-07 0 0 0
2400 1311 0.197619 -0.944017 0.264156 -0.0112267 -8.92661e-07 0 0 0
3632 3651 0.562035 0.806383 -0.184019 -0.00739573 -4.86224e-07 0 0 0
5364 5086 0.717294 -0.567133 0.404783 -0.0031193 -2.51974e-07 0 0 0
587 2630 0.360139 0.512059 0.779805 -0.011517 -7.96751e-07 0 0 0
3209 3484 0.721841 0.513207 0.46429 -0.0083767 -7.97307e-07 0 0 0
1446 3610 -0.0142111 0.422705 0.906156 -0.0217412 -1.22839e-06 0 0 0
5110 98 0.991105 0.0998107 0.0880303 -0.00689727 -6.17031e-07 0 0 0
1446 514 0.586281 0.510256 -0.629217 -0.0199025 -1.35783e-06 0 0 0
4458 574 0.491816 0.250905 0.833765 -0.0355388 -2.86139e-06 0 0 0
4458 549 0.293747 0.603326 -0.741425 -0.000930773 -7.42846e-08 0 0 0
4959 415 0.46985 -0.0783775 -0.87926 -0.00136721 -1.03386e-07 0 0 0
4458 4329 0.00657193 -0.897114 -0.44175 -0.0378148 -3.01204e-06 0 -1 0
1949 3122 0.358089 -0.548963 0.755256 -0.00122786 -9.7672e-08 0 0 0
473 1068 -0.345301 0.311298 -0.885359 -0.00679646 -5.70153e-07 0 0 0
869 283 0.595877 -0.798371 -0.0867999 -0.00373502 -2.82878e-07 0 0 0
534 5022 0.706087 0.010261 0.708051 -0.00925392 -6.18955e-07 0 0 0
4942 1218 0.659465 0.349353 0.665626 -0.00958114 -7.63943e-07 0 0 1
534 2141 0.916955 -0.317335 -0.241852 -0.00800169 -5.75804e-07 0 0 0
3073 3263 0.0631849 -0.375965 0.924477 -0.0131617 -8.57404e-07 0 0 0
4803 5365 0.988104 -0.00900897 0.15352 -0.00600967 -5.15227e-07 0 0 0
1403 4353 0.784256 0.180675 -0.593548 -0.00419063 -3.27874e-07 0 0 0
3012 4824 0.694054 -0.286076 -0.660643 -0.0228037 -1.68081e-06 0 0 0
2870 507 0.727154 -0.45782 0.511516 -0.0289605 -1.72315e-06 0 -1 0
4247 2590 0.371541 0.89189 0.257855 -0.0034756 -2.92266e-07 0 0 0
3012 5417 0.388595 0.612518 0.688343 -0.000849055 -6.72525e-08 0 0 0
4947 1907 0.979619 0.0700846 -0.188243 -0.0152696 -1.2113e-06 0 0 0
2232 1193 0.897022 -0.356539 0.261213 -0.0059608 -3.22168e-07 0 0 0
1953 1477 0.657405 0.60804 0.44509 -0.00893679 -6.46186e-07 0 0 0
1227 3078 0.538551 0.110996 -0.83525 -0.000486823 -3.22529e-08 0 0 0
4550 1867 0.103302 -0.600465 0.792951 -0.0291389 -2.07859e-06 0 0 0
674 1939 0.633304 -0.20966 -0.744963 -0.0208925 -1.70609e-06 0 0 0
5445 1319 0.583033 -0.337841 -0.738875 -0.018022 -1.37881e-06 0 0 0
3717 1239 0.687955 0.673406 0.270633 -0.00234777 -1.88051e-07 0 0 0
4428 1594 0.862372 0.33059 -0.383438 -0.00605013 -4.32503e-07 0 0 0
5409 362 0.626724 -0.368849 -0.686416 -0.000489086 -3.4389e-08 0 0 0
2718 4992 0.550554 0.698503 0.457148 -0.00367738 -2.84155e-07 0 0 0
2353 4311 -0.180586 -0.0399341 -0.982748 -0.00656786 -6.28773e-07 0 0 0
2718 690 0.0825627 0.198473 -0.976623 -0.00649418 -5.55448e-07 0 0 0
4919 4671 0.776257 -0.0818819 0.625076 -0.0191187 -1.39722e-06 0 0 0
3527 132 0.603942 0.587376 0.538742 -0.0102541 -5.76264e-07 0 0 0
1067 4219 0.420279 0.826179 -0.375225 -0.0167308 -1.14787e-06 0 0 0
5148 2654 0.520941 -0.519058 -0.677642 -0.00977376 -7.65019e-07 0 0 0
413 4560 0.752544 0.4367 -0.492921 -0.00923371 -6.62209e-07 0 0 0
4313 4413 0.826112 0.495523 -0.26832 -0.00247768 -1.98025e-07 0 0 0
2221 5228 0.371581 -0.000408725 0.9284 -0.00207846 -1.56457e-07 0 0 0
1703 3098 -0.0449514 0.499173 0.865336 -0.0165967 -1.29967e-06 0 0 0
4534 58 0.546193 -0.827844 0.127854 -0.00499211 -3.26332e-07 0 0 0
4486 675 0.538661 0.113296 -0.83487 -0.014876 -1.14549e-06 0 0 0
4925 4469 0.27048 0.299517 -0.914948 -0.0310531 -2.0396e-06 0 0 0
1483 5179 0.935693 0.014581 -0.352513 -0.0103399 -7.99643e-07 0 0 0
4925 5022 0.648699 -0.556536 -0.519093 -0.00396793 -2.6649e-07 0 0 0
4925 2135 0.633534 0.764195 -0.120996 -0.0323149 -2.31863e-06 0 0 0
891 5152 0.240537 0.69204 0.680604 -0.02615 -2.22299e-06 0 0 0
1099 177 0.46345 0.877175 0.12561 -0.0146723 -1.08957e-06 0 0 0
2685 5131 0.683576 0.146823 -0.714959 -0.0363367 -3.00276e-06 0 0 0
3230 68 0.803009 -0.423672 0.41914 -0.00728202 -5.12155e-07 0 0 0
2685 4654 0.368279 0.477929 0.797468 -0.0260465 -2.31048e-06 0 0 0
1730 5228 0.237572 0.852996 -0.464712 -0.000622192 -4.64462e-08 0 0 0
1073 4366 -0.280183 -0.955583 -0.0914247 -0.00646212 -6.0603e-07 0 0 0
611 2719 0.602718 -0.795823 -0.0582864 -0.00306729 -2.13873e-07 0 0 0
2282 3875 0.426065 -0.293599 -0.855727 -0.00499615 -4.07681e-07 0 0 -1
3470 2421 0.296341 -0.458609 0.83777 -0.0153199 -1.02061e-06 0 0 0
3569 1230 0.146926 -0.76824 0.623073 -0.0264573 -1.99322e-06 0 0 0
3610 1472 0.812436 -0.55906 -0.165528 -0.0321749 -1.8564e-06 0 0 0
2578 1359 0.749013 0.661395 -0.0392102 -0.00785706 -5.189e-07 0 0 0
3610 3806 0.913006 0.384335 0.13677 -0.00605207 -3.94961e-07 0 0 0
1591 438 0.722464 -0.662948 -0.19633 -0.0123323 -1.08032e-06 0 0 0
3310 2211 -0.171514 -0.97914 0.108936 -0.00562094 -3.79812e-07 0 0 0
5266 1211 0.604767 -0.0153648 -0.796255 -0.00560504 -4.2511e-07 0 0 0
3231 2217 -0.0428322 -0.930919 0.362706 -0.0036178 -2.52991e-07 0 0 0
1168 3937 0.064599 0.0815465 0.994574 -0.00330507 -2.56493e-07 0 0 0
3470 4363 0.228105 0.606303 -0.761817 -0.00342672 -2.68056e-07 0 0 0
1707 3825 0.410636 0.227158 0.88305 -0.00338753 -2.62238e-07 0 0 0
3446 3445 0.206756 0.18578 -0.960593 -0.0111384 -7.60438e-07 0 0 0
1810 4424 0.218055 0.973729 0.0656045 -0.00353803 -2.84697e-07 0 0 0
5338 3060 0.638955 -0.639586 0.427394 -0.00231504 -2.00971e-07 0 0 0
4224 5143 0.530002 -0.814441 0.236185 -0.000539766 -4.7398e-08 0 0 0
414 4630 0.557682 0.631704 0.538462 -0.00752014 -6.5713e-07 0 0 0
1410 2133 0.75559 -0.152122 0.637136 -0.00342111 -2.74668e-07 1 0 0
798 3838 0.305479 0.731807 -0.609213 -0.00143136 -9.34389e-08 0 0 0
3504 1273 0.557026 -0.396766 0.729588 -7.02861e-05 -4.6277e-09 0 0 0
3683 4369 -0.105021 0.939406 -0.326322 -0.0135646 -1.24769e-06 0 0 0
118 879 -0.0122015 -0.600246 -0.799722 -0.0179029 -1.41181e-06 0 0 0
4482 1828 0.542277 0.0339556 -0.839513 -0.0132971 -1.17244e-06 0 1 0
3454 4686 0.422558 0.48672 -0.764558 -0.00752313 -5.42349e-07 0 0 0
4952 2798 0.433546 -0.783393 -0.445346 -0.0060421 -3.96731e-07 0 0 0
4952 2914 0.478468 0.173312 -0.860832 -0.0046117 -3.17282e-07 0 0 0
5417 5314 -0.0557972 -0.383341 0.92192 -0.0176645 -1.37577e-06 0 0 0
4966 3187 -0.222305 -0.726799 -0.649879 -0.00877523 -8.00198e-07 0 0 0
3203 858 0.204217 -0.121029 -0.971415 -0.0376406 -2.80325e-06 0 0 0
414 4738 -0.0150407 -0.519099 0.854582 -0.00245967 -2.33944e-07 0 0 0
4400 2551 0.505629 0.682338 0.527972 -0.00739628 -5.3108e-07 0 0 0
4902 1692 0.0940228 0.888602 0.448938 -0.00613545 -4.98034e-07 0 0 0
3811 1591 0.657343 -0.548829 -0.516418 -0.00757041 -7.3396e-07 0 0 0
4269 2220 0.208196 0.102545 -0.972697 -0.00535843 -4.30795e-07 0 0 0
2684 3690 0.0801256 0.686915 0.722308 -0.000755179 -5.94857e-08 0 0 0
4200 1812 0.341794 -0.688328 -0.639829 -0.0105942 -8.83239e-07 0 0 0
1161 1447 0.78622 -0.613518 -0.0738436 -0.0044262 -3.11197e-07 0 0 -1
2193 1531 0.536823 -0.224072 -0.813396 -0.00848477 -7.84694e-07 0 0 0
3061 2060 -0.143382 -0.586966 0.796814 -0.00487696 -3.91779e-07 0 0 0
1943 1251 0.021888 -0.993321 -0.113288 -0.00300669 -2.84811e-07 0 0 0
4605 5495 -0.00210796 -0.962823 -0.270124 -0.0140282 -1.10899e-06 0 0 0
4469 3659 0.14555 -0.157019 -0.976811 -0.0288754 -1.93941e-06 0 0 0
4605 1279 0.49541 0.588622 -0.638821 -0.00982703 -6.43656e-07 0 1 0
4605 2804 0.616771 0.0779122 0.783277 -0.0165045 -9.50634e-07 0 0 0
2141 4497 0.376068 -0.86303 -0.337272 -0.00523005 -3.77175e-07 0 -1 0
464 4003 0.0395957 -0.90768 -0.417792 -0.0013574 -1.16289e-07 0 0 0
2566 1762 -0.432605 -0.901583 0.00121351 -0.00665613 -6.15723e-07 0 0 0
4365 1503 0.861797 0.195029 0.468262 -0.00504843 -3.79382e-07 0 0 0
1073 3442 -0.158211 0.160036 0.97435 -0.0100799 -9.24277e-07 0 0 0
3921 4159 0.859986 -0.498757 0.108008 -0.000335813 -2.13204e-08 0 0 0
86 798 0.547975 -0.546669 -0.633148 -0.0173967 -1.0136e-06 0 0 0
2181 4527 0.98479 -0.118829 -0.126759 -0.0260565 -2.26944e-06 0 0 0
438 2606 0.385377 -0.915913 -0.1122 -0.0148205 -1.23127e-06 0 0 0
4365 275 0.475329 0.0692046 -0.877082 -0.0151136 -1.07773e-06 0 0 0
5086 2632 0.514027 -0.412346 0.752162 -0.00367277 -2.73374e-07 0 0 0
26 2721 0.383522 0.886012 0.260563 -0.0125425 -9.2993e-07 0 0 0
2329 5509 0.477997 0.841839 0.250651 -0.00390691 -3.25411e-07 0 0 0
2254 2253 0.966627 0.0326315 0.254099 -0.00215628 -1.59798e-07 0 0 0
4317 1474 0.757998 -0.351476 0.549458 -0.00579051 -4.09858e-07 0 0 0
3777 1525 0.794354 -0.193197 -0.575914 -0.00467096 -3.68719e-07 0 0 0
5405 3532 0.361127 -0.705331 0.609996 -0.00828254 -6.68377e-07 0 -1 0
2441 1441 0.31981 0.752764 -0.575385 -0.00152222 -1.23744e-07 0 0 0
1039 3229 0.718543 -0.0791841 -0.69096 -0.00765542 -6.12981e-07 0 0 0
2404 733 0.954447 -0.211023 -0.210953 -0.00779985 -4.88064e-07 0 0 0
1490 2629 0.568879 -0.592078 -0.570807 -0.0040695 -2.33653e-07 0 0 0
4205 200 0.738432 0.335434 0.584981 -0.0144007 -1.16391e-06 0 0 0
63 2021 0.664539 -0.223384 0.713083 -0.00364262 -2.51252e-07 0 0 0
5027 2966 0.63969 0.0274402 -0.768143 -0.000190831 -1.48554e-08 0 0 0
2341 235 0.394385 0.553872 0.733271 -0.0131627 -1.03808e-06 0 0 0
3182 383 0.101256 0.704489 -0.702455 -0.00141172 -1.13522e-07 0 0 0
2614 4318 0.418267 -0.70937 -0.567315 -0.00655682 -4.15792e-07 0 0 0
5228 2073 0.608498 -0.395894 -0.687749 -0.00187738 -1.49856e-07 0 0 0
4615 1058 0.699809 -0.568025 -0.433146 -0.0244314 -1.79061e-06 0 0 0
2395 1631 0.448473 0.55519 0.700454 -0.00556696 -4.42354e-07 0 0 0
4477 813 0.853205 -0.129305 -0.505293 -0.00542803 -4.49155e-07 0 0 0
4105 3373 0.828841 0.543051 -0.134605 -0.0138214 -1.0965e-06 0 0 0
2704 560 -0.0417076 -0.350279 -0.935716 -0.0356025 -3.25483e-06 0 0 0
1470 1895 0.442004 -0.790967 0.423087 -0.00392467 -3.38489e-07 0 0 0
1470 1619 0.119839 0.983333 -0.136728 -0.0267768 -1.86461e-06 0 0 0
3610 3472 0.176416 -0.487331 0.855211 -0.0211245 -1.39508e-06 0 0 0
2611 4596 0.692947 0.629502 -0.351498 -0.0091355 -6.57465e-07 0 0 0
378 2544 0.832884 -0.342374 -0.434838 -0.00506023 -4.44675e-07 0 0 0
4821 3678 -0.0550886 -0.808596 0.58578 -0.00934957 -7.48553e-07 0 0 0
355 4209 0.483328 0.0322172 -0.874846 -0.000270602 -2.05228e-08 0 0 0
3480 2090 -0.00375539 0.442576 0.896723 -0.00194574 -1.27967e-07 0 0 0
1145 4254 0.25995 0.914066 -0.311304 -0.00803178 -6.28978e-07 0 0 0
4821 4630 0.838179 -0.223298 -0.497588 -0.0109875 -8.60592e-07 0 0 0
2695 1906 0.282725 -0.26446 -0.922024 -0.00487324 -3.83437e-07 0 0 0
2136 4217 0.622299 -0.691387 0.367054 -0.00448915 -3.30076e-07 0 0 0
4763 768 0.217786 0.930324 -0.295071 -0.00898552 -6.74952e-07 0 0 0
3362 3766 0.14472 0.660461 -0.736782 -0.00374868 -2.98496e-07 0 0 0
4131 4247 0.545965 -0.183488 0.817468 -0.00473278 -4.07014e-07 0 0 0
5470 1891 0.562709 -0.0433306 -0.825518 -0.0114402 -9.80232e-07 0 0 0
1970 3476 0.902594 -0.272274 0.333453 -0.0132515 -1.29507e-06 0 0 0
1970 2685 -0.0138612 0.522869 -0.8523 -0.0167961 -9.9817e-07 0 0 0
4704 4728 -0.990711 -0.0846707 -0.106412 -0.00651802 -5.56097e-07 0 0 0
909 1579 0.841429 0.532242 0.093353 -0.0187372 -1.00378e-06 0 0 0
863 1494 -0.0758261 -0.153581 0.985222 -0.00634332 -4.7057e-07 0 0 0
2239 2644 0.201028 0.92136 -0.332691 -0.0124493 -9.85057e-07 0 0 0
863 2195 0.864869 0.458324 -0.204795 -0.00467618 -3.63233e-07 0 0 0
166 157 -0.00654463 -0.954015 0.299687 -0.0165682 -1.36063e-06 0 0 0
1925 3101 0.638148 -0.760348 -0.120988 -0.0119346 -7.43105e-07 0 0 0
1089 3090 0.157396 0.709416 -0.68699 -0.00668627 -4.67146e-07 0 0 0
1617 4873 0.756309 0.0178678 -0.65397 -0.0313239 -2.51981e-06 0 0 0
323 2626 -0.0255843 -0.327916 0.94436 -0.0211791 -1.28488e-06 0 0 0
2261 4193 0.707702 0.482226 0.516348 -0.00394541 -2.93049e-07 0 0 0
2635 1932 0.28321 0.370197 -0.88473 -0.0164635 -1.3373e-06 0 1 0
2840 4593 0.753363 0.622242 0.212742 -0.00325823 -2.49124e-07 0 0 1
2021 3278 0.458616 -0.660739 -0.594219 -0.00353489 -2.59815e-07 0 0 0
362 4409 0.338445 0.311929 0.887781 -0.0256254 -1.99738e-06 0 0 0
4132 774 0.903897 0.0990782 0.416116 -0.0133494 -9.83458e-07 0 0 0
1236 139 0.230488 0.870356 0.43515 -0.0104344 -6.40257e-07 0 0 0
5187 4049 0.406767 0.794136 -0.451541 -0.0159946 -1.06008e-06 0 0 0
2887 861 0.780427 -0.57756 0.239494 -0.000176306 -1.40457e-08 0 0 0
154 2736 0.879634 0.396549 -0.262665 -0.0225674 -1.77108e-06 0 0 0
1937 2264 -0.0822485 -0.774577 -0.627108 -0.00048967 -3.9293e-08 0 0 0
761 4527 0.504106 0.335488 -0.795817 -0.00286981 -1.68874e-07 0 0 0
1309 2351 0.868995 -0.227713 0.43931 -0.00175061 -1.602e-07 0 0 0
4044 1666 0.369865 -0.253469 -0.893842 -0.00084314 -7.06267e-08 0 0 0
4522 1439 0.279415 -0.66114 0.696291 -0.00795916 -6.53127e-07 0 0 0
981 4675 0.435109 0.559168 0.705699 -0.00450423 -2.95493e-07 0 0 0
504 5162 0.202904 0.950866 -0.233847 -0.0149281 -8.26462e-07 0 0 0
774 2351 0.366015 0.789949 -0.491949 -0.0162069 -1.26888e-06 0 0 0
4829 1932 0.440282 -0.0477252 0.89659 -0.0277938 -2.38478e-06 0 1 0
3312 3073 0.267365 0.413309 0.870455 -0.0245634 -1.61601e-06 0 0 0
5479 870 0.9539 -0.296887 -0.0439628 -0.00190883 -1.45951e-07 0 0 0
504 4540 0.988149 -0.0975632 -0.118505 -0.00761272 -6.39555e-07 0 0 0
1694 659 -0.0531596 0.698139 0.713986 -0.00933417 -7.74069e-07 0 0 0
2545 610 0.235745 0.649015 0.723328 -0.00578292 -3.83499e-07 0 0 0
4698 1494 0.817429 -0.0681083 -0.571988 -0.00113975 -9.65082e-08 0 0 0
2022 1693 0.764221 -0.229624 0.602693 -0.0129257 -9.25704e-07 0 0 0
3505 289 0.590108 0.0252297 -0.80693 -0.0236523 -1.89168e-06 0 -1 0
3758 5459 0.0712979 -0.612729 -0.787071 -0.00699088 -5.33536e-07 0 0 0
3199 2576 0.954173 -0.135571 -0.266785 -0.00300812 -1.84745e-07 0 0 0
1431 5318 0.482254 -0.275227 0.831674 -0.0139135 -1.07564e-06 0 0 0
1641 2863 0.187926 0.232801 -0.954194 -0.00287046 -2.08506e-07 0 0 0
2969 4464 -0.0810335 -0.0135098 -0.99662 -0.0230336 -1.89373e-06 0 0 0
4969 1695 0.204184 0.801956 0.561405 -0.0219211 -1.87234e-06 0 0 0
2616 3559 0.994405 -0.0751918 -0.0741887 -0.00407094 -3.21126e-07 0 0 0
787 3761 0.344112 0.183056 -0.920911 -0.00583802 -5.19847e-07 0 0 0
5379 1927 0.975569 0.184675 -0.118996 -0.0158429 -1.12806e-06 0 0 0
2813 3098 -0.0939481 -0.62089 0.778248 -0.00739952 -5.69817e-07 0 -1 0
4969 2075 0.771899 -0.554435 0.311085 -0.00799374 -7.5467e-07 0 0 0
1365 925 0.390665 -0.706467 -0.590157 -0.00108384 -1.0115e-07 0 0 0
690 3984 0.619651 -0.117917 -0.775969 -0.00971339 -6.76908e-07 0 0 0
3869 38 0.278161 0.903019 -0.327389 -0.00535653 -4.13679e-07 0 0 0
3869 1417 0.288247 -0.946176 0.147187 -0.0083187 -6.45715e-07 0 0 0
536 2747 0.438 -0.290403 -0.850777 -0.0133262 -1.01984e-06 0 0 0
1941 1759 -0.0319509 0.657452 0.752819 -0.00536852 -3.46266e-07 0 0 0
1663 2686 0.621176 -0.294329 0.7263 -0.00499535 -2.84451e-07 0 0 0
1947 1631 0.328771 -0.884189 0.331843 -0.0114969 -9.51515e-07 0 0 0
1095 4658 0.568559 0.013576 -0.82253 -0.011908 -8.34809e-07 0 0 0
1947 4209 0.635018 0.522967 0.568557 -0.0120818 -9.28079e-07 0 0 0
2800 2169 -0.985448 -0.044531 0.164043 -0.00344307 -2.51214e-07 -1 0 0
2233 272 0.167552 -0.814632 0.555248 -0.00741139 -4.80459e-07 0 0 0
3187 4636 0.812114 -0.331268 0.480347 -0.00874988 -7.71175e-07 0 0 0
1688 5319 0.0341879 0.491184 0.870385 -0.0081748 -6.43723e-07 0 0 1
2171 3837 0.895188 -0.238715 -0.376368 -0.00629251 -4.77056e-07 0 0 0
2546 4193 0.84565 0.226114 -0.483475 -0.00218001 -1.60269e-07 0 0 0
200 2085 0.842031 -0.360001 0.401724 -0.0125477 -9.18042e-07 0 0 0
1470 3209 -0.109899 0.737758 0.66606 -0.00304722 -2.86645e-07 0 0 0
3976 4489 0.250347 0.621771 -0.74211 -0.0192236 -1.52005e-06 0 0 0
1218 4123 0.793638 -0.594779 0.127974 -0.00689019 -5.70062e-07 0 0 0
761 1013 0.315538 -0.812463 -0.490244 -0.0401901 -2.67361e-06 0 0 0
521 1745 0.930281 -0.144351 -0.337253 -0.0254655 -1.59098e-06 0 0 0
3024 4469 0.332455 -0.672291 0.661437 -0.019098 -1.34534e-06 0 0 0
5142 3475 0.207729 -0.76499 0.609622 -0.00964723 -6.22655e-07 0 0 0
3088 543 0.625213 0.766642 0.146182 -0.00116966 -8.52338e-08 0 0 0
2173 200 0.575318 -0.789646 -0.213233 -0.0155442 -1.09483e-06 0 0 0
2041 2701 0.693577 0.393377 -0.603494 -0.0163679 -1.24797e-06 0 0 0
415 4308 0.554091 -0.778499 -0.294826 -0.0113745 -9.02672e-07 0 0 0
714 1864 0.915053 -0.309361 -0.258791 -0.0057521 -4.47159e-07 0 0 0
4992 3791 -0.181151 0.493734 -0.850535 -0.00109431 -8.59292e-08 0 0 0
415 4656 0.788516 -0.239782 0.566345 -0.0100026 -7.75875e-07 0 0 0
1494 180 0.215721 -0.87884 0.425564 -0.00328966 -2.45362e-07 0 0 0
2371 5253 0.519424 -0.772837 0.364584 -0.0350386 -2.70963e-06 0 0 0
2041 1982 0.188542 -0.591331 0.784079 -0.0040573 -3.01244e-07 0 0 0
5184 1049 0.708906 -0.387508 0.589314 -0.0102517 -7.68337e-07 0 0 0
2981 3203 0.737343 -0.216137 0.640008 -0.00462319 -3.09949e-07 0 0 0
4665 1596 0.95001 0.0863223 -0.300051 -0.00183985 -1.0823e-07 0 0 0
2424 1070 0.931365 0.320359 0.172999 -0.0119048 -9.62373e-07 0 0 0
4665 5154 0.253453 -0.752016 -0.608467 -0.0236713 -1.88078e-06 0 0 0
1106 1688 0.84248 0.0955674 -0.530184 -0.0177574 -1.04744e-06 0 0 -1
2158 2927 0.857797 -0.386502 0.338822 -0.00354241 -2.76845e-07 0 0 0
5250 1170 0.937405 0.347809 0.0173329 -0.00332368 -2.15533e-07 0 0 0
1880 132 0.226412 0.422399 -0.877677 -0.00658369 -5.25249e-07 0 0 0
2927 1236 0.691328 0.635822 -0.343216 -0.0202277 -1.2272e-06 0 0 0
674 5411 -0.212239 0.284411 0.934914 -0.0287226 -2.75677e-06 0 0 0
678 2085 0.806183 -0.160671 -0.569432 -0.0100875 -6.78134e-07 0 0 0
4528 4736 0.103883 0.0929624 0.990236 -0.0113482 -8.40131e-07 0 0 0
3739 3722 0.843366 -0.298495 -0.446804 -0.00736091 -5.9602e-07 0 0 0
3085 4782 0.457542 0.206991 -0.86476 -0.0107922 -7.83356e-07 0 0 0
4640 1183 0.728947 0.193409 -0.656681 -0.00155164 -1.13511e-07 0 0 0
4227 1748 0.807813 0.589214 0.0163008 -0.005967 -4.3921e-07 0 0 0
1906 2267 0.630356 0.649883 -0.424621 -0.0047363 -4.1126e-07 0 0 0
1815 328 0.782212 0.46233 -0.417608 -0.00362423 -3.22043e-07 0 0 0
4414 5264 0.184886 -0.336647 -0.923301 -0.0227185 -1.53943e-06 0 0 0
3525 3492 0.424765 0.431134 -0.796052 -0.00747622 -5.06066e-07 0 0 0
416 3818 0.477277 -0.488759 0.730288 -0.0116374 -9.48339e-07 0 0 0
3892 5155 0.146295 0.159089 -0.976365 -0.00133642 -9.75224e-08 0 0 0
2371 1067 0.30721 -0.494408 -0.813132 -0.0179305 -1.25636e-06 0 0 0
5016 1070 0.564362 -0.404213 -0.719797 -0.00698702 -6.12232e-07 0 0 0
416 3646 0.193747 0.98094 -0.0147652 -0.0119959 -8.64743e-07 0 0 0
2122 3459 0.75681 0.297968 0.581768 -0.0165934 -1.41148e-06 0 0 0
4018 2927 0.214827 -0.89291 -0.395679 -0.0142648 -8.90634e-07 0 0 0
4695 1619 0.369391 -0.836735 0.404259 -0.0149462 -9.68736e-07 0 0 0
1189 1796 0.13865 0.157807 -0.977688 -0.0295248 -2.41013e-06 0 0 0
4695 3571 0.400481 0.466609 -0.788601 -0.0205937 -1.38752e-06 0 0 -1
2264 2170 0.900433 0.208365 -0.381842 -9.48495e-05 -8.50974e-09 0 -1 0
1156 3199 0.180823 -0.494899 -0.849928 -0.00720533 -5.9699e-07 0 0 0
3098 5381 0.417494 -0.654563 0.630274 -0.00469322 -3.82907e-07 0 0 0
5160 3282 0.904252 0.000861599 0.426998 -0.00150318 -1.43906e-07 0 0 0
404 5245 0.121091 0.776299 -0.618626 -0.0131528 -9.70134e-07 0 0 -1
2749 1230 0.275937 -0.424252 -0.862478 -0.0111883 -9.08339e-07 0 0 0
2851 5414 0.165728 -0.0865009 -0.98237 -0.00398885 -3.13327e-07 0 0 0
485 2899 0.730668 0.276737 0.624132 -0.00795414 -6.22185e-07 0 0 0
1928 3473 0.969154 -0.229224 0.0905354 -0.0023439 -1.90289e-07 0 0 0
5016 5424 0.686672 -0.286419 0.668166 -0.00349819 -2.8315e-07 0 0 0
4440 4468 0.177556 -0.665884 0.724619 -0.00162038 -1.14738e-07 0 0 0
253 2563 0.889357 0.440008 -0.124245 -0.0181676 -1.4791e-06 0 0 0
2820 5398 0.683049 0.723852 0.0973774 -0.00781733 -5.73909e-07 0 0 0
4263 220 0.664986 -0.339594 -0.665183 -0.0105677 -8.0653e-07 0 0 0
423 1732 0.508544 0.850261 -0.135793 -0.0187436 -1.03834e-06 0 0 0
477 4654 0.489242 -0.223703 -0.84297 -0.0232968 -2.11554e-06 0 0 0
477 3633 0.371918 -0.392189 0.841347 -0.0215659 -1.70583e-06 0 0 0
511 4185 0.177337 0.81614 -0.54997 -0.00603809 -4.66429e-07 0 0 0
890 1335 0.422352 0.905605 -0.0387063 -0.0134302 -1.13232e-06 0 0 0
2287 2717 0.18848 -0.603229 0.774977 -0.00855577 -6.81015e-07 0 0 0
253 3965 0.582384 -0.686999 -0.434581 -0.00297155 -2.42502e-07 0 0 0
1078 4137 0.0919918 0.252832 -0.963127 -0.0124688 -8.1791e-07 0 0 0
4832 4775 0.532644 0.83397 -0.144172 -0.00242136 -1.5789e-07 0 0 0
5234 2519 0.879124 0.471783 -0.0675446 -0.00834382 -6.37218e-07 0 0 0
3065 4559 0.369519 0.549701 0.749189 -0.0322082 -1.90259e-06 0 0 0
3065 159 0.608295 -0.544397 -0.577588 -0.0320061 -2.11052e-06 0 0 0
1953 603 0.262632 -0.565475 -0.781833 -0.0164947 -9.53067e-07 0 0 0
4554 3965 0.24921 0.0867587 0.964555 -0.03929 -2.93396e-06 0 0 0
152 4042 0.882339 -0.194021 0.428759 -0.00536181 -4.09497e-07 0 0 0
216 5265 0.267879 0.380914 0.884955 -0.0324815 -2.04474e-06 0 0 0
216 4319 0.311349 0.652501 -0.690873 -0.00757148 -5.71364e-07 0 -1 0
4656 2371 0.785581 0.171625 0.594481 -0.0241916 -1.71894e-06 0 0 0
216 4304 0.931756 -0.247337 -0.265809 -0.0254699 -1.61812e-06 0 -1 0
769 3236 0.792343 -0.560442 -0.241033 -0.00109438 -7.24266e-08 0 0 0
3440 3196 0.950685 0.102972 -0.292567 -0.0129404 -1.08704e-06 0 0 0
1886 2135 0.46193 -0.604937 -0.648592 -0.00409304 -3.15372e-07 0 0 0
1886 5263 0.739696 0.6173 0.267938 -0.0082131 -6.96147e-07 0 0 0
3569 5411 -0.167844 0.63449 -0.754487 -0.0270706 -2.17061e-06 0 0 0
1338 2590 0.971102 -0.106636 0.213518 -0.0104583 -7.19549e-07 0 -1 0
1156 2519 0.639288 -0.136494 0.756757 -0.00777089 -5.81717e-07 0 0 0
2763 5479 0.100986 0.0842295 -0.991316 -0.00971674 -8.40886e-07 0 0 0
2493 1472 0.579278 0.739109 0.343736 -0.0245809 -1.38072e-06 0 0 0
739 4304 0.102216 0.19171 -0.976114 -0.0123404 -8.72276e-07 0 0 0
163 821 0.193459 -0.762355 0.617567 -0.00214322 -1.64191e-07 0 0 0
2763 779 0.825 -0.114535 0.553404 -0.00885185 -6.32605e-07 0 0 0
4864 2232 0.790523 0.0210955 0.612069 -0.00153975 -1.39333e-07 0 0 0
2113 4817 0.176871 -0.521277 -0.834858 -0.00403561 -3.47214e-07 0 0 0
3525 2614 0.274829 -0.731459 -0.624049 -0.0036804 -2.45354e-07 0 0 0
149 3074 0.173882 -0.851302 0.495025 -0.00747639 -5.51392e-07 0 0 0
4383 3443 0.30932 -0.39679 -0.864221 -0.0313933 -2.62551e-06 0 0 0
1574 2932 0.918046 -0.325899 -0.225793 -0.00843029 -6.21725e-07 0 0 0
180 3634 0.893029 -0.351582 0.280872 -0.0114289 -8.6305e-07 0 0 0
858 4781 0.619709 0.25338 0.742805 -0.0179558 -1.7078e-06 0 0 0
1953 1997 0.723541 -0.578964 0.375885 -0.00204659 -1.75313e-07 0 0 0
3355 1000 0.045712 -0.336687 0.940506 -0.0147925 -1.12833e-06 0 0 0
5431 2707 0.792633 0.114087 0.59893 -0.00540806 -4.32897e-07 0 0 0
5496 1186 0.721725 -0.688851 0.0678007 -0.0171267 -1.43985e-06 0 0 0
5433 1017 -0.288928 0.920114 0.264408 -0.00160657 -1.00996e-07 0 0 0
3473 3266 0.989074 -0.030361 0.144262 -0.0197474 -1.23615e-06 0 0 0
3473 253 0.10865 -0.823432 -0.556916 -0.00988812 -6.56397e-07 0 0 0
2853 1017 0.637684 0.676543 -0.368304 -0.00760344 -6.13312e-07 0 0 0
3584 1529 0.965828 0.234353 0.110706 -0.0121931 -1.02493e-06 0 0 0
5089 3092 0.192031 0.164562 0.967493 -0.0140566 -1.0241e-06 0 0 1
3312 4581 0.717109 -0.68401 -0.133733 -0.000613076 -3.92902e-08 0 0 0
5466 3633 0.509716 0.211601 -0.833915 -0.0225118 -1.63839e-06 0 0 0
3362 5187 0.525378 -0.699011 -0.485141 -0.0145374 -1.10868e-06 0 0 0
5466 485 -0.14936 0.480911 0.863954 -0.0179755 -1.16587e-06 0 0 0
2099 3091 0.777752 0.361333 0.514335 -0.0178443 -1.36428e-06 0 0 0
647 3602 0.488043 -0.474195 -0.732771 -0.00364341 -2.42079e-07 0 0 0
847 678 0.875338 -0.0808817 0.476698 -0.010581 -6.89889e-07 0 0 0
2099 4695 0.139431 -0.832978 -0.53545 -0.0306943 -2.33706e-06 0 0 0
3211 3807 0.548746 0.83345 -0.0651024 -0.00406886 -2.85105e-07 0 0 0
890 2170 0.216967 -0.902283 0.372573 -0.00532726 -4.88969e-07 0 -1 0
552 1817 0.613209 0.589778 -0.525487 -0.0168658 -1.15573e-06 0 0 0
2319 438 0.640239 0.632365 -0.436128 -0.00805367 -6.13014e-07 0 0 0
4555 199 0.952678 -0.0647426 -0.297008 -0.00421935 -3.22702e-07 0 0 0
3435 2432 0.683407 0.576131 -0.448362 -0.00156617 -1.2826e-07 0 0 0
3030 404 0.951553 -0.0175511 -0.306984 -0.000911313 -6.60598e-08 0 0 0
611 3955 0.631648 0.268219 -0.727378 -0.004733 -3.72383e-07 0 0 0
550 658 0.0188703 -0.42843 -0.903378 -0.0256093 -2.05583e-06 0 0 0
4686 1955 0.266237 0.234714 0.934894 -0.00695081 -4.93955e-07 0 0 0
4318 5179 0.640578 -0.1836 0.745621 -0.00458804 -3.80582e-07 0 0 0
4108 1013 0.154156 0.172832 -0.972813 -0.0237269 -1.55451e-06 0 0 0
2974 1695 0.128493 -0.691408 -0.710946 -0.0274285 -2.05057e-06 0 0 0
2974 5260 0.359059 0.929305 -0.0864179 -0.0232569 -1.86769e-06 0 0 0
3270 979 0.689725 -0.0418676 0.72286 -0.0228285 -1.6164e-06 0 0 0
550 2107 0.132343 0.916256 -0.378102 -0.0229671 -1.50625e-06 0 0 0
5313 2173 0.419637 -0.873965 0.245133 -0.00575218 -3.67551e-07 0 0 0
230 3754 0.596188 -0.237689 0.766853 -0.0166509 -1.51212e-06 0 0 0
3996 5445 0.978946 0.044745 -0.199155 -0.00415422 -3.15133e-07 0 0 0
5396 553 0.675628 0.449154 0.584625 -0.00172919 -1.31145e-07 0 0 0
5196 3463 0.0754193 -0.609111 -0.789491 -0.00274038 -1.75143e-07 0 0 0
5196 2798 0.332154 0.885358 0.325293 -0.00505472 -3.19902e-07 0 0 0
2377 2862 0.557582 -0.605048 0.568349 -0.0155854 -1.08177e-06 0 0 0
2377 1039 0.0233301 -0.85159 -0.523689 -0.00437603 -2.44067e-07 0 0 0
2377 1982 -0.0221019 0.689564 -0.723887 -0.0145747 -1.25753e-06 0 0 0
345 4904 0.520102 0.0551671 -0.85232 -0.00872558 -4.92409e-07 0 0 0
5180 5470 0.563688 0.0698749 0.823027 -0.00645004 -5.02382e-07 0 0 0
2720 1253 0.610498 -0.671334 -0.420241 -0.00717979 -5.7571e-07 0 0 0
1359 560 0.183559 -0.983008 0.00106612 -0.00425077 -3.98362e-07 0 0 0
2720 522 0.483945 -0.325013 0.812505 -0.0321156 -1.80697e-06 0 0 0
772 1944 0.0412361 -0.527782 0.848378 -0.00270224 -2.03807e-07 0 0 0
4108 1734 0.50039 -0.836052 0.225004 -0.0145795 -9.59304e-07 0 0 0
1182 794 0.231882 -0.838716 0.492733 -0.00529771 -4.60405e-07 0 -1 0
460 3894 0.694065 -0.114892 -0.710685 -0.00726806 -5.58835e-07 0 0 0
772 916 0.849494 0.467013 -0.245478 -0.00249684 -1.82462e-07 0 0 0
4084 1013 0.502095 -0.622509 0.600319 -0.000399488 -3.01109e-08 0 0 0
661 4887 0.853683 -0.253604 -0.454873 -0.00536346 -4.00322e-07 0 0 0
4621 4395 0.590776 0.773057 0.231012 -0.0055382 -3.63365e-07 0 0 0
4105 3269 0.743981 -0.240519 -0.623413 -0.00648166 -4.9e-07 0 0 0
4548 1106 0.995199 -0.0919871 0.0334228 -0.0023019 -2.1945e-07 0 0 0
4574 89 0.576202 0.208441 0.790281 -0.00708897 -5.64106e-07 0 0 0
2772 5397 0.790033 0.598036 0.134913 -0.0068412 -6.5923e-07 0 0 0
3643 4851 0.0741059 0.94717 0.312052 -0.000205435 -1.49441e-08 0 0 0
661 2990 -0.914405 0.209105 -0.34661 -0.0071538 -5.46287e-07 0 0 0
3587 4698 0.418074 0.264959 -0.868914 -0.00113974 -9.60053e-08 0 0 0
4304 2107 0.338753 -0.612699 -0.714035 -0.0467194 -3.02308e-06 0 0 0
2988 425 0.295135 0.922528 0.248672 -0.0144274 -1.34372e-06 0 1 0
1492 2849 0.953833 -0.26525 -0.140873 -0.00183216 -1.29176e-07 0 0 0
2841 2725 -0.279233 0.19789 -0.939611 -0.0214559 -1.54846e-06 0 0 0
550 1367 0.194891 0.624264 0.756513 -0.0112047 -7.50125e-07 0 0 0
2872 1106 0.347855 0.58394 -0.733492 -0.0132741 -8.46317e-07 0 0 0
4888 3930 0.211177 0.796737 -0.566228 -0.00534586 -3.59486e-07 0 0 -1
2872 2384 0.85225 -0.499349 -0.155954 -0.00575895 -4.20291e-07 0 0 0
1741 1440 0.821668 -0.5417 0.177268 -0.0111 -8.00425e-07 0 0 0
995 4315 0.339467 0.0661666 0.938288 -0.0252684 -1.84971e-06 0 0 0
2045 2996 0.303938 -0.224227 0.925929 -0.0231382 -1.50733e-06 0 0 0
4210 552 0.55356 0.774147 0.30703 -0.0178367 -1.49395e-06 0 0 0
1479 4528 0.266614 0.709429 -0.652401 -0.00346206 -2.05231e-07 0 0 0
1177 485 0.675652 0.0321002 -0.736521 -0.0124014 -8.55858e-07 0 0 0
2375 1470 0.481467 0.664423 -0.571605 -0.0372496 -3.51584e-06 0 0 0
607 1989 0.332432 -0.254502 0.90814 -0.0162056 -1.34369e-06 0 0 0
2375 1953 0.224326 -0.42669 0.876136 -0.0393986 -3.5973e-06 0 0 0
4528 4969 0.674795 0.628862 -0.386244 -0.00437154 -2.45982e-07 0 0 0
3068 315 0.599459 0.229302 0.766857 -0.0184192 -1.19038e-06 0 0 0
3271 2192 0.902202 -0.431113 -0.0131826 -0.011024 -8.19946e-07 0 -1 0
2000 5365 0.257359 0.954583 -0.150124 -0.00424612 -3.05593e-07 0 0 0
2000 990 0.466839 -0.360556 -0.807503 -0.0358407 -2.38586e-06 0 0 0
5151 3965 0.631675 0.761254 0.146557 -0.00241818 -1.98308e-07 0 0 0
5151 3337 0.319027 -0.566601 -0.759727 -0.00547067 -5.30662e-07 0 0 0
2969 674 0.196107 -0.890534 0.410478 -0.0131528 -1.07409e-06 0 0 0
2976 5391 -0.226671 0.349946 -0.908933 -0.000746852 -5.32462e-08 0 0 0
4953 3734 0.231089 0.940893 0.247624 -0.0140275 -1.11571e-06 0 0 0
1959 5085 0.526116 0.0843046 -0.846224 -0.0182365 -1.41101e-06 0 0 0
4953 2158 0.498467 -0.533775 -0.683092 -0.00527243 -3.95848e-07 0 0 0
1709 3615 0.489373 -0.23298 0.840378 -0.0221307 -1.40708e-06 0 0 0
2707 2464 0.902866 -0.328375 0.277495 -0.0176082 -1.44934e-06 0 0 0
1070 1987 0.667697 0.364271 0.64922 -0.00911222 -7.4971e-07 0 0 0
1070 1397 0.461577 -0.795752 0.392077 -0.022087 -1.49775e-06 0 0 0
5187 275 0.495199 -0.450917 0.742598 -0.00957723 -6.88127e-07 0 0 0
3897 3239 0.352613 0.586429 0.729222 -0.000523093 -4.65491e-08 0 0 0
5249 2301 0.921708 0.380083 -0.0774047 -0.017278 -1.2369e-06 0 0 0
2486 869 0.292304 -0.896362 0.333308 -0.00282021 -2.14016e-07 0 0 0
5087 4464 0.2573 0.449282 0.855536 -0.0151459 -1.21452e-06 0 0 1
159 4630 -0.105536 -0.726856 -0.678633 -0.0268685 -2.13872e-06 0 0 0
5087 678 0.327808 -0.316958 -0.889988 -0.0102472 -8.32524e-07 0 0 0
1421 4308 0.342679 -0.241539 0.907871 -0.0291342 -2.52477e-06 0 0 0
816 1841 0.104453 -0.202245 -0.973749 -0.0178132 -1.48691e-06 0 0 0
4205 1193 0.293837 -0.93577 -0.194923 -0.0162212 -1.46328e-06 0 0 0
3678 4400 0.716683 -0.290009 0.63424 -0.0124371 -9.84751e-07 0 0 0
5462 4651 0.530322 -0.847575 -0.0193973 -0.0103586 -7.58811e-07 0 0 0
1398 3521 0.33024 -0.505845 -0.796908 -0.00549814 -3.78265e-07 0 0 0
5253 3444 0.444095 0.858961 -0.254882 -0.0163722 -1.23432e-06 0 0 0
2791 938 0.16034 0.64585 -0.746437 -0.00412644 -3.78193e-07 0 0 0
5300 5094 -7.84372e-05 -0.264402 -0.964413 -0.0049603 -4.15115e-07 0 0 0
347 1906 -0.182612 0.957401 0.223687 -0.00499728 -4.63837e-07 0 0 0
1450 1408 0.700576 0.0926534 0.707537 -0.0203548 -1.62233e-06 0 0 0
733 4665 0.281264 -0.934011 0.220261 -0.0298781 -1.80118e-06 0 0 0
1050 4555 0.877786 0.411851 -0.244684 -0.00932409 -7.40671e-07 0 0 0
5291 3884 0.466424 -0.546826 0.695291 -0.0211748 -1.58717e-06 0 1 0
2825 1569 0.841633 0.46584 -0.273217 -0.000393787 -3.15619e-08 0 0 0
587 3930 0.383692 -0.666111 0.639591 -0.0138918 -9.86825e-07 0 0 0
5291 816 0.467023 0.85684 -0.218437 -0.0307301 -1.95944e-06 0 1 0
448 1238 0.385362 -0.859329 0.33623 -0.0102346 -8.46503e-07 0 0 0
2107 5102 0.411979 0.583998 -0.699442 -0.00537261 -3.79888e-07 0 0 0
3368 689 0.383628 -0.0681927 -0.920966 -0.0146031 -1.07424e-06 0 0 0
3975 918 0.647607 -0.72849 -0.223398 -0.0148993 -1.19665e-06 0 0 0
3368 4506 0.820057 -0.239264 0.519864 -0.0127465 -9.69692e-07 0 0 0
2863 5204 0.319847 0.800917 -0.506191 -0.00203514 -1.37557e-07 0 0 0
1732 2996 0.631754 0.050089 -0.773549 -0.0229586 -1.62586e-06 0 0 0
3798 4099 0.520942 0.080934 0.849746 -0.0311861 -2.38091e-06 0 0 0
4774 3950 0.500151 0.825866 0.260373 -0.00449138 -3.21141e-07 0 0 0
1732 1867 0.344123 0.783714 0.51708 -0.0143223 -1.16737e-06 0 0 0
5381 4970 0.253753 -0.532917 0.807223 -0.0045322 -3.21261e-07 0 0 0
1438 155 -0.0776445 -0.996978 0.00246071 -0.0082801 -5.56265e-07 0 0 0
3681 4086 0.833463 0.412476 -0.3677 -0.0297886 -1.75505e-06 0 0 1
5381 4304 0.705333 0.295451 0.644371 -0.00123511 -7.28198e-08 0 0 0
220 154 0.871625 -0.116624 -0.476097 -0.014749 -1.1044e-06 0 0 0
3681 4464 -0.0387344 -0.707694 0.705456 -0.024648 -2.27206e-06 0 0 1
2895 4608 0.32631 0.418301 0.847671 -0.00652326 -3.96728e-07 0 0 0
2826 1787 0.407188 -0.814614 -0.41304 -0.00329193 -2.92148e-07 0 0 0
4883 2176 0.145193 -0.416481 0.897475 -0.00522098 -4.11971e-07 0 0 0
154 2254 -0.021745 0.972826 0.230514 -0.00147289 -1.08893e-07 0 0 0
4498 1171 0.469924 0.709546 -0.525087 -0.00418379 -3.02658e-07 0 0 0
990 5398 0.16869 -0.348613 -0.921961 -0.0221478 -1.78656e-06 0 0 0
5173 3023 0.10057 -0.906186 0.410747 -0.00321183 -2.43564e-07 0 0 0
2552 3459 0.68446 0.11309 -0.720225 -0.010216 -8.21636e-07 0 0 0
1176 427 0.926304 -0.361354 0.106698 -0.0158793 -1.12931e-06 0 0 0
139 4246 0.568171 -0.792475 0.221733 -0.000293887 -2.04654e-08 0 0 0
222 570 0.78345 -0.593488 -0.18433 -0.00127316 -1.19787e-07 0 0 0
3363 5260 0.141474 -0.620478 -0.771357 -0.00912716 -8.51382e-07 0 0 -1
3569 2313 0.206127 -0.579382 -0.788561 -0.0126267 -1.08022e-06 0 0 0
3363 4121 0.421876 0.799043 0.428428 -0.010867 -1.03964e-06 0 0 0
2804 5212 0.435741 0.429655 0.790902 -0.024348 -1.48315e-06 0 0 0
3951 940 0.28131 0.160816 -0.946046 -0.0370468 -2.10135e-06 0 0 0
1185 1385 0.221074 0.506079 -0.833673 -0.0530895 -3.4244e-06 0 0 0
2384 2099 0.244558 -0.546981 -0.800627 -0.035258 -2.5527e-06 0 0 0
1073 5337 0.862147 -0.435363 -0.259157 -0.01378 -1.15414e-06 0 0 0
2280 1330 0.545591 -0.755499 -0.362701 -0.00660755 -6.18382e-07 0 0 0
1712 521 0.0938964 -0.574169 -0.813335 -0.0373573 -2.32938e-06 0 0 0
1147 2854 0.684431 -0.402445 -0.607941 -0.00643898 -3.78585e-07 0 0 0
2804 2172 0.943448 -0.165417 0.287304 -0.00105615 -8.78876e-08 0 0 0
2035 4103 -0.0810838 0.822399 0.563103 -0.000352234 -2.43004e-08 0 0 0
2107 5234 0.821781 -0.30483 0.481409 -0.0371904 -2.3244e-06 0 0 0
38 3930 0.459295 0.725114 0.513086 -0.0227476 -1.99964e-06 0 0 0
4353 1268 0.180943 -0.806109 0.563425 -0.00635321 -4.99489e-07 0 0 0
4185 694 0.660097 0.750875 -0.0214076 -0.00169876 -1.39345e-07 0 0 0
1316 1622 0.907468 -0.36776 -0.203109 -0.00379498 -2.83678e-07 0 0 0
355 4932 0.448034 -0.816568 -0.363982 -0.00403526 -2.95388e-07 0 0 0
4882 4022 -0.991494 -0.00696721 0.129968 -0.00995326 -6.54083e-07 0 0 0
1422 1006 0.216015 -0.955424 -0.201252 -0.000948568 -8.49259e-08 0 0 0
4819 879 0.677177 -0.735271 -0.0284236 -0.0095562 -7.85672e-07 0 0 0
5260 3358 0.77429 -0.0246046 0.632353 -0.0108869 -8.84652e-07 0 0 1
5484 235 0.520861 -0.852908 -0.0353699 -0.00772964 -7.02623e-07 0 0 0
3988 4649 0.744072 0.624772 -0.236678 -0.00602219 -4.84232e-07 0 0 0
5484 4724 0.459021 -0.0707838 0.885601 -0.00279237 -2.45563e-07 0 0 0
3818 96 0.157254 -0.981377 -0.110322 -0.00423382 -2.40399e-07 0 0 0
2217 3393 0.75457 -0.190488 0.627964 -0.00799973 -5.56361e-07 0 0 0
3707 4018 0.0274869 -0.41916 0.907496 -0.0268138 -1.94237e-06 0 0 0
1453 1193 0.683633 -0.246009 -0.687113 -0.0163362 -1.00523e-06 0 0 0
3618 1550 0.556551 0.62356 -0.549022 -0.00846878 -5.15795e-07 0 0 0
1056 504 0.348115 0.574111 -0.741089 -0.0152273 -1.04775e-06 0 0 0
2939 735 0.966397 -0.225612 -0.123194 -0.0125949 -1.00408e-06 0 0 0
1775 3996 0.0877356 0.400777 -0.911965 -0.0273284 -2.01664e-06 0 0 0
1775 4105 0.179119 -0.678686 0.712251 -0.0243987 -1.85526e-06 0 0 1
4179 1431 0.425322 0.402767 -0.810481 -0.00188679 -1.51125e-07 0 0 0
1560 4575 0.634351 -0.661322 -0.400315 -0.0169273 -1.36517e-06 0 0 0
368 4432 0.465535 -0.786928 0.404995 -0.00249503 -1.58982e-07 0 0 0
1560 2707 0.0714743 0.949159 0.306574 -0.0102515 -8.19946e-07 0 0 0
4036 3706 0.696042 0.233948 0.678817 -0.0299272 -2.47234e-06 0 0 0
998 1891 0.133726 -0.510264 0.849558 -0.00869429 -5.59964e-07 0 0 0
772 1352 0.0508583 0.87136 -0.488001 -0.00268133 -1.88077e-07 0 0 0
2294 1654 0.822795 0.559633 -0.0990912 -0.00260602 -2.04703e-07 0 0 0
998 3470 0.633496 -0.0334154 -0.773024 -0.00896028 -5.61024e-07 0 0 0
4735 5338 0.394785 -0.397629 -0.828273 -0.000874821 -5.885e-08 0 0 0
4831 4813 0.964629 0.235694 -0.118065 -0.012974 -8.33072e-07 0 0 0
1769 689 0.215838 0.538575 0.814464 -0.0103381 -6.92964e-07 0 0 0
2749 4937 0.305384 -0.620117 0.722631 -0.00920495 -7.95552e-07 0 0 0
1769 2156 0.386744 -0.915735 0.108892 -0.0042525 -3.76419e-07 0 0 0
1769 2460 0.856466 0.187321 -0.481016 -0.0120655 -7.84377e-07 0 0 0
1769 5157 0.88406 -0.210708 0.41718 -0.00718782 -5.35954e-07 0 0 0
1335 118 0.758004 -0.129383 -0.639289 -0.00300331 -2.20668e-07 0 0 0
4673 3863 0.518882 -0.00490169 -0.854832 -0.00116815 -9.38283e-08 0 0 0
3026 3477 -0.418149 0.161927 -0.893829 -0.00102256 -9.22141e-08 0 0 0
3440 366 0.423745 -0.536135 -0.730068 -0.00357731 -2.40567e-07 0 0 0
2711 1265 0.836086 0.518433 -0.17941 -0.00879253 -6.20922e-07 0 0 0
2872 3060 -0.0563215 -0.818214 -0.572149 -0.00460543 -4.07133e-07 0 0 0
963 3527 0.594075 0.413844 -0.689788 -0.00922158 -6.71901e-07 0 0 0
916 761 0.278042 -0.639829 -0.716458 -0.030527 -2.32304e-06 0 0 0
405 4513 0.623027 -0.284957 -0.728448 -0.0123907 -9.57096e-07 0 0 0
979 1662 0.900019 0.322938 -0.292707 -0.0108291 -7.38995e-07 0 0 0
681 3867 0.390212 -0.42619 -0.816148 -0.00694483 -5.3996e-07 0 0 0
5162 4084 0.927738 -0.320121 0.191898 -0.00122731 -9.85877e-08 0 0 0
664 1165 0.826483 -0.387915 -0.407981 -0.0028348 -1.87065e-07 0 0 0
3758 244 -0.118891 0.325914 -0.937894 -0.0183307 -1.50526e-06 0 0 0
4159 2409 0.0790604 0.978037 0.192855 -0.0110317 -8.47588e-07 0 0 0
2117 608 -0.135539 -0.069948 -0.9883 -0.00922207 -6.628e-07 0 0 0
3472 4862 0.88899 -0.457646 0.0160391 -0.00466456 -3.0299e-07 0 0 0
1112 3988 -0.00656986 -0.797116 -0.603791 -0.000657287 -4.9256e-08 0 0 0
2685 2707 -0.262944 -0.816062 -0.514688 -0.00296727 -2.56649e-07 0 0 0
4308 514 0.241874 -0.725277 0.64457 -0.0098171 -6.69702e-07 0 0 0
979 4893 0.500919 -0.630313 0.593115 -0.0242951 -1.97685e-06 0 0 0
5102 1156 0.797638 -0.343661 0.495652 -0.00574964 -4.4106e-07 0 0 0
4123 3519 0.404277 0.14609 0.902894 -0.0194078 -1.36057e-06 0 0 0
4142 557 0.40146 -0.667947 0.626639 -0.0355815 -2.23814e-06 0 0 0
358 2107 0.686937 0.637446 0.348971 -0.0183659 -1.42297e-06 0 0 0
1064 4274 0.840608 -0.158032 -0.518077 -0.0202838 -1.52644e-06 0 0 0
918 4458 0.816491 -0.458677 0.350653 -0.0150437 -1.08216e-06 0 0 0
1148 2151 0.608121 -0.107842 -0.786486 -0.00206552 -1.75049e-07 0 0 0
4775 1050 0.923884 0.150907 -0.351661 -0.0010821 -6.94966e-08 0 0 0
548 423 0.599979 0.636616 -0.484506 -0.0317336 -2.36246e-06 0 0 0
548 1148 0.861451 0.018234 0.507513 -0.0127024 -9.36858e-07 0 0 0
3755 3794 0.0341931 0.514548 -0.85678 -0.0106387 -8.11467e-07 0 0 0
3755 2158 0.438892 0.434305 0.786608 -0.00326173 -2.46784e-07 0 0 0
3755 5263 0.689705 -0.459238 0.559828 -0.0228342 -1.86766e-06 0 0 0
3358 3978 0.880951 -0.412922 -0.231131 -0.0133805 -1.01926e-06 0 0 0
2717 2128 0.926557 -0.35635 -0.120442 -0.0154739 -1.13455e-06 0 0 0
542 2842 0.58977 -0.332648 -0.735878 -0.0158011 -1.49192e-06 0 0 0
3358 2375 -0.0514769 0.419245 0.906413 -0.0257272 -2.13989e-06 0 0 0
2009 4132 0.70813 -0.183819 -0.681735 -0.0044411 -3.26973e-07 0 0 0
3766 2849 0.562514 0.823581 0.0727512 -0.00372654 -3.33889e-07 0 0 0
5142 3312 0.554975 0.23033 0.799344 -0.0200405 -1.31737e-06 0 0 0
1417 4123 0.103299 0.552939 0.826793 -0.022779 -1.66342e-06 0 0 1
1363 3722 0.882665 0.379533 0.277231 -0.00562804 -4.31003e-07 0 0 0
1417 3085 0.835234 -0.513863 -0.195778 -0.00829107 -6.20447e-07 0 0 0
1089 1073 0.190127 -0.320598 0.927938 -0.0134549 -1.03749e-06 0 0 0
4419 5250 0.754765 -0.648793 -0.0969402 -0.000468591 -3.61468e-08 0 0 0
4348 4141 0.336656 -0.778304 0.530005 -0.00311428 -2.51919e-07 0 0 0
4511 2259 0.491761 0.713251 0.499444 -0.00896985 -5.78086e-07 0 0 0
1308 2847 0.325197 0.290866 -0.899802 -0.00731551 -5.9917e-07 0 0 0
4540 5373 0.865861 0.294212 -0.404628 -0.00898417 -7.14179e-07 0 0 0
2946 358 0.620543 -0.421626 0.661179 -0.0180967 -1.30083e-06 0 0 0
1434 5061 0.108971 0.901599 -0.418622 -0.00295156 -2.78647e-07 0 0 0
3742 2706 0.590343 -0.0418665 -0.806066 -0.0173971 -1.35528e-06 0 0 0
5337 4550 0.959458 -0.162232 0.230482 -0.0100721 -7.53653e-07 0 0 0
4656 1528 0.569589 0.764297 -0.302355 -0.00375062 -2.62852e-07 0 0 0
603 4521 0.902134 -0.189623 0.387553 -0.00258332 -1.89916e-07 0 0 0
5459 4248 0.810493 -0.506742 -0.293792 -0.0119519 -8.94427e-07 0 0 0
4507 671 0.512088 0.803626 -0.303234 -0.00548881 -4.53826e-07 0 0 0
598 2927 0.292654 0.0878299 -0.952176 -0.0174124 -1.23694e-06 0 0 0
3158 3433 -0.419574 -0.187149 -0.888219 -0.00916984 -5.95455e-07 0 0 0
4011 2757 -0.0604242 0.34313 0.937342 -0.000614919 -4.83814e-08 0 0 0
1715 518 0.879742 -0.333195 -0.339169 -0.00284144 -2.17135e-07 0 0 0
313 977 -0.996033 0.0105526 0.0883579 -0.000966926 -6.60412e-08 0 0 0
2629 1970 0.410537 -0.0588683 -0.909942 -0.00633748 -3.50774e-07 0 0 0
700 2735 0.538821 -0.582907 -0.608187 -0.00522308 -4.10851e-07 0 0 0
2190 5087 0.250914 -0.583653 0.772263 -0.006594 -5.09992e-07 0 0 0
3597 5142 0.503583 -0.510932 0.696673 -0.0159399 -1.23654e-06 0 0 0
4150 3369 0.944697 -0.17796 -0.27546 -0.0107112 -8.13193e-07 0 0 0
5277 374 0.446289 0.50891 -0.736095 -0.0064647 -4.69235e-07 0 0 0
4827 221 0.73338 0.618004 0.283241 -0.00540786 -4.60499e-07 0 0 0
2517 419 0.341056 -0.82725 0.446474 -0.013261 -1.00414e-06 0 0 0
223 225 -0.978957 -0.172834 0.108499 -0.00626623 -4.23555e-07 0 0 0
4828 3696 0.52104 -0.189082 -0.832325 -0.0101991 -8.14128e-07 0 0 -1
1316 404 0.318421 0.597091 -0.736268 -0.00520045 -3.47435e-07 0 0 0
4187 1106 0.588244 0.284208 0.757096 -0.00534532 -4.75066e-07 0 0 1
4182 2399 0.591431 -0.774411 -0.224715 -0.009865 -9.36279e-07 0 0 0
3502 664 0.0181749 0.128332 0.991565 -0.0560835 -4.31441e-06 0 0 0
3637 3425 0.757699 -0.390225 -0.523084 -0.00324076 -2.22771e-07 0 0 0
339 5061 0.710295 -0.228788 0.665685 -0.000156072 -1.31262e-08 0 0 0
4649 4482 0.538739 0.0999771 -0.836519 -0.016753 -1.59319e-06 0 -1 0
561 96 0.813977 0.456245 -0.359559 -0.00907557 -8.58575e-07 0 0 0
4834 1698 0.536088 -0.791525 -0.293426 -0.0132268 -1.05769e-06 0 0 0
4893 5445 0.643209 -0.669749 0.371103 -0.0202093 -1.67112e-06 0 0 0
5212 4313 0.97505 0.0651033 -0.212226 -0.0100724 -6.0428e-07 0 0 0
954 511 0.231941 0.849302 -0.474225 -0.00545414 -4.29269e-07 0 0 0
5212 3473 0.0998936 -0.319735 0.942226 -0.0408336 -2.58816e-06 0 0 0
3363 4170 0.34598 0.823403 -0.449784 -0.00682922 -4.80941e-07 0 0 0
771 3475 0.592545 0.189737 0.782874 -0.0240081 -1.55998e-06 0 0 0
44 2034 0.520645 0.816666 -0.248969 -0.00259067 -1.98178e-07 0 0 0
889 3358 0.00329369 0.984955 0.172779 -0.00820455 -5.5875e-07 0 0 0
989 553 0.903688 -0.164999 -0.395124 -0.00109194 -6.68696e-08 0 0 0
1237 4420 0.336171 -0.6645 0.667405 -0.0129442 -1.16911e-06 0 0 0
268 4642 -0.288525 -0.819871 -0.494535 -0.00082572 -6.73491e-08 0 0 0
4044 603 0.517451 0.851517 0.0846414 -0.00140732 -1.04313e-07 0 0 0
2406 2637 -0.0407167 -0.859424 -0.509639 -0.00434638 -3.65916e-07 0 0 0
2862 319 0.485427 0.0748331 -0.871069 -0.0130855 -8.90138e-07 0 0 0
386 5094 0.945645 0.195577 0.259819 -0.00269161 -2.48183e-07 0 0 0
1642 4415 -0.852218 -0.446035 0.273454 -0.00448987 -3.93895e-07 0 0 0
739 5409 0.44917 -0.340244 0.826124 -0.0123405 -8.41326e-07 0 0 0
38 2173 0.684931 -0.156988 -0.711494 -0.0144577 -1.29912e-06 0 0 0
3674 1474 -0.0170935 0.865485 0.500644 -0.00484586 -3.55596e-07 0 0 0
4707 1230 0.595628 0.413216 0.688825 -0.0266767 -2.10073e-06 0 0 0
1334 925 0.525867 0.742545 0.414838 -0.00113628 -9.22091e-08 0 0 0
3576 2516 0.814456 0.573807 0.0860633 -0.00223238 -1.74894e-07 0 0 0
426 3825 0.550459 0.812084 0.193684 -0.00277663 -2.36711e-07 0 0 0
1611 1810 0.160672 -0.314192 0.935664 -0.0054633 -5.21041e-07 0 0 0
2135 1622 0.505083 0.641631 -0.577235 -0.0313147 -2.27285e-06 0 0 0
1622 4780 0.64544 -0.588022 -0.487481 -0.00693723 -5.41232e-07 0 0 0
1622 4105 0.294668 0.394721 -0.870268 -0.047973 -3.82838e-06 0 0 0
3140 2835 0.212248 0.0857514 0.973446 -0.0108327 -1.00789e-06 0 0 0
1122 3461 0.888138 -0.145004 0.436101 -0.00250718 -1.73809e-07 0 0 0
743 4638 0.829914 -0.303123 0.468358 -0.0109468 -8.61947e-07 0 0 0
4090 5424 0.124455 0.555995 -0.821815 -0.0181987 -1.58006e-06 0 0 0
4497 5147 0.618958 0.452273 -0.642137 -0.0202003 -1.5563e-06 0 0 0
4206 919 0.824128 -0.531508 -0.195734 -0.0069895 -4.39804e-07 0 0 0
3412 602 0.981389 0.0933973 -0.167785 -0.00342879 -2.59886e-07 0 -1 0
1273 3087 0.854399 -0.271557 -0.443012 -0.0174324 -1.42353e-06 0 0 0
619 4320 0.416531 0.281706 0.864375 -0.00507672 -3.82917e-07 0 0 0
1470 2933 0.777483 -0.00710713 0.628864 -0.00734386 -5.42047e-07 0 0 0
1656 2377 0.286488 0.360781 -0.887559 -0.00612538 -3.66064e-07 0 0 0
4002 1859 0.192527 0.740992 -0.643323 -0.0255163 -1.6402e-06 0 0 0
2293 4659 0.849264 0.306876 -0.429626 -0.00125647 -1.03143e-07 0 0 0
2293 574 0.720643 -0.651528 0.237034 -0.0150074 -1.37623e-06 0 0 0
1470 5473 0.739711 0.0117674 -0.672822 -0.0141052 -9.38077e-07 0 0 -1
1969 3368 0.670085 0.0556388 0.740197 -0.0160351 -1.26291e-06 0 0 0
3016 2156 0.283301 0.714546 -0.63966 -0.0121083 -1.05954e-06 0 0 0
2293 598 -0.130839 0.455797 -0.880415 -0.0153254 -1.10942e-06 0 0 0
3322 613 0.912213 0.304852 -0.273737 -0.0106637 -7.70901e-07 0 0 0
1568 2294 0.861876 -0.3897 0.324504 -0.00315145 -2.68903e-07 0 0 0
3016 5151 0.96405 0.259397 -0.0576267 -0.0028396 -2.04139e-07 0 0 0
2421 5332 0.461848 -0.253585 -0.849936 -0.0218622 -1.53347e-06 0 0 0
4888 4123 -0.113974 -0.990426 0.0778819 -0.0108028 -7.84368e-07 0 0 0
2421 4131 0.254625 0.930697 -0.262619 -0.0312794 -2.22658e-06 0 0 0
1474 5132 0.10911 0.716393 -0.689112 -0.0027722 -2.36706e-07 0 0 0
4248 1016 0.388825 0.424398 -0.817741 -0.0188077 -1.64821e-06 0 0 0
2951 2914 -0.367247 -0.195248 -0.9094 -0.00494051 -3.66469e-07 0 0 0
456 1333 0.588292 -0.137904 0.796803 -0.00361136 -3.11755e-07 0 0 0
2399 3962 0.560968 -0.155983 -0.813009 -0.0160452 -9.05047e-07 0 0 0
1905 110 0.315341 0.902279 -0.294028 -0.00768057 -5.35093e-07 0 0 0
60 5103 0.74928 -0.385348 -0.538596 -0.0172361 -1.2402e-06 0 0 0
3453 1876 0.808757 -0.275574 -0.519587 -0.0161162 -1.43834e-06 0 0 0
4862 1639 0.417896 0.510247 0.751672 -0.00772385 -5.48459e-07 0 0 0
4981 3270 0.203157 -0.969495 -0.137136 -0.00481424 -3.70276e-07 0 0 0
1959 4547 0.536285 -0.457533 0.709269 -0.00520941 -4.5423e-07 0 0 0
3024 4916 0.994266 -0.0783881 0.0727408 -0.00147837 -1.22461e-07 0 0 0
4981 1031 0.881317 0.0197248 0.472114 -0.0142065 -1.11002e-06 0 0 0
2220 3362 0.993768 -0.095779 0.0570216 -0.00762607 -5.70372e-07 0 0 0
215 2166 0.820128 -0.0129681 0.572034 -0.0114238 -7.76418e-07 0 0 0
4320 3602 0.253741 -0.454551 0.853814 -0.00247466 -1.82478e-07 0 0 0
1579 892 0.405916 -0.213382 0.888651 -0.0181514 -1.36415e-06 0 0 0
1989 3571 0.589054 -0.384003 0.711025 -0.0241149 -2.05977e-06 0 0 0
4363 3473 0.285513 -0.951509 -0.114514 -2.63002e-05 -2.05785e-09 0 0 0
1441 2895 0.580566 -0.808582 -0.0955945 -0.00931444 -8.13551e-07 0 0 0
2704 1050 0.140603 0.514531 0.845866 -0.0307207 -1.99319e-06 0 0 0
3057 5288 0.306404 -0.324164 -0.895005 -0.00740535 -5.34508e-07 0 0 0
3057 4506 0.649972 0.681292 0.336716 -0.00783876 -5.97839e-07 0 0 0
2517 318 0.720798 0.691265 -0.051012 -0.00967267 -6.89467e-07 0 0 0
5157 4554 0.767601 -0.282309 -0.575404 -0.00262747 -1.95042e-07 0 0 0
5265 339 0.238361 0.570546 0.785914 -0.0109993 -7.64235e-07 0 0 0
5265 655 0.583348 -0.330706 0.741848 -0.0217977 -1.46441e-06 0 0 0
5157 253 0.347892 0.509323 0.787122 -0.022929 -1.8612e-06 0 0 0
981 5151 0.0605139 -0.443877 -0.894042 -0.00334994 -2.28438e-07 0 0 0
5265 5291 0.877009 0.101297 -0.469675 -0.0231658 -1.4186e-06 0 -1 0
1631 4932 0.29479 0.560224 0.774111 -0.00592331 -4.82287e-07 0 0 0
1631 3525 0.71845 -0.44001 -0.538721 -0.0103387 -8.95609e-07 0 0 0
2943 1932 0.708559 -0.538424 -0.456117 -0.00324966 -2.43506e-07 0 0 0
2943 2981 0.266954 0.232028 0.93536 -0.024292 -1.77944e-06 0 0 0
3087 362 0.84959 0.527443 0.000816309 -0.00928762 -7.32376e-07 0 0 0
4180 3019 0.263641 -0.677444 -0.686704 -0.0025278 -1.95836e-07 0 0 0
1325 1360 0.531937 -0.455752 -0.713676 -0.0128698 -9.41813e-07 0 0 0
427 4179 0.99313 -0.0686832 0.0947369 -0.0131772 -1.04373e-06 0 0 0
2367 2399 0.026422 -0.661154 0.749785 -0.00765989 -4.31334e-07 0 0 0
4652 4765 0.110285 0.989769 -0.0905186 -0.00657539 -4.88111e-07 0 0 0
427 2008 0.133459 -0.276276 0.951767 -0.0125451 -8.43625e-07 0 0 0
4950 2367 0.498796 -0.0428861 0.865658 -0.0141312 -9.70365e-07 0 0 0
2104 709 0.419371 0.80362 0.422282 -0.0114476 -8.95845e-07 0 0 0
1891 3502 0.674004 -0.72171 -0.157649 -0.0137565 -1.15751e-06 0 0 0
427 4862 0.064873 0.738488 -0.671138 -0.0161495 -1.04056e-06 0 0 0
1031 416 0.190018 0.400556 0.896353 -0.00480946 -3.69988e-07 0 0 0
3445 1730 0.602859 0.728828 -0.324609 -0.0075601 -5.89677e-07 0 0 0
4113 2239 0.874393 0.113095 -0.471854 -0.0085416 -6.41778e-07 0 0 0
2862 2736 0.109174 -0.0273164 0.993647 -0.00409697 -3.42454e-07 0 0 0
1055 2576 0.268324 0.534376 0.801527 -0.00132423 -1.21069e-07 0 0 0
507 5039 0.994059 0.0840099 0.0692088 -0.0106733 -8.6019e-07 0 0 0
170 2782 0.95289 -0.253973 0.165827 -0.00691195 -4.69669e-07 0 0 0
3659 3001 0.375561 -0.0873938 -0.922668 -0.0392059 -2.89426e-06 0 0 -1
2460 4554 0.683759 -0.648083 0.335355 -0.0111545 -7.30919e-07 0 0 0
2166 5102 0.323529 0.0183418 0.946041 -0.0282786 -1.95144e-06 0 0 0
550 3791 0.889309 -0.261302 -0.375301 -0.00099578 -6.86007e-08 0 0 0
3270 4180 -0.0323583 -0.675088 -0.737027 -0.00250565 -2.05195e-07 0 0 0
5365 4063 0.225295 -0.227616 -0.947329 -0.0112007 -7.87228e-07 0 0 0
4269 4009 0.341798 0.712532 0.612758 -0.00180094 -1.41483e-07 0 0 0
2460 4497 0.00469823 0.860216 -0.509908 -0.0155319 -1.04744e-06 0 0 0
1035 4630 -0.140723 0.684738 -0.715074 -0.00153598 -1.20316e-07 0 0 0
3085 1688 0.473301 0.225926 0.851436 -0.00924173 -6.60506e-07 0 0 0
469 1315 -0.256973 0.717162 -0.647799 -0.00253819 -1.62701e-07 0 0 0
499 1937 0.674936 0.458811 -0.577887 -0.00828056 -6.83117e-07 0 0 0
4009 358 0.394422 0.693476 -0.602928 -0.0130805 -9.39259e-07 0 0 0
4009 4931 0.566078 -0.744639 0.35365 -0.00796446 -5.76138e-07 0 0 0
4472 3702 0.349555 0.105983 0.930902 -0.00523438 -3.45968e-07 0 0 0
1181 2682 0.448627 -0.490556 -0.747053 -0.0170291 -1.04018e-06 0 0 0
2162 3662 0.46403 0.447389 0.764539 -0.00647146 -5.67153e-07 0 0 0
869 4162 0.480977 0.405805 0.777164 -0.00711543 -5.21789e-07 0 0 0
378 5409 0.366121 0.796753 -0.480769 -0.0163917 -1.4054e-06 0 0 0
447 851 0.12353 -0.992291 0.00995546 -0.0102586 -8.44882e-07 0 0 0
5106 4108 0.531121 0.390578 -0.751904 -0.00430963 -2.89187e-07 0 0 0
5287 4553 0.00647693 -0.863763 -0.503856 -0.00525026 -4.1148e-07 0 0 0
2232 1352 0.291522 -0.873408 -0.390094 -0.00459767 -3.35134e-07 0 0 0
5287 2075 0.552723 0.103673 -0.826891 -0.0289888 -2.604e-06 0 0 0
5417 938 0.674794 -0.515884 -0.527747 -0.00143948 -1.12248e-07 0 0 0
3245 5438 0.828913 -0.242242 0.504204 -0.00326559 -2.37951e-07 0 0 0
1022 1566 0.913324 0.346771 -0.213516 -0.0135386 -1.05345e-06 0 1 0
2310 1331 0.526134 -0.789031 -0.317196 -0.000926528 -7.83269e-08 0 0 0
1931 1385 0.974797 -0.121204 -0.187296 -0.000900736 -7.20326e-08 0 0 0
3806 3582 0.88407 -0.0825861 0.46 -0.0147584 -1.17328e-06 0 0 0
3818 3978 0.29375 -0.555131 0.778165 -0.00556255 -3.08818e-07 0 0 1
4629 4 -0.128521 0.987811 -0.0878192 -0.00800981 -5.06196e-07 0 0 0
2181 761 0.376738 -0.495956 0.782366 -0.0194508 -1.75401e-06 0 0 0
2135 2185 0.464859 -0.467327 0.752005 -0.0242674 -1.86429e-06 0 0 0
5479 4509 0.311325 0.0854803 -0.946451 -0.00818505 -6.52467e-07 0 0 0
4952 2951 0.916614 0.39859 0.0307272 -0.0164592 -1.14352e-06 0 0 0
4748 4893 0.875941 -0.130967 -0.4643 -0.0131064 -1.01126e-06 0 0 0
2654 2424 0.78644 -0.0279057 0.617035 -0.022664 -1.71625e-06 0 0 0
2083 5396 0.748162 0.218962 -0.626346 -0.00171099 -1.28024e-07 0 0 0
797 52 0.0588656 -0.978658 -0.196882 -0.0023329 -1.99125e-07 0 0 0
5086 463 0.68484 -0.496072 -0.533767 -0.00161404 -1.24344e-07 0 0 0
733 3087 -0.196817 0.754671 0.625888 -0.0170309 -1.50669e-06 0 0 0
2094 1181 0.447629 -0.837383 -0.313716 -0.00846371 -7.86931e-07 0 0 0
2939 4773 0.15061 -0.659367 -0.736581 -0.00563506 -4.86214e-07 0 0 0
401 1135 0.198514 0.716182 0.669085 -0.012778 -1.02018e-06 0 0 0
5495 2630 0.57456 -0.77225 -0.271129 -0.0160783 -1.19028e-06 0 0 -1
674 2313 0.112944 -0.709244 0.695857 -0.00305746 -1.8747e-07 0 0 0
998 4127 0.379281 0.892457 0.244268 -0.00432685 -3.57069e-07 0 1 0
68 4263 0.0911497 -0.912851 -0.397989 -0.0152548 -1.22199e-06 0 0 0
2870 2300 0.363588 0.525943 -0.768887 -0.0138811 -1.21949e-06 0 0 0
357 5249 0.124055 0.886913 -0.444968 -0.0144707 -1.02047e-06 0 0 0
2720 2996 0.687276 0.658833 0.305926 -0.00421631 -2.95817e-07 0 0 0
1031 4724 0.613018 0.790059 -0.00397057 -0.0144247 -9.13533e-07 0 0 0
4190 4348 0.34708 -0.761321 0.547655 -0.00168638 -1.59297e-07 0 0 0
2013 5 0.0220049 0.20805 -0.977871 -0.00167595 -1.58904e-07 0 0 0
3915 3967 -0.403851 0.0604212 -0.912827 -0.0177703 -1.41046e-06 0 0 0
67 4172 0.891911 -0.157019 0.424074 -0.0141659 -9.18413e-07 0 0 0
3820 2356 0.0174787 -0.35588 0.934368 -0.0428283 -2.97207e-06 0 0 0
358 4648 0.0826846 -0.458295 -0.884946 -0.0192231 -1.42138e-06 0 0 0
2073 5470 0.934481 -0.303048 -0.186834 -0.00187738 -1.49031e-07 0 0 0
4469 2135 0.351587 0.451587 0.820034 -0.00835695 -6.03637e-07 0 0 0
2486 3990 0.238782 0.949859 -0.20187 -0.00313553 -2.80608e-07 0 0 0
2008 5184 0.354367 0.115036 0.928004 -0.0156275 -1.14598e-06 0 0 0
349 4516 -0.297263 0.335492 -0.893913 -0.000667347 -5.63932e-08 0 0 0
3130 3818 0.697807 -0.477953 -0.533504 -0.0115622 -9.00289e-07 0 0 0
305 1676 0.920322 -0.269737 0.283283 -0.000587171 -4.85426e-08 0 0 0
3930 4306 0.259336 0.451392 0.853809 -0.0289065 -1.79773e-06 0 0 1
5142 3921 0.651085 0.225721 -0.724664 -0.00259773 -1.61575e-07 0 0 0
3060 4560 0.354413 -0.822283 0.445243 -0.00463636 -3.91159e-07 0 0 0
5434 3975 0.989648 0.0227121 -0.141709 -0.0146704 -9.31206e-07 0 0 0
414 2300 0.549531 -0.614828 -0.565687 -0.0092544 -8.64087e-07 0 0 0
689 2804 0.274694 0.541368 -0.794647 -0.00903124 -6.42305e-07 0 0 0
67 4478 0.323357 -0.891745 -0.316592 -0.0149238 -1.10147e-06 0 0 0
809 3960 0.169326 0.103019 -0.980161 -0.00902733 -6.62537e-07 0 0 0
4304 1963 0.893085 -0.089131 0.44097 -0.00483185 -2.8027e-07 0 1 0
522 82 -0.30129 -0.903337 -0.305297 -0.00354734 -2.7163e-07 0 0 0
5406 2499 0.225334 0.918516 -0.32489 -0.00158282 -1.19096e-07 0 0 0
1712 3524 0.566392 0.817104 -0.107429 -0.00403242 -2.53501e-07 0 0 0
2285 2099 0.851946 0.446135 0.274137 -0.00459504 -3.59053e-07 0 0 0
757 4801 0.754792 0.350584 0.554418 -0.00024631 -2.15559e-08 0 0 0
2454 3570 0.0256978 0.396428 0.917706 -0.0152506 -1.17888e-06 0 0 0
2551 928 0.725093 0.613533 0.312758 -0.00790047 -6.58518e-07 0 0 0
215 5510 0.566611 0.699143 -0.436064 -0.0074296 -5.44158e-07 0 0 0
352 2969 0.557179 -0.692759 -0.45786 -0.00595054 -4.35785e-07 0 0 0
352 4857 0.363811 0.626638 0.689178 -0.00290702 -2.1047e-07 0 0 0
1949 2353 -0.028076 0.646318 -0.762552 -0.00752273 -4.59648e-07 0 0 0
1490 5466 0.840083 -0.0665756 0.538357 -0.0122525 -8.45324e-07 0 0 0
3425 2276 0.020721 0.443581 -0.895995 -0.00646865 -4.24979e-07 0 0 0
2811 1531 0.614078 -0.744891 0.260857 -0.00636574 -5.39777e-07 0 0 0
2763 486 0.580386 0.627485 -0.519052 -0.00385957 -3.59272e-07 0 0 0
1385 1154 0.240684 0.887113 -0.393829 -0.0262451 -2.19024e-06 0 0 0
4666 590 0.583732 -0.782881 -0.215302 -0.00361433 -2.94976e-07 0 0 0
2196 2041 0.329074 -0.943281 -0.0439414 -0.000514101 -3.80983e-08 0 0 0
3475 536 0.581964 -0.35938 0.729496 -0.0166952 -1.40716e-06 0 0 0
3984 2845 0.274043 0.929988 -0.244996 -0.00204885 -1.46215e-07 0 0 0
177 1039 0.974335 0.209681 0.0818839 -0.0099944 -5.60635e-07 0 0 0
2128 995 0.212451 -0.745259 -0.632024 -0.00649494 -5.12943e-07 0 0 0
4778 1796 0.478934 -0.779257 -0.404204 -0.00696274 -5.51029e-07 0 0 0
1710 3587 0.68096 0.0980838 -0.725723 -0.0034608 -2.50132e-07 0 0 0
2477 4862 0.804657 0.520593 0.285501 -0.00162901 -1.30524e-07 0 0 0
625 1741 0.743838 -0.0612706 0.665546 -0.00772148 -5.3305e-07 0 0 0
1376 2062 0.992943 0.116896 -0.0200099 -0.0318659 -2.87117e-06 0 0 0
5337 5466 0.689376 0.305056 -0.65704 -0.00648827 -5.084e-07 0 0 0
1531 2720 0.88029 -0.22894 -0.415543 -0.0134957 -8.23365e-07 0 0 0
1684 1244 0.39373 0.884416 -0.250569 -0.00453896 -3.27518e-07 0 0 0
2036 3221 -0.00261442 -0.781883 -0.623419 -0.00728309 -6.3967e-07 0 0 0
463 2371 0.30738 -0.804493 -0.508241 -0.0409245 -3.15033e-06 0 0 0
929 3554 0.357175 0.934019 0.00591726 -0.0147863 -8.66987e-07 0 0 0
5227 2375 0.0721231 -0.751493 -0.655787 -0.0150123 -1.25606e-06 0 0 0
463 3502 0.0299479 0.969137 0.244698 -0.0531323 -4.50857e-06 0 0 0
1186 2062 0.243088 0.307997 -0.919808 -0.0228883 -2.00155e-06 0 0 0
2951 1959 0.351293 0.297288 0.887813 -0.0231006 -1.6113e-06 0 0 0
3769 499 0.175281 0.959587 0.220157 -0.0127677 -1.19617e-06 0 1 0
4970 1367 0.970499 -0.054761 0.234805 -0.00437767 -2.90775e-07 0 0 0
2765 1271 0.239132 -0.5436 -0.804559 -0.0238483 -1.82214e-06 0 0 0
219 2490 0.471427 0.881147 -0.0365651 -0.00644678 -5.4982e-07 0 0 0
4559 4832 0.472485 -0.788041 0.394651 -0.00925117 -6.23033e-07 0 0 0
3643 4864 0.0271039 -0.759829 -0.649558 -0.000710905 -5.48821e-08 0 0 0
3538 4513 0.924305 0.0919239 0.370419 -0.00393678 -3.02992e-07 0 0 0
1230 3993 0.809977 0.211421 -0.547027 -0.00116753 -9.46854e-08 0 0 0
2185 4363 0.0318292 -0.853715 0.519767 -0.00343653 -2.78549e-07 0 -1 0
4246 2626 0.038931 -0.985886 0.16283 -0.000293888 -1.98341e-08 0 0 0
47 4821 0.829142 -0.558391 -0.0268785 -0.00630884 -4.71545e-07 0 0 0
3930 3681 0.722976 -0.475415 0.501284 -0.0112211 -6.82692e-07 0 0 0
630 352 0.943902 0.302991 0.131323 -0.000833041 -5.977e-08 0 0 0
1922 2221 -0.169466 0.820088 0.546568 -0.00369397 -2.83916e-07 0 0 0
889 561 -0.0268196 -0.493978 -0.869061 -0.00917298 -7.82484e-07 0 0 -1
459 2484 -0.112028 -0.993616 0.0132744 -0.0125507 -9.78389e-07 0 -1 0
4988 3412 0.197565 0.446744 -0.872575 -0.00404838 -3.03478e-07 0 1 0
4947 5061 -0.543759 0.0373442 -0.83841 -0.000988817 -7.93919e-08 0 0 0
5103 4675 0.697689 0.0135383 -0.716273 -0.016747 -1.14617e-06 0 0 0
1193 2881 0.896492 0.139756 0.42044 -0.00953825 -7.97911e-07 0 0 0
1082 4383 0.892744 0.363933 0.265632 -0.00626741 -3.8774e-07 0 0 0
1082 3569 0.539105 -0.482783 -0.690135 -0.00965493 -8.35182e-07 0 0 0
3818 1180 0.986485 -0.163044 0.0162202 -0.0110119 -9.63056e-07 0 0 0
5227 4887 0.0587827 -0.0833956 0.994781 -0.0155068 -1.11866e-06 0 0 0
3988 215 0.0291754 -0.979507 -0.199285 -0.000859005 -7.1248e-08 0 -1 0
1817 1798 0.756875 0.167993 0.6316 -0.000941924 -5.7112e-08 0 0 0
4974 1970 0.880301 0.474363 -0.00702368 -0.0110672 -7.84069e-07 0 0 0
2798 5484 0.821404 -0.492233 0.288101 -0.00329502 -2.78159e-07 0 0 0
5263 4819 0.353841 -0.574191 -0.73831 -0.0282538 -2.27612e-06 0 0 0
2985 574 0.0686787 -0.238343 -0.96875 -0.0276598 -2.21969e-06 0 0 0
5263 1335 0.130645 -0.42618 0.895155 -0.0341623 -2.63745e-06 0 0 0
3366 1299 0.419481 -0.170644 -0.891581 -0.00089932 -5.8068e-08 0 0 0
3624 4508 0.364888 0.65489 0.661797 -0.00381229 -2.77945e-07 0 0 0
1461 1381 0.554577 0.50678 -0.660014 -0.0134257 -1.17662e-06 0 0 0
3729 2341 0.399762 0.216994 0.890564 -0.00592015 -4.23784e-07 0 0 0
4489 2829 0.500796 -0.228998 -0.834724 -0.00643529 -6.09427e-07 0 0 0
1453 3744 0.334723 -0.778655 0.530714 -0.00274606 -2.07573e-07 0 0 0
2636 5354 0.0704745 -0.990104 0.121358 -0.00381763 -2.8298e-07 0 0 0
4202 3442 0.321254 -0.717957 -0.617523 -0.007533 -5.9387e-07 0 0 0
1366 4424 0.237201 -0.703235 0.670221 -0.0192459 -1.41527e-06 0 0 0
3659 4553 -0.0489859 0.741079 -0.669628 -0.00908942 -7.00698e-07 0 0 -1
1112 4400 0.0842987 0.588292 -0.804243 -0.00172536 -1.33701e-07 0 0 0
3125 459 0.137882 -0.219874 -0.965735 -0.00813678 -6.54255e-07 0 0 0
2075 3263 0.968846 0.0746367 -0.236149 -0.020107 -1.75258e-06 0 0 0
405 4105 0.215504 0.514028 0.830261 -0.0143883 -1.24819e-06 0 0 1
771 4319 -0.114776 -0.558984 -0.821196 -0.0319849 -2.52974e-06 0 -1 0
918 2293 0.438656 0.437873 0.78476 -0.0130682 -1.06407e-06 0 0 0
91 1207 -0.462089 -0.400437 -0.79128 -0.00403188 -3.47795e-07 0 0 0
91 2306 0.15817 -0.705519 0.690815 -0.0237719 -1.54116e-06 0 0 0
2424 1148 0.619579 -0.75675 -0.20845 -0.0083835 -7.39061e-07 0 0 0
4049 80 0.76737 -0.255389 -0.588149 -0.00623838 -5.39185e-07 0 0 0
2891 5104 -0.440278 0.200994 -0.875075 -0.0159607 -1.25703e-06 0 0 0
3754 798 -0.0198197 0.901331 -0.432677 -0.00806751 -4.8769e-07 0 0 0
2156 4306 0.329826 -0.586976 -0.739374 -0.0162356 -1.56258e-06 0 0 0
3754 2707 0.706506 -0.265094 -0.656182 -0.0153835 -1.30178e-06 0 0 0
918 1335 0.0989222 0.182718 -0.978176 -0.0345978 -2.52673e-06 0 0 0
1186 3073 0.810198 -0.552746 -0.195066 -0.0126308 -1.08421e-06 0 0 0
4550 5466 -0.222638 0.452743 -0.863398 -0.0229762 -1.6948e-06 0 0 0
1186 3996 0.390656 -0.0989756 0.9152 -0.0286552 -2.17273e-06 0 0 0
4400 1035 0.310969 0.170474 -0.935006 -0.001536 -1.01451e-07 0 0 0
4560 5431 0.252561 -0.594616 0.763312 -0.00608445 -4.0556e-07 0 0 0
779 2718 0.715543 0.60363 -0.351608 -0.00569726 -4.65621e-07 0 0 0
2313 3524 0.212759 -0.546149 -0.810219 -0.0169335 -1.03179e-06 0 0 0
132 154 0.813975 0.336211 0.473717 -0.0167199 -1.36629e-06 0 0 0
4318 874 0.661702 0.745595 0.0789856 -0.00516791 -4.50645e-07 0 0 0
5305 4642 0.738902 -0.617077 -0.270627 -0.000934142 -7.01022e-08 0 0 0
3352 2329 0.788438 0.568065 0.23594 -0.0123868 -9.76301e-07 0 0 0
1261 3685 0.848921 0.402092 -0.343011 -0.00420878 -3.46187e-07 0 0 0
1529 3337 0.770305 0.627616 -0.112818 -0.00986225 -8.7696e-07 0 0 0
1529 352 -0.0742975 -0.123764 0.989526 -0.021939 -1.48863e-06 0 0 0
673 403 0.343562 -0.861907 -0.372935 -0.00348295 -2.45959e-07 0 0 0
4856 2375 0.846534 0.459953 -0.267998 -0.011238 -9.14823e-07 0 0 0
2121 703 0.762152 -0.132774 0.633637 -0.00688454 -4.41527e-07 0 0 0
2441 4210 0.368893 0.165885 0.914549 -0.0156466 -1.34765e-06 0 0 0
1802 2989 0.289462 -0.774143 -0.562952 -0.0052328 -3.91721e-07 0 0 0
969 1947 0.560468 -0.596291 -0.574729 -0.0167181 -1.25337e-06 0 0 0
2094 2202 0.7258 0.687746 -0.0148236 -0.00390958 -3.33675e-07 0 0 0
386 3444 0.339954 -0.873931 0.347384 -0.0131825 -9.42679e-07 0 0 0
5187 3984 0.883617 0.350039 0.310956 -0.00473541 -3.19375e-07 0 0 0
3177 1195 0.83737 -0.31073 0.44973 -0.00405567 -2.80601e-07 0 0 0
3177 4304 -0.0141969 -0.447748 0.894047 -0.0188972 -1.10585e-06 0 -1 0
1931 2899 0.436746 0.879476 -0.189141 -0.00289225 -2.12388e-07 0 0 0
3734 1998 0.291438 0.507281 -0.811006 -0.0245823 -1.57166e-06 0 0 0
3734 2441 0.416554 0.815301 0.402204 -0.0135413 -8.58759e-07 0 0 0
2195 1732 0.460929 -0.504378 -0.73017 -0.0046306 -3.78312e-07 0 0 0
2094 2001 -0.0287399 -0.0485736 -0.998406 -0.00243016 -1.93497e-07 0 0 0
3372 625 0.117928 0.33597 -0.934461 -0.0092686 -7.88066e-07 0 0 0
1276 5494 0.484141 -0.592311 -0.64403 -0.010146 -8.19764e-07 0 0 0
5310 459 -0.0711304 0.536948 0.840611 -0.0030775 -2.2212e-07 0 1 0
3019 4281 0.0149513 -0.400689 0.916092 -0.0261233 -2.00928e-06 0 0 0
934 754 -0.97569 -0.0592732 0.210986 -0.0113839 -9.7873e-07 0 0 0
5004 4594 -0.165729 0.105313 -0.980532 -0.000489401 -4.01096e-08 0 0 0
4506 4675 0.86028 -0.4904 0.139375 -0.0117087 -7.71141e-07 0 0 0
4506 5332 0.76126 0.416584 0.496932 -0.0170465 -1.11364e-06 0 0 0
5245 561 0.634112 0.324991 -0.701629 -0.00618026 -5.14863e-07 0 0 0
4308 4656 0.208449 0.529066 0.822581 -0.0292204 -2.09883e-06 0 0 0
1602 1719 0.134752 0.982944 0.125152 -0.00960649 -8.00722e-07 0 0 0
2464 2684 0.657672 0.513928 -0.550768 -0.00547829 -3.57011e-07 0 0 0
5484 1734 0.945209 0.325941 -0.0184916 -0.00254841 -2.10101e-07 0 0 0
5409 3884 0.38054 0.816917 -0.4334 -0.00534972 -3.79664e-07 0 1 0
2603 1872 0.604404 0.759085 -0.241839 -0.0180237 -1.02057e-06 0 0 0
709 1710 0.564354 0.813113 0.142658 -0.00373804 -3.02629e-07 0 0 0
4630 2293 0.494299 -0.153021 -0.855718 -0.0265764 -2.25424e-06 0 0 0
5314 4036 0.482469 -0.676698 0.556151 -0.0121899 -9.69085e-07 0 0 0
2121 3035 0.943226 -0.189912 -0.272505 -0.003892 -3.40791e-07 0 0 0
3901 3129 0.363144 -0.376764 0.852159 -0.0321127 -2.4019e-06 0 0 0
1662 2022 0.463654 -0.219227 0.858466 -0.0228078 -1.61253e-06 0 0 0
1709 780 0.01995 0.0651293 -0.997677 -0.0403553 -2.56497e-06 0 0 0
2464 1913 0.346174 -0.465314 0.814645 -0.00869358 -5.52603e-07 0 0 0
3116 112 0.411756 0.195202 0.890142 -0.00233478 -1.97143e-07 0 0 0
3867 3674 0.414074 -0.0948846 -0.905284 -0.00371389 -2.70963e-07 0 0 0
5473 4985 0.544601 -0.140313 -0.826875 -0.0148722 -1.05322e-06 0 0 0
1316 1403 0.812557 0.567189 0.134341 -0.00360586 -2.40611e-07 0 0 0
1368 843 0.99206 0.0592675 0.110923 -0.0048471 -3.65941e-07 0 0 0
3061 2116 0.118485 0.712979 0.691102 -0.00841299 -7.17606e-07 0 0 0
4032 521 0.687614 0.562516 0.45909 -0.0159276 -1.16858e-06 0 0 0
4648 658 0.541376 -0.353433 0.762888 -0.0111097 -8.32365e-07 0 0 0
1447 2890 0.339187 0.0637655 0.938555 -0.0180552 -1.40503e-06 0 0 1
4265 598 0.663241 -0.747587 -0.0349972 -0.0124189 -9.06924e-07 0 0 0
4306 1529 0.0786499 -0.844728 0.529386 -0.0164938 -1.10657e-06 0 0 0
3838 508 0.455531 0.293747 -0.84036 -0.00407986 -2.80297e-07 0 0 0
4648 1492 0.0533045 0.875003 -0.481174 -0.00379096 -2.91695e-07 0 0 0
4121 3209 0.882307 0.372514 0.287692 -0.00484862 -3.77644e-07 0 0 0
2265 4548 0.0900212 -0.419411 0.903322 -0.00408955 -3.37458e-07 0 0 1
759 3869 0.615712 -0.781203 -0.103061 -0.00258545 -1.98381e-07 0 0 0
1484 3497 0.698474 -0.714262 0.0443246 -0.00568053 -3.16899e-07 0 0 0
5212 2635 0.244628 0.293047 -0.924273 -0.0164635 -1.39233e-06 0 0 0
5009 2195 0.069776 -0.997497 -0.0114607 -0.00409165 -3.38317e-07 0 0 0
104 2966 0.69765 -0.331884 0.634931 -0.00504502 -3.43281e-07 0 0 0
2951 5085 0.912809 0.401868 0.0726824 -0.00267313 -2.00703e-07 0 0 0
1896 4621 0.462156 0.886567 0.0202706 -0.00204502 -1.42966e-07 0 0 0
3862 1390 0.706943 0.591065 -0.388425 -0.00163134 -1.01491e-07 0 0 0
4179 3040 0.434401 0.116737 0.893123 -0.0135521 -1.01368e-06 0 0 0
4259 2197 0.802884 0.0936903 0.588727 -0.0043165 -2.81993e-07 0 0 0
2706 3019 0.835927 -0.194532 0.513209 -0.0120473 -9.87311e-07 0 0 0
1434 4829 0.317793 0.265039 0.910364 -0.0283273 -2.68664e-06 0 -1 1
3570 1726 0.930234 0.212601 0.299108 -0.00342573 -2.88826e-07 0 0 1
4916 4780 0.914233 -0.145905 0.378007 -0.00147837 -1.30374e-07 0 0 0
2190 3681 0.466941 0.521542 0.714115 -0.00740558 -5.56062e-07 0 0 0
348 1646 0.130795 0.454699 -0.880989 -0.00557605 -4.31803e-07 0 0 0
4633 548 0.474245 -0.55397 0.684257 -0.0077677 -5.46682e-07 0 0 0
2606 3806 0.207719 -0.19063 0.959434 -0.0249346 -1.56882e-06 0 0 0
5085 3503 0.846385 0.256941 0.466491 -0.0112633 -8.49959e-07 0 0 0
4198 4184 0.580577 0.585638 0.565649 -0.00701516 -4.89921e-07 0 0 0
4156 5158 0.690622 -0.0857043 -0.71812 -0.00106117 -7.80124e-08 0 0 0
3101 4306 0.829223 -0.558822 -0.0103255 -0.00786183 -5.01862e-07 0 0 0
4624 4244 0.793126 0.31504 0.52125 -0.00924191 -7.72059e-07 0 0 0
3019 2306 0.222478 0.00564321 -0.974921 -0.0175477 -1.49947e-06 0 0 0
339 2825 0.63331 0.652227 0.416556 -0.00670879 -5.65944e-07 0 0 0
4025 1066 0.555901 -0.581597 -0.593901 -0.00444661 -3.09206e-07 0 0 0
2163 1191 0.894849 -0.203145 0.397464 -0.0057264 -5.06028e-07 0 0 0
5225 2843 0.390394 -0.757168 0.523727 -0.000723567 -6.15251e-08 0 0 0
4550 3842 0.600635 0.721791 -0.343883 -0.00427108 -3.27734e-07 0 0 0
2033 1376 0.617072 -0.649569 0.444165 -0.0145494 -1.20519e-06 0 0 0
2612 3550 0.274508 0.902699 0.331329 -0.00852878 -7.08848e-07 0 0 0
3754 4889 0.00433064 0.725869 0.68782 -0.00475805 -2.95332e-07 0 0 0
1483 4631 0.37638 -0.0763754 0.923312 -0.00746048 -5.83583e-07 0 0 0
5162 2181 0.711044 0.467305 0.525398 -0.0137912 -1.22455e-06 0 0 0
1494 5016 0.921031 -0.17141 0.349744 -0.00613966 -5.16886e-07 0 0 0
3844 4942 0.239226 -0.107745 0.964967 -0.00770742 -5.93805e-07 0 0 0
990 779 0.367309 0.559632 -0.742897 -0.0218128 -1.61363e-06 0 0 0
3470 3473 0.478783 -0.32246 -0.81657 -0.0184831 -1.14754e-06 0 0 0
1550 3758 0.779126 0.604494 0.165983 -0.00693427 -5.72797e-07 0 0 0
1550 664 0.137323 -0.336201 -0.931725 -0.0539088 -3.78343e-06 0 0 0
1550 1492 -0.112148 0.192901 0.974788 -0.0460109 -3.33158e-06 0 0 0
553 1841 0.815832 -0.456521 0.354974 -0.00340127 -3.03054e-07 0 0 0
2497 3734 0.508497 0.553272 -0.659788 -0.0116667 -9.05226e-07 0 0 0
1472 1249 0.916791 0.396025 0.0515577 -0.026417 -2.58962e-06 0 0 0
1732 2778 0.239858 0.050868 0.969474 -0.0084761 -7.07886e-07 0 0 0
2156 5157 0.577437 0.737282 0.350687 -0.0194205 -1.63071e-06 0 0 0
3307 1441 0.243611 -0.89797 0.366475 -0.00809922 -6.63231e-07 0 0 0
4306 3337 0.802799 -0.352024 0.481242 -0.014685 -1.40588e-06 0 0 0
318 4856 0.502409 0.0789301 -0.86102 -0.00596088 -4.35716e-07 0 0 0
58 3084 0.555047 -0.0903805 0.826894 -0.00558715 -3.68986e-07 0 0 0
4055 3165 0.265674 0.461115 -0.846634 -0.00154068 -1.16162e-07 0 0 0
4306 1617 0.482233 0.800666 -0.355506 -0.0109978 -9.06648e-07 0 0 0
3177 2067 0.847084 0.37011 -0.381402 -0.0222934 -1.39566e-06 0 0 0
1171 94 0.44438 0.336289 -0.830322 -0.00344515 -2.01363e-07 0 0 0
5253 1249 -0.0168886 -0.865892 0.499946 -0.0137809 -1.34998e-06 0 0 0
3407 5327 0.859444 0.391351 0.328939 -0.00422269 -3.37922e-07 0 1 0
2616 2140 0.225559 -0.547586 0.805774 -0.00685662 -5.02875e-07 0 0 1
2306 5224 0.849156 0.357208 0.389019 -0.01068 -8.84997e-07 0 0 0
3828 4275 0.737037 0.579972 -0.347001 -0.000577824 -4.65344e-08 0 0 0
2306 1741 0.516194 -0.631377 -0.578712 -0.00607516 -4.26592e-07 0 0 0
995 416 0.752958 -0.603344 0.262737 -0.00830373 -6.44117e-07 0 0 0
1470 4141 -0.021284 0.492886 -0.869833 -0.0112267 -9.22541e-07 0 0 -1
4633 2654 0.104396 0.258807 0.960271 -0.0134178 -1.13964e-06 0 0 0
4424 2720 0.724299 -0.356389 0.590235 -0.0186163 -1.47797e-06 0 0 0
1379 5245 0.845784 0.457424 0.274613 -0.00286035 -2.19658e-07 0 0 0
4507 260 0.997837 0.0403842 0.0518646 -0.00506411 -3.06586e-07 0 0 0
234 991 0.645201 -0.0796892 0.759846 -0.00116297 -9.27025e-08 0 0 0
3033 3368 0.0575887 -0.20601 -0.976854 -0.0170435 -1.3502e-06 0 0 0
752 866 0.503224 -0.835502 -0.220685 -0.00218446 -1.462e-07 0 0 0
2870 1338 0.871065 -0.161909 -0.463715 -0.00683867 -4.73848e-07 0 0 0
4636 4088 -0.00227508 -0.693764 0.720198 -0.00253703 -2.02263e-07 0 0 0
4636 2041 0.88117 -0.0495235 0.470198 -0.011013 -8.07864e-07 0 0 0
1366 4974 0.361029 0.202204 -0.910369 -0.0290822 -1.88846e-06 0 0 0
1044 2683 0.681413 0.7271 0.0836714 -0.00188377 -1.63245e-07 0 0 0
2168 4980 0.373265 -0.768507 0.519683 -0.00383936 -3.02177e-07 0 0 0
1347 4848 -0.994322 -0.0754492 -0.0750437 -0.00222789 -1.72368e-07 0 0 0
1286 3347 0.615138 -0.453225 0.645129 -0.00303794 -2.288e-07 0 0 0
1492 4465 0.0850872 0.506143 0.858242 -0.0337722 -2.68657e-06 0 0 0
3744 3085 0.356753 0.727308 0.586302 -0.00687553 -4.87241e-07 0 0 0
2300 918 0.078792 0.789289 -0.608945 -0.0145728 -1.15227e-06 0 0 0
5245 889 0.613586 0.770219 0.173996 -0.00105494 -7.65946e-08 0 0 1
2170 4131 0.641753 -0.571804 0.51107 -0.00410991 -2.81057e-07 0 0 0
2054 3686 -0.349638 -0.355134 -0.866967 -0.00674783 -4.73103e-07 0 0 0
2185 3600 0.584828 0.0504155 0.809589 -0.0529633 -3.32472e-06 0 0 0
1863 5008 0.618473 -0.473917 0.626813 -0.000226146 -1.56674e-08 0 0 0
1617 4554 0.427768 0.121492 0.895686 -0.0257473 -1.95428e-06 0 0 0
2817 2823 0.947488 0.138653 -0.288168 -0.00838205 -5.2405e-07 0 0 0
1383 196 0.554455 0.101742 0.825971 -0.0164626 -9.86251e-07 0 0 0
3232 378 0.260816 0.907829 0.328362 -0.00729182 -5.89468e-07 0 0 0
5252 1978 0.882416 -0.237276 -0.406254 -0.00134047 -1.09821e-07 0 0 -1
4265 4596 0.370103 0.470573 0.80099 -0.0116501 -8.26847e-07 0 0 0
3443 1334 0.738223 0.429349 0.520275 -0.00254519 -1.91395e-07 0 0 0
606 2817 0.614728 0.522932 -0.590468 -0.0137125 -8.72374e-07 0 0 0
1247 3505 0.774849 0.566514 -0.280483 -0.0320029 -2.24571e-06 0 1 0
4509 2196 0.399684 0.541702 -0.739467 -0.00681315 -4.88665e-07 0 0 0
1352 916 0.854669 -0.445446 0.266682 -0.0118771 -8.13798e-07 0 0 0
1247 3177 0.335268 0.142658 0.931259 -0.0251563 -1.80392e-06 0 1 0
159 3012 0.762509 -0.432156 -0.481477 -0.0222091 -1.72825e-06 0 0 0
4131 1496 0.80253 -0.594735 -0.0472808 -0.00606253 -4.28655e-07 0 0 0
2772 1275 0.184841 0.732777 -0.654883 -0.0105529 -8.14511e-07 0 0 0
508 3524 0.5557 -0.584099 0.591629 -0.00227057 -1.59407e-07 0 0 0
5260 3130 0.622492 0.781813 -0.0356801 -0.0211451 -1.70252e-06 0 0 0
4170 4032 0.0970515 0.838778 0.535754 -0.00908684 -6.44052e-07 0 0 0
5402 1560 0.803921 0.117065 0.583101 -0.0120969 -9.81727e-07 0 0 0
4623 1464 0.215747 -0.717932 0.661836 -0.000610661 -4.65553e-08 0 0 0
2632 611 0.805129 -0.345768 -0.481883 -0.00479152 -3.31288e-07 0 0 0
702 894 -0.067926 0.283689 -0.956508 -0.00146053 -1.2993e-07 0 0 0
733 550 -0.121571 0.480006 -0.868801 -0.0348402 -2.40788e-06 0 0 0
2981 858 0.864566 -0.314271 -0.392121 -0.00181276 -1.35457e-07 0 0 0
655 5409 0.447643 -0.874611 -0.186203 -0.00735559 -5.06414e-07 0 -1 0
4988 1016 0.354693 -0.572038 -0.739571 -0.0139849 -9.67624e-07 0 0 0
2966 5475 0.113741 0.530564 0.839979 -0.0059582 -4.56268e-07 0 0 0
5410 5496 0.502835 -0.143583 -0.852374 -0.0156305 -1.16167e-06 0 0 0
3001 4947 0.940018 0.0589071 -0.335999 -0.0190278 -1.38848e-06 0 0 0
3001 1434 0.256421 -0.781425 -0.568879 -0.00350106 -2.79345e-07 0 0 0
1279 2141 0.188346 0.232781 0.954117 -0.013229 -9.80702e-07 0 0 0
1279 1434 0.375476 0.287268 -0.88119 -0.0153686 -1.02714e-06 0 0 -1
1279 4486 0.522388 -0.78348 -0.336558 -0.0122747 -8.75575e-07 0 -1 -1
3969 703 0.172797 -0.171687 -0.969879 -0.0210193 -1.4577e-06 0 0 0
177 5178 0.095781 -0.0607551 0.993547 -0.0222222 -1.87252e-06 0 0 0
5288 5157 0.594297 0.425959 -0.682181 -0.00766188 -5.48938e-07 0 0 0
4208 5311 0.165225 0.167318 -0.97196 -0.00803532 -6.41756e-07 0 0 0
2053 5106 0.263063 -0.346318 -0.900479 -0.00441047 -2.96684e-07 0 0 0
4621 4110 0.0575428 -0.396084 -0.91641 -0.0179252 -1.42463e-06 0 0 0
4776 4088 0.341756 -0.0532869 -0.938277 -0.00289524 -2.42961e-07 0 0 0
798 4707 0.487011 0.584777 0.648735 -0.0308107 -2.22819e-06 0 0 0
798 1712 0.629939 -0.382917 -0.675686 -0.0288603 -1.71747e-06 0 0 0
1275 2181 0.754406 -0.647628 0.107004 -0.0256692 -2.02265e-06 0 0 0
4174 2684 0.138148 -0.624867 0.768411 -0.00098033 -6.93251e-08 0 0 0
1408 4348 0.588912 -0.768946 -0.248808 -0.0131779 -1.21976e-06 0 0 0
1397 4950 0.611465 -0.38595 -0.690763 -0.0252209 -1.72017e-06 0 0 0
1937 2870 0.454734 -0.171229 0.874012 -0.0165346 -1.31721e-06 0 0 0
1408 219 0.362167 0.868867 0.337498 -0.0152681 -1.25061e-06 0 0 0
4447 433 0.447218 0.52982 -0.720616 -0.00793622 -6.13539e-07 0 0 0
2565 2825 0.29436 -0.894093 -0.337563 -0.013325 -1.15077e-06 0 0 0
2565 2075 0.0673481 0.053849 0.996275 -0.0240952 -2.10005e-06 0 0 0
1335 2927 0.510014 0.832291 -0.217203 -0.00654267 -4.85421e-07 0 0 0
514 2817 0.097521 -0.17553 -0.979632 -0.0358028 -2.42747e-06 0 0 0
514 2606 0.123624 0.534838 0.835862 -0.0290157 -1.89848e-06 0 0 0
2943 4780 0.601774 0.791382 0.10762 -0.00698315 -5.36285e-07 0 0 0
730 5256 0.317096 -0.508973 -0.800248 -0.00972392 -8.23063e-07 0 0 0
4366 3602 0.906998 -0.410013 0.0961488 -0.00592631 -5.28057e-07 0 0 0
2946 1492 0.726584 0.0313935 -0.68636 -0.0212238 -1.59781e-06 0 0 0
4220 5027 0.665873 -0.4884 0.563984 -7.74376e-05 -5.6609e-09 0 0 0
1989 1959 0.125963 -0.745534 -0.654456 -0.0170593 -1.31718e-06 0 0 0
1465 3519 0.0104143 -0.0850485 -0.996322 -0.0321516 -2.40295e-06 0 0 0
4932 4831 0.70466 0.0126411 -0.709433 -0.0125034 -1.01478e-06 0 0 0
4980 419 0.703021 0.693636 -0.156944 -0.00739919 -6.11764e-07 0 0 0
3722 1186 0.30607 0.608799 0.731905 -0.00945826 -7.16724e-07 0 0 0
1982 5187 0.0770329 0.988048 0.133515 -0.0105297 -8.09303e-07 0 0 0
3739 1376 0.266915 0.563016 -0.782157 -0.00395254 -3.20836e-07 0 0 0
3722 2565 0.187228 -0.589218 0.785982 -0.0252831 -2.09306e-06 0 0 0
2881 1752 0.988713 0.146961 -0.0291534 -0.00517138 -4.08865e-07 0 0 0
4609 1902 0.732668 -0.633656 0.248351 -0.00843275 -6.03516e-07 0 0 0
1569 1159 0.752975 0.37764 0.538902 -0.0005104 -4.09965e-08 0 0 0
5022 5212 0.585132 -0.589754 0.556606 -0.00833377 -5.29262e-07 0 -1 0
606 4 -0.142009 -0.0450675 -0.988839 -0.0185296 -1.13282e-06 0 0 0
4925 1566 0.61532 -0.634989 0.467087 -0.0153204 -1.15597e-06 0 0 0
3519 5319 0.90868 -0.417474 -0.0040709 -0.003191 -2.29252e-07 0 0 0
718 3503 0.0308027 0.947709 0.317645 -0.00411708 -3.07966e-07 0 0 0
350 1801 0.430123 -0.0170113 -0.90261 -0.00948927 -6.33452e-07 0 0 0
1508 1145 0.779362 0.624489 0.0510781 -0.0198893 -1.52924e-06 0 0 0
4400 4649 0.603844 -0.796727 0.024469 -0.0138441 -1.18982e-06 0 0 0
5475 4909 -0.11475 0.27185 0.955474 -0.0059582 -4.71417e-07 0 0 0
1684 5314 0.977222 -0.198629 -0.0747282 -0.0140253 -1.11271e-06 0 0 0
508 3464 -0.0675595 -0.516447 -0.85365 -0.013962 -1.10818e-06 0 0 0
2941 3562 0.816409 -0.456194 -0.354067 -0.00849884 -6.55766e-07 0 0 0
634 2722 0.482117 -0.146539 -0.863765 -0.000916356 -8.70581e-08 0 0 0
2395 5313 0.456685 -0.768998 0.447304 -0.00311135 -2.67399e-07 0 0 0
3428 4370 0.364122 0.628664 -0.687166 -0.00213479 -1.90903e-07 0 1 0
1411 759 0.636576 -0.476347 0.606518 -0.00560913 -4.40948e-07 0 0 0
4117 575 0.314567 0.859316 0.403267 -0.0119659 -8.92879e-07 0 0 0
504 2914 0.402221 0.268372 0.875326 -0.00883088 -5.13493e-07 0 0 0
1338 4329 0.286028 0.180986 -0.940974 -0.00607721 -5.0306e-07 0 -1 0
401 1915 -0.0837101 -0.694358 -0.714744 -0.00145794 -1.02887e-07 0 0 0
2452 2845 0.164284 -0.534243 0.829214 -0.0196544 -1.234e-06 0 0 0
2409 3885 0.583824 0.445172 0.678949 -0.0138849 -1.02127e-06 0 0 0
3459 1684 0.868613 0.229333 -0.439223 -0.0160487 -1.30276e-06 0 0 0
201 193 0.80974 0.570492 -0.137335 -0.00675811 -4.99595e-07 0 0 0
3757 3883 0.508185 0.0493498 -0.859833 -0.0235995 -1.63817e-06 0 0 0
1137 3626 0.67179 -0.203504 0.712239 -0.0119949 -9.2697e-07 0 0 1
2486 3433 0.522087 0.600109 0.606048 -0.00809245 -5.51852e-07 0 0 0
41 4834 0.807206 -0.356872 -0.470171 -0.00632361 -4.48496e-07 0 0 0
4251 3909 0.745596 0.261764 -0.612835 -0.00840992 -4.90566e-07 0 0 0
3534 4718 0.602774 -0.380681 -0.701246 -0.00545016 -4.60733e-07 0 0 0
403 743 0.0627231 -0.934252 -0.351053 -0.00348294 -2.60454e-07 0 0 0
404 1403 0.492863 -0.0304002 0.869576 -0.0200155 -1.3229e-06 0 0 0
2099 3464 0.200316 0.976685 -0.0771971 -0.00571518 -4.38427e-07 0 0 0
643 5398 0.125362 -0.175845 0.976403 -0.00901 -6.81165e-07 0 0 0
1185 2853 0.545551 -0.598499 -0.586663 -0.00407114 -3.40106e-07 0 0 0
4201 1388 0.611134 -0.656583 -0.442057 -0.00985882 -7.65883e-07 0 0 0
4315 4348 0.356601 0.934255 0.00176323 -0.0133376 -1.02069e-06 0 0 0
675 4409 0.475524 0.235578 -0.847573 -0.0153961 -1.37626e-06 0 0 0
1462 661 0.429713 0.46329 -0.775054 -0.00570781 -4.19853e-07 0 0 0
4707 2313 0.598716 0.455224 -0.659022 -0.00380539 -2.73618e-07 0 0 0
3346 1018 0.202501 -0.514546 0.833208 -0.00526239 -4.13612e-07 0 0 0
4110 2733 0.559736 0.443104 -0.700253 -0.00318531 -2.46211e-07 0 0 0
4414 1508 0.819387 0.316078 -0.478226 -0.0143451 -1.01882e-06 0 1 0
1712 5131 0.908494 0.141252 0.393301 -0.00141055 -1.19404e-07 0 0 0
196 1140 0.0325151 -0.49287 0.869495 -0.00560614 -3.47288e-07 0 0 0
2300 4458 0.920204 0.308309 -0.241187 -0.00273609 -2.18274e-07 0 0 0
1932 2662 0.589893 0.297924 -0.750512 -0.0261701 -1.79572e-06 0 0 -1
1073 1177 0.667538 0.288918 0.686236 -0.0112355 -8.22275e-07 0 0 0
3702 2820 0.995672 0.0928413 -0.00425704 -0.00179098 -1.18422e-07 0 0 0
3073 1159 0.711211 -0.670306 0.211823 -0.0166337 -1.50874e-06 0 0 0
4269 2763 0.25867 -0.829113 0.495642 -0.0083714 -7.31981e-07 0 0 0
135 736 -0.109061 -0.072479 -0.991389 -0.0123423 -7.60215e-07 0 0 0
4441 4117 0.831836 0.305112 0.463633 -0.0119723 -8.83383e-07 0 0 0
2399 328 0.445672 -0.0386258 0.894363 -0.00656274 -3.68829e-07 0 0 0
4950 1050 0.311891 -0.646906 -0.695871 -0.0342042 -2.17221e-06 0 0 0
4763 1985 0.732883 0.551585 0.398292 -0.0168352 -1.25975e-06 0 0 0
418 4548 0.424416 -0.60772 -0.671228 -0.00449844 -3.77885e-07 0 0 0
2428 1615 0.674254 -0.071211 -0.735058 -0.0176318 -1.25778e-06 0 0 0
1821 3240 0.266557 -0.9614 -0.0682523 -0.00282966 -2.49073e-07 0 -1 0
2948 630 0.248374 0.0551211 -0.967095 -0.00659775 -4.18456e-07 0 0 0
647 4366 -0.381223 -0.111249 -0.917765 -0.00329063 -2.86717e-07 0 0 0
2441 1487 0.142656 -0.907761 0.394487 -0.00361503 -3.25917e-07 0 0 0
2610 912 0.190706 -0.852028 -0.487525 -0.00610168 -5.32444e-07 0 0 0
1017 4996 0.752259 -0.16281 -0.638435 -0.00469756 -3.78832e-07 0 0 0
850 1261 -0.306206 0.114904 -0.945005 -0.0104061 -9.53218e-07 0 0 0
293 2553 0.0790438 0.207746 -0.974984 -0.0164139 -1.01954e-06 0 0 0
2452 2843 -0.0171844 0.988696 0.148947 -0.00208288 -1.89599e-07 0 0 0
3571 1589 0.795374 0.488918 0.358244 -0.0178369 -1.70272e-06 0 0 0
1082 2749 0.373763 -0.689772 0.620094 -0.00646051 -4.30287e-07 0 0 0
3600 426 0.786389 0.20687 0.582063 -0.0338942 -2.93482e-06 0 0 0
3472 3624 0.476024 -0.108258 0.872743 -0.0181786 -1.37804e-06 0 0 0
4459 4636 0.236211 0.765369 0.598678 -0.00819142 -5.82018e-07 0 0 0
1703 215 0.754605 0.0698264 -0.652453 -0.0102078 -6.20608e-07 0 0 0
4121 5227 0.333007 -0.484652 0.808838 -0.0040669 -3.40747e-07 0 0 0
5466 817 0.273826 0.960024 0.0580771 -0.0089517 -6.01175e-07 0 0 0
1408 4190 0.291901 -0.0114149 -0.95638 -0.012323 -9.73145e-07 0 0 0
177 3624 0.197428 0.570616 -0.797132 -0.0185904 -1.50104e-06 0 0 0
2588 5179 0.0290188 0.850778 -0.524724 -0.00672096 -5.13637e-07 0 0 0
4887 5202 0.794526 0.495277 0.351324 -0.0109693 -8.58621e-07 0 0 0
1828 2590 0.015076 -0.746405 -0.665321 -0.00438263 -3.43843e-07 0 -1 0
950 2863 -0.00707672 0.956687 -0.291032 -0.00110309 -7.61616e-08 0 0 0
935 5253 0.524673 -0.700077 -0.484366 -0.00289496 -2.7455e-07 0 0 0
2128 4315 0.596537 -0.723726 0.346934 -0.00205207 -1.51736e-07 0 0 0
477 1230 0.204487 0.713651 -0.669991 -0.0197143 -1.72852e-06 0 0 0
1607 1315 -0.289649 -0.457586 -0.840666 -0.0336261 -2.4844e-06 0 0 0
5368 2654 0.689525 -0.524392 0.499567 -0.0114211 -9.10188e-07 0 0 0
2690 522 -0.0685027 -0.148175 -0.986586 -0.0191939 -1.24441e-06 0 0 0
2111 5349 0.213605 -0.378573 -0.900586 -0.0272169 -2.25495e-06 0 0 0
944 3733 0.458925 0.883049 -0.0980403 -0.00719022 -6.38517e-07 0 1 0
5063 265 0.750285 -0.268192 -0.604273 -0.00889291 -5.77261e-07 0 0 0
1512 1591 0.244324 -0.690633 0.680684 -0.0081685 -5.86537e-07 0 0 0
858 1901 -0.0227338 0.412895 -0.910495 -0.0287896 -2.77774e-06 0 0 0
4966 3618 0.282781 0.681142 0.675337 -0.0183264 -1.11091e-06 0 0 0
4671 5221 0.67182 -0.635502 0.38052 -0.00445797 -3.4905e-07 0 0 0
1080 5449 0.865826 0.494615 0.075502 -0.00648743 -5.21561e-07 0 0 0
4202 3527 0.477697 0.370085 0.79677 -0.0133963 -1.26192e-06 0 0 0
2254 4318 0.245945 0.557858 0.792657 -0.00609017 -4.31796e-07 0 0 0
401 2486 0.760013 -0.23931 0.604245 -0.00821892 -6.10285e-07 0 0 0
3132 1998 0.91699 -0.389151 -0.0876991 -0.00518143 -3.83287e-07 0 0 0
367 542 0.164583 -0.812391 0.559404 -0.00190642 -1.0922e-07 0 0 0
159 2578 0.580841 0.74383 -0.330665 -0.00854803 -5.43229e-07 0 0 0
5179 3608 0.641128 0.199631 -0.741014 -0.01131 -9.01526e-07 0 0 0
2405 4557 0.419361 -0.535902 0.732766 -0.0130964 -1.04852e-06 0 0 0
3505 2067 0.556622 0.0228247 0.830452 -0.00352486 -2.59996e-07 0 0 0
2601 2820 0.506573 -0.145017 -0.849914 -0.00744546 -5.98766e-07 0 0 0
4106 757 0.844476 0.306659 0.439113 -0.000778093 -6.65934e-08 0 0 0
250 4980 -0.0431152 0.970056 -0.239024 -0.00274404 -2.27574e-07 0 0 0
3065 1206 0.273502 0.720293 -0.637475 -0.00557339 -4.29089e-07 0 0 0
1420 1479 0.107287 -0.208689 -0.972079 -0.00163572 -1.27768e-07 0 0 -1
1732 2217 0.960216 -0.198251 0.196677 -0.00631854 -4.5565e-07 0 0 0
3427 4885 0.993531 0.0135789 0.112744 -0.0123245 -9.81973e-07 0 1 0
4206 4020 0.813589 0.183415 0.551753 -0.0105343 -7.51824e-07 0 0 0
771 5291 0.732732 -0.632917 0.250041 -0.0179284 -1.12415e-06 0 -1 0
3187 12 0.700126 -0.166258 -0.694394 -0.00246916 -2.36547e-07 0 0 0
1212 2090 0.708293 -0.266111 0.653839 -0.0135428 -8.94273e-07 0 0 0
4819 1622 -0.121156 -0.197048 -0.972879 -0.0290958 -2.3863e-06 0 0 0
1566 2185 0.493981 0.843871 0.209438 -0.0132247 -1.06656e-06 0 0 0
1569 4581 0.417385 -0.208649 -0.884452 -0.000540326 -4.97753e-08 0 0 0
3209 1619 0.263524 0.359126 -0.895312 -0.00450531 -3.85464e-07 0 0 0
4464 5394 0.958372 -0.117212 0.260355 -0.00494147 -4.56235e-07 0 0 0
416 5186 0.702604 -0.554918 -0.445436 -0.00888259 -7.30358e-07 0 0 0
3073 2795 0.391868 0.886716 -0.245304 -0.00950256 -6.27781e-07 0 0 0
870 5187 0.455901 0.357117 -0.815243 -0.0103334 -8.23786e-07 0 0 0
3526 2944 0.107962 -0.548584 -0.829096 -0.000953371 -7.84565e-08 0 0 0
5414 281 0.810353 0.146854 0.567241 -0.00834914 -7.11482e-07 0 0 0
913 581 0.866056 -0.494452 -0.073917 -0.00297137 -2.2552e-07 0 0 0
456 5362 0.763349 -0.589892 -0.263298 -0.00802511 -5.99247e-07 0 0 0
4479 2589 0.290034 -0.354564 0.888912 -0.0217962 -1.49262e-06 0 0 0
4856 226 0.202365 -0.594637 -0.77811 -0.00315445 -2.6008e-07 0 0 -1
2460 5157 -0.0338791 -0.403375 0.914408 -0.00862628 -6.58941e-07 0 0 0
1193 3534 0.877384 -0.290958 -0.381499 -0.00733762 -4.33793e-07 0 0 0
447 169 0.697296 -0.317459 0.642649 -4.35929e-05 -3.63888e-09 0 0 0
1431 20 0.94234 -0.333889 -0.0226496 -0.0123536 -7.70777e-07 0 0 0
2301 187 0.91018 -0.0443542 -0.411831 -0.0018744 -1.36154e-07 0 0 0
3885 2610 0.879217 0.0241209 0.47581 -0.00192739 -1.68434e-07 0 0 0
5229 3814 0.797432 -0.595024 0.100241 -0.000556074 -4.53751e-08 0 0 1
154 4700 0.771434 -0.377924 0.51192 -0.00347363 -2.82501e-07 0 0 0
4375 892 0.603629 -0.636615 -0.479951 -0.00894036 -6.45744e-07 0 0 0
2811 4320 0.549207 0.835565 -0.0142054 -0.00289662 -2.25273e-07 0 0 0
2021 2811 0.726362 -0.0199878 0.687022 -0.00689187 -5.52796e-07 0 0 0
1591 4959 -0.165977 -0.609333 -0.775349 -0.00118817 -1.06225e-07 0 0 0
401 4996 -0.366656 -0.910204 0.192592 -0.0142514 -1.08511e-06 0 0 0
5478 566 0.69322 -0.188765 -0.695567 -0.00894261 -7.04749e-07 0 0 0
675 2683 0.770588 -0.0716624 0.633292 -0.00123753 -7.45875e-08 0 0 0
4328 2424 0.792234 0.5742 -0.206545 -0.00119321 -9.08847e-08 0 0 0
2968 2638 0.227211 -0.972991 -0.0407966 -0.00465297 -3.16887e-07 0 0 0
4487 4152 0.0650951 0.284122 -0.956576 -0.00494302 -3.88794e-07 0 0 0
1982 3662 -0.0939049 -0.394228 -0.914203 -0.00682766 -5.60528e-07 0 0 0
768 3518 0.736444 -0.180939 -0.651852 -0.0100961 -7.78006e-07 0 0 0
4778 2711 0.379405 0.766177 -0.518675 -0.0036103 -3.14727e-07 0 1 0
2528 3889 0.086477 0.990461 -0.107277 -0.00183114 -1.56237e-07 0 0 0
5009 1931 0.879282 0.443125 -0.174654 -0.0037438 -3.05944e-07 0 0 0
751 947 0.682984 -0.721444 -0.114241 -0.00382375 -2.92791e-07 0 0 0
3883 3610 0.225231 0.961513 -0.157365 -0.0094599 -7.06582e-07 0 0 0
5186 559 0.883805 0.117788 0.452786 -0.00921866 -7.28933e-07 0 0 0
264 5414 0.416002 0.847957 -0.3285 -0.00484724 -3.58278e-07 0 0 0
3024 5287 0.409038 0.764227 -0.498643 -0.00986227 -7.28035e-07 0 0 -1
3052 3744 0.204603 0.00547137 -0.97883 -0.00859034 -6.70618e-07 0 0 0
1206 2432 0.253956 -0.342243 -0.904641 -0.00588712 -4.65406e-07 0 0 0
4179 3229 0.344011 0.909377 0.23386 -0.0113961 -8.48079e-07 0 0 0
5221 3649 0.946178 -0.260756 0.191713 -0.0061547 -4.65578e-07 0 0 0
895 624 0.500767 0.257226 -0.826479 -0.00184835 -1.42733e-07 0 0 0
4803 899 0.393621 0.827826 0.399709 -0.00576025 -4.74777e-07 0 0 0
733 3492 0.103684 -0.338412 0.935268 -0.00525088 -3.83711e-07 0 0 0
4015 5485 0.62433 0.143891 -0.767794 -0.00560656 -3.97737e-07 0 0 0
1031 5186 0.846184 -0.0937369 0.524582 -0.00357377 -3.1825e-07 0 0 0
1836 1232 0.209188 -0.745952 0.632294 -0.0139511 -1.12532e-06 0 0 0
3177 5102 0.717562 -0.55385 -0.422321 -0.00482788 -3.61804e-07 0 -1 0
1241 2596 0.224269 -0.946648 -0.231434 -0.00121458 -8.51306e-08 0 0 0
2578 1759 0.220553 0.376369 -0.899835 -0.0101264 -6.48384e-07 0 0 0
4893 96 0.404243 0.300993 0.863708 -0.00862239 -7.8025e-07 0 0 0
4889 477 0.69334 0.365369 0.621115 -0.0063053 -3.48794e-07 0 0 0
96 5445 0.170419 -0.853631 -0.492211 -0.00749754 -5.39826e-07 0 0 0
3359 1203 0.551595 -0.833666 0.027277 -0.00599472 -3.96427e-07 0 0 0
1666 4353 0.305589 -0.545886 0.780143 -0.00565814 -4.5431e-07 0 0 0
3643 4037 -0.264128 0.196047 0.944353 -0.000751409 -5.93173e-08 0 0 0
3363 2375 0.776287 -0.282677 0.563446 -0.00972495 -9.29899e-07 0 0 0
4316 2699 0.119819 -0.933276 0.338584 -0.00862604 -6.44905e-07 0 0 0
4274 4889 0.747195 0.641026 0.175455 -0.00428489 -3.64267e-07 0 0 0
4577 1396 -0.00715507 -0.530435 -0.847695 -0.00762123 -5.5149e-07 0 0 -1
1050 264 -0.213986 0.466473 -0.858261 -0.00868807 -6.60441e-07 0 0 0
4469 5022 0.385256 -0.845865 0.368904 -0.00250188 -1.67558e-07 0 0 0
5307 1232 0.882605 -0.458893 -0.102107 -0.00155826 -1.21427e-07 0 0 0
1836 2516 0.0358884 0.813244 -0.580815 -0.0176343 -1.22755e-06 0 0 0
1858 3571 0.0707694 -0.966988 0.244797 -0.0167645 -1.43172e-06 0 0 0
1359 264 0.154962 0.359147 0.920326 -0.00960282 -7.65292e-07 0 0 0
3282 4415 0.862229 0.441772 -0.247787 -0.00867107 -7.75434e-07 0 0 0
60 3502 0.705652 0.04775 0.706948 -0.00842241 -6.84871e-07 0 0 0
5154 1503 0.597137 0.463127 -0.654935 -0.00125502 -9.10342e-08 0 0 0
3940 2611 0.691457 -0.0442731 0.721059 -0.00741345 -6.30889e-07 0 0 0
2808 4847 -0.0223186 0.962175 0.271518 -0.0061088 -3.69069e-07 0 0 0
49 5307 0.106577 0.0313853 -0.993809 -0.0114703 -9.65069e-07 0 0 0
1066 5052 -0.272905 -0.18775 -0.943543 -0.00230573 -1.56788e-07 0 0 0
4457 1880 0.801976 -0.433099 0.411411 -0.0120138 -9.80202e-07 0 0 0
2464 4552 0.397389 0.557185 0.729127 -0.0106464 -7.12648e-07 0 0 0
4241 1127 0.29695 -0.954832 -0.0107805 -0.00378495 -2.86608e-07 0 0 0
2572 687 -0.0756465 0.472142 -0.878271 -0.00596212 -4.18041e-07 0 0 0
2069 4959 0.520172 0.328209 -0.788479 -0.00104295 -8.09631e-08 0 0 0
1656 2298 0.182948 -0.743164 -0.643613 -0.00552983 -4.65821e-07 0 0 0
404 4105 0.795967 -0.51367 -0.32028 -0.000708674 -4.95551e-08 0 0 0
916 1812 0.649066 -0.12346 0.750647 -0.00715323 -4.85557e-07 0 0 0
4464 5319 0.141117 -0.943902 0.298554 -0.000506519 -4.16229e-08 0 0 0
2798 5299 0.113378 -0.511639 0.851687 -0.0158975 -1.30215e-06 0 0 0
3089 1185 -0.00528967 -0.999632 0.0266163 -0.00585801 -3.6258e-07 0 0 0
2610 4773 0.0306425 0.615089 0.787862 -0.00569517 -4.91881e-07 0 0 0
2019 1724 0.581324 0.644559 -0.496595 -0.00374695 -2.86872e-07 0 0 0
4217 4988 0.702829 0.296099 0.646805 -0.010561 -7.47696e-07 0 0 0
2966 5265 0.232177 0.809677 -0.538995 -0.00311995 -2.07474e-07 0 0 0
2951 4108 0.709284 -0.530718 -0.463956 -0.0200488 -1.39569e-06 0 0 0
3328 543 -0.0166872 0.803367 -0.59525 -0.00253209 -1.86043e-07 0 0 0
5102 1195 0.151178 0.255028 0.955042 -0.0225477 -1.56684e-06 0 1 0
827 4182 0.629587 0.123023 0.767129 -0.00671608 -5.38281e-07 0 0 0
664 4217 0.588538 0.659515 -0.467614 -0.0130694 -9.36418e-07 0 0 0
5224 703 0.913182 -0.109303 -0.39262 -0.00938309 -7.74017e-07 0 0 0
2716 3768 0.155178 -0.983462 -0.0933988 -0.00304122 -2.2632e-07 0 0 0
935 2371 -0.0239905 0.127796 -0.99151 -0.000268729 -2.22807e-08 0 0 0
3424 2638 0.433281 -0.0430077 -0.900232 -0.00613089 -3.90793e-07 0 0 0
2460 1617 0.303713 -0.799931 -0.517561 -0.000199261 -1.54836e-08 0 0 0
4959 5257 0.440885 -0.892136 0.0985604 -0.0014573 -1.12745e-07 0 0 0
3294 5430 -0.327213 -0.128917 -0.936116 -0.0194293 -1.47457e-06 0 0 0
2328 4925 0.585594 0.79129 0.175897 -0.0230626 -1.77026e-06 0 1 0
5430 4917 0.855907 -0.0988996 -0.507584 -0.0167905 -1.30999e-06 0 0 0
797 1819 0.129048 0.121305 0.984191 -0.00121834 -9.31669e-08 0 0 0
3143 1206 -0.0171497 -0.999675 -0.0188637 -0.00568225 -4.08305e-07 0 0 0
1022 1928 0.78304 -0.472736 0.40419 -0.00234391 -1.79688e-07 0 0 0
1444 1541 0.926324 -0.309642 -0.214581 -0.00756996 -5.94972e-07 0 0 0
3610 4459 0.268898 0.570847 0.775776 -0.00895975 -6.79507e-07 0 0 0
5160 4608 0.379095 0.838527 -0.391356 -0.00539019 -4.90395e-07 0 0 0
4843 1878 0.215729 -0.136018 -0.966933 -0.026991 -2.2302e-06 0 0 0
4447 559 0.0810297 -0.967457 0.239711 -0.00617437 -5.06461e-07 0 0 0
664 41 0.609761 -0.500981 0.614174 -0.0165587 -1.14171e-06 0 0 0
889 3978 0.880926 0.467073 -0.0762303 -0.00133765 -1.0156e-07 0 0 0
930 3973 -0.221701 -0.968978 -0.109227 -0.00139721 -1.07231e-07 0 0 0
4196 104 0.919807 0.291991 -0.262102 -0.00290378 -2.6441e-07 0 0 0
2871 954 0.881239 -0.367325 0.297475 -0.00359664 -2.56141e-07 0 0 0
4063 779 0.464857 -0.562617 -0.683644 -0.0106016 -7.57899e-07 0 0 0
2053 1959 0.434426 0.84354 -0.315775 -0.00676618 -4.33795e-07 0 0 0
3693 2094 0.908063 0.0745456 -0.412147 -0.00884326 -8.60815e-07 0 0 0
221 4999 0.306503 -0.270658 0.912579 -0.0223945 -1.78466e-06 0 0 0
3433 237 0.456445 -0.77307 -0.440478 -0.00274251 -2.05241e-07 0 0 0
1739 2093 0.631824 0.577796 -0.516673 -0.00757869 -5.16156e-07 0 0 0
2939 3839 0.53775 0.770465 -0.342356 -0.00230836 -1.79001e-07 0 0 0
3634 4090 0.142114 0.276389 0.95048 -0.0161832 -1.26615e-06 0 0 0
225 4999 -0.220071 -0.936576 -0.272753 -0.00780305 -6.13713e-07 0 0 0
289 1553 0.95407 0.29937 -0.0113106 -0.0188997 -1.64024e-06 0 1 0
5498 643 0.938921 0.340512 -0.0497902 -0.00540724 -3.54206e-07 0 0 0
3019 2244 0.877723 -0.359611 0.316673 -0.00764354 -6.45305e-07 0 0 0
118 549 0.159066 0.155509 0.974944 -0.0152797 -9.23365e-07 0 0 0
0 534 0.47921 -0.566462 0.670432 -0.00170695 -1.50569e-07 0 0 0
3962 753 0.0786467 -0.656505 0.750211 -0.0174106 -9.85981e-07 0 0 0
3511 1899 0.22095 -0.422763 -0.878893 -0.0145975 -1.21924e-06 0 0 0
2918 4493 0.250852 0.304116 0.919014 -0.0130555 -8.98465e-07 0 0 0
611 2701 0.382144 -0.330176 0.863105 -0.00150324 -1.02523e-07 0 0 0
4004 1044 0.46523 -0.0166454 -0.885033 -0.00849375 -6.68215e-07 0 0 0
2544 362 0.16659 0.690356 -0.704029 -0.00108881 -7.81918e-08 0 0 0
5438 3792 0.274337 -0.694526 0.665111 -0.00351198 -2.74831e-07 0 0 0
1965 4466 -0.260944 -0.963658 -0.0571996 -0.00544039 -3.99799e-07 0 0 0
2062 3800 0.435676 0.835402 -0.335095 -0.0131508 -1.25018e-06 0 0 0
1941 1676 0.737628 0.656127 -0.159381 -0.0109233 -6.75814e-07 0 0 0
4799 1729 0.765556 -0.258503 -0.589152 -0.00287672 -2.24631e-07 0 0 0
3097 5325 0.00768712 0.872323 0.48887 -0.00178032 -1.23035e-07 0 0 0
2093 4487 0.528218 0.551974 -0.645221 -0.00737013 -4.39588e-07 0 0 -1
2046 1791 0.78629 0.14429 -0.600774 -0.00110017 -8.9911e-08 0 0 -1
3101 2156 0.639244 -0.0460938 0.767622 -0.00340942 -3.11672e-07 0 0 0
86 4889 0.556325 -0.681329 0.475703 -0.00227925 -1.34736e-07 0 0 0
514 1082 0.40736 -0.838079 0.362879 -0.0101477 -6.82035e-07 0 0 0
954 32 0.789316 -0.589777 -0.170715 -0.00280422 -2.04302e-07 0 0 0
5478 3081 0.873052 0.469499 0.131726 -0.00354638 -2.97262e-07 0 0 0
1563 5055 0.494559 -0.592998 0.635425 -0.0153739 -1.07031e-06 0 0 0
4817 1438 0.909236 -0.147801 -0.389159 -0.00297456 -2.43269e-07 0 0 0
4862 2545 0.685024 -0.118108 -0.718883 -0.00194414 -1.30511e-07 0 0 0
40 1333 0.368764 0.0205795 -0.929295 -0.00539044 -4.84803e-07 0 0 0
5046 3800 0.295139 0.550629 0.780833 -0.0033926 -3.01096e-07 0 0 0
3978 3632 0.921053 -0.204041 -0.331706 -0.00224635 -1.42248e-07 0 0 -1
2063 4071 0.845135 0.438218 -0.306123 -0.00182544 -1.31177e-07 0 0 0
3525 4831 0.281687 0.855505 0.434468 -0.000711412 -4.84767e-08 0 0 0
1426 2341 0.956072 0.286121 -0.0637334 -0.00746768 -5.69417e-07 0 0 0
3463 1426 0.301368 -0.643142 0.703951 -0.00341599 -2.79299e-07 0 0 0
3640 3260 0.356707 0.81167 -0.46255 -0.00352548 -2.5216e-07 0 0 0
3442 1099 0.212969 0.940813 -0.263658 -0.0087973 -7.36196e-07 0 0 0
1474 1854 0.834666 0.542441 -0.0953422 -0.00178528 -1.48592e-07 0 0 0
1426 1184 0.316616 0.748391 0.582808 -0.00226852 -1.68901e-07 0 0 0
2478 1426 -4.00424e-05 0.71544 0.698674 -0.00284812 -2.20666e-07 0 0 0
4980 1604 0.455014 0.266041 0.849814 -0.00104433 -8.90438e-08 0 0 0
4738 2870 0.236777 -0.630763 -0.738969 -0.00124101 -1.11166e-07 0 0 0
1268 2165 0.617561 -0.783501 -0.0688846 -0.00273823 -1.80336e-07 0 0 0
5087 1688 0.308539 -0.945494 0.104134 -0.00732386 -6.20013e-07 0 0 0
1102 4000 0.861169 0.086859 -0.500842 -0.0039448 -3.06055e-07 0 0 0
1833 2407 0.560039 -0.802959 0.203993 -0.00537399 -3.2072e-07 0 0 0
3088 367 0.450443 -0.811301 -0.372683 -0.00467525 -3.80775e-07 0 0 0
4063 733 0.625832 0.778429 -0.0488176 -0.000586605 -4.59965e-08 0 0 0
1445 4003 -0.0693237 0.221183 0.972765 -0.00162439 -9.38723e-08 0 0 0
3939 3369 0.142672 -0.709759 -0.689846 -0.000193709 -1.56589e-08 0 0 0
2298 2581 0.22825 -0.643705 0.730443 -0.00218087 -1.6163e-07 0 0 0
4239 3086 -0.0541298 -0.998427 -0.0145852 -0.000918174 -6.82736e-08 0 0 0
5256 1009 0.0862955 -0.475383 0.875537 -0.00178073 -1.34686e-07 0 0 0
3444 1365 0.660358 -0.632612 0.404633 -0.00588877 -4.28367e-07 0 0 0
1155 4490 0.404178 -0.8792 0.252284 -0.00372999 -3.12546e-07 0 0 0
5405 5027 0.108611 -0.143912 -0.983612 -0.00017831 -1.46056e-08 0 0 0
4508 3662 0.519575 0.507156 -0.687629 -0.00182335 -1.56069e-07 0 0 0
3470 4131 0.595456 0.49243 0.63478 -0.0013716 -9.1136e-08 0 0 0
2813 1112 0.768239 0.634604 -0.0841821 -0.000931208 -7.50214e-08 0 0 0
3909 4703 0.982979 -0.130316 -0.129502 -0.000923365 -5.65722e-08 0 0 0
1963 2988 0.722578 0.349629 -0.596356 -0.00182419 -1.68034e-07 0 -1 0
904 545 0.403354 -0.805384 -0.434353 -0.00172043 -1.32204e-07 0 0 0
4540 1013 0.698593 0.282065 0.657577 -0.00107688 -8.47624e-08 0 0 0
3844 4037 0.123757 -0.274833 -0.953494 -0.000751409 -5.96832e-08 0 0 0
1089 1490 0.781867 -0.394248 -0.482963 -0.00205777 -1.59539e-07 0 0 0
1987 460 0.91147 0.248046 0.32817 -0.00227448 -1.99274e-07 0 0 0
675 4784 0.402431 0.79944 0.446032 -0.00103064 -7.12454e-08 0 1 0
904 273 0.781783 0.360523 -0.508762 -0.00396874 -3.51131e-07 0 0 0
1112 2752 0.66522 -0.149754 0.731476 -0.000176058 -1.40418e-08 0 0 0
5202 904 0.728995 0.0245592 -0.684078 -0.00533634 -4.6586e-07 0 0 0
4670 4620 -0.271314 -0.133487 -0.953189 -0.00110193 -8.98858e-08 0 0 0
1164 90 0.261816 0.862595 0.432877 -2.31103e-05 -1.63265e-09 0 0 0
1224 2760 0.477581 -0.86887 -0.130312 -8.88586e-06 -4.86458e-10 0 0 0
1861 3464 0.947681 0.257404 0.188798 -8.74016e-08 -6.61949e-12 0 0 0
3060 1861 0.554607 0.4785 -0.680771 -1.25396e-07 -1.00776e-11 0 0 0
1861 3052 -0.11821 0.207612 -0.971043 -1.12865e-07 -8.58819e-12 0 0 -1
