# idA idB nx ny nz Fn uN cellDistX cellDistY cellDistZ
1119 4998 0.14072 0.561617 -0.815343 -0.00397876 -2.40807e-07 0 0 0
3 5363 0.488065 -0.871285 0.0515215 -0.016486 -1.35938e-06 0 0 0
3783 36 0.134061 -0.9891 0.060896 -0.0163016 -1.1686e-06 0 0 0
1119 5356 0.0689862 0.353037 0.933063 -0.00493059 -3.65872e-07 0 0 0
1119 1753 0.145857 -0.85912 -0.490549 -0.00181634 -9.91753e-08 0 0 0
3783 2291 0.412785 0.572461 -0.708447 -0.0104343 -8.57357e-07 0 0 0
2277 2110 0.847529 -0.520847 0.102041 -0.0147721 -1.17831e-06 0 0 0
3783 2299 0.984346 0.170783 0.0435389 -0.000697132 -5.63204e-08 1 0 0
2277 4716 0.465751 0.873733 0.140234 -0.00899214 -6.68638e-07 0 0 0
878 3801 0.287213 -0.860172 0.421441 -0.00668154 -4.45974e-07 0 0 0
1314 262 0.959913 0.262131 -0.0992652 -0.00678534 -6.02588e-07 0 0 0
878 3066 0.882174 0.425629 0.201518 -0.00800804 -5.20439e-07 0 0 0
1314 122 0.202748 0.97399 0.101181 -0.00119726 -9.63597e-08 0 0 0
1314 4406 0.09546 -0.812624 0.574917 -0.0142952 -1.18924e-06 0 0 0
843 3918 0.902649 0.100733 0.418423 -0.00394052 -2.89797e-07 0 0 0
3109 2042 0.686887 0.63862 0.346915 -0.00461898 -2.88819e-07 0 0 0
3109 3390 0.368907 -0.232383 -0.899948 -0.00964791 -5.99844e-07 0 0 0
1737 888 0.693713 0.48156 -0.535596 -0.00782502 -5.63239e-07 1 0 0
1737 3881 0.638628 -0.686542 -0.347583 -0.00937158 -6.63051e-07 0 0 0
1686 4585 0.637217 -0.692373 -0.338488 -0.00313903 -2.99102e-07 0 0 0
4072 2169 0.789303 0.572911 0.220848 -0.00914927 -8.51791e-07 0 0 0
1737 3195 0.876484 0.10281 0.470325 -0.000291706 -2.42514e-08 1 0 0
722 888 0.736549 0.543518 0.402597 -0.000867416 -6.50371e-08 1 0 0
3642 4230 0.465046 -0.343235 -0.81604 -0.00314052 -2.48967e-07 0 0 0
722 3876 0.377468 -0.85827 -0.347693 -0.00698298 -5.53221e-07 0 0 0
2397 1744 0.533156 -0.522973 -0.665014 -0.0180916 -1.45298e-06 0 0 0
722 1737 0.0371237 0.0598147 0.997519 -0.0175958 -1.24969e-06 0 0 0
2812 2146 0.830006 -0.557666 0.00996262 -0.0123469 -9.99165e-07 0 0 0
2896 3765 -0.00463356 0.662365 0.749167 -0.0090974 -8.14028e-07 0 0 0
2896 3824 0.571542 -0.620054 -0.537468 -0.00356007 -2.42317e-07 0 0 0
2812 4143 0.418008 -0.278664 0.864648 -0.0146861 -1.26394e-06 0 0 0
2896 2929 0.941024 -0.142218 0.306999 -0.00374365 -2.35756e-07 1 0 0
1087 3728 0.910654 -0.401672 0.0967915 -0.0107628 -7.62406e-07 1 0 0
959 2741 0.467763 0.879557 -0.087051 -0.000157419 -1.48519e-08 0 0 0
1087 3204 0.639866 0.0612664 -0.76604 -0.00801131 -5.72942e-07 1 0 -1
1087 2577 0.507456 0.861361 0.0233706 -0.0105922 -7.80876e-07 0 0 0
959 2550 0.90815 -0.10269 0.405855 -0.00107002 -8.6871e-08 0 0 0
3642 5374 0.675015 -0.378461 0.633342 -0.0148291 -1.24729e-06 1 0 0
4905 4814 0.596171 0.607824 -0.524528 -0.0390062 -2.66703e-06 1 0 0
4905 1507 0.597475 -0.456403 0.659333 -0.0213712 -1.46298e-06 1 -1 0
3642 1457 0.429284 0.660684 -0.615802 -0.0116277 -8.1645e-07 0 0 0
3642 3797 0.194035 -0.960229 0.200776 -0.00865238 -7.78773e-07 0 0 0
517 4143 0.3489 -0.086489 -0.93316 -0.00535432 -4.52567e-07 0 0 0
5137 3991 0.663247 0.667315 0.338814 -0.012985 -8.72008e-07 0 0 0
517 1720 0.525322 -0.652243 0.546458 -0.00381812 -3.33274e-07 0 0 0
517 1495 0.652149 0.667532 -0.359308 -0.005727 -4.07799e-07 0 0 0
4678 4929 0.885105 0.236789 -0.40065 -0.0127542 -1.07193e-06 1 0 0
4747 4998 0.288151 0.284229 0.914431 -0.0148707 -1.22645e-06 0 0 0
4747 3395 0.270079 0.204456 -0.94088 -0.00674696 -5.3892e-07 0 0 0
4747 1226 0.504757 -0.845643 -0.173518 -0.00694739 -5.52594e-07 0 0 0
5137 2169 0.667916 -0.588883 0.455087 -0.00212913 -1.5161e-07 0 0 0
2246 430 0.981515 0.186205 -0.0442284 -0.0188855 -1.36253e-06 1 0 0
5219 4944 0.388895 0.11121 -0.914545 -0.0236024 -1.3974e-06 1 0 0
2246 4337 0.598827 -0.611691 0.516953 -0.00835204 -5.55006e-07 1 0 0
5219 740 0.71332 0.510802 0.47985 -9.54433e-05 -8.28855e-09 1 0 0
5219 1075 0.757655 -0.412804 0.505522 -0.00279513 -1.78674e-07 1 0 0
2246 3360 0.391725 -0.820572 -0.41619 -0.00487107 -3.58635e-07 0 0 0
988 1079 0.51608 -0.225978 0.826193 -0.00807258 -6.9333e-07 0 0 0
498 2334 0.165951 -0.051642 -0.984781 -0.0104377 -9.68483e-07 0 0 0
498 4618 0.261222 -0.675064 0.689965 -0.00399135 -2.81686e-07 0 0 0
498 2132 0.380012 0.368909 0.848232 -0.00696359 -4.2e-07 0 0 0
988 1851 0.40286 -0.725777 -0.557631 -0.0195806 -1.63902e-06 0 0 0
1243 4034 0.940261 -0.016725 0.340042 -0.00566847 -3.64932e-07 1 0 0
4657 2436 0.326845 0.745406 -0.580983 -0.00231613 -1.7592e-07 0 0 0
1243 3801 0.387532 0.543627 -0.744506 -0.0110312 -7.62281e-07 0 0 0
1243 2732 0.32982 -0.510293 -0.794242 -0.0116325 -7.79186e-07 0 0 0
4643 2640 0.916729 0.0771737 0.391984 -0.00870611 -7.56252e-07 1 0 0
4643 2924 0.76559 0.514294 -0.386488 -0.0132433 -7.86085e-07 1 0 0
4426 1749 0.350384 -0.833794 0.426637 -0.0113525 -7.76209e-07 0 0 0
3783 3655 0.545812 -0.455495 -0.703287 -0.00022043 -1.64596e-08 0 0 0
369 1958 0.824129 -0.484525 -0.293338 -0.0099686 -7.74156e-07 0 0 0
369 2491 0.784394 0.33444 0.522375 -3.43804e-05 -2.62782e-09 0 0 0
369 3705 0.368476 0.204412 -0.906885 -0.00723026 -5.7186e-07 0 0 0
2381 1406 0.420311 -0.173792 -0.890581 -0.00737657 -5.56062e-07 0 0 0
2381 1542 0.154714 -0.0329548 0.987409 -0.00943915 -7.40201e-07 0 0 0
2500 3991 0.820902 -0.161096 -0.547876 -0.00641236 -5.61857e-07 0 0 0
372 2509 0.895354 -0.345859 0.280577 -0.00794382 -5.2157e-07 1 0 0
672 3672 0.942465 0.332789 -0.0318015 -0.00348652 -2.56461e-07 0 0 0
672 1413 0.619467 -0.41539 0.666117 -0.015023 -1.23653e-06 0 0 0
1777 1343 0.62736 -0.770544 -0.112607 -0.00157821 -1.00225e-07 0 0 0
1777 1226 0.503092 -0.00760063 0.864199 -0.00134709 -8.46247e-08 0 0 0
4378 4944 0.450178 -0.357282 0.818345 -0.00431877 -3.05231e-07 1 0 1
2266 2896 0.115419 0.932112 -0.343287 -0.00122815 -7.40318e-08 0 0 0
4378 4526 0.451747 0.841169 -0.297252 -0.00849835 -6.7047e-07 0 0 0
4378 2723 0.730159 -0.678549 -0.0802444 -0.00215323 -1.72449e-07 1 0 0
2266 1618 0.0221755 0.790496 0.612066 -0.00344118 -2.50832e-07 0 0 0
4709 1923 0.108962 0.9145 -0.389638 -0.00180116 -1.50285e-07 0 0 0
3188 3797 0.42388 -0.515314 -0.744833 -0.00682664 -5.31016e-07 0 0 0
4709 3705 0.256256 0.692128 0.674753 -0.00136769 -1.17332e-07 0 0 0
4709 3429 0.259206 -0.529097 0.808003 -0.00376717 -2.88317e-07 0 0 0
4709 4908 0.32768 -0.0111695 -0.944723 -0.00356201 -2.74004e-07 0 0 0
3188 2554 0.311145 0.907816 0.281176 -0.0312732 -2.44447e-06 0 0 0
3188 4222 0.293071 -0.915249 0.276458 -0.0151401 -1.19934e-06 1 0 0
3188 3642 0.171098 0.51394 -0.84059 -0.00762669 -6.80078e-07 0 0 0
3979 705 0.194384 0.0587062 0.979167 -0.017204 -1.14225e-06 0 0 1
3935 1425 0.74269 0.0426941 0.668273 -0.0105059 -6.69349e-07 1 0 0
1198 3377 0.691754 -0.373435 0.618079 -0.00593042 -5.12138e-07 0 0 0
3979 1628 0.823129 -0.422507 0.379403 -0.0142572 -9.27315e-07 1 0 0
1198 2806 0.672343 0.462498 -0.577971 -0.00241519 -1.62723e-07 0 0 0
1198 5425 0.271774 -0.354066 -0.894861 -0.0108605 -9.73568e-07 0 0 0
2677 3655 0.756515 0.147174 0.637201 -0.0172134 -1.45131e-06 0 0 0
2677 3665 0.575389 -0.429903 -0.695781 -0.0112786 -9.2884e-07 0 0 0
4669 2740 0.64035 0.587885 -0.49431 -0.0125837 -9.40909e-07 0 0 0
4669 3365 0.386925 0.357824 0.849854 -0.0127827 -9.6814e-07 0 0 0
3855 3434 0.766902 -0.479924 0.426068 -0.0156329 -1.1449e-06 1 0 0
3495 4723 0.0758687 -0.448774 0.890419 -0.0129902 -1.07379e-06 0 0 0
3495 3309 0.210499 0.686069 -0.696419 -0.034796 -2.44592e-06 0 0 0
3495 840 0.804502 -0.354853 -0.476294 -0.0158945 -1.1732e-06 0 0 0
4191 5389 0.747653 -0.496284 0.441267 -0.00276125 -2.0897e-07 0 -1 0
4271 1672 -0.0011424 -0.269128 0.963104 -0.0177901 -1.31533e-06 0 -1 0
4271 5490 -0.0232646 0.885466 -0.464122 -0.0169096 -1.42033e-06 0 0 0
4191 3206 0.761048 0.0110295 -0.648602 -0.00309178 -2.24276e-07 1 0 0
4271 3139 0.329482 -0.901018 -0.282148 -0.00436836 -3.13904e-07 1 -1 0
4271 5389 0.531179 -0.0859661 -0.842887 -0.00794453 -5.97728e-07 0 -1 0
4191 300 0.464327 0.882083 0.0795582 -0.00277219 -2.30868e-07 0 0 0
4191 5490 0.204756 0.454059 0.867125 -0.013849 -1.1687e-06 0 0 0
4271 4810 0.975334 0.160334 0.151715 -0.0162126 -1.28692e-06 1 0 0
3750 1800 0.170343 -0.835093 0.52307 -0.00636112 -5.44929e-07 0 0 0
4426 1493 0.713492 0.513719 0.476469 -0.00113582 -9.17172e-08 0 0 0
3750 236 0.733553 0.125579 0.667929 -0.0109049 -1.02921e-06 1 0 0
3750 648 0.833799 0.02898 -0.551307 -0.010277 -8.96776e-07 0 0 0
3763 787 0.523359 -0.837572 -0.15674 -0.00107676 -1.00572e-07 0 0 0
860 3375 0.169064 0.347549 0.922294 -0.00771073 -5.31274e-07 0 0 0
3763 5519 0.386841 0.65266 -0.651451 -0.018806 -1.30653e-06 0 0 0
860 4716 0.332358 0.344762 -0.877882 -0.0247636 -1.6991e-06 0 0 0
1329 5501 0.636749 -0.329392 -0.697174 -0.0013583 -1.03399e-07 0 0 0
1329 3668 0.256894 0.93247 -0.253979 -0.00282412 -2.12057e-07 0 0 0
3915 1495 0.683287 -0.581927 -0.440999 -0.0298918 -1.69361e-06 0 0 0
1923 3705 0.138824 -0.182277 0.973398 -0.0135331 -8.88062e-07 0 0 0
3915 3063 0.532566 0.680521 0.503255 -0.00898726 -8.5115e-07 0 0 0
1923 4731 0.613596 -0.174163 -0.770174 -0.0271288 -2.24143e-06 0 0 0
3915 5137 -0.0117205 0.141364 0.989888 -0.0184631 -1.30129e-06 0 0 0
5005 1655 0.988669 -0.0790029 0.127644 -0.010195 -8.12579e-07 0 0 0
3685 400 0.264949 -0.391549 -0.881188 -0.00339221 -2.43734e-07 0 0 0
3685 4908 0.25314 0.964345 -0.0771999 -0.00291216 -2.32553e-07 0 0 0
5005 722 0.125551 -0.363596 0.923057 -0.0147331 -1.18466e-06 0 0 0
3685 4047 0.504756 -0.858101 0.0942568 -0.00186382 -1.48028e-07 0 0 0
3281 1295 0.965512 -0.0362796 -0.257819 -0.00556966 -4.9364e-07 1 0 0
3281 3171 0.737592 0.398163 0.545366 -0.00830304 -5.15471e-07 1 0 0
3591 471 0.0620793 -0.4211 0.904887 -0.0029362 -2.19014e-07 0 0 0
3591 3499 0.348824 0.910055 -0.223879 -0.00387696 -2.95896e-07 0 0 0
3591 189 0.447166 -0.821622 -0.353524 -0.00737628 -5.49524e-07 0 0 0
3281 4426 0.129902 -0.991494 -0.00810248 -0.0163459 -1.15982e-06 0 0 0
3281 1542 0.116458 0.610935 -0.783068 -0.00781059 -4.92485e-07 0 0 0
3281 1686 0.148693 -0.432468 -0.889304 -0.00167178 -1.10862e-07 0 0 0
2308 1343 0.859076 -0.136572 0.493291 -0.00188541 -1.71685e-07 0 0 0
395 5284 0.503896 0.799282 -0.327471 -0.0232896 -1.86267e-06 1 0 0
395 3083 0.682137 -0.726702 -0.0811958 -0.0138364 -1.02494e-06 1 0 0
395 2723 0.761123 0.265969 0.591568 -0.00531874 -4.09234e-07 1 0 0
2308 1767 0.749539 0.593859 -0.292444 -0.0102729 -8.10958e-07 0 0 0
1672 5302 0.456912 -0.238874 0.856837 -0.0114758 -9.48883e-07 0 0 0
1672 452 0.837548 -0.461889 -0.291843 -0.0107048 -8.02667e-07 1 0 0
2308 1777 0.167457 0.748027 0.642195 -0.00596037 -5.23412e-07 0 0 0
1910 2725 0.838864 0.537238 -0.0876514 -0.0263682 -1.71436e-06 0 0 0
1910 1225 0.268757 0.649367 0.711402 -0.00268478 -2.06522e-07 0 0 0
1910 2812 0.0742563 -0.429201 0.900151 -0.0197191 -1.24303e-06 0 0 0
1592 3399 0.0525973 -0.77422 -0.630727 -0.00569874 -4.29924e-07 0 -1 -1
1592 4242 0.197227 0.964878 -0.173529 -0.00854191 -6.13326e-07 0 0 0
1592 1856 0.376035 -0.886743 0.268859 -0.00143833 -1.10611e-07 0 -1 0
1910 2266 0.0638822 0.34646 -0.935887 -0.00687112 -4.34355e-07 0 0 0
4940 3803 0.382536 0.218585 0.897712 -0.0206938 -1.57622e-06 0 0 0
4940 3763 0.129244 0.381105 -0.915454 -0.0248617 -1.92902e-06 0 0 0
2508 429 0.518749 0.36338 0.773857 -0.00741938 -6.584e-07 0 0 0
1592 4368 0.997826 0.00488021 -0.0657151 -0.00905837 -6.26326e-07 0 0 0
471 1851 0.113977 -0.906612 0.40628 -0.0188465 -1.26391e-06 0 0 0
2508 369 0.0908601 0.493108 -0.86521 -0.00870705 -6.54161e-07 0 0 0
471 3761 0.609667 0.762646 -0.216048 -0.0212773 -1.4378e-06 0 0 0
471 3466 0.739804 -0.0785132 0.668225 -0.0165122 -1.11788e-06 0 0 0
2627 3318 0.608797 -0.487739 0.625681 -0.00889024 -6.56345e-07 0 0 0
3327 2554 0.0549376 -0.719172 -0.692657 -0.0312592 -2.31829e-06 0 0 0
3327 3577 0.290614 0.822043 -0.489683 -0.00767214 -5.87499e-07 1 0 0
3327 4756 0.718516 0.352974 0.599286 -0.0159313 -1.33508e-06 1 0 1
2627 1198 0.128841 -0.960803 -0.245476 -0.00206275 -1.60478e-07 0 0 0
5240 3206 0.886019 0.434008 0.163118 -0.0117313 -9.84736e-07 1 1 0
5240 1592 0.352589 0.513608 -0.782233 -0.00493274 -3.94915e-07 1 1 0
3190 3333 0.178473 -0.347277 0.920623 -0.0101479 -6.63153e-07 1 0 0
3190 3603 0.413241 0.21606 -0.884618 -0.010148 -6.46802e-07 0 0 0
5240 4191 0.0936552 0.446198 0.89002 -0.0159903 -1.27073e-06 0 1 0
1648 1912 0.871876 0.450089 0.193009 -0.0292146 -1.61914e-06 1 0 0
1648 4426 0.0795861 0.819382 0.567696 -0.0118419 -9.09062e-07 0 0 0
1648 4783 0.00550387 0.377929 -0.925818 -0.0236545 -2.12117e-06 0 0 0
2003 1301 0.427881 -0.14084 -0.892795 -0.0239517 -1.81022e-06 0 0 0
2003 395 0.315655 0.853945 0.41369 -0.0189479 -1.40534e-06 0 0 0
2003 4678 0.229408 -0.97169 -0.0564847 -0.0115435 -8.65846e-07 0 0 0
3850 2924 0.916136 -0.139786 0.375706 -0.0136264 -7.84402e-07 1 0 0
4039 5356 0.121455 0.988633 0.0886252 -0.00871889 -6.51492e-07 0 0 0
4039 2806 0.565164 -0.821873 0.0715108 -0.00603585 -4.55012e-07 0 0 0
3850 2436 0.470622 -0.533572 -0.702721 -0.00106502 -8.63756e-08 0 0 0
3850 4643 0.122443 -0.649547 0.750397 -0.0195733 -1.15724e-06 0 0 0
3850 1648 0.0411022 0.936818 -0.347393 -0.0328007 -1.94867e-06 0 0 0
5490 3617 0.325223 0.226023 0.918228 -0.0118736 -1.0858e-06 1 0 0
5490 300 0.280872 0.464097 -0.840074 -0.0165133 -1.30733e-06 0 0 0
5460 3598 0.609418 0.331783 -0.72009 -0.0163905 -1.32601e-06 0 0 0
5460 878 0.275538 -0.908355 0.314596 -0.0113159 -8.52134e-07 0 0 0
1256 2731 0.660835 0.100138 0.743821 -0.00413606 -3.74622e-07 1 0 0
1256 3365 0.355648 -0.28825 -0.889059 -0.0140618 -9.11172e-07 0 0 0
4222 4526 0.434484 -0.847855 0.303917 -0.0131983 -9.952e-07 -1 0 0
4222 3345 0.506689 -0.506781 -0.697452 -0.00903642 -7.3524e-07 0 0 0
1965 2923 0.507638 -0.67756 -0.532181 -0.00155911 -1.17919e-07 0 0 0
1965 429 0.497135 0.761956 -0.415065 -0.00976667 -7.54692e-07 0 0 0
792 3803 0.0153186 0.609732 -0.79246 -0.0226095 -1.30474e-06 0 0 0
792 2554 -0.101786 -0.749296 0.654366 -0.0240932 -2.02085e-06 0 0 0
4494 53 0.965311 0.0784158 0.249048 -0.00530538 -5.09833e-07 0 0 0
4494 3881 0.594448 0.776844 -0.207713 -0.018316 -1.46809e-06 0 0 0
4494 3109 0.0872078 -0.690293 0.718255 -0.0136375 -8.98809e-07 0 0 0
949 3701 0.935016 0.269771 -0.230152 -0.0162383 -1.18343e-06 1 0 -1
949 5169 0.713109 0.304189 0.63162 -0.00849813 -6.65703e-07 0 0 -1
792 2884 0.969969 -0.0573273 -0.236375 -0.00871139 -5.13989e-07 1 0 0
949 1735 0.523538 -0.659157 0.539833 -0.0115651 -9.06658e-07 0 0 0
4869 2330 0.0670913 0.323887 -0.943714 -0.0113071 -8.59253e-07 0 0 0
4869 3731 0.354331 -0.547421 0.758142 -0.0124135 -1.06919e-06 0 0 0
949 4643 0.103929 -0.895514 -0.432727 -0.00890399 -4.83301e-07 0 0 -1
85 3013 0.655995 0.433223 -0.618052 -0.00441316 -3.57373e-07 0 0 0
650 4230 0.820966 -0.555443 0.132281 -0.0122497 -9.28736e-07 0 0 0
3985 1406 0.0789796 -0.94755 0.309695 -0.0102114 -7.25005e-07 0 0 0
650 3642 0.263072 -0.148752 0.95324 -0.0172443 -1.45644e-06 0 0 0
3985 1711 0.40836 0.0494732 0.911479 -0.0179069 -1.4559e-06 0 0 0
1956 3577 0.607554 -0.787676 0.102195 -0.0044488 -3.21575e-07 1 0 0
1956 4657 0.322963 0.50311 -0.801608 -0.00231613 -1.74259e-07 0 0 0
1956 4643 0.269578 0.928245 0.2563 -0.0171216 -1.41807e-06 0 0 0
1172 1459 0.910552 -0.295494 -0.289098 -0.000280544 -2.30756e-08 0 0 0
1172 3395 0.496931 -0.675472 0.544791 -0.00577001 -4.3266e-07 0 0 0
36 1301 0.0664959 0.533139 0.84341 -0.028239 -2.0592e-06 0 0 0
36 3655 0.417307 0.494809 -0.762245 -0.00392249 -2.92644e-07 0 0 0
1172 4010 0.429889 0.72212 -0.541977 -0.00673727 -5.05962e-07 0 0 0
36 5028 0.676208 -0.520261 -0.521604 -0.00959786 -6.96162e-07 1 -1 0
36 577 0.898209 0.139664 0.416791 -0.00899094 -6.78769e-07 1 0 0
4404 2656 0.282501 -0.706713 -0.648652 -0.0286104 -2.2568e-06 0 0 0
2350 2806 0.779043 0.0393746 0.625732 -0.00497487 -3.33908e-07 0 0 0
4404 1945 0.448804 0.0405887 0.892708 -0.0126131 -1.07832e-06 1 0 0
2350 5425 0.387286 -0.820625 0.42022 -0.0171801 -1.53219e-06 0 0 0
2350 1753 0.422787 0.295237 -0.856788 -0.0272245 -1.81225e-06 0 0 0
122 3365 0.141981 0.81652 -0.559586 -0.0130135 -1.11018e-06 0 0 0
2959 1956 0.0414826 0.432859 0.900507 -0.00396122 -3.21627e-07 0 0 0
122 262 0.766947 -0.613335 -0.188712 -0.00645917 -5.50727e-07 0 0 0
2482 4545 0.406179 -0.394405 0.824296 -0.00709714 -4.81503e-07 0 0 0
2482 672 0.0197732 -0.988232 -0.15168 -0.0120235 -9.67624e-07 0 0 0
4010 976 0.299483 0.637561 -0.709806 -0.00249183 -1.6871e-07 0 0 0
3929 5301 0.932308 -0.349659 0.0924195 -0.00223869 -1.8223e-07 1 0 0
3929 4157 0.550562 0.826814 -0.115152 -0.0131509 -9.37865e-07 1 0 1
4010 3737 0.550857 0.377381 0.744406 -0.0163126 -1.32104e-06 0 0 0
4436 5284 0.59827 -0.211932 0.77276 -0.016869 -1.00563e-06 1 0 0
3803 1457 0.219421 -0.963149 -0.155561 -0.00249645 -1.76651e-07 0 0 0
4436 2949 0.430211 -0.598278 -0.676004 -0.0157657 -1.41835e-06 1 0 0
3803 3514 0.635222 0.468969 -0.613645 -0.00845651 -5.79563e-07 1 0 0
3803 3660 0.787205 0.349058 0.508397 -0.0170622 -1.0024e-06 1 0 0
2242 4987 0.341344 0.0808742 0.936453 -0.0100504 -8.40284e-07 0 0 0
2886 2397 0.30864 0.131123 -0.942098 -0.0152462 -1.17973e-06 1 0 0
3765 2923 0.222779 -0.187843 0.9566 -0.00639383 -5.14416e-07 0 0 0
3765 343 0.797607 0.602262 -0.0332142 -0.00950843 -9.02147e-07 0 0 0
2554 3908 0.414407 -0.74484 0.522954 -0.0146725 -1.17843e-06 0 0 0
999 3617 0.599702 -0.540516 -0.590084 -0.0060047 -4.61874e-07 1 0 0
2554 641 0.833068 0.531981 0.151638 -0.00474222 -3.77703e-07 1 0 0
1800 3069 0.199534 -0.0986911 -0.974908 -0.0216402 -1.5189e-06 0 0 0
1800 2436 0.23802 -0.495653 0.835269 -0.0050959 -3.81203e-07 0 0 0
1800 236 0.539107 0.822811 0.179852 -0.0201852 -1.46821e-06 1 0 0
999 122 0.383523 0.32875 0.863037 -0.0149072 -1.20521e-06 0 0 0
1800 927 0.715501 -0.650325 -0.255217 -0.0147275 -1.10358e-06 1 0 0
999 1314 0.194369 -0.598753 0.776991 -0.0140608 -1.1824e-06 0 0 0
999 4669 0.1055 0.767576 -0.632216 -0.0101482 -7.2955e-07 0 0 0
4249 4723 0.535799 0.607128 -0.586783 -0.0206423 -1.62903e-06 0 0 0
1974 2132 0.423228 -0.838035 -0.344347 -0.0150107 -1.30603e-06 0 -1 0
1974 3603 0.47078 0.882161 0.0125915 -0.0130411 -1.06879e-06 0 0 0
3080 2111 0.895895 0.2851 0.34072 -0.00448582 -3.5711e-07 0 0 0
2455 2006 0.359475 -0.0782246 -0.92987 -0.00536166 -3.77833e-07 0 0 0
3080 4814 0.77071 -0.620081 -0.146646 -0.00566281 -4.02396e-07 1 0 0
2455 3804 0.758101 0.53225 0.376819 -0.00129205 -9.17285e-08 1 0 0
3080 2732 0.351755 -0.194757 0.915608 -0.0340865 -2.11021e-06 0 0 0
3080 122 0.191429 -0.0972569 -0.976676 -0.028133 -2.63075e-06 0 0 0
1753 4545 -0.00083439 -0.711798 -0.702383 -0.0134758 -9.45672e-07 0 0 0
1753 1150 0.454915 0.26057 0.851561 -0.0117172 -1.07515e-06 0 0 0
1753 1916 0.560174 -0.635494 0.531368 -0.00166558 -1.57806e-07 0 0 0
1753 356 0.615943 0.714147 -0.332578 -0.0194125 -1.57687e-06 1 0 0
1753 2952 0.806331 -0.415236 -0.4212 -0.0148158 -1.1225e-06 0 0 0
3080 1256 -0.0362981 0.848945 -0.527233 -0.00359834 -2.3972e-07 0 0 0
3144 3390 0.705555 0.647937 -0.287003 -0.00563849 -4.71332e-07 0 0 0
3296 1945 0.680865 -0.118794 -0.72271 -0.0118959 -1.11506e-06 1 0 0
3296 3665 0.402617 0.573164 0.71371 -0.0317024 -2.5439e-06 0 1 0
3296 3 0.0477422 -0.183598 0.981841 -0.0252086 -2.43441e-06 0 0 0
1301 1727 0.915784 0.313511 0.251099 -0.0171136 -1.22996e-06 1 0 0
3399 705 0.149488 -0.928492 0.339936 -0.0166046 -1.27581e-06 -1 0 1
3399 1856 0.335013 -0.113016 0.935411 -0.00729979 -5.42094e-07 0 0 1
3399 2496 0.350962 0.871388 -0.342796 -0.0189561 -1.48113e-06 0 1 0
4449 400 0.506423 0.511273 0.69436 -0.00286149 -2.06301e-07 0 0 0
3399 2693 0.973517 -0.185501 0.133622 -0.015396 -1.19463e-06 0 0 1
4449 3327 0.267892 -0.852596 -0.448681 -0.0165598 -1.34581e-06 0 0 -1
4335 4480 0.957164 0.0917325 0.274632 -0.00123607 -1.00982e-07 0 0 0
1302 36 0.49032 0.842315 -0.223811 -0.0114911 -9.52863e-07 0 1 0
2657 1951 0.927429 0.367843 0.0675741 -0.00454792 -3.16964e-07 1 0 0
3668 246 0.870194 0.490434 0.0473014 -0.00239374 -1.84072e-07 1 0 0
5356 2177 0.38852 0.713686 -0.582842 -0.00282366 -1.9971e-07 0 0 0
2657 5302 0.596322 0.0872461 -0.79799 -0.00460191 -2.64121e-07 0 0 0
5356 3071 0.919569 0.332384 0.209557 -0.0147296 -1.05586e-06 1 0 0
2330 5057 0.0875373 -0.937332 -0.337262 -0.00783248 -6.29012e-07 0 0 0
2330 400 0.187811 0.934085 -0.303665 -0.00675955 -5.37388e-07 0 0 0
2657 2334 0.440454 0.00266864 0.897771 -0.0296406 -2.76258e-06 0 0 0
2657 4406 0.152001 0.890406 -0.429038 -0.0142953 -1.15925e-06 0 1 0
2330 2623 0.850298 -0.374261 0.37003 -0.00389855 -3.36615e-07 1 0 0
2657 2886 -0.121007 -0.643947 -0.75544 -0.0129029 -1.13607e-06 0 0 0
3365 4145 0.704298 -0.604649 -0.371973 -0.0165535 -1.0634e-06 0 0 0
2130 4989 0.872525 -0.379572 -0.307611 -0.0108238 -7.45071e-07 0 0 0
1822 27 0.689015 0.708928 0.1506 -0.00439806 -3.29972e-07 0 0 0
1822 540 0.555698 -0.725989 0.405143 -0.00146397 -1.19531e-07 0 0 0
2777 4643 0.372558 0.701103 -0.607993 -0.0163917 -1.57654e-06 0 0 -1
1225 2725 0.636395 -0.0464321 -0.769965 -0.0049086 -3.96898e-07 0 0 0
2777 4449 0.143431 -0.986065 0.0842758 -0.0204885 -1.81215e-06 0 0 0
1225 2841 0.790389 -0.356863 0.49793 -0.00614683 -4.56293e-07 0 0 0
3705 1958 0.37496 -0.651078 0.659926 -0.00995919 -8.47076e-07 0 0 0
3705 3694 0.52469 0.586094 0.617409 -0.00693383 -6.08842e-07 0 0 0
3705 1756 0.741896 -0.216822 -0.634491 -0.00546445 -3.43598e-07 1 0 0
1400 2667 0.877937 -0.25496 0.405243 -0.00254468 -1.40078e-07 0 0 0
540 3666 -0.00926663 0.0375531 0.999252 -0.0163077 -1.24147e-06 0 0 0
540 3009 0.126465 -0.963502 -0.235948 -0.0175229 -1.22359e-06 0 0 0
540 4871 0.128179 0.420903 -0.898004 -0.0107467 -8.5124e-07 0 0 0
285 4157 0.70674 0.0710659 0.703895 -0.00183304 -1.30979e-07 1 0 1
2456 5356 0.54558 0.39134 -0.741078 -0.0111378 -8.57885e-07 0 0 0
2456 2627 0.129771 -0.981566 0.140316 -0.00549791 -4.06769e-07 0 0 0
2456 2242 0.0657261 0.434228 0.898402 -0.0100506 -7.41443e-07 0 0 0
540 316 0.938731 0.152637 0.309009 -0.000743824 -6.90597e-08 0 0 0
569 1851 0.0571872 0.533046 0.844151 -0.0266643 -1.91667e-06 0 0 0
569 3666 0.135601 -0.923703 -0.35831 -0.0251094 -1.78642e-06 0 0 0
569 2741 0.230133 -0.616279 0.753153 -0.0125214 -9.81991e-07 0 0 0
569 3817 0.569392 0.0112966 -0.821989 -0.0131952 -1.00325e-06 0 0 0
3221 369 0.258039 -0.482436 -0.837061 -0.00605155 -4.77654e-07 0 0 0
4466 1225 0.52019 -0.841993 -0.143003 -0.00680657 -4.86619e-07 0 0 0
4194 2960 0.891062 -0.43244 0.137852 -0.00852824 -7.48091e-07 0 0 0
4723 411 0.89178 0.377371 -0.249638 -0.00747426 -6.51975e-07 1 0 0
4194 3069 0.493274 0.844722 0.207668 -0.0311754 -2.44215e-06 0 0 0
4194 3763 0.121423 -0.972195 -0.200233 -0.0226534 -1.28164e-06 0 0 0
4089 1735 0.811295 0.543028 -0.216613 -0.0068311 -4.76464e-07 0 0 0
4998 3613 0.265625 0.846606 0.461196 -0.0198374 -1.16393e-06 0 0 0
4998 3113 0.342662 0.556293 -0.757048 -0.00576313 -4.61856e-07 0 0 0
4089 2777 -0.0457081 -0.634209 -0.771809 -0.0184311 -1.55982e-06 0 0 0
4998 3058 0.741003 -0.296162 0.602664 -0.0168959 -1.56548e-06 0 0 0
3441 5169 0.856468 -0.265502 -0.442686 -0.00145726 -1.11142e-07 0 0 -1
3441 4442 0.440682 0.519872 0.731801 -0.00490516 -3.26319e-07 0 0 0
3936 4442 0.444786 0.480201 -0.756024 -0.0125058 -8.30378e-07 0 0 0
3936 3705 0.41863 -0.859589 0.293011 -0.00194239 -1.21883e-07 0 0 0
3936 1923 0.295589 -0.706619 -0.642897 -0.0218714 -1.47775e-06 0 0 0
3877 4335 0.127053 -0.974903 0.182816 -0.00131196 -1.00148e-07 0 0 0
4728 2277 0.286273 0.398443 -0.871373 -0.0155445 -1.13035e-06 0 0 0
3395 2200 0.978231 -0.194909 0.0712336 -0.0110647 -9.42345e-07 0 0 0
862 4367 0.841455 0.164834 -0.514571 -0.0108442 -6.65723e-07 0 0 0
3876 1593 -0.0154733 0.534479 -0.84504 -0.0140706 -1.26173e-06 0 0 0
3876 3881 0.229794 0.294058 0.927753 -0.00856033 -6.7409e-07 0 0 0
3876 5352 0.36968 -0.834549 0.40849 -0.0102025 -8.77703e-07 0 0 0
3876 3956 0.400142 -0.669045 -0.62631 -0.0036765 -3.14364e-07 1 0 0
862 4871 0.708794 -0.401409 0.580071 -0.0067282 -4.99729e-07 0 0 0
2309 878 0.451868 0.834935 0.314164 -0.0118724 -1.01451e-06 0 0 0
2309 1256 0.234735 -0.118484 -0.964812 -0.0110405 -9.50646e-07 0 0 0
5057 3982 0.0252654 -0.377679 0.925592 -0.00210436 -1.65908e-07 0 0 0
5057 4716 0.191078 -0.963565 -0.187168 -0.00937316 -6.36613e-07 0 0 0
5057 4756 0.531015 0.698339 -0.479944 -0.00340421 -2.44275e-07 1 0 0
799 4321 0.880899 0.0525223 0.470381 -0.00287806 -2.71214e-07 0 0 0
799 300 0.469323 -0.584175 -0.662175 -0.00207973 -1.96237e-07 0 0 0
799 5490 0.240246 -0.970332 0.0271503 -0.00735242 -7.04805e-07 0 0 0
799 5219 0.264398 0.436502 -0.859976 -0.0222753 -1.36156e-06 0 0 0
429 3622 0.200747 -0.489606 0.84852 -0.00554891 -5.29223e-07 0 0 0
799 4669 0.0429007 0.469738 0.881763 -0.0158065 -1.29696e-06 0 0 0
37 4766 0.872675 0.0473881 0.485997 -0.00975109 -7.99019e-07 1 0 0
429 4875 0.675871 0.700826 -0.228125 -0.0146312 -9.08823e-07 0 0 0
429 3826 0.65797 -0.743057 0.12224 -0.00404379 -3.54888e-07 0 0 0
37 3 0.364438 0.695291 -0.61948 -0.00727225 -5.84195e-07 0 0 0
37 3935 0.296377 -0.90099 0.316823 -0.00670571 -5.52463e-07 0 0 0
3330 5284 0.808154 -0.572232 -0.139421 -0.00286707 -1.95712e-07 1 0 0
2164 5363 0.248002 0.569468 0.78371 -0.0072315 -5.94325e-07 0 0 0
2164 3948 0.352556 0.661885 -0.661523 -0.0154601 -1.24339e-06 0 0 0
2164 853 0.782833 -0.337377 0.522829 -0.00715777 -6.4034e-07 1 0 0
1047 2496 0.998376 0.0400859 -0.0404758 -0.00753987 -6.01074e-07 1 0 0
3309 4618 0.0823016 0.44401 0.892234 -0.0368034 -2.5883e-06 0 0 0
1047 4678 0.428355 -0.241172 -0.870832 -0.020302 -1.68449e-06 0 0 0
4175 3938 0.754793 -0.435032 0.490952 -0.00244171 -1.80337e-07 0 0 0
3309 2570 0.54035 -0.511534 -0.668099 -0.0496621 -4.0092e-06 0 0 0
3309 2529 0.689701 0.6815 -0.244687 -0.0254831 -1.51042e-06 1 0 0
4175 1753 0.458311 0.882396 -0.106433 -0.0106381 -6.28517e-07 0 0 0
4175 2350 0.0557919 0.640215 0.766167 -0.0059117 -3.82612e-07 0 0 0
2732 3801 0.0652907 0.997575 0.0241192 -0.0044493 -2.71557e-07 0 0 0
2732 317 0.459038 -0.74547 0.483279 -0.0175308 -1.3875e-06 1 0 0
1818 3948 0.748879 -0.126654 0.650491 -0.0142612 -1.16451e-06 0 0 0
2732 4438 0.892233 0.393119 0.222209 -0.0172043 -1.16127e-06 0 0 0
2732 4531 0.890723 -0.405622 -0.205143 -0.00347411 -3.19355e-07 1 0 0
1851 5029 0.4227 -0.437895 0.793456 -0.024089 -1.6943e-06 0 0 0
1818 4404 0.428156 0.563324 -0.706646 -0.00279137 -1.78985e-07 0 0 0
1818 3165 0.281401 -0.614915 -0.736677 -0.0313706 -2.20373e-06 0 0 0
3375 3982 -0.00608754 0.634664 -0.772764 -0.00215048 -1.72146e-07 0 0 0
3375 3731 0.170527 0.948227 0.267931 -0.00946013 -6.47106e-07 0 0 0
3375 2066 0.215311 -0.449877 0.866748 -0.00564507 -3.91725e-07 0 0 0
1818 3296 0.149744 0.660506 0.735737 -0.0196737 -1.28153e-06 0 0 0
3375 1077 0.841541 0.4303 -0.326573 -0.00733117 -4.93376e-07 0 0 0
1299 1169 0.957883 -0.215772 0.189478 -0.000382055 -3.63322e-08 0 0 0
3605 3499 0.224601 -0.790812 -0.569359 -0.00690184 -5.65245e-07 0 0 0
1299 4712 0.748884 0.644383 0.154736 -0.0109734 -6.53658e-07 0 0 0
3605 2051 0.482092 0.84896 0.216457 -0.00601104 -4.54217e-07 0 0 0
1299 3365 0.376884 -0.925161 0.0451266 -0.0175096 -1.22646e-06 0 0 0
2078 3731 0.709508 -0.658439 -0.251112 -0.0184458 -1.26204e-06 0 0 0
4442 3956 0.472088 0.879663 -0.0576696 -0.00648506 -5.17515e-07 1 0 0
4442 3627 0.525774 -0.277893 0.803951 -0.00970756 -7.9814e-07 0 0 0
4442 5010 0.549258 -0.0651931 -0.833106 -0.00385692 -3.08258e-07 1 0 0
4442 2105 0.706052 -0.70716 -0.0376161 -0.0195157 -1.23595e-06 1 0 0
4566 1923 0.47159 0.309599 0.825682 -0.010927 -8.04456e-07 0 0 0
4566 4089 0.064698 -0.86021 -0.50582 -0.01901 -1.35664e-06 0 0 0
4566 3441 0.138515 0.983345 -0.117673 -0.0127236 -9.95961e-07 0 0 0
2250 2066 0.772699 -0.271713 -0.573679 -0.00348301 -2.52221e-07 0 0 0
3367 3613 0.345772 -0.324617 0.880378 -0.0146623 -1.18657e-06 0 0 0
4842 2740 0.802351 -0.0108833 0.596754 -0.0117714 -7.95925e-07 0 0 0
4842 843 0.29756 0.835439 0.46206 -0.0068501 -5.02887e-07 0 0 0
3367 1092 0.912491 0.301673 0.276322 -0.0134936 -1.08327e-06 0 0 0
4242 4944 0.217249 0.887815 0.405694 -0.00259764 -1.62837e-07 0 0 0
4842 799 0.125273 -0.983912 0.127376 -0.00347121 -2.56795e-07 0 0 0
4040 1079 0.689582 -0.722219 -0.0536328 -0.0109844 -7.59804e-07 0 0 0
4242 1323 0.420795 0.028434 0.90671 -0.00691986 -4.30228e-07 0 0 0
4242 2723 0.457826 0.731248 -0.505641 -0.00505304 -4.21757e-07 0 0 -1
4040 4940 0.178004 0.921533 0.345097 -0.0184674 -1.29611e-06 0 0 0
4242 3483 0.935548 -0.122562 -0.331254 -0.00657647 -4.3131e-07 0 0 -1
4040 650 0.0907855 -0.505085 0.858282 -0.0141322 -1.10449e-06 0 0 0
4860 3731 0.218333 0.517245 -0.827519 -0.0195312 -1.57356e-06 0 0 0
4860 2066 0.264357 -0.947371 -0.180565 -0.00802875 -6.57051e-07 0 0 0
4860 5098 0.226787 -0.115978 0.967014 -0.0157132 -1.17539e-06 0 0 0
2600 4998 0.564691 0.82362 0.0526729 -0.0126669 -8.61225e-07 0 0 0
5425 3938 0.41326 -0.434909 -0.800044 -0.0129694 -1.10442e-06 0 0 0
2600 1753 0.556444 -0.740329 0.377205 -0.0264202 -1.85726e-06 0 0 0
5425 2051 0.498749 -0.466018 0.730805 -0.0130342 -1.04981e-06 0 0 0
5293 1711 0.955571 -0.091585 -0.280171 -0.0229087 -1.80841e-06 0 0 0
5293 2381 0.204486 -0.978833 -0.0084978 -0.00891507 -6.89456e-07 0 0 0
1558 2987 -0.0663038 0.613872 0.786616 -0.00902432 -7.85707e-07 0 0 0
3447 2577 0.830393 -0.537841 -0.145514 -0.00304658 -2.22703e-07 0 0 0
1558 4989 0.356086 0.934204 0.021591 -0.00158809 -1.10432e-07 0 0 0
3447 3929 0.165903 0.402562 -0.900234 -0.00134224 -1.00639e-07 0 0 -1
1558 182 0.657536 -0.617865 -0.431148 -0.0111459 -7.24806e-07 1 0 0
1558 282 0.823628 0.218585 0.523313 -0.0088275 -5.67157e-07 1 0 0
1943 2971 0.789646 -0.258182 -0.556599 -0.00218286 -1.98576e-07 0 0 0
3797 3345 0.418431 -0.892775 0.166936 -0.0114631 -1.03605e-06 1 0 0
3797 5374 0.561749 0.654717 0.50575 -0.011689 -9.24973e-07 1 0 0
2944 1400 0.264189 -0.451715 0.852149 -0.00479442 -4.65736e-07 0 0 0
2944 1943 0.0251322 0.683266 -0.729737 -0.00477372 -3.81974e-07 0 0 0
2681 4326 0.848862 -0.0562783 0.52561 -0.0149239 -1.18627e-06 0 0 0
2681 4470 0.827654 -0.299373 -0.474727 -0.00446753 -3.63925e-07 1 0 0
2681 2886 0.168747 0.934923 0.312159 -0.00575987 -4.36564e-07 0 0 0
3877 862 0.172099 0.09503 0.980485 -0.0123612 -1.04436e-06 0 0 0
705 4157 0.0240894 -0.999388 -0.0253553 -0.00800541 -5.76365e-07 1 0 0
1087 2955 0.141833 -0.987349 -0.0708877 -0.00074474 -6.03177e-08 0 0 0
705 3741 0.31476 -0.355011 0.88028 -0.0308712 -2.06902e-06 1 0 0
842 4442 0.51904 -0.837493 0.170889 -0.0212197 -1.39797e-06 0 0 0
842 1087 0.198401 0.26613 -0.943298 -0.00877636 -6.88993e-07 0 0 0
4545 1413 0.208277 -0.925567 -0.316142 -0.00661385 -4.57907e-07 0 0 0
4545 5123 0.6166 -0.5668 0.546391 -0.00756124 -5.34468e-07 0 0 0
4597 263 0.120551 0.157759 -0.980092 -0.00222376 -1.77827e-07 0 0 0
4545 2952 0.881805 0.341892 0.324853 -0.00439189 -3.04154e-07 0 0 0
3801 2731 0.100172 0.14531 -0.984302 -0.00691824 -6.6553e-07 1 0 0
3801 4480 0.185356 0.724403 0.663991 -0.0143571 -1.04189e-06 0 0 0
3801 2111 0.45824 -0.573111 -0.679382 -0.00998214 -7.79585e-07 0 0 0
2076 3803 0.6565 -0.743247 -0.12881 -0.0174364 -1.5148e-06 0 0 0
3801 4399 0.872067 0.482355 -0.0826656 -0.00444917 -4.16631e-07 0 0 0
2076 2959 0.17713 -0.536218 0.825285 -0.00386563 -3.05161e-07 0 0 0
59 2971 0.825038 -0.484647 0.290567 -0.0122924 -1.12385e-06 0 0 0
2530 3613 0.194357 -0.649361 -0.735225 -0.00811561 -4.62835e-07 0 0 0
2530 1290 0.658418 0.243701 -0.712106 -0.00515191 -4.23109e-07 0 0 0
59 862 0.195802 0.979001 -0.056733 -0.0124359 -1.09763e-06 0 0 0
349 36 0.394566 0.495826 0.773611 -0.0314656 -2.53185e-06 0 1 0
1406 5259 0.438526 -0.655232 0.615115 -0.0168905 -1.18415e-06 0 0 0
349 3 0.24201 -0.34949 -0.905145 -0.0202804 -1.88244e-06 0 0 0
1406 3804 0.652883 0.284485 -0.702005 -0.0128382 -9.12838e-07 1 0 0
349 2677 0.112346 0.849534 -0.515432 -0.0053421 -4.9111e-07 0 1 0
2487 4766 0.195183 0.0572649 -0.979094 -0.00686364 -4.96686e-07 0 0 0
349 37 -0.0720108 -0.930121 -0.360123 -0.00353407 -3.06856e-07 0 0 0
2487 1425 0.424537 -0.800369 -0.423294 -0.00180355 -1.32425e-07 0 0 0
2709 2487 0.548143 -0.303715 -0.779292 -0.0118559 -9.03258e-07 1 0 0
2709 3668 0.446611 -0.889934 -0.0924968 -0.00102893 -8.05663e-08 0 0 0
2487 778 0.995598 -0.0479877 -0.0805068 -0.00419116 -3.38925e-07 0 0 0
2709 3979 0.364489 -0.535817 0.761609 -0.0223283 -1.50127e-06 0 0 0
3429 1958 0.447188 0.573502 0.686381 -0.00066492 -5.05827e-08 0 0 0
3429 4866 0.674317 -0.428674 0.601278 -0.00252267 -2.04596e-07 0 0 0
3429 3641 0.686547 -0.157522 -0.709817 -0.00210281 -1.67903e-07 0 0 0
2709 4678 0.280045 0.850343 0.445524 -0.0229 -1.78627e-06 0 1 0
2709 1302 -0.0163215 0.41383 -0.910208 -0.0127062 -1.19029e-06 0 0 0
5477 2741 0.820726 0.0218885 0.570903 -0.0123546 -1.01362e-06 0 0 0
4295 2479 0.510613 -0.380451 -0.771059 -0.0108868 -7.99836e-07 0 0 0
5477 3666 0.786073 -0.224563 -0.5759 -0.027769 -2.0658e-06 0 0 0
4295 4052 0.755773 0.514852 0.404641 -0.00727071 -5.98791e-07 1 0 0
5477 569 0.656947 0.722657 -0.214913 -0.00679851 -4.99033e-07 0 0 0
4181 5356 0.608513 -0.754009 0.24735 -0.0109197 -7.66185e-07 0 0 0
3617 5182 0.577287 -0.581028 0.573712 -0.00794821 -4.85977e-07 0 0 0
4181 3855 0.25137 -0.115962 0.960919 -0.0131409 -9.60935e-07 0 0 0
3062 395 0.605006 -0.633001 0.482988 -0.00286879 -2.38422e-07 0 0 0
3062 3330 0.187451 0.947995 0.257231 -0.00151852 -1.33585e-07 0 0 0
2971 3009 0.0817469 -0.476289 0.87548 -0.0171853 -1.164e-06 0 0 0
2971 4871 0.0817069 0.969047 0.232962 -0.000793671 -6.09401e-08 0 0 0
2971 4480 0.190412 0.530108 -0.826274 -0.0177247 -1.26329e-06 0 0 0
2971 4034 0.497529 -0.771463 -0.396622 -0.00280355 -1.89644e-07 1 0 0
2386 1744 0.912307 0.251664 -0.32305 -0.0249326 -1.84487e-06 1 0 0
2971 4149 0.934058 0.331869 -0.131903 -0.00265978 -1.76934e-07 1 0 0
2386 4470 0.773271 -0.430727 0.465323 -0.00491355 -3.46238e-07 1 0 0
2386 2681 -0.0188165 -0.155519 0.987654 -0.00772518 -6.13385e-07 0 0 0
1605 5240 0.154608 0.954602 0.254622 -0.0139347 -1.15263e-06 0 0 0
3982 1077 0.901749 -0.157923 0.40238 -0.00621167 -5.11934e-07 0 0 0
2036 1767 0.781621 -0.437398 0.444693 -0.00859784 -7.25086e-07 0 0 0
51 4335 0.478245 0.814718 0.327897 -0.00106713 -9.84107e-08 0 0 0
2987 4989 0.463772 0.40202 -0.789491 -0.0078998 -6.6572e-07 0 0 0
2036 3109 0.327384 0.358357 -0.8743 -0.0207355 -1.30004e-06 0 0 0
523 300 0.603969 0.0498544 0.795447 -0.0211359 -1.93469e-06 0 0 0
3333 5149 0.253773 -0.559657 -0.788913 -0.0128013 -1.01396e-06 0 0 0
3333 2667 0.510719 0.839656 0.184782 -0.0186489 -1.30142e-06 -1 0 0
3333 5036 0.553654 0.0245393 0.832385 -0.0254031 -1.6303e-06 0 0 0
523 4191 0.171301 -0.710526 0.682502 -0.0120109 -9.06811e-07 0 0 0
4833 2142 0.755227 -0.0548636 -0.653163 -0.0151994 -1.0885e-06 0 0 0
2142 3881 0.232187 0.0756273 -0.969727 -0.0155216 -1.13841e-06 0 0 0
2142 2042 0.405796 -0.803518 0.435533 -0.00204529 -1.34438e-07 0 0 0
2142 3195 0.441269 0.871938 -0.212146 -0.00305393 -2.63755e-07 1 0 0
4833 4010 0.607905 0.194741 0.769758 -0.0173517 -1.26512e-06 0 0 0
5516 2291 0.990786 -0.0727725 0.114224 -0.0180535 -1.42076e-06 0 0 0
3029 3345 0.94564 -0.176025 0.27346 -0.0104732 -7.23097e-07 1 0 0
3029 2987 0.681578 -0.157944 -0.714496 -0.0115965 -9.93302e-07 0 0 0
3029 3797 0.646487 0.750364 0.13787 -0.0174693 -1.47722e-06 0 0 0
3666 1835 0.425743 -0.809592 -0.404108 -0.0251481 -1.80265e-06 0 0 0
3666 2980 0.985597 -0.00215816 0.169096 -0.0146262 -1.02262e-06 1 0 0
3029 4436 0.255479 -0.932621 -0.254849 -0.00879371 -6.24625e-07 0 0 0
400 4360 0.294818 0.553602 -0.77885 -0.012959 -1.03557e-06 1 0 -1
3029 3330 0.104565 -0.647174 0.755137 -0.00257307 -1.68323e-07 0 0 0
4175 4545 0.496683 0.225719 -0.838068 -0.00034358 -2.34308e-08 0 0 0
1120 5425 0.73445 0.675364 -0.0668331 -0.0100693 -8.28388e-07 0 0 0
400 2573 0.890975 -0.42054 0.1712 -0.00781135 -6.35107e-07 1 0 0
1120 2500 0.343885 -0.713436 -0.610534 -0.00932199 -7.49363e-07 0 0 0
2923 1608 0.479416 0.158826 0.863096 -0.0102634 -8.11005e-07 0 0 0
3005 4249 0.220245 0.630458 -0.744322 -0.023795 -1.86324e-06 0 0 0
3005 4181 0.103072 -0.746032 0.657885 -0.0230894 -1.90498e-06 0 0 0
2923 2639 0.939643 -0.09689 -0.328152 -0.00415348 -3.05359e-07 1 0 0
3598 5098 -0.00615198 0.484245 -0.874911 -0.0110286 -8.54804e-07 0 0 0
3598 4712 0.220713 -0.548548 -0.806462 -0.012205 -7.15491e-07 0 0 0
3598 2146 0.336056 0.125474 0.933447 -0.00584615 -5.10091e-07 0 0 0
3598 4147 0.346287 0.82348 0.449407 -0.00754194 -6.6116e-07 0 0 0
3598 5206 0.754981 0.567191 -0.329086 -0.00672868 -3.76825e-07 0 0 0
3598 4484 0.741434 -0.628318 0.235566 -0.0017895 -1.28339e-07 0 0 0
3868 787 0.937316 0.0943305 0.33547 -0.00353514 -3.08707e-07 0 0 0
1079 5029 0.304344 -0.850659 -0.428666 -0.00449178 -2.96809e-07 0 0 0
3868 471 0.499302 -0.610233 -0.615072 -0.0306927 -2.03369e-06 0 0 0
1079 396 0.756424 -0.540401 0.368496 -0.00924672 -7.71567e-07 1 0 0
3868 988 0.270818 -0.913947 0.302255 -0.0173532 -1.49946e-06 0 0 0
4039 3414 0.983488 0.148602 0.103287 -0.000494463 -3.95268e-08 0 0 0
4157 2072 0.167729 -0.529208 0.831749 -0.00946076 -7.34759e-07 -1 0 0
4157 755 0.203943 -0.758834 -0.61853 -0.00497292 -3.60167e-07 0 0 -1
3868 3763 0.321338 0.844312 0.428812 -0.0225409 -1.50208e-06 0 0 0
4157 1628 0.635541 0.491858 -0.595116 -0.0216838 -1.56977e-06 0 0 -1
3960 5098 0.934545 0.0790339 -0.346957 -0.00231369 -1.67211e-07 0 0 0
3960 1910 0.360269 0.682451 0.635977 -0.0249823 -1.89848e-06 0 0 0
3960 2250 0.129179 -0.520289 -0.844163 -0.0205186 -1.4968e-06 0 0 0
4502 5149 0.932624 0.150043 -0.328177 -0.00564865 -4.68373e-07 1 0 0
4502 3333 0.650632 0.645087 0.400675 -0.0353518 -2.36133e-06 1 0 0
4502 4404 0.503458 -0.65735 -0.560733 -0.0181977 -1.18145e-06 0 -1 0
2741 5029 0.225986 0.618795 0.752345 -0.0207326 -1.26229e-06 0 0 0
2741 2004 0.251313 -0.848364 -0.465962 -0.0135137 -9.59723e-07 0 0 0
4502 3296 0.222894 -0.468776 0.854732 -0.047069 -2.92335e-06 0 -1 0
824 27 0.898149 -0.0652684 -0.43482 -0.000693777 -5.36569e-08 0 0 0
824 4072 0.39978 0.818352 -0.412887 -0.00642015 -5.16429e-07 0 0 0
2594 5057 0.768017 0.0784867 0.635602 -0.00514153 -4.12464e-07 0 0 0
2741 4158 0.963846 -0.244722 0.105414 -0.0098289 -5.65791e-07 1 0 0
2594 3327 0.627358 0.515312 -0.583845 -0.010119 -7.69131e-07 0 0 -1
3577 2210 0.531809 0.827007 -0.182315 -0.00400974 -3.18706e-07 -1 0 0
4938 672 0.34341 -0.542145 0.766908 -0.0194723 -1.44221e-06 0 0 0
4938 2308 0.258817 0.831666 -0.491269 -0.016624 -1.37986e-06 0 0 0
4938 1965 0.258108 -0.747576 -0.611973 -0.0115958 -7.8762e-07 0 0 0
4938 2482 0.287136 0.475805 0.831362 -0.00350179 -2.57222e-07 0 0 0
4470 1744 0.171843 0.643967 -0.745504 -0.00351584 -2.42583e-07 0 0 0
3691 3309 0.707514 -0.556983 0.434964 -0.0285663 -2.0577e-06 0 0 0
3402 2164 0.615579 0.52613 -0.586728 -0.0149004 -1.29348e-06 0 0 0
3402 3985 0.583329 -0.625841 0.517735 -0.0114039 -7.48272e-07 0 0 0
4470 3195 0.426968 -0.900282 0.0848 -0.00768131 -6.52546e-07 0 0 0
3402 3935 0.324485 0.2883 0.900884 -0.00666248 -4.29945e-07 0 0 0
4898 3908 0.937617 0.278243 -0.208461 -0.00678455 -4.69154e-07 0 0 0
3013 3113 0.258904 -0.457094 0.850902 -0.00425937 -3.25677e-07 0 0 0
3013 3737 0.360641 0.690613 -0.62689 -0.00775654 -6.1925e-07 0 0 0
4898 2277 0.42566 -0.56415 0.707494 -0.0177127 -1.30185e-06 0 0 1
3013 1722 0.866421 -0.479077 0.140714 -0.000963866 -7.54363e-08 1 0 0
3292 1749 0.897962 0.430901 0.0893749 -0.00397336 -2.88911e-07 0 0 0
3292 3850 0.36032 -0.772898 -0.522301 -0.00543407 -4.32801e-07 0 0 0
300 1323 0.492316 0.293221 -0.819541 -0.0100749 -9.03544e-07 1 0 0
300 1075 0.685085 0.685528 0.246392 -0.0150388 -1.31965e-06 1 0 0
300 2385 0.741467 -0.395985 0.541685 -0.00792538 -7.07603e-07 1 0 0
3360 2072 0.164125 -0.28908 -0.943131 -0.0221064 -1.69969e-06 0 0 0
3360 4337 0.228023 0.189632 0.955011 -0.0190388 -1.39466e-06 1 0 0
3292 949 0.366232 -0.44748 0.815865 -0.00913479 -7.52115e-07 0 0 1
1116 3705 0.784291 0.585692 -0.204577 -0.0015355 -1.32857e-07 0 0 0
2425 1413 0.755674 0.475939 0.449932 -0.00770859 -4.4037e-07 0 0 0
2425 3249 0.724669 -0.433902 -0.535335 -0.00686847 -3.91109e-07 0 0 0
3665 5036 0.573498 0.649664 -0.499036 -0.0145845 -1.06267e-06 1 0 0
3665 2079 0.79809 0.328149 0.505342 -0.0276645 -2.02453e-06 1 0 0
3665 1110 0.840627 -0.539604 -0.0466314 -0.00623174 -4.70183e-07 1 -1 0
2425 672 0.229744 0.959358 -0.163858 -0.0245756 -1.99931e-06 0 0 0
2425 3915 0.271751 -0.814324 0.512862 -0.0140407 -7.97908e-07 0 0 0
4908 4731 0.462966 0.824185 -0.326162 -0.00283383 -2.18296e-07 0 0 0
4908 4186 0.585333 -0.510475 -0.629921 -0.00160459 -1.27991e-07 1 0 0
5503 976 0.908506 -0.0659247 0.412638 -0.00770129 -5.15399e-07 0 0 0
5503 1737 0.378516 -0.253432 -0.890224 -0.0281412 -2.00539e-06 0 0 0
161 1856 0.0945444 0.311891 -0.945402 -0.0177017 -1.3745e-06 1 0 0
161 3741 0.247651 -0.835755 -0.490085 -0.00596675 -4.11316e-07 1 0 0
5503 2681 0.000999904 0.994674 -0.103063 -0.0104043 -8.66605e-07 0 0 0
5503 4833 0.00728037 -0.92426 0.381695 -0.00397771 -2.87431e-07 0 0 0
161 430 0.59886 -0.634446 0.488718 -0.00536811 -3.94851e-07 1 0 0
161 5045 0.917966 0.344534 0.196558 -0.00448779 -3.14411e-07 1 0 0
2334 1507 0.514547 0.758572 0.399762 -0.00513648 -4.48691e-07 1 0 0
3157 3069 0.903565 -0.208738 0.374163 -0.00792863 -5.79282e-07 0 0 0
2334 2529 0.820686 -0.336728 0.461615 -0.0182075 -1.74882e-06 1 0 0
1593 2577 0.0896261 -0.127429 -0.98779 -0.0160495 -1.24761e-06 0 0 0
1593 1655 0.426372 0.694038 0.580102 -0.00911066 -7.13512e-07 0 0 0
1593 5171 0.756138 -0.566516 -0.32759 -0.00715409 -5.70868e-07 0 0 0
3526 3666 0.876369 0.41177 0.249844 -0.00523961 -4.02556e-07 0 0 0
3390 5352 0.284222 0.7123 -0.641753 -0.00899894 -7.41591e-07 0 0 0
3390 3694 0.355329 -0.928536 0.107526 -0.00942088 -8.29682e-07 0 0 0
3390 3627 0.367969 -0.250307 -0.895514 -0.0146999 -1.23804e-06 0 0 0
3390 4694 0.459948 -0.34665 0.817485 -0.00884941 -5.96223e-07 1 0 0
3390 4639 0.874834 0.483928 0.0219027 -0.00332159 -3.05287e-07 1 0 0
3526 1400 0.324741 -0.945426 -0.0267004 -0.00309732 -2.68539e-07 0 0 0
5218 2291 -0.092767 0.316602 0.944011 -0.0335873 -3.0661e-06 -1 0 0
162 2732 0.851193 0.254864 -0.458819 -0.0152285 -1.38127e-06 0 0 0
5218 5036 0.424521 -0.475278 -0.770644 -0.0260519 -1.74886e-06 0 0 0
162 372 0.646871 -0.227335 0.727927 -0.00724586 -6.34425e-07 0 0 0
5465 755 0.870119 0.388188 0.303649 -0.0121192 -9.65388e-07 1 0 0
5465 1329 0.268371 0.677923 -0.684395 -0.00448483 -2.88881e-07 0 0 0
5218 5294 0.873235 0.00829708 0.48723 -0.00709034 -4.28771e-07 0 0 0
5465 3281 0.269408 -0.926897 -0.261307 -0.0151718 -9.58726e-07 0 0 0
3499 2169 0.245767 -0.714059 -0.65553 -0.00961591 -6.39714e-07 0 0 0
3499 3991 0.215071 0.507828 -0.834179 -0.00307686 -1.93698e-07 0 0 0
3499 3761 0.328928 -0.477903 0.814503 -0.00827195 -5.24886e-07 0 0 0
3499 5272 0.641398 0.76404 0.0696531 -0.0106707 -7.10648e-07 0 0 0
5465 3929 0.162144 0.291617 0.942692 -0.00491413 -3.5281e-07 0 0 0
3499 1250 0.965182 -0.162488 -0.20499 -0.00135454 -1.03054e-07 0 0 0
5519 3377 0.215122 0.973483 0.0778104 -0.00721267 -6.07492e-07 0 0 0
5519 2051 0.233105 0.5687 -0.788823 -0.0109655 -8.94122e-07 0 0 0
5465 285 0.0190557 0.980157 0.197305 -0.0122837 -8.81312e-07 0 0 0
5519 1797 0.646914 -0.573631 -0.502444 -0.00818853 -6.62638e-07 0 0 0
88 5029 0.981936 -0.0972951 -0.162279 -0.013602 -8.14664e-07 0 0 0
5519 3676 0.959234 0.231624 0.161925 -0.00708999 -4.63788e-07 1 0 0
3139 1744 0.138546 -0.730625 0.668575 -0.0113103 -7.71744e-07 0 0 0
88 5185 0.029946 -0.997723 -0.0604267 -0.0121499 -7.43982e-07 0 0 0
4291 3982 0.832405 -0.505714 0.226616 -0.00663042 -5.06212e-07 0 0 0
3139 430 0.567134 -0.434024 -0.699987 -0.00659982 -4.6644e-07 0 0 0
3139 1843 0.971467 0.236275 0.0206331 -0.00366138 -2.50274e-07 0 0 0
4291 4869 0.656996 0.538366 0.527748 -0.00233942 -1.83616e-07 0 0 0
3069 3318 0.0209738 0.424409 -0.905228 -0.0174305 -1.21294e-06 0 0 0
3069 648 0.433418 0.899973 -0.0468655 -0.0324956 -2.31692e-06 0 0 0
3069 927 0.551598 -0.574651 0.604579 -0.0239739 -1.8993e-06 1 0 0
1024 5218 0.673738 0.293479 0.678194 -0.0167595 -1.0346e-06 1 0 0
1024 3333 0.603133 -0.167534 -0.779848 -0.0158891 -1.12339e-06 1 0 0
2401 2072 0.825234 -0.563398 -0.0396446 -0.017981 -1.57963e-06 0 0 0
4326 4176 0.730709 -0.251203 0.634792 -0.0149238 -1.30417e-06 1 0 0
3731 3824 0.253948 0.680753 0.687084 -0.00339984 -2.31351e-07 0 0 0
3731 5230 0.49084 0.830741 -0.262575 -0.0154784 -1.24182e-06 0 0 0
3731 1077 0.639852 -0.511354 -0.573678 -0.0179838 -1.1267e-06 0 0 0
3731 3370 0.82223 -0.290707 0.489313 -0.00967177 -6.13829e-07 1 0 0
2401 4157 0.655067 -0.0924656 -0.749892 -0.0102628 -8.08346e-07 1 0 0
27 189 0.0890917 0.464027 0.88133 -0.00647165 -4.29014e-07 0 0 0
27 1720 0.138549 -0.174324 -0.974892 -0.00551152 -4.87728e-07 0 0 0
2401 1605 0.0111164 0.999543 -0.0281158 -0.0232647 -1.59441e-06 0 0 0
3630 3309 0.64344 0.747737 0.163931 -0.0203379 -1.19308e-06 0 0 0
3630 3495 0.475112 0.109502 0.873085 -0.0122887 -8.61783e-07 0 0 0
27 1980 0.921474 0.331806 0.201967 -0.00350429 -2.43105e-07 1 0 0
3318 3377 0.24031 -0.934718 -0.261828 -0.00647327 -5.30091e-07 0 0 0
3318 2479 0.35788 0.641034 -0.678968 -0.0134179 -1.02237e-06 0 0 0
1158 2657 0.273016 0.92657 -0.258707 -0.0105153 -6.87265e-07 0 0 0
1158 3691 0.0158788 0.464378 0.885495 -0.0228058 -1.57784e-06 0 0 0
2949 2291 0.0278514 -0.515496 -0.856439 -0.0157661 -1.25929e-06 -1 0 0
3121 1406 0.759105 0.564658 -0.323915 -0.0042406 -2.91792e-07 0 0 0
3121 4987 0.529852 -0.835755 -0.144123 -0.0219888 -1.5493e-06 0 0 0
3121 2381 0.375036 0.755664 0.536954 -0.00813861 -6.25407e-07 0 0 0
1578 3561 0.421936 -0.516316 0.745244 -0.00252652 -1.77919e-07 0 0 0
1138 3395 0.758105 0.228895 0.610642 -0.0107508 -7.6997e-07 0 0 0
1749 3701 0.587578 -0.599076 0.543929 -0.0129882 -9.00676e-07 1 0 0
1138 1777 0.453074 -0.772015 0.445776 -0.00264946 -1.90543e-07 0 0 0
1138 1172 0.285549 0.955195 0.0778734 -0.0058051 -4.13547e-07 0 0 0
4618 2656 0.0580919 0.275103 0.959658 -0.0374521 -2.8788e-06 0 0 0
4618 5117 0.725664 -0.602005 -0.33317 -0.0172875 -1.46669e-06 1 0 0
1138 2036 0.165188 -0.537739 -0.826771 -0.0138804 -1.01517e-06 0 0 0
1524 5503 0.159449 -0.671977 -0.723203 -0.0138308 -1.22827e-06 0 0 0
1524 1158 0.125674 0.809063 0.574128 -0.0138308 -1.23196e-06 0 0 0
3689 569 0.587234 0.264944 0.764828 -0.00507557 -3.94389e-07 0 0 0
3689 540 0.637679 -0.548972 -0.540365 -0.00451154 -2.69931e-07 0 0 0
3249 1608 0.211374 0.778046 -0.591579 -0.00579931 -5.29053e-07 0 0 0
3249 2841 0.397012 -0.857097 -0.328277 -0.0110388 -7.99891e-07 0 0 0
3689 824 -0.0436719 0.873699 -0.484502 -0.013245 -1.07321e-06 0 0 0
3249 1126 0.60817 0.160544 0.777402 -0.00786204 -5.06442e-07 0 0 0
3689 3526 -0.0775234 -0.973118 0.216867 -0.008608 -7.19756e-07 0 0 0
4716 3908 0.0977928 -0.0215754 -0.994973 -0.0224285 -1.50093e-06 0 0 -1
3441 2955 0.250369 0.873131 -0.418279 -0.00074623 -6.80307e-08 0 0 0
5271 843 0.487921 -0.659149 -0.572238 -0.000775137 -5.64157e-08 0 0 0
4716 2326 0.754118 0.513603 0.409291 -0.00608029 -4.02108e-07 1 0 0
4716 198 0.83819 -0.499981 0.217845 -0.00983835 -6.98503e-07 1 0 0
5271 1299 0.282373 -0.548569 0.78698 -0.0142677 -1.10852e-06 0 0 0
2066 4712 0.181551 -0.269861 0.945629 -0.00773216 -4.53819e-07 0 0 0
2066 3918 0.311401 -0.944245 -0.106912 -0.0082412 -5.89347e-07 0 0 0
5271 2250 0.185082 0.782047 0.595103 -0.0186643 -1.28012e-06 0 0 0
3474 2003 0.575099 0.517502 0.633604 -0.000482432 -4.22835e-08 0 0 0
3304 3204 0.849887 -0.512567 0.122343 -0.000243825 -1.96603e-08 1 0 0
5363 4766 0.0939858 0.22048 0.970853 -0.0175443 -1.32201e-06 1 0 0
5363 853 0.532429 -0.825156 -0.188781 -0.0128653 -9.93003e-07 1 0 0
5363 4520 0.912492 0.143909 -0.382946 -0.00261243 -1.93856e-07 1 0 0
3304 5465 -0.00780532 0.661529 -0.749879 -0.000612259 -3.61476e-08 0 0 0
4699 3623 0.609402 0.450774 0.652252 -0.0163346 -1.47694e-06 1 0 0
4699 4341 0.576509 0.627791 -0.522988 -0.0142214 -1.14816e-06 1 0 0
1624 3985 0.595046 0.360479 0.718314 -0.0135605 -8.34899e-07 0 0 0
4699 3840 0.956631 -0.256739 -0.13763 -0.000962773 -7.97948e-08 1 0 0
3515 1767 0.118528 -0.982087 -0.146479 -0.000145142 -1.1879e-08 0 0 0
3515 1459 0.282825 0.950897 0.125717 -0.000164585 -1.31845e-08 0 0 0
3515 4978 0.399969 -0.292071 -0.868746 -5.71146e-05 -4.78743e-09 0 0 0
1624 601 0.433425 0.177999 -0.883436 -0.0182718 -1.30014e-06 0 0 0
4933 853 0.586788 0.723903 0.362828 -0.00496225 -4.51889e-07 1 0 0
4982 3139 0.769254 -0.287515 0.570599 -0.0102991 -7.10416e-07 1 0 0
4982 161 0.753983 -0.0907323 -0.650598 -0.0213128 -1.52586e-06 0 0 0
4933 4076 0.67042 -0.521085 -0.528212 -0.00171874 -1.5864e-07 1 0 0
4982 2246 0.356624 -0.928607 -0.102505 -0.0146228 -1.03221e-06 0 0 0
2577 5301 0.301269 0.621552 -0.723125 -0.0218615 -1.69568e-06 1 0 -1
2577 5171 0.654494 -0.43298 0.619811 -0.00719388 -5.36411e-07 0 0 0
2577 4085 0.685376 0.598686 0.41453 -0.00163164 -1.29215e-07 1 0 0
4982 4191 0.286422 0.914678 -0.285177 -0.0117365 -8.82932e-07 0 1 0
4516 3665 0.986525 0.154199 -0.0546991 -0.013058 -9.89877e-07 0 1 0
2291 2299 0.661011 -0.329721 0.674054 -0.0158227 -1.46668e-06 1 0 0
2291 182 0.672938 0.721037 -0.165103 -0.0197001 -1.78385e-06 1 0 0
4516 3 0.598327 -0.77096 0.218231 -0.00611562 -4.95854e-07 0 0 0
4516 2677 0.449484 0.60465 0.657542 -0.00805868 -6.461e-07 0 1 0
4516 3296 0.442189 -0.451236 -0.775149 -0.0113303 -9.93293e-07 0 0 0
2436 3853 0.992678 -0.117468 -0.0281214 -0.00403608 -2.95972e-07 1 0 0
1996 4047 0.164618 -0.302712 -0.938758 -0.00313697 -2.41402e-07 0 0 0
1251 3603 0.858261 -0.502269 0.105422 -0.0112944 -7.0545e-07 0 0 0
1996 3641 0.534419 0.836958 -0.117892 -0.00406593 -3.23487e-07 0 0 0
1251 2971 0.663862 0.708779 -0.238577 -0.0102109 -6.09687e-07 0 0 0
1996 335 0.864539 -0.0821624 0.495804 -0.00290567 -2.21051e-07 0 0 0
1251 1243 0.320427 0.0153932 -0.947148 -0.0222267 -1.56288e-06 0 0 0
1413 3063 -0.0352525 -0.820266 0.570895 -0.0105265 -1.00304e-06 0 0 0
1413 3672 0.218667 0.698925 -0.680947 -0.012085 -9.32267e-07 0 0 0
1413 5123 0.356543 0.427225 0.830877 -0.00335773 -2.56173e-07 0 0 0
1413 3325 0.458237 -0.132891 -0.878839 -0.00509247 -4.09117e-07 0 0 0
1251 2944 -0.0225306 0.506632 0.861868 -0.0015488 -1.51657e-07 0 0 0
1413 227 0.743765 -0.354997 0.566383 -0.0183836 -1.27886e-06 0 0 0
1413 3273 0.863327 0.502623 0.0451337 -0.00447212 -2.62647e-07 0 0 0
4766 1425 0.223825 -0.824587 0.519575 -0.0171203 -1.10434e-06 0 0 0
4766 5028 0.275131 0.937091 0.214857 -0.00914526 -6.76846e-07 0 0 0
3181 1753 0.773535 0.0997768 0.625849 -0.00772905 -5.95143e-07 0 0 0
2005 3390 0.987703 -0.126345 0.0920857 -0.0109309 -8.61623e-07 0 0 0
2005 4494 0.46108 0.857671 0.227607 -0.0142752 -1.19701e-06 0 0 0
4143 4367 0.283999 -0.827832 0.483775 -0.0145686 -1.26961e-06 0 0 0
4143 1495 0.385523 0.798558 0.462252 -0.00844719 -7.82863e-07 0 0 0
2005 3936 0.348191 -0.614637 -0.707803 -0.0270192 -2.19104e-06 0 0 0
4678 4384 0.757169 -0.636038 0.148833 -0.00261346 -2.00804e-07 1 -1 0
582 3765 0.591855 -0.359343 0.721512 -0.0078991 -7.06161e-07 0 0 0
5098 5206 0.845983 0.144181 0.513347 -0.00384303 -2.96355e-07 0 0 0
582 2508 0.293188 0.579715 0.760244 -0.00530411 -4.39711e-07 0 0 0
582 1116 -0.0227362 0.667898 -0.743906 -0.00782308 -6.81058e-07 0 0 0
4260 1592 0.741262 0.667341 0.072017 -0.0050627 -3.93257e-07 1 0 0
2132 4785 0.667261 -0.368106 0.647504 -0.00760942 -4.35325e-07 1 0 0
2132 3682 0.671757 0.220189 -0.70729 -0.0105826 -8.17886e-07 1 0 0
2132 2150 0.717664 -0.632305 -0.291803 -0.00267337 -1.50711e-07 1 0 0
3009 3603 0.118966 -0.852054 -0.509756 -0.0219004 -1.45871e-06 0 0 0
4260 5240 0.414265 0.167681 0.894577 -0.00932039 -7.13585e-07 0 -1 0
3009 3832 0.722662 -0.367652 0.585313 -0.0175676 -1.30811e-06 0 0 0
4260 1605 0.226385 -0.791756 0.567338 -0.0129124 -1.03601e-06 0 -1 0
1500 1672 0.665543 0.238713 -0.707156 -0.0103546 -7.69978e-07 0 0 0
1500 2886 0.30559 -0.850374 0.428344 -0.0050524 -4.02005e-07 0 0 0
5302 1951 0.287602 0.273198 0.917958 -0.00819733 -5.73535e-07 1 0 0
2687 2487 0.841109 0.0383392 0.539504 -0.00241945 -1.70785e-07 1 0 0
2687 1302 0.249283 0.838265 0.484942 -0.00691115 -5.97094e-07 0 0 0
2687 37 0.190501 0.0524813 -0.980283 -0.0115897 -9.26506e-07 0 0 0
3119 5023 0.880243 0.455923 -0.131554 -0.00584341 -5.20403e-07 0 0 0
3119 949 0.322367 -0.945466 0.0466144 -0.0139012 -8.13274e-07 0 0 1
740 239 0.381814 0.411623 -0.827517 -0.000108679 -9.83862e-09 0 0 0
3119 3292 -0.00976734 -0.61672 -0.787122 -0.0105763 -8.44393e-07 0 0 0
850 1996 0.838303 -0.202435 -0.506229 -0.00649695 -5.60526e-07 0 0 0
2740 1410 0.605516 0.14028 0.783372 -0.0092459 -7.07209e-07 0 0 0
2740 3258 0.869263 0.35064 -0.348474 -0.0151658 -1.16869e-06 1 0 0
850 3429 0.698463 0.714571 0.0392104 -0.00264999 -2.29435e-07 0 0 0
850 2896 0.505039 -0.326422 0.79899 -0.00579953 -3.5152e-07 0 0 0
1226 1517 0.702863 -0.708481 -0.0635491 -0.0066872 -4.40199e-07 0 0 0
850 2078 0.144146 -0.981219 -0.128183 -0.0212096 -1.47016e-06 0 0 0
850 582 -0.0132802 0.563571 0.825961 -0.00831221 -5.0635e-07 0 0 0
2245 4242 0.963618 -0.189271 -0.188726 -0.00721026 -6.38295e-07 1 0 0
2245 523 0.306758 -0.488791 0.81669 -0.0217844 -1.99474e-06 0 0 0
375 569 0.612977 -0.749468 0.250113 -0.0168713 -1.33248e-06 0 0 0
1457 2160 0.770035 0.579756 -0.266324 -0.0107069 -7.20418e-07 1 0 0
375 471 0.54019 0.574608 0.614833 -0.0310538 -2.18527e-06 0 0 0
1744 4337 0.00230071 -0.487696 -0.87301 -0.0172906 -1.21568e-06 0 0 0
375 824 -0.00711474 -0.165551 -0.986176 -0.0251404 -2.0754e-06 0 0 0
1744 452 0.302675 0.936671 0.176169 -0.00979458 -7.10979e-07 0 0 0
1744 1911 0.756498 -0.536512 0.373986 -0.0199067 -1.58143e-06 0 0 0
398 4545 0.923007 0.262165 0.281651 -0.00707663 -5.44425e-07 0 0 0
4915 4699 0.773347 0.142765 0.6177 -0.023111 -2.21083e-06 0 0 0
1744 143 0.857786 -0.140678 -0.494382 -0.0233574 -1.40847e-06 0 0 0
4944 1323 0.19777 -0.850208 0.487886 -0.00136992 -8.31426e-08 0 0 0
4944 2723 0.20999 -0.259856 -0.942539 -0.012208 -1.04033e-06 0 0 -1
4944 1074 0.418012 0.800158 -0.430132 -0.0197623 -1.49943e-06 0 0 -1
4915 2530 0.689011 -0.678362 0.255124 -0.00503335 -2.93307e-07 0 0 0
4915 3165 0.417866 0.901441 -0.113097 -0.0100651 -7.54381e-07 0 0 0
4915 4249 0.143249 -0.840038 -0.523274 -0.00169894 -1.62323e-07 0 0 0
4944 3488 0.950407 -0.15015 -0.272362 -0.00759759 -4.61242e-07 0 0 0
4871 1720 0.0837704 0.962278 -0.258851 -0.00318523 -2.68079e-07 0 0 0
3561 601 0.521143 0.849614 -0.0810294 -0.00599134 -4.15806e-07 0 0 0
4871 2077 0.844831 0.345763 -0.408299 -0.00670657 -4.79754e-07 0 0 0
3561 3855 0.382006 -0.884833 0.266726 -0.00374446 -2.87633e-07 0 0 0
3561 4181 0.140033 -0.759525 -0.635227 -0.000995967 -7.19468e-08 0 0 0
3908 5374 0.182579 0.0648861 -0.981048 -0.024163 -1.95321e-06 1 0 0
3908 4693 0.357295 0.740659 0.569003 -0.011453 -9.13352e-07 1 0 0
3908 4720 0.529055 -0.806261 0.264657 -0.0144381 -1.02341e-06 1 0 0
5118 4295 0.797411 0.17623 -0.57713 -0.0109394 -8.66167e-07 0 0 0
5118 3750 0.566476 -0.335027 0.752902 -0.00990192 -8.77008e-07 0 0 0
189 2169 0.171663 0.811075 -0.559185 -4.57067e-05 -3.26002e-09 0 0 0
189 3817 0.251645 -0.967579 -0.0215589 -0.00364724 -2.48625e-07 0 0 0
5118 3157 0.0389509 -0.993504 -0.106921 -0.00621145 -4.77994e-07 0 0 0
189 3319 0.797215 0.544053 0.261637 -0.00472017 -3.24897e-07 1 0 0
3366 878 0.532556 -0.0507224 0.844873 -0.00159992 -1.02624e-07 0 0 0
5023 3204 0.0909154 0.947943 0.305184 -0.00310429 -2.45231e-07 1 0 0
5023 1493 0.311035 0.678804 -0.665193 -0.00810002 -6.18738e-07 0 0 0
5023 5412 0.610501 -0.589476 0.528967 -0.00655888 -5.24015e-07 1 0 0
3366 1256 0.33904 -0.892915 -0.296233 -0.0031157 -1.9581e-07 0 0 0
1767 1343 0.206937 -0.643026 0.737357 -0.0178357 -1.52794e-06 0 0 0
1767 4978 0.277113 0.650089 -0.707526 -0.0157586 -1.20308e-06 0 0 0
1767 4875 0.711289 -0.329044 -0.621127 -0.00282222 -2.39134e-07 0 0 0
1767 3644 0.738206 0.419405 0.528348 -0.00255083 -1.9767e-07 1 0 0
5458 999 0.440414 0.311957 0.841854 -0.0113168 -9.34515e-07 0 0 0
5458 799 0.435513 0.483668 -0.759206 -0.0121476 -1.15102e-06 0 0 0
4391 3495 0.479734 -0.486747 -0.730022 -0.0407517 -2.97788e-06 0 0 0
4391 3165 0.415775 0.343434 0.842131 -0.0218684 -1.65017e-06 0 0 0
4391 4915 0.000669778 -0.500574 0.865694 -0.0395974 -2.16776e-06 0 0 0
3166 372 0.547835 0.81235 -0.19991 -0.00516619 -3.35871e-07 0 1 0
2065 1558 0.882193 0.445947 0.151215 -0.0139133 -1.00361e-06 0 0 0
2656 4785 0.887615 0.439272 0.138491 -0.0121071 -1.02265e-06 1 0 0
2065 5516 0.119137 -0.953769 -0.275919 -0.0105126 -8.8526e-07 0 0 0
2065 5185 0.202748 0.741145 -0.639998 -0.0146703 -1.11716e-06 0 0 0
1856 2693 0.663745 -0.0803192 -0.743634 -0.0128378 -1.01558e-06 0 0 0
4216 400 0.905313 0.263807 -0.332887 -0.0112515 -7.81941e-07 0 0 0
2006 2177 0.0449061 -0.555528 -0.830284 -0.0045647 -3.35376e-07 0 0 0
2006 4076 0.424495 0.863911 0.27104 -0.00485783 -3.048e-07 1 0 0
2006 3071 0.587862 -0.807867 -0.0420564 -0.00419181 -2.69407e-07 1 0 0
4216 2330 0.763972 -0.643317 -0.0498901 -0.00949946 -7.66002e-07 0 0 0
1735 4731 0.218964 0.478772 0.850195 -0.00362477 -2.88806e-07 0 0 0
1735 4186 0.343579 -0.779044 0.524447 -0.0101345 -7.28153e-07 1 0 0
3219 3783 0.630079 -0.759524 -0.161626 -0.0128058 -9.27909e-07 0 0 0
1735 2640 0.572008 -0.319243 -0.755573 -0.011979 -9.09588e-07 1 0 -1
3219 5516 0.133222 -0.158197 -0.978379 -0.00793696 -6.63696e-07 0 0 0
3219 5278 0.0623973 -0.54793 0.834194 -0.000611799 -4.51353e-08 0 0 0
3613 2177 -0.014843 -0.517617 0.855484 -0.00843803 -6.47538e-07 0 0 0
3219 2065 0.0120685 0.754812 -0.65583 -0.0106084 -7.55305e-07 0 0 0
3613 1092 0.444887 0.599707 -0.665152 -0.0035313 -3.22718e-07 0 0 0
3613 213 0.659794 0.263841 0.703605 -0.0169604 -1.46549e-06 1 0 0
1285 3642 0.640791 -0.460988 -0.613903 -0.0170906 -1.47899e-06 0 0 0
4079 2334 0.855921 -0.483179 -0.18422 -0.00640456 -5.77252e-07 0 -1 0
3119 2955 0.499877 0.367315 0.784349 -0.000179234 -1.63212e-08 0 0 1
5284 3345 0.0333179 0.957723 -0.285757 -0.0179866 -1.0451e-06 0 0 0
4079 4905 0.586831 0.66209 -0.466118 -0.0179037 -1.12804e-06 0 0 0
4079 3691 0.0950348 -0.988443 0.118106 -0.022901 -1.6012e-06 0 -1 0
5372 1400 0.4262 0.898289 -0.106912 -0.00440698 -3.51711e-07 0 0 0
5284 1394 0.763729 0.0532222 0.64334 -0.0222691 -1.8192e-06 0 0 0
5372 4502 0.251666 -0.934754 -0.250798 -0.00756493 -5.76455e-07 0 0 0
5372 1024 0.25024 -0.0786204 0.964987 -0.0144472 -1.16352e-06 0 0 0
3439 4728 0.324476 0.925499 -0.195364 -0.0161113 -1.13306e-06 0 0 0
3439 4842 0.290532 -0.282456 0.914226 -0.0193242 -1.37272e-06 0 0 0
1101 4716 0.930111 -0.219089 -0.294779 -0.00116077 -7.83041e-08 0 0 0
1101 860 0.623179 -0.556084 0.549925 -0.00107947 -7.64506e-08 0 0 0
1101 2594 0.06408 0.67863 -0.73168 -0.00402948 -3.37711e-07 0 0 0
976 3195 0.259004 -0.100477 -0.960636 -0.00513346 -4.36348e-07 1 0 0
976 4176 0.467939 0.721404 0.510499 -0.0105853 -7.0533e-07 1 0 0
976 4764 0.60026 -0.797902 0.0551382 -0.00189931 -1.25802e-07 1 0 0
1101 4291 0.0463683 0.838946 0.542236 -0.00134703 -1.03632e-07 0 0 0
1069 2132 0.854976 0.506092 -0.11352 -0.00778416 -4.2517e-07 0 0 0
1069 4618 0.791595 -0.487888 -0.36789 -0.0142298 -1.03809e-06 0 0 0
1069 4391 0.0262191 -0.986992 0.158617 -0.0230252 -1.25451e-06 0 0 0
1167 2246 0.595369 0.769024 0.232676 -0.0101525 -7.50995e-07 0 0 0
3948 3933 0.981502 0.0781919 -0.174756 -0.0129756 -1.12631e-06 1 0 0
1167 5005 0.49249 -0.788162 0.369125 -0.023487 -1.87136e-06 0 0 0
3655 2299 0.465689 0.574396 0.673203 -0.0197048 -1.41757e-06 1 0 0
3655 2079 0.589188 -0.226581 -0.775576 -0.00640565 -4.82214e-07 1 0 0
1167 2401 0.235044 0.254928 -0.937958 -0.0275909 -2.23658e-06 0 0 0
329 4998 0.767031 -0.635729 0.0866714 -0.0113848 -7.24643e-07 0 0 0
4230 1245 0.487703 -0.748222 0.449789 -0.00667056 -5.16276e-07 1 0 0
329 85 0.317992 -0.0996756 -0.942839 -0.00308158 -2.53218e-07 0 0 0
4230 396 0.653062 -0.297894 -0.696254 -0.0106896 -8.40618e-07 1 0 0
865 4222 0.648341 0.436865 -0.62354 -0.0070006 -5.57024e-07 1 0 0
865 3330 0.244114 -0.521865 -0.817352 -0.00504641 -3.37029e-07 0 0 0
2496 3083 0.256201 0.86234 -0.436728 -0.0218415 -1.70105e-06 0 0 0
865 4898 0.103662 0.990167 0.0939285 -0.0116945 -8.22718e-07 0 0 0
4397 705 0.941012 0.288396 0.176987 -0.00998189 -7.19252e-07 0 0 1
4397 285 0.26656 -0.789934 -0.552223 -0.0114303 -8.15096e-07 0 0 0
2496 3891 0.985007 -0.116362 -0.127361 -0.00943428 -8.12084e-07 0 0 0
2072 5301 0.20806 -0.735281 -0.645037 -0.0222506 -1.69985e-06 1 0 -1
2072 4085 0.609094 -0.614634 0.501228 -0.0139468 -1.15534e-06 1 0 0
2072 468 0.924157 -0.0938528 -0.370304 -0.00548225 -4.13779e-07 1 0 0
3142 1198 0.611086 0.323669 -0.722366 -0.00870859 -7.21609e-07 0 0 0
3142 4194 0.464492 -0.487777 0.739135 -0.00889724 -7.93821e-07 0 0 0
3603 2509 0.388448 -0.717657 -0.577994 -0.0212533 -1.43753e-06 1 0 0
3142 3157 0.194309 0.664005 0.722039 -0.00538508 -4.12472e-07 0 0 0
2910 2923 0.948084 -0.177442 0.263914 -0.00459455 -3.50961e-07 0 0 0
2910 3765 0.766751 -0.00376314 -0.641933 -0.0142971 -1.20175e-06 0 0 0
2910 1965 0.429984 0.47832 0.765718 -0.0131266 -8.98007e-07 0 0 0
3110 1800 0.692855 0.649249 -0.313732 -0.0229004 -1.60762e-06 0 0 0
3110 2076 0.132096 -0.942423 0.307229 -0.0193725 -1.64873e-06 0 0 0
4173 2386 0.309227 0.882458 0.354466 -0.0107699 -8.59325e-07 0 0 0
4337 888 0.116103 -0.592995 0.796792 -0.0108071 -7.41482e-07 0 0 0
2536 3803 0.744473 0.650833 0.148916 -0.00252591 -1.60997e-07 0 0 0
2536 4940 0.420878 0.487704 -0.764857 -0.0122506 -9.02645e-07 0 0 0
4337 781 0.87255 -0.333784 -0.356715 -0.00416976 -3.41295e-07 0 0 0
2536 650 0.345745 -0.884835 -0.312293 -0.00900581 -7.38009e-07 0 0 0
1328 2455 0.851026 0.0404758 -0.523562 -0.0050083 -3.50094e-07 0 0 0
4526 1074 0.524018 -0.376008 0.764214 -0.00663734 -5.10333e-07 1 0 0
1328 3121 0.180366 -0.272282 0.945162 -0.0289419 -2.05374e-06 0 0 0
1328 1624 0.197761 0.852614 -0.483673 -0.00839291 -6.23461e-07 0 0 0
4526 2558 0.977641 0.162637 -0.133291 -0.00299567 -2.39238e-07 1 0 0
2489 3499 0.935082 0.155376 0.318559 -0.0112845 -7.15822e-07 0 0 0
755 5301 0.161323 -0.46501 0.870483 -0.0305268 -2.38435e-06 0 0 0
755 1481 0.343905 0.555522 -0.757051 -0.026152 -1.87949e-06 0 0 0
2489 5137 0.516778 0.0126088 -0.856027 -0.0143748 -9.7426e-07 0 0 0
2489 2500 0.457728 0.888853 -0.0206146 -0.00829212 -7.33207e-07 0 0 0
819 3979 0.767258 0.446045 0.460824 -0.00953059 -6.85327e-07 0 0 0
819 285 0.308798 -0.556774 0.771133 -0.00445083 -3.13195e-07 0 0 0
970 3144 0.476834 -0.220286 -0.850943 -0.00625929 -4.71715e-07 0 0 0
3345 1245 0.325139 0.659848 -0.67741 -0.0192648 -1.19939e-06 0 0 0
970 2036 0.363773 0.303143 0.88078 -0.00553315 -4.56151e-07 0 0 0
2989 3375 0.705041 0.70068 0.109379 -0.0127655 -9.22525e-07 0 0 0
2989 860 0.564441 0.398575 -0.722872 -0.0221064 -1.68316e-06 0 0 0
2989 843 0.448759 -0.741698 0.498497 -0.00600197 -4.95517e-07 0 0 0
3345 2522 0.779673 -0.597043 -0.18881 -0.0172147 -1.20243e-06 0 0 0
2989 4728 0.208253 -0.404268 -0.890617 -0.0169425 -1.31198e-06 0 0 0
3204 3171 0.193693 0.702454 -0.684866 -0.00768126 -5.96477e-07 0 0 0
2989 5271 0.0184715 -0.158303 0.987218 -0.0228345 -1.76212e-06 0 0 0
361 1172 0.358363 -0.920521 -0.155615 -0.00768617 -5.82311e-07 0 0 0
3204 2238 0.782227 0.538272 0.313662 -0.000571544 -4.6371e-08 0 0 1
3204 391 0.861073 -0.508478 0.00187598 -0.00527927 -4.06964e-07 0 0 0
2731 2111 0.434518 -0.849183 0.300139 -0.00127419 -1.08357e-07 -1 0 0
2731 5471 0.505143 -0.0838378 -0.858954 -0.00365751 -3.08991e-07 0 0 0
361 3630 0.160479 0.861628 0.481502 -0.015372 -9.4641e-07 0 0 0
1929 5503 0.269534 0.212428 -0.939269 -0.0119171 -9.2375e-07 0 0 0
1929 361 0.0913839 -0.315512 0.944511 -0.0119171 -9.41864e-07 0 0 0
684 1593 0.962354 0.148962 -0.227341 -0.009496 -8.01459e-07 0 0 0
3938 3991 0.0734877 -0.958501 -0.275455 -0.00632586 -4.49309e-07 0 0 0
3938 5123 0.364153 0.148525 -0.91942 -0.0128874 -8.86084e-07 0 0 0
3938 1916 0.349048 0.93084 -0.108177 -0.00111214 -9.31396e-08 0 0 0
684 5005 0.449102 0.872049 0.19452 -0.018863 -1.61646e-06 0 0 0
684 842 0.303039 -0.944881 -0.123964 -0.019602 -1.26758e-06 0 0 0
1261 3685 0.886639 0.266467 -0.377976 -0.0022708 -1.86656e-07 0 0 0
3063 3991 0.148725 0.172442 0.973727 -0.0130141 -1.16859e-06 0 0 0
320 5519 0.935021 -0.0111053 0.354419 -0.00861161 -5.7738e-07 0 0 0
3063 2467 0.701738 -0.580065 0.413628 -0.000618617 -5.17621e-08 0 0 0
320 3605 0.795305 -0.220647 -0.564629 -0.00238641 -2.00624e-07 0 0 0
5501 1711 0.0632967 0.114093 -0.991452 -0.00839836 -6.30883e-07 0 0 0
5501 4029 0.427738 -0.480062 0.765886 -0.00732992 -5.80687e-07 1 0 0
3623 2037 0.807457 -0.588643 -0.0388901 -0.000222327 -1.94071e-08 0 0 0
320 1120 0.146537 0.33381 -0.931181 -0.0122532 -9.78986e-07 0 0 0
1378 2677 0.655627 -0.733983 0.177262 -0.0121178 -9.58215e-07 0 0 0
1378 1024 0.371161 -0.192403 -0.908417 -0.0233547 -2.26686e-06 0 0 0
1343 3672 0.107678 -0.780146 0.616261 -0.00983999 -7.4524e-07 0 0 0
1466 1800 0.768616 -0.373821 -0.519123 -0.0245606 -1.69696e-06 0 0 0
1343 1517 0.538937 0.0481371 0.84097 -0.0114511 -6.68219e-07 0 0 0
1343 5183 0.713444 -0.617264 -0.331637 -0.00915363 -6.42764e-07 0 0 0
1466 1648 0.502143 0.704142 0.502032 -0.0205154 -1.36259e-06 0 0 0
787 3054 0.234018 0.336251 0.912234 -0.00179991 -1.4721e-07 1 0 0
787 3466 0.393005 -0.86594 -0.309348 -0.00182128 -1.53648e-07 0 0 0
787 4023 0.625556 0.779182 -0.0394236 -0.00320066 -2.99035e-07 0 0 0
4047 2623 0.475468 -0.835376 -0.275823 -0.00355053 -3.10872e-07 1 0 0
1466 3110 0.0609923 -0.979928 -0.189793 -0.0256736 -1.60472e-06 0 0 0
809 2812 0.698294 0.364837 0.615856 -0.00461577 -3.6118e-07 0 0 0
809 5460 0.532645 -0.723456 0.439205 -0.00329286 -2.41941e-07 0 0 0
2722 3367 0.787413 -0.425793 0.445736 -0.0226799 -1.83137e-06 0 0 0
3434 4052 0.437576 -0.416876 0.796707 -0.0235131 -1.7503e-06 0 0 0
3434 3071 0.591056 0.171256 -0.788241 -0.0123846 -9.34889e-07 0 0 0
2722 3495 0.615539 0.785886 0.0591132 -0.0124239 -8.83569e-07 0 0 0
4480 4367 0.0683569 0.997548 -0.0150181 -0.00874409 -6.0491e-07 0 0 0
2722 3630 0.138607 0.639331 -0.756336 -0.0117516 -6.95088e-07 0 0 0
4597 5372 0.1455 0.282948 0.948035 -0.0101932 -8.43422e-07 0 0 0
666 850 0.273149 -0.763031 0.58581 -0.00686392 -6.19496e-07 0 0 0
666 1261 0.0178392 -0.813342 -0.581512 -0.00282262 -2.21518e-07 0 0 0
4480 1706 0.884444 0.457161 -0.0936156 -0.0139376 -1.16399e-06 1 0 0
556 601 0.825238 -0.484776 0.289784 -0.00541849 -4.61396e-07 0 0 0
3741 430 0.356557 0.145674 0.922847 -0.0227055 -1.50702e-06 0 0 0
3741 18 0.720868 -0.616694 0.316289 -0.0131226 -8.32862e-07 0 0 0
556 4915 0.302641 -0.00351001 -0.953098 -0.0283712 -2.70589e-06 0 0 0
1284 3642 0.749473 0.461873 0.474303 -0.00406044 -3.54652e-07 0 0 0
1284 2130 0.551076 -0.618476 -0.560181 -0.0101129 -8.36568e-07 0 0 0
2169 2467 0.407816 0.624247 -0.666335 -0.0127347 -1.01872e-06 0 0 0
2169 3319 0.570336 -0.273112 0.774679 -0.00707643 -4.31952e-07 1 0 0
4239 2308 0.598952 -0.0292096 0.800252 -0.0162827 -1.29706e-06 0 0 0
4239 3221 0.440958 -0.206332 -0.873489 -0.00605156 -4.74121e-07 0 0 0
4239 2036 0.390621 0.92055 0.00183293 -0.0116251 -9.5247e-07 0 0 0
1300 2500 0.63092 -0.417464 0.65396 -0.00382544 -3.129e-07 0 0 0
1300 4175 0.45563 0.873449 -0.17172 -0.0078585 -6.09957e-07 0 0 0
1391 517 0.606157 0.224311 -0.763059 -0.00716989 -5.01976e-07 0 0 0
1391 4072 0.486614 0.586203 0.647745 -0.00625508 -5.73584e-07 0 0 0
1892 263 0.388401 -0.316058 0.865594 -0.00322858 -2.66224e-07 0 0 0
1391 862 0.315515 -0.727706 -0.609011 -0.0204804 -1.30386e-06 0 0 0
3881 3320 0.558044 0.410273 -0.721292 -0.0194658 -1.46248e-06 1 0 0
1391 824 0.132402 -0.127943 0.982904 -0.0246747 -2.01832e-06 0 0 0
3881 5067 0.854005 0.169875 0.491751 -0.0102515 -7.25542e-07 1 0 0
3206 1323 0.119217 0.990816 -0.0638059 -0.00100417 -6.37529e-08 0 0 0
2759 3441 0.527362 -0.848697 0.0400394 -0.0123573 -1.05165e-06 0 0 0
2759 842 0.452023 0.609478 0.651315 -0.00771488 -6.52172e-07 0 0 0
3206 503 0.983937 0.115663 -0.135982 -0.0128608 -8.13479e-07 0 0 0
304 4442 0.998416 0.053787 -0.016489 -0.00427432 -3.07412e-07 0 0 0
2177 3071 0.577325 -0.320286 0.751074 -0.00364864 -2.7991e-07 1 0 0
197 1974 0.736118 0.533674 -0.41632 -0.00931722 -7.77378e-07 0 1 0
197 4404 0.740622 -0.513495 0.433362 -0.00904494 -5.97139e-07 0 0 0
197 4502 0.239445 0.130271 0.962131 -0.0562924 -3.36263e-06 0 1 0
3991 5272 0.436139 0.282745 0.854306 -0.019667 -1.28452e-06 0 0 0
3991 2467 0.480259 -0.677193 -0.55746 -0.0087297 -6.58394e-07 0 0 0
197 3166 0.113797 0.138014 -0.983871 -0.0242135 -1.48587e-06 0 0 0
197 1069 0.130896 -0.821881 -0.554417 -0.0383864 -2.27294e-06 0 0 0
197 4597 -0.120818 0.860692 0.494583 -0.0121703 -1.12008e-06 0 1 0
5389 2385 0.442853 0.877009 0.186376 -0.00341511 -2.77006e-07 1 1 0
3621 3783 0.751397 0.5779 0.318487 -0.00237111 -1.7594e-07 0 0 0
5389 5045 0.763311 -0.235978 -0.601391 -0.00672302 -5.43795e-07 1 0 0
3621 349 0.403799 -0.816945 -0.411761 -0.00179489 -1.32225e-07 0 -1 0
4367 1720 -0.118611 0.287707 0.950345 -0.00351028 -3.16927e-07 0 0 0
4367 3066 0.332394 -0.36164 -0.871051 -0.012976 -8.10945e-07 0 0 0
3510 4181 0.421864 0.879242 0.221279 -0.0117209 -9.18615e-07 0 0 0
4367 2077 0.603654 -0.257734 0.754437 -0.0120807 -9.22001e-07 0 0 0
3272 4449 0.551543 0.5843 -0.595309 -0.00893081 -6.67751e-07 0 0 0
4367 1706 0.770514 -0.633205 -0.0732136 -0.00266033 -2.33041e-07 1 0 0
4712 1169 0.108103 -0.994048 0.0135116 -0.005401 -4.91767e-07 0 0 0
4712 3846 0.790812 0.540932 -0.286371 -0.00977812 -5.74236e-07 1 0 0
3272 2594 0.285574 -0.770539 -0.56984 -0.00639876 -5.00905e-07 0 0 0
3272 4291 0.260536 -0.559028 0.787152 -0.00463751 -3.34068e-07 0 0 0
1720 5083 0.638914 0.768971 0.0217322 -0.00314084 -2.90683e-07 1 0 0
3272 4216 0.185655 0.874083 0.4489 -0.0114617 -8.27734e-07 0 0 0
3176 4944 0.985064 -0.167981 -0.0378197 -0.0109433 -6.79074e-07 1 0 0
3176 2245 -0.0109745 -0.954689 -0.297404 -0.00543116 -5.18169e-07 0 0 0
3176 3439 -0.00496933 0.483795 0.875167 -0.0165812 -1.32232e-06 0 0 0
3037 1965 0.616724 0.460665 -0.63831 -0.00789749 -5.84506e-07 0 0 0
2806 629 0.59438 -0.551335 0.585441 -0.00681078 -4.69119e-07 0 0 0
3037 4466 0.498792 -0.720997 -0.48101 -0.00595638 -4.29499e-07 0 0 0
2806 92 0.918624 0.265864 -0.292312 -0.00282116 -1.88478e-07 1 0 0
3037 2425 0.401789 -0.3319 0.853468 -0.0220379 -1.79377e-06 0 0 0
5149 5006 0.603753 0.0313633 -0.796554 -0.0152371 -1.25099e-06 0 0 0
4356 5460 0.657832 -0.336302 -0.673913 -0.0106078 -8.4061e-07 0 0 0
5029 4989 -0.022814 -0.392732 0.91937 -0.0148567 -1.0657e-06 0 0 0
5029 2204 0.260152 -0.943994 0.202969 -0.0139397 -9.55548e-07 0 0 0
5029 396 0.398542 0.405238 0.822768 -0.0219072 -1.89457e-06 1 0 0
4356 3877 0.44019 -0.703174 0.558372 -0.00579568 -4.44956e-07 0 0 0
2366 1956 0.664669 0.73856 0.11289 -0.0127872 -1.05572e-06 0 0 0
4645 4173 0.13406 0.990592 0.0274796 -0.0129983 -9.90035e-07 0 0 0
5029 3264 0.992437 -0.0542152 -0.110138 -0.0185394 -1.48028e-06 1 0 0
1235 1314 0.725748 -0.166892 -0.667411 -0.00321616 -2.80866e-07 0 0 0
888 3320 0.424868 -0.78063 -0.45837 -0.00640132 -5.13682e-07 0 0 0
888 1911 0.651142 0.585362 0.483079 -0.0100526 -7.78985e-07 0 0 0
1235 3080 0.574752 0.693252 0.434812 -0.00809449 -5.95149e-07 0 0 0
4583 4747 0.633622 0.759896 0.145194 -0.00594276 -5.00542e-07 0 0 0
3622 1608 0.162385 -0.966791 -0.197348 -0.00078559 -6.11919e-08 0 0 0
3622 3672 0.217861 0.218065 0.951307 -0.0052356 -4.31638e-07 0 0 0
4583 1777 0.547126 -0.0275523 -0.836597 -0.00611396 -3.93592e-07 0 0 0
4583 2482 0.451983 -0.868789 -0.202281 -0.0148279 -8.7214e-07 0 0 0
4583 2600 0.312595 0.174049 0.933805 -0.0265924 -1.83878e-06 0 0 0
4583 3181 0.111542 -0.694331 0.71096 -0.00953776 -7.21272e-07 0 0 0
2491 343 0.239123 -0.956761 0.165616 -0.00537774 -3.82543e-07 0 0 0
2491 3694 0.125451 0.478928 -0.868844 -0.004804 -4.07482e-07 0 0 0
1943 540 0.712546 0.293675 0.637207 -0.00157393 -1.48154e-07 0 0 0
2491 4875 0.475281 0.4162 0.775168 -0.00229799 -1.56141e-07 0 0 0
3268 4449 0.650891 0.588497 0.479595 -0.00765195 -6.61243e-07 0 0 0
3268 2366 -0.00335909 0.679151 -0.733991 -0.0133352 -1.05939e-06 0 0 -1
4054 3080 0.674103 0.179214 -0.716566 -0.00073668 -6.5817e-08 0 0 0
1711 1425 0.105058 0.974191 0.199785 -0.00472871 -3.8236e-07 1 0 0
4054 162 0.334369 -0.33307 0.881625 -0.0108109 -8.65097e-07 0 0 0
1711 4820 0.525797 0.510241 -0.680582 -0.00918102 -7.26411e-07 1 0 0
1711 4050 0.631703 -0.72437 -0.276115 -0.0179275 -1.43531e-06 1 0 0
1711 2109 0.870337 0.0726715 0.487065 -0.0236702 -1.98343e-06 1 0 0
2999 792 0.963816 -0.239634 0.116764 -0.00786519 -6.07657e-07 0 0 0
4360 2640 0.495657 0.808271 -0.317839 -0.0127593 -9.83142e-07 0 0 0
4360 770 0.623496 -0.724255 -0.294463 -0.000890457 -6.97917e-08 0 0 0
2999 2959 0.575314 0.815372 0.0646761 -0.00375718 -3.08676e-07 0 0 0
2999 1285 0.178768 -0.918173 0.353555 -0.0295542 -2.31105e-06 0 0 0
236 4585 -0.00202386 0.985779 0.168036 -0.00747557 -6.92156e-07 -1 0 0
2999 2536 0.197578 -0.273366 -0.9414 -0.0116421 -8.67435e-07 0 0 0
2999 2366 -0.0355323 0.523631 0.851204 -0.0141522 -1.18263e-06 0 0 0
236 4997 0.801258 0.598225 0.0106035 -0.0215352 -1.31201e-06 0 0 0
651 4391 0.326683 -0.263295 0.907719 -0.00747945 -6.21813e-07 0 0 0
786 4039 0.88894 0.430637 -0.156007 -0.00469002 -3.51063e-07 0 0 0
786 2627 0.594253 0.0986609 0.798204 -0.00436792 -3.27315e-07 0 0 0
786 2350 0.573536 -0.4095 -0.709483 -0.0182099 -1.24427e-06 0 0 0
1459 2909 0.773168 0.585371 0.244031 -0.000293999 -2.6649e-08 1 0 0
3171 5301 -0.0586294 0.590759 0.804715 -0.0230248 -1.97315e-06 0 0 0
120 3941 0.435151 0.859809 0.267155 -0.00195282 -1.62341e-07 0 0 0
3171 4029 0.248568 0.456646 -0.854218 -0.0100688 -6.24175e-07 0 0 0
3171 1295 0.131861 -0.48177 -0.86632 -0.0123341 -1.10381e-06 0 0 0
321 4426 0.742873 -0.349574 -0.570909 -0.0023087 -1.65396e-07 0 0 0
321 3281 0.586536 0.605693 -0.537692 -0.00902556 -5.57829e-07 0 0 0
3171 5070 0.997616 -0.059957 0.034167 -0.00309162 -2.36362e-07 0 0 0
4989 1245 0.31169 0.31279 0.897224 -0.0117593 -8.34202e-07 1 0 0
4989 2204 0.300417 -0.591529 -0.748227 -0.00537843 -3.67048e-07 0 0 0
4989 282 0.498277 -0.695092 0.518235 -0.0100287 -7.07795e-07 1 0 0
4989 396 0.451449 0.877422 -0.162247 -0.0165428 -1.34002e-06 1 0 0
385 3304 0.541 0.111924 -0.833542 -0.000669206 -3.88126e-08 0 0 -1
3208 1087 0.786486 0.41443 0.457916 -0.0169081 -1.23108e-06 0 0 0
3208 3119 0.338077 -0.843702 -0.416978 -0.0189702 -1.54611e-06 0 0 -1
3208 2759 0.0669751 -0.56873 0.819793 -0.00926235 -6.95101e-07 0 0 0
3208 321 0.0854574 0.064024 -0.994283 -0.0166003 -1.30743e-06 0 0 -1
3377 2040 0.469372 -0.158615 0.868638 -0.00950924 -7.60575e-07 1 0 0
1792 395 0.829863 -0.282571 -0.481124 -0.0194407 -1.48638e-06 0 0 0
1792 4378 0.798168 0.587402 0.133743 -0.0066319 -4.52303e-07 0 0 0
3113 1722 0.645972 -0.0202893 -0.763091 -0.00193551 -1.42099e-07 1 0 0
1792 2245 0.132923 -0.606841 0.78363 -0.0293136 -2.5394e-06 0 0 1
1792 3176 0.120277 0.36885 0.921674 -0.0126363 -8.69265e-07 0 0 1
1425 3945 0.27364 -0.243335 0.930542 -0.0266796 -2.08602e-06 0 0 0
150 650 0.6538 0.622312 0.430434 -0.00921641 -6.96989e-07 0 0 0
2218 2309 0.937327 -0.331243 -0.108149 -0.00041387 -3.31345e-08 0 0 0
150 1284 0.104685 -0.0726437 0.991849 -0.0145574 -1.1088e-06 0 0 0
1425 1731 0.946767 -0.102008 -0.305329 -0.0117491 -1.0424e-06 0 0 0
1495 2841 0.140952 0.185253 -0.97253 -0.0306406 -2.23531e-06 0 0 0
1495 5083 0.337585 -0.504173 0.794887 -0.00696941 -4.21395e-07 1 0 0
1495 2038 0.571908 -0.710982 -0.409177 -0.0105306 -5.87355e-07 0 0 0
1495 4066 0.790186 0.335292 0.513016 -0.0234935 -1.31195e-06 0 0 0
3086 2508 0.712173 0.0164608 -0.701811 -0.00811589 -6.02181e-07 0 0 0
2051 629 0.652902 0.723835 0.223121 -0.0120473 -9.56229e-07 0 0 0
3086 2910 0.230432 -0.968202 -0.0973977 -0.0127752 -9.93758e-07 0 0 0
2469 2489 0.28253 -0.64917 -0.706226 -0.00523652 -4.71146e-07 0 0 0
2469 320 0.273123 0.541109 0.795364 -0.00523652 -4.75045e-07 0 0 0
1945 4333 0.680773 0.46198 0.568439 -0.00928215 -7.94493e-07 0 0 0
4667 3395 0.949866 -0.0278855 -0.311411 -0.00425309 -2.65407e-07 0 0 0
1945 622 0.900608 0.0277939 -0.433743 -0.00916141 -7.18401e-07 0 0 0
4667 4747 0.759917 -0.23537 0.605911 -0.00394891 -3.14678e-07 0 0 0
4667 85 0.518767 0.677902 0.520893 -0.00252127 -2.06509e-07 0 0 0
4667 4583 0.0786275 -0.914132 0.39772 -0.0217092 -1.41767e-06 0 0 0
5088 582 0.710226 -0.0770638 0.699743 -0.000170372 -1.23315e-08 0 0 0
4134 375 0.295425 -0.680845 0.670204 -0.0135491 -9.6433e-07 0 0 0
3824 3656 0.915965 -0.0447451 -0.398757 -0.000516124 -4.24556e-08 1 0 0
1958 343 0.279798 -0.303233 0.910913 -0.00787492 -7.17301e-07 0 0 0
1958 4866 0.260459 -0.964823 -0.0357525 -0.0100655 -8.2198e-07 0 0 0
4134 2489 0.185866 0.981862 -0.0374289 -0.00832214 -5.68128e-07 0 0 0
882 4728 0.569251 0.396466 0.720255 -0.00743236 -5.56686e-07 0 0 0
882 865 0.29048 0.25852 -0.921297 -0.012129 -9.68555e-07 0 0 -1
882 3176 0.215292 -0.973216 -0.0806224 -0.0123606 -1.05082e-06 0 0 0
5259 3172 0.383327 -0.913404 -0.136946 -0.0110269 -9.45697e-07 1 0 0
4796 2350 0.650677 0.52762 -0.546111 -0.00144176 -1.08793e-07 0 0 0
5259 2199 0.521708 -0.228731 0.82189 -0.0215884 -1.45408e-06 1 0 0
4796 1120 0.406097 -0.908675 -0.0969287 -0.00421838 -3.0884e-07 0 0 0
2134 1803 0.32425 -0.768324 -0.551851 -0.00130838 -8.9792e-08 0 0 0
2004 2667 0.182343 -0.913618 -0.363392 -0.0164264 -1.18878e-06 0 0 0
2004 2550 0.0446625 -0.0544692 0.997516 -0.00711681 -5.68054e-07 0 0 0
3829 4833 0.423791 -0.0779936 0.902396 -0.00478675 -3.31082e-07 0 0 0
3829 4645 0.0187414 0.308989 -0.950881 -0.0066595 -5.2325e-07 0 0 0
2658 2164 0.822743 -0.5349 -0.192291 -0.000688161 -6.56752e-08 0 0 0
2658 3296 0.480242 0.746537 -0.460488 -0.0178433 -9.81224e-07 0 0 0
2658 37 0.30954 0.119731 0.943318 -0.019122 -1.70673e-06 0 0 0
3181 2600 0.224074 0.938401 0.263049 -0.000674211 -4.73557e-08 0 0 0
1802 2989 0.247597 -0.650112 -0.718367 -0.0122558 -9.15646e-07 0 0 0
4100 3188 0.705174 0.709033 -0.0014991 -0.0150638 -1.24041e-06 0 0 0
4100 3029 0.410389 -0.489283 -0.769535 -0.0225355 -1.53271e-06 0 0 0
3817 2828 0.399892 -0.128399 -0.907524 -0.0117983 -7.73582e-07 0 0 0
1350 3750 0.882393 -0.35976 -0.303241 -0.0104075 -8.98916e-07 0 0 0
1350 5118 0.269815 -0.0144478 -0.962804 -0.0120497 -8.08344e-07 0 0 0
1350 1466 0.17403 -0.686614 0.705886 -0.016865 -1.13818e-06 0 0 0
3817 1733 0.940746 0.202942 0.271681 -0.00195933 -1.25921e-07 1 0 0
4405 369 0.80765 -0.421293 0.41257 -0.00599038 -4.33655e-07 0 0 0
4384 246 0.194813 -0.715827 -0.670552 -0.00219487 -1.84592e-07 0 0 0
4384 2693 0.30381 -0.0453535 0.951652 -0.00378757 -2.53767e-07 0 0 1
4405 3144 0.636962 0.719692 0.276265 -0.00482929 -3.6808e-07 0 0 0
4384 3405 0.783208 0.384939 -0.488269 -0.00343408 -2.11963e-07 0 0 0
4405 1116 0.386034 -0.845244 -0.369513 -0.00524008 -4.14425e-07 0 0 0
2922 1648 0.728125 -0.486266 -0.483093 -0.0139193 -1.11982e-06 0 0 0
2922 321 0.115077 0.725042 0.679022 -0.0119059 -8.90721e-07 0 0 0
5343 3110 0.32974 0.612933 0.718042 -0.0104774 -9.07877e-07 0 0 0
1323 1840 0.723141 0.653523 0.223551 -0.00824322 -5.49615e-07 0 0 0
564 1592 0.950232 -0.29015 0.113458 -0.00483922 -3.33197e-07 1 0 0
564 1047 0.482368 -0.302657 -0.822022 -0.0237011 -2.02016e-06 0 0 -1
5301 2238 0.672947 -0.70249 0.231625 -0.0206893 -1.84998e-06 0 0 1
5301 468 0.726508 0.633829 0.265417 -0.0138035 -1.06374e-06 0 0 1
564 4260 0.257569 -0.965111 0.0471104 -0.0144725 -1.13176e-06 0 0 0
5169 4731 -0.00725734 -0.669198 0.743049 -0.0219983 -1.74702e-06 0 0 1
5169 5010 0.121559 0.854952 0.504263 -0.0118379 -9.01521e-07 1 0 1
5169 3701 0.266949 -0.032437 -0.963165 -0.0165153 -1.1646e-06 1 0 0
5169 5412 0.280642 0.835295 -0.472781 -0.00774985 -6.52239e-07 1 0 0
564 2245 0.22579 0.966028 0.125733 -0.0174893 -1.47405e-06 0 0 0
634 4249 0.734251 -0.586153 0.34249 -0.00522732 -4.173e-07 0 0 0
634 4915 0.45912 0.365742 0.809594 -0.0180428 -1.75128e-06 0 0 0
2336 2600 0.524921 -0.711162 0.467661 -0.00805504 -5.63698e-07 0 0 0
3761 1797 0.252513 0.957042 0.142502 -0.00886657 -7.41275e-07 0 0 0
2336 329 0.281144 0.863463 0.418795 -0.00291641 -2.0893e-07 0 0 0
2336 4583 0.167572 -0.837472 -0.520155 -0.00424799 -3.20461e-07 0 0 0
3761 537 0.960797 0.237776 -0.14259 -0.0138734 -8.46157e-07 1 0 0
2042 4978 -0.073451 -0.923604 0.376245 -0.0137167 -1.07239e-06 0 0 0
2042 53 0.15325 0.182328 -0.971221 -0.00974575 -8.81958e-07 0 0 0
2042 4764 0.331403 0.905719 0.264281 -0.0158736 -1.05599e-06 1 0 0
2042 599 0.686258 -0.533308 -0.494603 -0.00333674 -2.78069e-07 1 0 0
2336 4667 0.090748 0.120502 -0.988557 -0.0126462 -9.01596e-07 0 0 0
301 4987 0.944511 0.0855392 0.317146 -0.0129385 -1.11278e-06 0 0 0
1133 4436 0.553526 -0.599872 0.577722 -0.00762704 -4.50955e-07 0 0 0
4756 4693 0.0804574 -0.985532 -0.149177 -0.00969675 -7.98262e-07 0 0 -1
4756 770 0.354168 0.831271 -0.428432 -0.000521014 -4.12769e-08 0 0 -1
4756 2573 0.348995 0.618139 0.704348 -0.0160709 -1.41794e-06 0 0 0
1133 2130 0.503756 0.85694 -0.109011 -0.0070558 -4.79551e-07 0 0 0
4756 3507 0.961077 0.203092 0.18731 -0.00764636 -5.46919e-07 0 0 0
1133 3029 0.339501 0.305252 0.889697 -0.0191585 -1.32423e-06 0 0 0
1655 3320 0.430437 -0.524239 0.734777 -0.00240557 -1.78986e-07 1 0 0
1133 2065 0.171238 -0.802851 -0.571059 -0.00379279 -2.87399e-07 0 0 0
1655 781 0.74875 0.661753 -0.03816 -0.0153529 -1.20363e-06 1 0 0
3246 3188 0.835133 -0.184716 0.518105 -0.0049183 -3.85848e-07 0 0 0
4978 4694 0.217273 -0.387476 -0.89591 -0.00287719 -2.15386e-07 1 0 0
3246 1285 0.294376 0.919052 0.262079 -0.0065389 -4.98292e-07 0 0 0
3246 1284 0.171006 -0.128549 -0.976848 -0.017048 -1.30742e-06 0 0 0
3246 4100 0.0880372 -0.869512 0.486002 -0.0150783 -1.17336e-06 0 0 0
5049 3109 0.736221 -0.648112 -0.194756 -0.000824566 -5.17089e-08 0 0 0
5049 4833 0.352296 0.872975 0.337345 -0.00398894 -2.96628e-07 0 0 0
3083 1727 0.411479 0.0691674 -0.908791 -0.0139476 -1.09798e-06 0 0 0
3083 3483 0.62431 0.0582541 0.779001 -0.00864113 -6.80036e-07 0 0 0
3083 1776 0.719984 0.688304 -0.0886589 -0.00727994 -5.83225e-07 0 0 0
1874 1923 0.864823 0.312485 -0.39298 -0.0126412 -8.25424e-07 0 0 0
1874 4709 0.830688 -0.554905 -0.0451455 -0.00388889 -3.32143e-07 0 0 0
1874 1116 0.303382 -0.448188 0.840885 -0.00946026 -8.13644e-07 0 0 0
1874 666 0.0619599 -0.997265 0.0402802 -0.00725608 -6.35832e-07 0 0 0
4075 878 0.939874 -0.339541 -0.0367164 -0.00310813 -2.31174e-07 0 0 0
4075 5460 0.708672 0.599583 -0.371865 -0.00475112 -3.38294e-07 0 0 0
4075 3877 0.502995 0.278569 0.818166 -0.00764757 -6.01453e-07 0 0 0
4075 4356 0.0812929 0.955437 0.283782 -0.000819691 -6.54179e-08 0 0 0
5374 4122 0.396647 0.376 -0.837433 -0.0268495 -2.0825e-06 0 0 0
5374 3255 0.526753 -0.771217 0.357429 -0.0154449 -1.16799e-06 0 0 0
450 4860 0.914626 -0.399206 -0.0639866 -0.00835503 -7.07159e-07 0 0 0
4814 262 0.0543733 0.0169425 -0.998377 -0.0228749 -1.48284e-06 -1 0 0
450 2266 0.624697 0.38932 0.676892 -0.00745732 -4.68854e-07 0 0 0
4814 5349 0.128028 0.854069 -0.504158 -0.00479167 -4.12774e-07 -1 0 0
450 2078 0.393808 0.718506 -0.573292 -0.0210524 -1.50601e-06 0 0 0
450 1802 -0.0533266 -0.884065 -0.464311 -0.0111705 -8.25397e-07 0 0 0
4814 1728 0.891822 0.391249 0.227108 -0.0362938 -2.59047e-06 0 0 0
3481 4191 0.871605 -0.490006 -0.0140951 -0.00208112 -1.72671e-07 0 0 0
2725 4147 -0.0381163 -0.842413 0.537483 -0.0130283 -1.11999e-06 0 0 0
2725 2929 0.303486 0.538384 -0.786154 -0.0382185 -2.21277e-06 1 0 0
3481 523 0.609314 0.30475 -0.732027 -0.00297977 -2.73037e-07 0 0 0
2725 5011 0.517379 0.415613 0.748054 -0.00930642 -6.64252e-07 1 0 0
3785 4271 0.948581 0.312944 -0.047551 -0.0261048 -1.85068e-06 0 1 0
2725 2449 0.916922 -0.275977 0.288255 -0.0107827 -7.86374e-07 0 0 0
3785 4982 0.391369 -0.257022 -0.883612 -0.0416289 -2.94109e-06 0 0 0
1835 3832 0.487467 -0.76161 -0.426996 -0.0251481 -1.77957e-06 0 0 0
2091 5458 0.345567 0.811564 0.471113 -0.0114843 -9.03108e-07 0 0 0
2091 3785 0.0869994 -0.988986 0.119737 -0.0195707 -1.67411e-06 0 -1 0
4451 959 0.989735 0.0678704 -0.125774 -0.00119615 -9.83123e-08 0 0 0
4450 3399 0.874042 0.264013 0.407858 -0.0255823 -2.16032e-06 1 0 0
4450 3979 0.769995 -0.598829 -0.220256 -0.0032827 -2.26338e-07 0 0 0
4450 2709 0.395228 -0.0734617 -0.915641 -0.00308993 -1.82346e-07 0 0 0
4450 4260 0.170843 0.36722 0.91431 -0.0200449 -1.74398e-06 0 1 1
4450 4397 0.130801 -0.831231 0.54032 -0.010217 -8.08801e-07 0 0 0
5092 4905 0.930148 0.215403 0.297364 -0.0290757 -2.05775e-06 0 1 0
1507 317 0.00757827 0.890101 0.455701 -0.0202926 -1.53278e-06 0 1 0
1507 2529 0.323503 -0.941949 0.0898812 -0.023083 -1.62632e-06 0 0 0
1507 5350 0.554661 0.441016 -0.705589 -0.00930797 -6.20895e-07 0 1 0
1507 3682 0.551589 0.026238 0.833703 -0.0133032 -9.28578e-07 0 0 0
5092 4079 0.330184 -0.488623 0.807605 -0.0278032 -1.90526e-06 0 1 0
5092 1235 0.135768 0.812887 -0.566376 -0.00413322 -2.73788e-07 0 1 0
3340 3915 0.634981 -0.655432 -0.40891 -0.00409224 -2.3265e-07 0 0 0
4731 2787 0.80817 -0.584255 0.0742146 -0.019416 -1.55647e-06 1 0 0
3340 2425 0.369178 0.146634 -0.917718 -0.00971596 -5.58569e-07 0 0 0
3340 1300 0.0723579 0.558175 0.826562 -0.00775369 -6.1715e-07 0 0 0
4884 162 0.411684 0.910877 0.0286214 -0.00709627 -6.02483e-07 0 1 0
4884 3166 0.384276 -0.241632 0.891036 -0.022054 -1.55503e-06 0 0 0
3054 2160 0.550474 -0.0675836 0.832113 -0.00179992 -1.35527e-07 0 0 0
4884 4079 0.355757 -0.755133 -0.550646 -0.0197384 -1.38034e-06 0 1 0
2750 2246 0.996825 -0.0613989 0.0507034 -0.0131385 -1.10266e-06 0 0 0
2750 1167 0.392648 -0.897795 -0.19948 -0.0152323 -1.22816e-06 0 0 0
2774 4356 0.835344 -0.0534987 -0.547118 -0.000614612 -4.79303e-08 0 0 0
5352 3568 0.804272 -0.0485488 -0.592275 -0.00708693 -5.30263e-07 1 0 0
2479 3414 0.282905 0.356667 -0.890367 -0.020938 -1.64933e-06 0 0 0
1179 5293 0.619713 -0.749944 0.231385 -0.0137519 -9.75144e-07 0 0 0
2479 3049 0.830792 0.328196 0.449524 -0.00180271 -1.3659e-07 1 0 0
1493 1295 0.157531 0.589345 -0.792374 -0.00788987 -6.24887e-07 1 0 0
263 1974 0.861926 -0.500892 -0.0786743 -0.00233297 -1.76516e-07 0 0 0
1803 1256 0.657422 0.598559 0.457737 -0.0065326 -4.13208e-07 0 0 0
3567 5118 0.483515 -0.483943 0.729392 -0.0200042 -1.72222e-06 0 0 0
8 4436 0.824429 0.553867 -0.116393 -0.00120441 -1.0564e-07 0 0 0
5028 151 0.587023 -0.492238 -0.642733 -0.0041157 -3.08204e-07 0 0 0
5028 795 0.767616 0.631082 -0.111811 -0.00649825 -4.83677e-07 0 1 0
5028 871 0.773233 -0.121217 0.622429 -0.00667518 -4.94766e-07 0 0 0
648 4052 0.220223 0.918767 -0.327672 -0.037696 -2.54155e-06 1 0 0
648 921 0.640166 -0.401159 -0.655178 -0.0173601 -1.31746e-06 1 0 0
8 3062 0.591629 0.0780742 0.802421 -0.00317841 -2.59009e-07 0 0 0
648 4936 0.885765 0.208544 0.414645 -0.00894866 -7.27699e-07 1 0 0
1608 3325 0.346326 0.151765 0.925757 -0.0135451 -1.08569e-06 0 0 0
1608 3826 0.404737 0.621226 -0.671019 -0.00913105 -7.17726e-07 0 0 0
4321 1075 0.241998 0.000825743 -0.970276 -0.0108397 -9.51357e-07 1 0 0
4321 4145 0.269315 0.173974 0.947208 -0.0112499 -9.81013e-07 0 0 0
8 5278 0.486997 -0.873383 -0.00604356 -0.00129319 -9.77684e-08 0 0 0
8 3219 0.418272 -0.306289 -0.855123 -0.0217246 -1.66198e-06 0 0 0
3672 3325 0.265834 -0.940024 -0.213747 -0.00507724 -3.63922e-07 0 0 0
3672 1517 0.480671 0.820823 0.308553 -0.00798664 -6.13818e-07 0 0 0
4031 1686 0.797699 -0.541184 0.266076 -0.0032211 -2.00623e-07 0 0 0
4031 3121 0.355614 -0.171862 -0.918696 -0.0213086 -1.44768e-06 0 0 0
4867 2922 0.112079 -0.798236 0.591826 -0.007941 -5.58086e-07 0 0 0
3956 5171 0.277479 0.785519 -0.553141 -0.0066577 -5.06094e-07 -1 0 0
4867 4031 0.0844757 0.75073 -0.655185 -0.00794099 -6.08636e-07 0 0 0
3956 3568 0.765502 -0.235387 0.598831 -0.00721318 -5.35635e-07 0 0 0
5464 4089 0.763807 0.470474 -0.441874 -0.0161548 -1.33584e-06 0 0 0
2110 1074 0.279112 -0.77116 -0.572197 -0.0130833 -1.05584e-06 1 0 -1
2110 4720 0.362094 0.514515 -0.777279 -0.00335714 -2.75374e-07 1 0 -1
2110 239 0.479918 -0.684664 0.548555 -0.00667681 -6.16134e-07 1 0 0
2110 198 0.601764 0.748693 0.278099 -0.012045 -1.09848e-06 1 0 0
262 4145 0.138525 0.691497 -0.708973 -0.0133966 -8.6516e-07 0 0 0
262 5182 0.18438 -0.846821 -0.498897 -0.0138434 -9.41251e-07 1 0 0
5464 4216 0.456257 -0.889827 0.00605551 -0.0211035 -1.75501e-06 0 0 0
4417 3855 0.90078 -0.231906 -0.367171 -0.010308 -7.67023e-07 0 0 0
4417 1328 0.340942 0.497688 0.797537 -0.0041988 -3.19213e-07 0 0 0
3737 840 0.232326 0.479458 0.846253 -0.0160859 -1.41505e-06 0 0 0
361 4010 0.735613 -0.191487 -0.649774 -0.000748914 -4.64719e-08 0 0 0
3737 1255 0.640328 0.140821 -0.755083 -0.0133363 -1.01549e-06 1 0 0
4140 1910 0.720899 -0.278884 -0.634451 -0.021357 -1.34295e-06 0 0 0
2667 5036 -0.00169793 -0.815213 0.579158 -0.00404612 -2.82753e-07 1 0 0
2667 3832 0.256123 0.198373 -0.94607 -0.00865811 -7.03668e-07 0 0 0
4401 949 0.820102 -0.057763 -0.569295 -0.0243548 -1.99856e-06 0 0 0
424 3402 0.634795 0.0797699 0.768552 -0.0210866 -1.86193e-06 0 0 0
424 556 0.305378 -0.424691 -0.852281 -0.0279491 -2.21335e-06 0 0 0
2667 2659 0.722892 0.646599 0.24359 -0.00351427 -2.10406e-07 1 0 0
2214 197 0.352221 0.59663 -0.721092 -0.0107279 -9.29302e-07 0 0 0
2667 2599 0.906228 0.0708704 -0.416808 -0.0106121 -1.00587e-06 1 0 0
2921 2812 0.693747 -0.224808 -0.684234 -0.0151434 -1.0327e-06 0 0 0
3728 5010 0.0454837 -0.956242 0.28902 -0.00701607 -5.29626e-07 0 0 0
3728 5171 0.235854 0.81014 0.536699 -0.0130368 -9.21511e-07 -1 0 0
2921 4356 0.00742989 -0.933328 -0.358949 -0.00373718 -3.46409e-07 0 0 0
2921 4140 -0.0528025 0.426929 -0.902742 -0.0147609 -9.50021e-07 0 0 0
3728 391 0.601456 -0.0762621 -0.795258 -0.0155604 -1.17262e-06 0 0 -1
51 3801 0.986696 0.12822 -0.0999508 -0.000910905 -5.20104e-08 0 0 0
51 1243 0.677754 -0.394111 0.620747 -0.0128367 -9.07068e-07 0 0 0
2550 2204 0.22986 0.709081 0.666609 -0.00285218 -2.28695e-07 0 0 0
2550 182 0.264879 -0.351966 0.897752 -0.00503048 -4.23047e-07 1 0 0
51 2309 0.42332 0.306413 -0.852591 -0.0100969 -9.46478e-07 0 0 0
51 4054 -0.000321866 -0.900658 -0.434528 -0.00329129 -2.95751e-07 0 0 0
1879 4643 0.860467 -0.0565755 -0.506355 -0.00354914 -2.49709e-07 0 0 0
2723 1776 0.662136 -0.229172 -0.713482 -0.0131765 -1.09443e-06 0 0 0
1879 4089 0.625245 -0.210395 0.751533 -0.000158539 -1.10238e-08 0 0 1
2438 1648 0.883254 -0.247299 0.39838 -0.00542236 -4.73746e-07 0 0 0
317 2509 0.244316 -0.0653906 0.967488 -0.03023 -2.27607e-06 0 0 0
317 4531 0.460088 0.410832 -0.787106 -0.010246 -8.47261e-07 0 0 0
1010 1329 0.777782 -0.27881 0.563312 -0.0030045 -1.88454e-07 0 0 0
1010 5293 0.576348 -0.414662 -0.704186 -0.0158642 -1.02932e-06 0 0 0
343 3826 0.138921 -0.0972505 0.985517 -0.00720489 -6.25752e-07 0 0 0
343 2639 0.212339 -0.817637 0.535146 -0.00344515 -2.88564e-07 1 0 0
1010 819 0.248483 0.537367 0.805912 -0.0125332 -9.11133e-07 0 0 0
4601 5293 0.756088 0.651507 -0.0622088 -0.00431366 -3.74697e-07 0 0 0
343 728 0.966231 0.17282 -0.19113 -0.0143689 -1.29236e-06 1 0 0
4601 4031 0.169723 -0.899724 0.402108 -0.00106122 -9.65547e-08 0 0 0
1713 3876 0.952536 0.19317 -0.235289 -0.00393143 -2.24834e-07 0 0 0
617 5012 0.110119 -0.331754 0.936917 -0.00253058 -1.68608e-07 0 0 1
1713 4494 0.613006 -0.239017 0.753057 -0.0109271 -5.9349e-07 0 0 0
4585 1912 0.262317 -0.143126 0.954308 -0.00202783 -1.90462e-07 1 0 0
1713 684 0.1828 0.555503 -0.811172 -0.01393 -9.40199e-07 0 0 0
4585 2199 0.550711 0.782615 0.290227 -0.00512465 -4.86922e-07 1 0 0
1713 4645 0.0237599 0.838135 0.544945 -0.0143102 -1.29218e-06 0 0 0
2177 5488 0.845318 -0.00717895 -0.534215 -6.52054e-05 -5.07105e-09 1 0 0
2960 3514 0.16206 -0.398109 0.902909 -0.00996493 -7.91552e-07 1 0 0
2960 4023 0.35981 -0.742888 -0.564494 -0.00850501 -7.33202e-07 0 0 0
1578 3005 0.521724 -0.67513 -0.52154 -0.00715757 -5.9781e-07 0 0 0
1578 4915 0.471045 0.714519 -0.517281 -0.0207432 -1.57232e-06 0 0 0
3918 1410 0.24338 -0.812425 0.529841 -0.00152183 -1.1517e-07 0 0 0
3918 3258 0.508184 -0.60419 -0.613762 -0.00851751 -6.49708e-07 1 0 0
1578 556 0.226033 0.863631 0.450611 -0.0111384 -9.42758e-07 0 0 0
3918 2063 0.881052 -0.0569911 0.469573 -0.00281674 -1.92458e-07 1 0 0
2956 3691 0.645751 0.731065 -0.220338 -0.00897103 -7.62266e-07 0 0 0
3195 2268 0.606567 0.651197 0.45609 -0.004416 -3.89296e-07 0 0 0
3195 5067 0.693042 -0.646436 -0.319082 -0.0120515 -9.99561e-07 0 0 0
2956 3630 0.618085 -0.782514 0.0751196 -0.00267541 -2.45743e-07 0 0 0
2956 651 0.261985 0.190525 0.946078 -0.00747946 -6.14703e-07 0 0 0
3694 3878 0.884506 0.466137 -0.0191008 -0.00440052 -3.95061e-07 1 0 0
2146 4147 0.0112921 0.820643 -0.57133 -0.0134796 -1.00323e-06 0 0 0
2146 3066 0.231958 -0.918454 0.320371 -0.024386 -2.03952e-06 0 0 0
1826 4783 0.797068 -0.580703 0.165733 -0.0111439 -9.72432e-07 0 0 0
1826 3121 0.347013 0.799929 -0.489587 -0.0177503 -1.23993e-06 0 0 0
2146 4234 0.902969 0.256959 -0.344411 -0.00615472 -5.00703e-07 1 0 0
927 3514 -0.0378039 -0.993503 0.107342 -0.0112951 -8.08329e-07 0 0 0
927 2040 0.0324625 0.0458459 -0.998421 -0.00845653 -8.29033e-07 0 0 0
1826 301 -0.020728 -0.131364 -0.991117 -0.0083711 -7.13986e-07 0 0 0
1826 4031 0.00136898 0.922978 0.384851 -0.00638054 -3.87578e-07 0 0 0
927 901 0.586161 -0.569842 0.57593 -0.0378924 -3.03615e-06 0 0 0
927 2560 0.604429 0.486596 -0.630785 -0.010788 -1.02292e-06 0 0 0
1826 2438 -0.124372 -0.706376 0.696825 -0.0117083 -9.93376e-07 0 0 0
3474 4678 0.757768 -0.308821 0.57482 -0.0017658 -1.44595e-07 0 0 0
3474 5278 0.278098 0.958561 -0.0618217 -0.0017667 -1.51649e-07 0 0 0
1150 3414 0.213468 0.417638 0.883182 -0.00672089 -5.20258e-07 0 0 0
4137 3165 0.93003 -0.32691 0.167852 -0.0112081 -7.76792e-07 0 0 0
1150 92 0.837159 -0.303913 0.454755 -0.0060436 -5.10888e-07 1 0 0
4137 2214 -0.0600987 0.893609 0.444804 -0.00524977 -4.33015e-07 0 0 0
1951 2481 0.300859 0.699749 -0.647947 -0.00516628 -3.84557e-07 0 1 0
1951 5350 0.465221 0.748817 0.472063 -0.00605219 -4.02395e-07 0 1 0
696 3915 0.90954 -0.139121 0.391641 -0.00651989 -5.21069e-07 0 0 0
1951 5004 0.776184 -0.471933 0.418112 -0.00809476 -6.45613e-07 0 0 0
696 2425 0.612218 0.770188 -0.178884 -0.0211028 -1.67366e-06 0 0 0
1585 2886 0.842446 -0.271957 -0.465107 -0.00993765 -7.58664e-07 0 0 0
1585 2657 0.845387 0.404536 0.348814 -0.0127808 -1.09209e-06 0 0 0
3627 1547 0.988809 -0.00847387 -0.148949 -0.0122131 -1.00652e-06 1 0 0
4186 4677 0.448128 -0.594271 0.66785 -0.00958244 -6.94202e-07 0 0 0
4186 2787 0.649618 0.665427 0.3677 -0.00241387 -1.75311e-07 0 0 0
4595 2277 0.972268 -0.198556 -0.123572 -0.00599778 -4.41507e-07 0 0 0
4595 1101 0.403684 0.858989 0.314924 -0.00466052 -3.24493e-07 0 0 0
4147 2841 0.141233 0.607951 0.781313 -0.0270865 -2.13329e-06 0 0 0
4147 5206 0.522775 -0.176088 -0.834086 -0.0214861 -1.86558e-06 0 0 0
4595 882 0.133023 -0.990621 0.0312109 -0.0121919 -9.21655e-07 0 0 0
4929 577 0.176291 0.209884 -0.961702 -0.00682237 -5.58449e-07 0 0 0
4929 1727 0.332396 0.925521 -0.181449 -0.00834278 -7.39253e-07 0 0 0
3826 5183 0.37577 0.667405 0.642937 -0.00104459 -8.16277e-08 0 0 0
4929 3405 0.888487 -0.457933 -0.029812 -0.00892358 -8.11853e-07 0 -1 0
1481 4029 0.153678 -0.955155 -0.253106 -0.00442865 -3.46238e-07 0 0 0
1481 1628 0.116126 0.692011 0.712486 -0.0135935 -9.9755e-07 0 0 0
1481 3945 0.16016 0.352097 -0.922159 -0.0348101 -2.54083e-06 0 0 0
1260 3439 0.335077 0.904755 -0.262947 -0.00335325 -2.46437e-07 0 0 0
2458 3447 0.759792 -0.635172 -0.138822 -0.0029368 -2.36802e-07 0 0 0
2458 2401 0.649159 0.70473 -0.286266 -0.000444849 -4.14124e-08 0 0 0
3906 2657 0.837819 0.212196 -0.503023 -0.00194055 -1.61006e-07 0 0 0
840 411 0.0371776 0.299293 0.953437 -0.0144129 -9.19517e-07 1 0 0
3906 3691 0.612171 -0.35235 0.707881 -0.00849514 -6.46567e-07 0 0 0
840 5214 0.404053 -0.836258 0.370694 -0.0014549 -1.12939e-07 1 0 0
840 3293 0.529335 0.798931 -0.285506 -0.00047864 -3.43715e-08 1 0 0
840 2788 0.624456 -0.375383 -0.68494 -0.0129592 -1.12893e-06 1 0 0
3906 1585 0.00206646 -0.216296 -0.976326 -0.00816149 -6.13098e-07 0 0 0
840 3992 0.846973 0.210586 0.48815 -0.00798586 -7.24474e-07 1 0 0
4109 2003 0.869191 -0.232013 -0.436665 -0.0176046 -1.31326e-06 0 0 0
1557 432 -0.00769553 -0.13282 -0.99111 -0.000763312 -4.9886e-08 0 0 0
4866 2929 0.291108 -0.760024 0.58105 -0.01318 -9.55263e-07 1 0 0
4866 335 0.278739 -0.629006 -0.725711 -0.00540605 -4.41918e-07 0 0 0
4866 1946 0.490582 0.696265 -0.523969 -0.00364903 -2.68326e-07 1 0 0
4416 865 0.516047 0.843652 0.148145 -0.01149 -1.01066e-06 0 0 0
4416 1792 0.321719 -0.944354 -0.0685079 -0.0203135 -1.73759e-06 0 0 0
4491 3142 0.398453 -0.773599 0.492727 -0.0141006 -1.07508e-06 0 0 0
5010 5079 0.75205 0.181594 0.633597 -0.00968454 -7.17013e-07 0 0 0
4491 786 0.267471 0.505799 -0.820138 -0.016847 -1.26615e-06 0 0 0
853 3623 0.0207181 -0.0153222 -0.999668 -0.0129844 -7.94673e-07 0 0 0
853 4820 0.154037 -0.344254 0.926154 -0.0125176 -1.09707e-06 0 0 0
853 4520 0.332016 0.92733 -0.172699 -0.00865356 -5.92532e-07 0 0 0
853 5378 0.734447 -0.675603 -0.0644156 -0.017141 -1.07193e-06 0 0 0
4257 3591 0.856772 -0.272844 -0.437604 -0.00665998 -5.54489e-07 0 0 0
4257 3868 0.415938 -0.0674178 0.906891 -0.0242489 -1.65762e-06 0 0 0
4257 2489 0.233567 0.380227 -0.894916 -0.0370313 -2.3929e-06 0 0 0
2877 3785 0.0581844 -0.609372 -0.790747 -0.0271322 -1.90982e-06 0 0 0
452 1843 0.547179 0.0489654 -0.835582 -0.00647488 -4.70423e-07 0 0 0
2877 2091 -0.018457 0.265908 -0.963822 -0.0129729 -1.19087e-06 0 1 0
452 4232 0.850484 0.183255 0.493046 -0.011835 -8.26028e-07 0 0 0
4014 285 0.690572 0.0739028 -0.719478 -0.00190533 -1.41977e-07 0 0 -1
4014 2401 0.613571 0.226607 0.756426 -0.0269008 -2.20712e-06 0 0 0
3466 3262 0.497725 -0.530471 0.6862 -0.0183739 -1.43729e-06 1 0 0
3941 1822 0.75749 0.439698 0.482571 -0.00466398 -3.38891e-07 0 0 0
3466 3422 0.782522 0.201475 -0.589123 -0.0148914 -1.00935e-06 0 0 0
3941 1943 0.638344 -0.724642 0.259637 -0.00601306 -5.0066e-07 0 0 0
923 3929 0.879873 0.394727 -0.2646 -0.012687 -9.92691e-07 0 0 0
2210 770 0.371615 -0.33459 0.865998 -0.000902521 -7.09818e-08 1 0 0
2210 4701 0.383684 0.73404 -0.560332 -0.00462818 -3.64287e-07 0 0 0
2210 3313 0.507823 -0.85809 -0.0761392 -0.000453935 -3.48565e-08 1 0 0
923 3447 0.737668 -0.015142 0.674994 -0.00071162 -5.36776e-08 0 0 1
1169 5471 0.140659 -0.559781 0.816615 -0.00602327 -4.90086e-07 1 0 0
1169 1410 0.279433 -0.534452 -0.797671 -0.00482375 -3.8665e-07 0 0 0
4939 999 0.876689 -0.405489 0.258833 -0.00664055 -5.12556e-07 0 0 0
4939 1803 0.186624 0.348334 0.918605 -0.00724657 -6.12281e-07 0 0 0
2459 5293 0.536532 0.053494 0.842183 -0.00505532 -3.45217e-07 0 0 0
2459 3402 0.443007 0.531719 -0.721817 -0.00764829 -5.2102e-07 0 0 0
2459 1179 -0.0265532 0.757366 0.65245 -0.00558714 -4.23075e-07 0 0 0
2004 2980 0.592501 0.66808 -0.450124 -0.00132752 -8.89821e-08 1 0 0
5243 3915 0.762741 0.639193 -0.0982785 -0.0191196 -1.12588e-06 0 0 0
5243 1391 0.269818 -0.813104 0.51581 -0.0289072 -1.69013e-06 0 0 0
3623 3449 0.870206 0.176426 0.460016 -0.00520277 -3.61715e-07 0 0 0
5243 2921 0.0884117 -0.209548 -0.973793 -0.0400434 -2.41442e-06 0 0 0
2924 3701 0.00235313 0.730926 0.682453 -0.0274908 -1.93575e-06 0 0 0
2924 2640 0.0628401 -0.516086 0.854229 -0.00708107 -5.9361e-07 0 0 0
2924 4701 0.192178 -0.905561 -0.378188 -0.0489826 -3.87104e-06 -1 0 0
2924 2504 0.449398 0.85396 -0.262285 -0.0352375 -2.70347e-06 0 0 0
5243 696 -0.0750972 0.85707 -0.509697 -0.0217948 -1.7064e-06 0 0 0
5360 1167 0.381306 0.418235 -0.82443 -0.0156613 -1.15508e-06 0 0 0
5360 4173 0.328734 -0.0234255 0.944132 -0.00277304 -2.25894e-07 0 0 0
2924 4943 0.925775 -0.199964 -0.320867 -0.00103841 -7.8727e-08 0 0 0
251 5477 0.732782 0.680146 0.0207903 -0.0161548 -1.27612e-06 0 0 0
251 4451 0.190452 -0.357096 0.914445 -0.00501068 -3.95064e-07 0 0 0
3256 4669 0.865941 -0.126604 0.483858 -0.00938258 -7.05829e-07 0 0 0
3256 799 0.716781 -0.558632 -0.41732 -0.00331393 -2.32958e-07 0 0 0
5036 3178 0.722129 -0.0239774 -0.691343 -0.022356 -1.58327e-06 0 0 0
5036 3926 0.86679 0.10989 0.486415 -0.00984207 -6.91434e-07 0 0 0
3256 4842 0.657347 0.45437 -0.601201 -0.0168841 -1.14647e-06 0 0 0
3256 4939 -0.0559654 -0.493609 0.867881 -0.023629 -1.90377e-06 0 0 0
295 672 0.997589 -0.066617 -0.0194394 -0.00129838 -9.42253e-08 0 0 0
295 398 0.486315 0.29538 0.822344 -0.00721835 -5.27976e-07 0 0 0
4138 4175 0.794763 0.369045 0.481828 -0.00784446 -6.46743e-07 0 0 0
4138 398 0.508594 0.40744 -0.758501 -0.000832808 -6.08445e-08 0 0 0
4138 1300 0.367891 -0.577031 0.729172 -0.00345651 -2.56743e-07 0 0 0
2059 3080 0.885636 -0.435187 -0.162054 -0.0195623 -1.58323e-06 0 0 0
740 3258 0.539567 0.436103 0.720196 -0.000131315 -1.01834e-08 0 0 0
2059 4054 0.268077 -0.722404 0.637391 -0.00480056 -3.70862e-07 0 0 0
105 988 0.907424 0.126879 -0.400604 -0.0114872 -1.00088e-06 0 0 0
105 4040 0.646179 0.622779 0.441133 -0.0122156 -8.57785e-07 0 0 0
3641 1756 0.206335 0.974111 -0.0923739 -0.00699102 -5.15196e-07 1 0 0
105 88 0.549129 -0.828873 0.106899 -0.0160362 -1.01464e-06 0 0 0
3641 4677 0.381445 -0.436342 -0.814927 -0.0120157 -8.19826e-07 1 0 0
3641 1946 0.496932 0.437733 0.749298 -0.00711625 -5.15233e-07 1 0 0
105 150 0.173246 -0.397615 0.901048 -0.0222549 -1.84869e-06 0 0 0
2995 2397 0.945025 -0.0852562 0.315688 -0.00517793 -4.18601e-07 1 0 0
2995 2386 0.536964 -0.843446 -0.0163867 -0.0236852 -1.76086e-06 0 0 0
2111 1728 0.818641 -0.514979 -0.254211 -0.0104483 -8.392e-07 1 0 0
4341 3840 0.385611 -0.848137 0.363274 -0.0195232 -1.47708e-06 0 0 0
2995 1500 0.391538 0.551418 0.736638 -0.00260364 -1.94757e-07 0 0 0
4341 3437 0.725453 -0.435044 -0.533343 -0.00836923 -6.61775e-07 0 0 0
4341 5238 0.815034 0.541976 -0.204895 -0.016325 -1.21325e-06 0 0 0
4694 4875 0.235791 -0.505716 0.829852 -0.00814387 -5.56041e-07 -1 0 0
2995 3785 0.105527 0.705162 -0.701149 -0.0335378 -2.35739e-06 0 0 0
4694 599 0.574066 0.818801 -0.00371735 -0.00275386 -2.19417e-07 0 0 0
4694 3878 0.68674 -0.0701601 -0.723509 -0.00285487 -1.95701e-07 0 0 0
4730 1302 0.929078 0.122922 -0.348861 -0.000168756 -1.3538e-08 0 0 0
4730 3474 0.255095 0.871267 0.41931 -0.0022222 -2.09555e-07 0 1 0
4809 2078 0.568521 -0.111945 0.815016 -0.0160122 -1.1415e-06 0 0 0
4809 4291 0.41046 -0.720197 -0.55932 -0.00500225 -4.08587e-07 0 0 0
4809 1261 0.209582 0.976815 -0.0436877 -0.00130048 -1.22256e-07 0 0 0
2089 2489 0.388316 0.492285 0.779016 -0.0206505 -1.31012e-06 0 0 0
641 3050 0.961616 0.215401 -0.169991 -0.00474223 -3.68721e-07 0 0 0
4034 4438 0.328109 -0.106959 -0.938565 -0.00624033 -4.05024e-07 -1 0 0
2089 4134 0.21447 -0.486237 0.847099 -0.0079122 -5.32227e-07 0 0 0
4034 1723 0.72358 0.223345 0.653108 -0.0105866 -7.52089e-07 0 0 0
2089 5243 0.082206 -0.322273 -0.943071 -0.0357693 -2.31593e-06 0 0 0
3761 3319 0.528214 -0.549395 -0.647422 -0.000535818 -3.30085e-08 1 0 0
1075 2385 0.0615694 -0.961084 0.269309 -0.00243414 -1.53807e-07 0 0 0
1075 1840 0.569282 0.312642 -0.760377 -0.0100426 -6.58536e-07 0 0 0
1075 3276 0.721522 0.639576 0.265233 -0.0103216 -9.32105e-07 0 0 0
2570 4176 0.132672 -0.0898428 -0.98708 -0.0393181 -3.02609e-06 1 0 0
3545 824 0.71901 0.543379 0.433317 -0.00453851 -3.51893e-07 0 0 0
2570 3293 0.750105 0.306713 0.585892 -0.000362781 -2.78163e-08 1 0 0
2570 81 0.929886 -0.203536 -0.306406 -0.0182665 -1.36099e-06 1 0 0
3804 4076 0.0433543 0.283833 -0.957893 -0.019316 -1.18623e-06 0 0 0
3804 4050 0.246231 0.0254408 0.968877 -0.01643 -1.04174e-06 0 0 0
3804 4382 0.41303 -0.729563 -0.545109 -0.0108535 -6.73625e-07 0 0 0
3804 5378 0.696372 0.679154 -0.231982 -0.0045092 -2.82433e-07 0 0 0
3545 1391 0.497421 0.607859 -0.618935 -0.00898296 -7.92749e-07 0 0 0
3514 2160 0.323858 -0.920543 0.21844 -0.00703083 -4.59173e-07 0 0 0
4576 4898 0.577256 -0.647901 0.49699 -0.0236883 -1.62706e-06 0 0 0
4576 1285 0.416003 0.558691 -0.717499 -0.0256741 -2.12291e-06 0 0 0
4576 3246 0.142343 -0.286395 -0.947479 -0.00781396 -6.30719e-07 0 0 0
3514 3295 0.965906 -0.0832642 -0.24514 -0.00336833 -2.28365e-07 0 0 0
4693 2326 0.325096 -0.193422 0.925689 -0.00440042 -3.42299e-07 0 0 1
4693 881 0.814449 0.53194 -0.231761 -0.00245058 -1.82576e-07 0 0 0
2633 1542 0.924699 -0.353806 -0.140544 -0.00291257 -1.89333e-07 0 0 0
4029 1295 -0.151228 -0.981408 0.118186 -0.00568649 -5.22329e-07 0 0 0
2633 5465 0.522936 -0.0140696 0.852256 -0.0185141 -1.07602e-06 0 0 0
2633 4031 0.10911 -0.800715 -0.589025 -0.0249962 -1.48766e-06 0 0 0
4029 157 0.796737 0.560837 -0.225105 -0.00854237 -6.83164e-07 0 0 0
2633 1010 0.0585843 0.935393 -0.348723 -0.0160758 -1.04215e-06 0 0 0
1368 5271 0.518613 0.67417 0.525866 -0.00473365 -3.34696e-07 0 0 0
1295 2199 0.468948 -0.361967 -0.805647 -0.022444 -2.14637e-06 0 0 0
1368 2989 0.442666 0.751907 -0.488551 -0.0184257 -1.2756e-06 0 0 0
3963 882 0.606441 -0.387344 -0.694401 -0.000269906 -2.10934e-08 0 0 0
1912 2199 0.249449 0.790879 -0.558825 -0.0238349 -1.31773e-06 0 0 0
1912 3170 0.378368 -0.193752 0.905151 -0.0201687 -1.41372e-06 0 0 0
1912 2504 0.380629 -0.869994 0.31342 -0.0104086 -8.23883e-07 0 0 0
3669 4257 0.206476 0.67415 -0.709147 -0.0121393 -9.98764e-07 0 0 0
3669 105 0.0892773 -0.334301 0.938228 -0.0116953 -8.84269e-07 0 0 0
71 2036 0.746417 -0.653946 -0.123349 -0.00457067 -3.60878e-07 0 0 0
71 1138 0.621317 -0.11268 0.775415 -0.00126051 -9.25807e-08 0 0 0
1912 4579 0.941935 0.253074 -0.220706 -0.0128636 -1.03996e-06 0 0 0
430 5045 0.264104 0.920476 -0.288052 -0.00120591 -7.66579e-08 0 0 0
430 18 0.327195 -0.722502 -0.609044 -0.00294443 -1.86644e-07 0 0 0
430 1843 0.355821 0.632857 0.687665 -0.00427226 -2.60834e-07 0 0 0
430 143 0.411873 -0.398021 0.819719 -0.0219027 -1.36733e-06 0 0 0
1892 162 0.524047 -0.062718 -0.849377 -0.013116 -1.15666e-06 0 0 0
430 2571 0.963059 0.226559 -0.145562 -0.0198914 -1.82231e-06 0 0 0
4139 2709 0.744385 0.551309 0.376762 -0.0256816 -1.94538e-06 0 0 0
4139 1010 0.163182 -0.985575 -0.0448722 -0.0245345 -1.77905e-06 0 0 0
2841 5011 0.468469 0.746005 -0.4733 -0.0117844 -7.85171e-07 1 0 0
4139 4730 -0.0260977 0.972554 -0.23121 -0.00245152 -1.99744e-07 0 0 0
4634 4194 0.916648 -0.329447 -0.226319 -0.00622753 -5.71052e-07 0 0 0
1628 2597 0.408675 -0.892344 0.191593 -0.00562116 -4.92061e-07 0 0 0
4634 5343 0.288615 -0.709465 0.642931 -0.0113045 -8.61478e-07 0 0 0
1773 2065 0.539453 0.387618 0.747491 -0.010671 -7.51546e-07 0 0 0
1773 4451 0.206886 0.572739 -0.793201 -0.00487082 -3.63642e-07 0 0 0
1628 2533 0.874981 0.445453 0.189683 -0.0250089 -1.73133e-06 0 0 0
711 3936 0.9326 0.322357 -0.162305 -0.00194514 -1.78797e-07 0 0 0
711 4405 0.334675 -0.519645 0.786105 -0.0058461 -4.74092e-07 0 0 0
711 1874 0.358925 -0.807891 -0.467423 -0.009453 -8.3494e-07 0 0 0
4026 1818 0.818315 -0.42361 -0.388477 -0.0161659 -1.21631e-06 0 0 0
4145 726 0.91567 -0.100483 -0.389169 -0.020556 -1.70244e-06 1 0 0
2623 5230 -0.0615775 0.381736 0.922218 -0.00756001 -6.11286e-07 -1 0 0
4026 2214 0.125579 0.145801 -0.981311 -0.0128956 -1.00381e-06 0 0 0
2623 2326 0.171997 -0.886053 -0.430497 -0.0102782 -7.16316e-07 0 0 0
2623 2573 0.137917 0.856711 -0.497015 -0.00690581 -6.10639e-07 0 0 0
385 1087 0.886747 -0.446142 -0.120986 -0.00804752 -6.33597e-07 0 0 0
3514 901 0.690321 0.510646 0.512539 -0.000375582 -2.72381e-08 0 0 0
385 684 0.349039 0.269823 0.897423 -0.0211076 -1.36904e-06 0 0 0
385 3208 0.192523 -0.823684 -0.533367 -0.0236604 -1.9188e-06 0 0 0
5182 4810 -0.0633615 -0.20203 -0.977328 -0.0104972 -9.30897e-07 0 0 0
5182 2481 0.125127 0.124959 0.98424 -0.00515212 -4.12032e-07 0 0 0
385 923 -0.0336529 0.819144 -0.5726 -0.0201127 -1.70615e-06 0 0 -1
5182 4232 0.631909 -0.774954 -0.0117457 -0.00879294 -5.9323e-07 0 -1 0
284 4466 0.797927 0.178887 0.575597 -0.00171718 -1.28868e-07 0 0 0
5182 4349 0.747741 -0.125741 -0.651976 -0.00525057 -4.05656e-07 0 -1 0
5182 1544 0.922479 0.320974 0.214497 -0.00283646 -2.39446e-07 0 0 0
284 2910 0.476334 0.805281 -0.353028 -0.0225521 -1.52019e-06 0 0 0
284 4140 0.200858 -0.902485 0.381021 -0.00945637 -6.40104e-07 0 0 0
2299 1727 0.069572 -0.254358 0.964604 -0.0289446 -1.9518e-06 0 0 0
2299 5074 0.218432 0.671784 0.707809 -0.0148081 -1.10661e-06 0 0 0
2299 5294 0.363476 0.0241794 -0.93129 -0.0208857 -1.27349e-06 0 0 0
5400 4040 0.652162 -0.694239 0.304495 -0.011427 -8.3274e-07 0 0 0
2299 5514 0.745567 -0.54046 0.389914 -0.0173358 -1.29985e-06 0 0 0
5400 3868 0.587901 -0.350881 -0.728872 -0.0308117 -2.01414e-06 0 0 0
4276 4194 0.874794 0.201881 0.440431 -0.01061 -8.39245e-07 0 0 0
5123 2952 0.278124 0.933876 -0.224771 -0.00523447 -3.60409e-07 0 0 0
5123 227 0.439109 -0.856484 -0.271328 -0.00930782 -6.55778e-07 0 0 0
5123 3273 0.590734 0.119792 -0.797925 -0.00873004 -6.5352e-07 0 0 0
5123 3169 0.596589 -0.370259 0.712032 -0.0105244 -7.50519e-07 0 0 0
4276 3142 0.504783 0.799398 -0.325817 -0.014103 -1.09725e-06 0 0 0
4276 320 0.51162 -0.210891 -0.832928 -0.00720069 -5.39489e-07 0 0 0
1245 1061 0.604908 0.684148 -0.407466 -0.00619241 -5.34442e-07 0 0 0
1245 4126 0.689863 0.357967 0.629244 -0.00993348 -6.96887e-07 0 0 0
4276 4634 -0.00755236 0.618967 0.785381 -0.0051386 -4.10894e-07 0 0 0
2979 4516 0.689929 0.482261 0.539835 -0.0109472 -8.53021e-07 0 0 0
2979 4026 0.0834534 -0.43471 -0.896695 -0.0139889 -1.11976e-06 0 0 0
1078 2658 0.368904 0.362343 0.855931 -0.0129795 -9.16865e-07 0 0 0
1078 4026 -0.00213635 0.997803 -0.0662228 -0.00340293 -2.48787e-07 0 0 0
4076 1043 0.71196 -0.190937 -0.675763 -0.00881306 -6.49645e-07 0 0 0
4076 2037 0.738465 0.617203 -0.271532 -0.0108758 -9.50993e-07 0 0 0
3896 59 0.82685 0.189888 0.529397 -0.00988008 -7.93239e-07 0 0 0
3896 51 0.328101 -0.649478 -0.685951 -0.00952443 -8.26729e-07 0 0 0
309 3086 0.406547 -0.476858 -0.779311 -0.013686 -1.03141e-06 0 0 0
379 3121 0.719692 -0.65623 0.226728 -0.00332236 -2.5469e-07 0 0 0
379 2459 0.259966 0.950037 -0.172762 -0.008113 -6.67705e-07 0 0 0
2204 182 0.0430668 -0.968076 0.246931 -0.0147275 -1.00614e-06 1 0 0
190 2536 0.445097 -0.799601 0.403146 -0.010517 -6.5843e-07 0 0 0
190 5343 0.198019 0.939462 -0.279644 -0.017185 -1.48871e-06 0 0 0
2204 2043 0.833763 -0.332342 0.440896 -0.00243612 -1.6384e-07 1 0 0
190 5400 0.0418851 -0.47182 -0.880699 -0.0194835 -1.17873e-06 0 0 0
5213 329 0.674185 -0.728779 -0.119815 -0.0131086 -1.13844e-06 0 0 0
5349 5471 0.0543307 0.998204 -0.0252211 -0.00479169 -3.94308e-07 1 0 0
5213 634 0.340552 0.897726 0.279486 -0.00903118 -7.24779e-07 0 0 0
3551 1251 0.685686 -0.253028 0.682504 -0.00419331 -3.32929e-07 0 0 0
3551 1892 0.130319 -0.98801 0.0827811 -0.00477082 -3.49614e-07 0 0 0
3551 3896 -0.00991505 0.94954 -0.313488 -0.00455979 -3.43642e-07 0 0 0
182 5294 0.373442 -0.906275 -0.198006 -0.0245742 -1.46817e-06 0 0 0
182 2043 0.758137 0.626164 0.182063 -0.0226273 -1.42998e-06 0 0 0
182 2148 0.757009 0.0517553 -0.651352 -0.00871324 -5.5343e-07 0 0 0
3213 4100 0.440865 0.882695 -0.162751 -0.0201263 -1.67342e-06 0 0 0
2385 4810 -0.0493922 -0.663125 0.746877 -0.0088434 -7.58309e-07 0 0 0
3213 4416 0.186579 -0.713541 0.675313 -0.0133294 -1.03277e-06 0 0 0
872 5477 0.654884 -0.0899121 -0.750362 -0.0244257 -1.96068e-06 0 0 0
872 5185 0.630465 -0.339546 0.698013 -0.00720816 -4.31638e-07 0 0 0
2385 5159 0.833102 -0.320541 -0.450771 -0.00535731 -4.4649e-07 0 0 0
3415 2681 0.832663 -0.553032 0.0287837 -0.013677 -1.07257e-06 0 0 0
3415 1585 0.176173 0.606853 0.775044 -0.0177998 -1.36029e-06 0 0 0
4052 3172 0.0689655 0.31608 0.946223 -0.00910981 -8.11456e-07 0 0 0
4052 3049 0.428671 -0.570172 -0.700817 -0.00670643 -5.73938e-07 0 0 0
3415 2995 0.207441 0.50411 -0.838357 -0.0320063 -2.44916e-06 0 0 0
4052 2274 0.668853 0.323809 -0.669166 -0.0170636 -1.06863e-06 0 0 0
4052 3805 0.707948 0.630349 0.318543 -0.0299184 -1.81436e-06 0 0 0
4052 2010 0.958197 -0.285512 0.0184922 -0.00216722 -1.46634e-07 0 0 0
3066 4484 0.221215 0.0890874 -0.971147 -0.00361336 -2.5014e-07 0 0 0
3066 4399 0.251631 -0.952563 0.171188 -0.0216477 -1.9569e-06 0 0 0
4713 349 0.899756 0.428303 0.0836385 -0.0158582 -1.35634e-06 0 0 0
3066 1706 0.383533 -0.216723 0.897738 -0.00466271 -4.17629e-07 1 0 0
5369 2547 0.0915867 -0.872723 -0.479549 -8.88509e-07 -6.57035e-11 0 0 0
3066 2157 0.950587 0.238274 0.199021 -0.00457437 -3.49683e-07 1 0 0
1916 4387 0.514564 -0.448691 0.730685 -0.00129017 -1.11479e-07 1 0 0
3147 4397 0.673612 0.114723 -0.730127 -0.0102164 -8.32444e-07 0 0 -1
74 3850 0.824365 0.559995 0.0826306 -0.0210776 -1.23175e-06 0 0 0
601 4699 0.380331 0.641969 -0.665751 -0.0115527 -9.83956e-07 0 0 0
3701 2785 0.39419 -0.661482 0.63801 -0.0106895 -8.71322e-07 0 0 1
3701 3170 0.472078 0.817002 -0.331133 -0.0210151 -1.39566e-06 0 0 0
3870 320 0.64194 -0.744546 0.183204 -0.0053012 -4.64296e-07 0 0 0
3870 4796 0.448827 0.494689 -0.744202 -0.00276932 -2.21862e-07 0 0 0
3701 3095 0.987008 -0.0733832 -0.142931 -0.0113926 -8.12143e-07 0 0 0
5471 4461 0.665348 0.745144 -0.0455193 -0.00334905 -2.49462e-07 0 0 0
2080 3691 0.563875 -0.455895 -0.688625 -0.00736293 -5.50079e-07 0 0 0
2080 4079 0.456213 0.450263 -0.76755 -0.0173937 -1.12958e-06 0 1 0
2080 1069 0.479475 -0.0647253 0.875165 -0.0250918 -1.36084e-06 0 0 0
411 1092 0.014662 -0.998014 0.0612628 -0.00233796 -2.07235e-07 -1 0 0
4387 754 0.778034 0.300564 0.551656 -0.000444197 -3.00367e-08 0 0 0
411 4798 0.162155 0.92829 0.334638 -0.0155796 -1.12311e-06 0 0 0
5485 3366 0.677433 -0.735054 -0.02793 -0.00415311 -3.15801e-07 0 0 0
5485 809 0.536236 0.825777 0.174763 -0.00257982 -1.90401e-07 0 0 0
2218 4075 0.355865 0.898595 0.256683 -0.00852348 -6.11668e-07 0 0 0
2218 51 0.365507 -0.570412 0.735551 -0.00666014 -5.53804e-07 0 0 0
4176 2268 0.327135 -0.19463 -0.924717 -0.0390894 -2.50135e-06 0 0 0
4176 1255 0.341497 -0.90583 0.250702 -0.0177936 -1.28566e-06 0 0 0
4176 2889 0.372189 0.772395 0.514666 -0.0124074 -9.00189e-07 0 0 0
3557 1624 0.826906 0.557545 0.0732789 -0.00147591 -1.36452e-07 0 0 0
4176 81 0.739648 -0.103324 0.665015 -0.00639263 -4.49015e-07 0 0 0
5230 335 0.228915 0.712162 0.663645 -0.010593 -8.20269e-07 0 0 0
3557 1328 0.669959 -0.379109 0.638304 -0.0162152 -1.38023e-06 0 0 0
3557 4417 0.325277 -0.924843 -0.197131 -0.00536168 -4.41625e-07 0 0 0
5230 3079 0.884158 0.377299 -0.275517 -0.00583199 -4.51779e-07 1 0 0
577 1727 0.164354 0.709299 0.685479 -0.00226666 -1.81973e-07 0 0 0
1097 2999 0.433874 -0.807045 0.40054 -0.0265392 -1.85552e-06 0 0 0
577 871 0.602412 -0.75645 -0.254723 -0.00673274 -5.42123e-07 0 -1 0
1097 190 0.120733 -0.162459 -0.979301 -0.00959205 -7.18128e-07 0 0 0
1178 2600 0.721863 -0.29157 -0.627615 -0.0155696 -1.06569e-06 0 0 0
2105 1756 0.0648627 -0.895888 0.439519 -0.00741293 -4.84781e-07 0 0 0
1178 3510 0.31904 0.226321 0.920322 -0.0175278 -1.51753e-06 0 0 0
2105 4926 0.489832 -0.352101 -0.797552 -0.0144634 -1.07348e-06 0 0 0
4059 523 0.953972 -0.0800377 0.289018 -0.0100484 -9.43811e-07 0 0 0
2105 580 0.922986 -0.373474 0.0928153 -0.0111184 -7.15646e-07 0 0 0
2509 5006 0.159679 -0.321988 0.933181 -0.0164088 -1.10426e-06 0 0 0
2509 3682 0.307838 -0.777625 -0.548211 -0.0100835 -7.02231e-07 0 -1 0
2509 131 0.738814 0.472392 0.480625 -0.0189391 -1.32467e-06 0 0 0
4059 564 0.476561 -0.525772 -0.704594 -0.0186343 -1.60525e-06 0 0 0
5226 5240 0.942727 -0.329572 -0.0514523 -0.00544406 -4.61268e-07 0 -1 0
5226 564 0.302763 0.422551 -0.854275 -0.0107678 -7.51727e-07 0 0 0
5226 4059 -0.126505 0.959051 -0.253413 -0.0172005 -1.55554e-06 0 0 0
2915 2489 0.655761 -0.495291 0.569794 -0.0183875 -1.52352e-06 0 0 0
2915 1300 0.572547 0.818363 -0.0497148 -0.00428425 -3.29562e-07 0 0 0
2915 3340 0.427532 0.144061 -0.892448 -0.00509472 -4.47607e-07 0 0 0
803 4138 0.215536 -0.346204 -0.913065 -0.00382637 -2.97952e-07 0 0 0
5153 1500 0.57535 -0.718721 -0.3904 -0.00788912 -5.75946e-07 0 0 0
1074 1394 0.420676 -0.4844 -0.767065 -0.0191261 -1.41996e-06 0 0 0
5153 5092 0.254137 0.110691 0.960813 -0.0465047 -3.17472e-06 0 0 0
5153 2877 0.207142 0.0746992 -0.975455 -0.0341119 -2.1324e-06 0 0 0
1074 4471 0.804844 0.543288 0.238881 -0.0119065 -9.08557e-07 0 0 1
356 3058 0.0644193 0.745804 0.663044 -0.0179761 -1.49294e-06 -1 0 0
356 3391 0.467766 0.408318 -0.783883 -0.0205925 -1.65463e-06 0 0 0
356 3843 0.73256 -0.302639 0.609725 -0.00624738 -5.08822e-07 0 0 0
356 5201 0.750527 -0.519387 -0.408592 -0.00575372 -4.59579e-07 -1 0 0
53 4639 0.411774 -0.78567 -0.461698 -0.00183027 -1.46319e-07 1 0 0
53 854 0.55139 0.222466 -0.804039 -0.00846852 -7.89482e-07 1 0 0
3275 3281 0.988216 -0.152514 0.0129577 -0.00562564 -3.48716e-07 0 0 0
3910 4938 0.566219 -0.811891 -0.142229 -0.0107712 -8.26729e-07 0 0 0
3910 4583 0.33744 0.506843 0.793249 -0.0253915 -1.45735e-06 0 0 0
3945 2109 0.497501 -0.624941 -0.601615 -0.00862619 -7.0418e-07 0 0 0
3910 309 -0.11349 -0.721672 -0.682869 -0.0191102 -1.71885e-06 0 0 0
3945 166 0.913857 0.377207 -0.150267 -0.0126541 -1.05569e-06 0 0 0
2433 2005 0.675058 -0.0963559 -0.731446 -0.0346082 -2.55072e-06 0 0 0
2433 5049 0.405468 0.71393 0.570876 -0.0065896 -4.81561e-07 0 0 0
370 3029 0.746791 0.663854 -0.0400172 -0.0107847 -7.13412e-07 0 0 0
370 8 0.198975 -0.95751 -0.208769 -0.0102083 -8.28702e-07 0 0 0
370 3213 -0.045075 0.383975 0.922243 -0.0126137 -1.08892e-06 0 0 0
5198 1024 0.863688 0.233223 0.446822 -0.0036645 -3.35209e-07 0 0 0
1428 4239 0.608886 0.493646 0.620944 -0.0166977 -1.24481e-06 0 0 0
4810 1843 0.478648 -0.783926 -0.395418 -0.00192954 -1.67801e-07 0 -1 0
1428 3086 0.499232 -0.706162 0.502098 -0.00827102 -6.14173e-07 0 0 0
4810 4349 0.93957 0.0793408 0.333036 -0.0122417 -9.72247e-07 0 -1 0
246 778 0.250732 0.136099 -0.958442 -0.00247714 -1.92809e-07 0 0 0
5088 1116 0.779174 0.626797 -0.00361155 -0.00443282 -3.61215e-07 0 0 0
246 3426 0.872592 0.169601 0.458059 -0.00101824 -8.03173e-08 0 0 0
5088 850 0.714211 -0.674407 -0.18729 -0.0122408 -8.97928e-07 0 0 0
5171 4085 0.0683874 0.983976 -0.164663 -0.00629491 -4.62461e-07 1 0 0
5171 2238 0.323869 0.220844 -0.919966 -0.0187087 -1.44772e-06 1 0 0
5171 3274 0.339315 -0.0927811 0.936086 -0.0279342 -2.23325e-06 1 0 0
5517 3960 0.864787 -0.415623 0.281782 -0.00473976 -3.44177e-07 0 0 0
5517 450 0.478738 0.20836 -0.852875 -0.0243799 -2.02555e-06 0 0 0
2134 2059 0.150386 -0.686803 0.711116 -0.0230299 -1.67943e-06 0 0 0
2134 2218 -0.0047371 0.254009 0.96719 -0.00935132 -6.96907e-07 0 0 0
2529 2150 0.266675 0.0546285 0.962237 -0.0349009 -1.94531e-06 0 0 0
2529 2889 0.221368 -0.59153 -0.775299 -0.00991318 -7.80699e-07 0 0 0
3977 284 0.174016 0.0313759 -0.984243 -0.0181886 -1.40681e-06 0 0 0
2529 5004 0.446769 0.27912 -0.849994 -0.00935815 -8.24359e-07 0 0 0
3173 251 0.24996 -0.482877 0.839256 -0.00171102 -1.32235e-07 0 0 0
2529 1522 0.928719 -0.311044 -0.201823 -0.0230078 -2.11801e-06 0 0 0
3751 5464 0.237534 -0.944944 0.225077 -0.0159327 -1.34092e-06 0 0 0
3751 4401 0.26436 0.88057 -0.393331 -0.00595607 -4.42447e-07 0 0 0
3751 1879 0.285037 -0.233672 -0.929597 -0.00515817 -3.40103e-07 0 0 -1
4085 18 0.302822 0.952836 0.020039 -0.000602704 -3.76282e-08 0 0 0
2609 2989 0.637345 -0.464703 0.614689 -0.0115899 -9.14276e-07 0 0 0
4085 857 0.55544 -0.175938 0.812731 -0.0110011 -6.81242e-07 0 0 0
1942 2594 0.948697 -0.0960082 0.301258 -0.00640603 -5.11818e-07 0 0 1
1942 3268 0.570776 0.752268 -0.329101 -0.0164386 -1.29595e-06 0 0 1
5412 391 0.442749 0.877837 -0.182688 -0.00355485 -3.19548e-07 0 0 0
1942 4576 0.294048 -0.65812 -0.693119 -0.0191383 -1.67763e-06 0 0 0
1452 5477 0.756632 -0.6212 0.204006 -0.0113648 -9.02763e-07 0 0 0
3414 178 0.444556 0.585283 -0.678096 -0.0168103 -1.38361e-06 1 0 0
3414 92 0.647894 -0.68169 -0.3399 -0.00509355 -4.36947e-07 1 0 0
1452 3689 0.676711 -0.204444 -0.707294 -0.00219891 -1.35768e-07 0 0 0
1452 375 0.633115 0.739621 -0.228313 -0.0128613 -8.06818e-07 0 0 0
5272 1797 -0.116549 -0.415591 0.902053 -0.0127326 -1.12349e-06 0 0 0
5272 4387 0.210591 0.973893 -0.0847539 -0.000823832 -5.67341e-08 1 0 0
1452 872 0.0857273 -0.480751 0.872656 -0.0182815 -1.11641e-06 0 0 0
5272 3169 0.330375 0.424452 -0.843026 -0.015599 -1.24648e-06 0 0 0
1452 3173 -0.107054 -0.829442 -0.548239 -0.00283965 -2.49182e-07 0 0 0
855 684 0.701295 -0.700554 0.131944 -0.00191785 -1.632e-07 0 0 0
5272 2354 0.666618 0.382662 0.63968 -0.0274046 -1.97843e-06 0 0 0
855 2458 0.292931 0.476415 -0.828988 -0.00296371 -2.31965e-07 0 0 0
3325 1126 0.15978 -0.744525 0.648192 -0.0114293 -8.69061e-07 0 0 0
1837 3829 0.417854 0.800243 0.430127 -0.00126725 -8.9434e-08 0 0 0
1837 1713 0.358786 0.162748 -0.919122 -0.00421555 -3.12951e-07 0 0 0
2494 1792 0.57445 -0.102175 0.812137 -0.0229191 -1.88785e-06 0 0 0
4023 1797 -0.121945 0.225467 -0.966589 -0.0121806 -1.06919e-06 0 0 0
4023 3676 0.214512 0.922435 -0.321088 -0.00206602 -1.45866e-07 1 0 0
4023 5167 0.509985 -0.594663 0.621523 -0.00752712 -4.62484e-07 1 0 0
2494 8 0.365423 0.130078 -0.921708 -0.0189712 -1.43586e-06 0 0 0
4023 4437 0.697409 -0.669092 -0.256781 -0.00293532 -2.73494e-07 1 0 0
4023 1678 0.989079 0.0653427 0.132107 -0.00293104 -2.01368e-07 1 0 0
3660 4701 0.0074066 0.891359 0.453237 -0.0336553 -2.71353e-06 -1 0 0
1853 3630 0.706314 -0.101341 0.700607 -0.0178864 -1.14055e-06 0 0 0
3660 2884 0.170948 -0.984783 0.0313062 -0.0320929 -1.79409e-06 0 0 0
3660 3313 0.104204 -0.458356 0.882639 -4.37298e-05 -3.85083e-09 0 0 0
3660 901 0.424896 0.568169 -0.704732 -0.0133143 -1.04257e-06 0 0 0
3660 4692 0.604522 0.296929 0.739179 -0.0122428 -9.32708e-07 0 0 0
390 1802 0.498515 0.516352 -0.696321 -0.0079096 -6.02543e-07 0 0 0
2702 3960 0.807261 0.581425 0.101359 -0.00601894 -4.4615e-07 0 0 0
2702 5485 0.037307 -0.344039 0.938214 -0.00893978 -6.51099e-07 0 0 0
2702 5517 -0.016823 0.985557 -0.168507 -0.0136838 -1.0342e-06 0 0 0
2702 390 -0.0431217 -0.303365 -0.951898 -0.00440726 -3.39474e-07 0 0 0
1727 1776 0.297719 0.583834 0.755315 -0.0344419 -2.23426e-06 0 0 0
1727 5514 0.711262 -0.293552 -0.638697 -0.0106727 -7.58567e-07 0 0 0
5355 3005 0.726381 0.641995 0.245383 -0.00722768 -6.45104e-07 0 0 0
1727 2333 0.961161 0.0130807 0.275677 -0.00575796 -3.97075e-07 0 0 0
5355 1178 0.0798403 -0.959528 -0.270059 -0.00198973 -1.2239e-07 0 0 0
4729 684 0.715123 -0.257458 -0.649857 -0.0155439 -1.31153e-06 0 0 0
4729 1713 0.45502 -0.841799 0.290396 -0.00955794 -8.805e-07 0 0 0
4729 855 0.0144787 0.493632 -0.869551 -0.0121568 -9.30053e-07 0 0 0
3711 450 0.579682 -0.317223 0.750559 -0.00931888 -8.99662e-07 0 0 0
4720 198 0.261704 0.271028 0.926312 -0.017029 -1.28096e-06 0 0 1
4720 2558 0.373358 -0.673589 -0.637873 -0.0242145 -1.6773e-06 0 0 0
4385 3292 0.717849 0.120299 0.685727 -0.0176484 -1.37405e-06 0 0 0
4385 1466 0.529029 -0.347658 -0.77412 -0.0305192 -1.91069e-06 0 0 0
4385 2438 0.208041 0.697441 -0.68578 -0.00991902 -8.12616e-07 0 0 0
2640 2785 0.34746 0.783924 0.514525 -0.00822785 -6.34339e-07 0 0 1
2640 3592 0.793632 -0.247972 -0.55557 -0.0215529 -1.615e-06 0 0 0
3254 1251 0.607249 0.176601 -0.774636 -0.0290427 -1.57518e-06 0 0 0
3254 4597 0.386224 -0.918873 0.0806436 -0.0130302 -1.24282e-06 0 0 0
4122 2884 0.267554 0.928281 0.25828 -0.032568 -2.42677e-06 0 0 0
4122 1061 0.555084 -0.444836 -0.702853 -0.0306025 -2.48602e-06 0 0 0
2018 3256 0.374735 -0.549114 0.747026 -0.0124515 -1.08115e-06 0 0 0
2018 1368 0.329469 0.740422 0.585855 -0.013983 -1.2249e-06 0 0 0
2693 4368 -0.0257569 0.915374 0.40178 -0.00480334 -3.41858e-07 0 1 0
2693 3891 0.311759 0.791107 -0.526267 -0.00546585 -3.61892e-07 0 1 -1
2693 2533 0.735674 -0.650894 -0.187404 -0.0122595 -8.4451e-07 0 0 -1
2693 2525 0.912273 0.173342 0.371095 -0.0113692 -8.23117e-07 0 0 -1
257 2005 0.765364 -0.233032 0.599928 -0.0104386 -7.70747e-07 0 0 0
257 1713 0.418326 0.901948 -0.107206 -0.0192189 -1.49172e-06 0 0 0
2290 3157 0.974206 -0.0481709 -0.220461 -0.00965013 -7.87952e-07 0 0 0
2290 4634 0.251742 -0.947656 0.196404 -0.0141124 -1.11487e-06 0 0 0
2040 3676 0.408666 -0.5902 -0.696172 -0.00865905 -7.56261e-07 0 0 0
2040 2560 0.708933 0.546496 0.44582 -0.00903937 -7.20431e-07 0 0 0
695 361 0.582465 0.809551 -0.0732239 -0.010968 -6.69769e-07 0 0 0
695 4667 0.451973 -0.65913 0.601056 -0.0336111 -2.10014e-06 0 0 0
2929 2639 -0.0453762 0.521991 0.851743 -0.00618325 -5.17882e-07 0 0 0
2363 1047 0.993313 -0.00662202 0.11526 -0.0027967 -2.3706e-07 0 0 0
2929 2269 0.653094 0.101257 -0.750477 -0.0328762 -2.894e-06 0 0 0
2363 4109 0.290172 0.929343 -0.228303 -0.00265939 -1.93105e-07 0 0 0
4590 1235 0.656878 -0.39979 -0.63928 -0.00500544 -4.23326e-07 0 0 0
4368 3483 0.225247 0.856253 -0.464859 -0.00583333 -4.16228e-07 0 0 -1
4368 3891 0.347218 -0.0735673 -0.934895 -0.0103427 -7.57171e-07 0 0 -1
4368 503 0.603323 0.0629213 0.795011 -0.0160167 -1.15234e-06 0 0 0
4590 4054 0.618153 0.244247 0.747148 -0.00669777 -5.30757e-07 0 0 0
2095 4257 0.476501 -0.0994945 -0.873526 -0.00995067 -9.56054e-07 0 0 0
2095 3669 0.305972 -0.938914 -0.157552 -0.00775928 -6.36432e-07 0 0 0
2311 923 0.326659 0.17592 0.928626 -0.00579689 -4.32547e-07 0 0 0
1410 2133 0.604237 -0.0277002 0.796323 -0.00640168 -5.13272e-07 1 0 0
1410 2063 0.679483 0.733151 -0.0281515 -0.00291579 -2.26442e-07 1 0 0
1290 1092 -0.00938713 -0.455208 -0.890336 -0.00725814 -5.81361e-07 0 0 0
2311 3275 0.186506 -0.652599 -0.734391 -0.00221046 -1.78323e-07 0 0 0
3462 4401 0.274759 0.14785 0.950078 -0.00781909 -6.0925e-07 0 0 1
1290 3437 0.494675 0.861557 0.114089 -0.00304199 -2.31377e-07 1 0 0
1290 5330 0.941551 -0.170644 0.290451 -0.00123473 -9.32077e-08 1 0 0
1548 3526 0.799263 0.600059 -0.0332829 -0.00815384 -6.45409e-07 0 0 0
1077 2326 0.0421924 0.0623817 -0.99716 -0.00683569 -4.65903e-07 1 0 0
1548 251 0.214473 0.605633 0.766296 -0.00912614 -7.69993e-07 0 0 0
1077 3809 0.327935 -0.936693 -0.122739 -0.0233113 -1.57746e-06 1 0 0
1548 3254 0.110962 -0.617741 -0.778514 -0.0121056 -8.45375e-07 0 0 0
1077 5043 0.504123 0.83858 0.206505 -0.0177197 -1.44668e-06 1 0 0
2485 1874 0.36775 -0.478849 0.79716 -0.0100652 -6.3931e-07 0 0 0
2485 4401 0.248452 -0.029188 -0.968204 -0.0162922 -1.30383e-06 0 0 0
2485 3751 0.00221139 -0.815787 -0.578348 -0.0137633 -9.64369e-07 0 0 0
642 3388 0.406413 0.206975 -0.889938 -0.000969005 -7.12653e-08 0 0 0
4875 1051 0.645053 0.707022 0.289873 -0.0141312 -8.4718e-07 0 0 0
4610 3481 0.512677 0.841959 -0.168131 -0.00228051 -1.7845e-07 0 1 0
4610 5226 0.230605 0.195354 -0.953236 -0.0149039 -1.29701e-06 0 1 0
4332 1942 0.04526 0.907211 -0.418233 -0.0221527 -1.79071e-06 0 0 0
5444 1624 0.934711 -0.349855 0.0625871 -0.0145269 -1.28832e-06 0 0 0
3058 178 0.382159 -0.285428 0.878912 -0.0176276 -1.50238e-06 1 0 0
3058 5488 0.392641 0.825009 0.40644 -0.011421 -9.23093e-07 1 0 0
5444 424 0.424893 0.759724 -0.492226 -0.012018 -9.62087e-07 0 0 0
5083 1980 0.245426 -0.182168 0.952145 -0.00795226 -4.87789e-07 0 0 0
3551 51 0.311625 0.171041 -0.934684 -0.00332618 -2.65222e-07 0 0 0
2312 5503 0.88346 0.413071 -0.221068 -0.0204068 -1.44367e-06 0 0 0
2312 3829 0.511083 -0.454519 -0.729525 -0.00280113 -1.95093e-07 0 0 0
3341 3147 0.127009 -0.971771 0.198821 -0.00640809 -5.14549e-07 0 0 0
1938 37 0.893286 0.449441 -0.00650318 -0.00285502 -2.42363e-07 0 0 0
3826 2639 0.0883581 -0.850632 -0.518283 -0.00303727 -2.26424e-07 1 0 0
1938 1179 0.309332 -0.482626 0.819381 -0.00371774 -2.73911e-07 0 0 0
3826 1040 0.62284 0.673905 -0.397395 -0.0019241 -1.54545e-07 0 0 0
1938 4713 0.0458439 0.960184 0.27558 -0.0100624 -8.42797e-07 0 0 0
3388 2536 0.724045 0.653448 -0.220827 -0.0122285 -8.84926e-07 0 0 0
239 1840 0.281723 -0.951291 0.125207 -0.00662787 -4.63886e-07 0 0 0
2712 320 0.70867 0.581299 -0.399848 -0.00902214 -6.74442e-07 0 0 0
2712 4276 0.213319 0.857286 0.468569 -0.0177491 -1.22918e-06 0 0 0
2712 2095 -0.0345741 -0.995459 0.0886929 -0.0181365 -1.49937e-06 0 0 0
4111 2722 0.598912 0.767816 0.227515 -0.0273267 -1.6703e-06 0 0 0
4111 695 0.0222014 -0.216871 -0.975948 -0.0352981 -2.16411e-06 0 0 0
1092 5214 0.428139 -0.331171 -0.840846 -0.0111856 -9.25267e-07 1 0 0
120 3896 0.260478 0.209406 -0.942497 -0.0136357 -1.0837e-06 0 0 0
1092 528 0.994864 0.10096 0.00722322 -0.00828505 -7.519e-07 1 0 0
3071 4382 0.18336 0.668787 0.720488 -0.00929358 -5.96659e-07 0 0 0
3071 178 0.16492 -0.59557 -0.786192 -0.0143842 -1.05872e-06 0 0 0
3071 2274 0.508613 -0.231562 0.829272 -0.00673681 -4.27679e-07 0 0 0
3583 197 0.757848 -0.526451 0.385378 -0.0296187 -2.60306e-06 0 -1 0
3071 3520 0.691422 0.71935 -0.0668676 -0.00636465 -4.9816e-07 0 0 0
3071 3523 0.744612 0.0713488 -0.663673 -0.014811 -1.26032e-06 0 0 0
5371 4576 0.394887 -0.903125 0.168614 -0.00436746 -3.65512e-07 0 0 0
4764 1255 0.210687 0.656264 0.72452 -0.0149313 -1.0716e-06 0 0 0
5371 1942 0.118589 -0.287029 0.950553 -0.0064411 -5.12864e-07 0 0 0
4945 1605 0.826161 -0.149199 -0.543322 -0.00290534 -1.96822e-07 0 0 0
4945 4982 0.730709 0.167867 0.661729 -0.0218446 -1.27292e-06 0 0 0
4945 2750 0.29593 -0.742366 0.601097 -0.0193769 -1.75956e-06 0 0 0
2079 5294 0.340611 0.847837 0.406395 -0.0108801 -8.66493e-07 0 0 0
2079 795 0.440847 -0.115783 0.890083 -0.0203224 -1.5729e-06 0 0 0
4945 5226 0.120519 0.954776 -0.271806 -0.0115897 -7.37181e-07 0 1 0
2079 1645 0.865451 -0.479223 -0.146081 -0.0101999 -7.54549e-07 0 0 0
5006 4785 0.178542 -0.983551 0.0273968 -0.0125173 -7.81084e-07 0 -1 0
2994 2750 0.45243 0.489247 0.745617 -0.018319 -1.49288e-06 0 0 0
5006 3616 0.438233 0.657322 0.61309 -0.0149428 -9.2176e-07 0 0 0
2994 2458 0.377408 -0.898116 -0.225723 -0.0035644 -2.92464e-07 0 0 0
5006 1020 0.615157 -0.208567 -0.760317 -0.0140162 -1.13807e-06 0 -1 0
2994 3147 0.17271 0.44901 -0.876676 -0.0182136 -1.48477e-06 0 0 0
1746 4833 0.837893 0.310873 -0.448657 -0.0153384 -1.15574e-06 0 0 0
3320 857 0.589463 0.15059 -0.793635 -0.0207571 -1.66897e-06 0 0 0
1746 5049 0.456433 -0.512332 -0.727451 -0.00542806 -3.27917e-07 0 0 0
1746 71 0.194814 -0.979768 0.0458406 -0.0153478 -1.22567e-06 0 0 0
4820 1731 0.644622 0.487435 0.588956 -0.00475969 -3.75269e-07 0 0 0
1746 695 0.0588731 -0.134636 0.989145 -0.0535863 -3.33204e-06 0 0 0
282 2522 0.271895 -0.321019 0.907205 -0.0158783 -1.0789e-06 0 0 0
282 2043 0.608181 -0.203998 -0.767138 -0.00757082 -4.73831e-07 0 0 0
1746 2312 -0.0189567 0.798845 -0.601238 -0.0396803 -2.92339e-06 0 0 0
1401 284 0.244565 0.620202 0.745344 -0.0214618 -1.43136e-06 0 0 0
282 2742 0.872107 -0.466374 0.148071 -0.000888722 -5.85319e-08 0 0 0
1401 5517 0.0854208 -0.910604 -0.404356 -0.0164556 -1.27927e-06 0 0 0
3644 2200 0.0975393 0.721969 0.685015 -0.00255083 -2.04063e-07 -1 0 0
3667 4059 0.348848 -0.184375 0.918864 -0.000386872 -3.54699e-08 0 0 1
4446 5458 0.949445 0.228802 -0.214949 -0.0020518 -1.61699e-07 0 0 0
4446 2877 0.538531 -0.756498 0.371073 -0.000980534 -8.82252e-08 0 -1 0
838 2336 0.667352 -0.389788 -0.634592 -0.0142104 -1.18603e-06 0 0 0
396 3262 0.29059 0.448306 -0.845328 -0.0216744 -1.66615e-06 0 0 0
396 1061 0.575974 0.210286 0.789958 -0.0339749 -2.58969e-06 0 0 0
838 1178 0.343213 -0.74459 0.572531 -0.001915 -1.76244e-07 0 0 0
396 2389 0.793924 -0.598645 0.106341 -0.0111293 -1.02458e-06 0 0 0
838 5355 0.260348 0.345997 0.901391 -0.00634526 -5.6774e-07 0 0 0
1126 227 0.166251 0.473914 0.864735 -0.0183664 -1.21402e-06 0 0 0
1126 4066 0.477679 -0.786055 0.392351 -0.0107927 -7.11367e-07 0 0 0
1126 4582 0.783698 -0.333928 -0.523745 -0.00188976 -1.24166e-07 1 0 0
1532 862 0.965659 0.109859 0.235442 -0.0057664 -3.60237e-07 0 0 0
1532 3941 0.304553 -0.364948 0.879807 -0.00712052 -5.14732e-07 0 0 0
1532 3896 0.14677 -0.977928 -0.148709 -0.00449784 -3.68817e-07 0 0 0
5117 3293 0.558801 -0.154428 -0.814796 -0.0135501 -1.16338e-06 0 0 0
5117 381 0.8706 -0.0409736 0.490283 -0.0100047 -7.82719e-07 0 0 0
432 3181 0.811125 0.28044 -0.513254 -0.00729269 -5.16348e-07 0 0 0
432 803 0.114655 -0.760554 0.639071 -0.0106193 -8.88023e-07 0 0 0
2467 4066 0.562912 -0.416402 -0.71396 -0.0207168 -1.68539e-06 0 0 0
2467 2413 0.737084 0.47343 0.482257 -0.0104329 -8.19491e-07 1 0 0
5158 2494 0.137038 0.772185 0.620445 -0.0143682 -1.10125e-06 0 0 0
1110 4333 0.152307 0.197768 -0.968344 -0.00728306 -5.80874e-07 0 0 0
5078 2524 0.348402 -0.842631 -0.410595 -0.00134242 -9.62271e-08 0 0 0
1110 151 0.223778 -0.440311 0.869511 -0.00580668 -4.65124e-07 0 0 0
1110 1645 0.833445 0.378895 0.402253 -0.00733047 -5.57801e-07 0 1 0
4670 4583 0.722681 -0.157809 -0.672926 -0.000999755 -8.13511e-08 0 0 0
4670 2336 0.61261 0.77454 -0.157469 -0.00399664 -2.92665e-07 0 0 0
3172 4997 0.583874 -0.524926 0.619309 -0.0130152 -1.14808e-06 0 0 0
3172 3805 0.733001 0.409791 -0.542938 -0.00679316 -6.34503e-07 0 0 0
2338 4502 0.966806 -0.254521 0.0224614 -0.0320753 -2.18325e-06 0 0 0
2828 2077 0.0678013 -0.0166759 -0.997559 -0.0123421 -9.22643e-07 0 0 0
2338 5198 0.136293 0.383545 0.91341 -0.0114982 -9.40594e-07 0 0 0
2828 316 0.112297 -0.672979 0.731087 -0.00380198 -3.23015e-07 0 0 0
5382 1158 0.874029 0.24882 0.417327 -0.0123151 -7.85141e-07 0 0 0
5382 1585 0.368954 0.904966 -0.211918 -0.00529511 -4.27781e-07 0 0 0
2828 4787 0.859219 -0.343731 -0.378934 -0.00616977 -4.23259e-07 1 0 0
5382 3415 0.198223 0.324462 -0.924896 -0.0389355 -2.85731e-06 0 0 0
2326 198 0.145413 -0.97648 -0.159189 -0.0189226 -1.35451e-06 0 0 0
5382 1853 0.170344 -0.566049 0.80658 -0.0265738 -1.69727e-06 0 0 0
2911 809 0.845809 -0.255593 0.468272 -0.004541 -3.48987e-07 0 0 0
2326 4662 0.821461 0.544596 -0.169167 -0.0156758 -1.15603e-06 0 0 0
2911 5517 0.231609 0.323978 -0.917276 -0.0235753 -1.81223e-06 0 0 0
5413 105 0.46027 0.845366 0.271125 -0.0194146 -1.5456e-06 0 0 0
2639 4653 0.651209 -0.75852 -0.0239613 -0.00395382 -3.3023e-07 0 0 0
5413 872 0.356826 -0.802453 -0.478272 -0.0154794 -1.26969e-06 0 0 0
2481 1590 0.671441 0.734095 -0.101343 -0.00342645 -2.75134e-07 0 0 0
1498 5088 0.226512 0.693313 0.684113 -0.0185446 -1.36349e-06 0 0 0
3994 1378 0.719167 -0.0836088 0.689789 -0.00364296 -3.16261e-07 0 0 0
3994 5198 0.145916 -0.554493 -0.819296 -0.00753384 -6.14547e-07 0 0 0
1557 786 0.554205 0.317874 0.769294 -0.00608898 -4.24452e-07 0 0 0
1557 4796 0.510684 -0.603233 0.612626 -0.00395528 -3.04038e-07 0 0 0
1557 803 0.102654 -0.88133 -0.461214 -0.00757044 -6.53428e-07 0 0 0
1780 1235 0.575777 -0.0573188 0.815595 -0.0114491 -8.06051e-07 0 0 0
770 1601 0.891203 -0.345769 -0.2936 -0.000923444 -6.8606e-08 0 0 0
1780 4939 0.307244 0.681652 -0.664041 -0.0175114 -1.49168e-06 0 0 0
1780 5153 0.194006 -0.895497 0.400558 -0.00700315 -4.39585e-07 0 -1 0
2900 1133 0.682856 -0.253632 0.685112 -0.0193257 -1.55402e-06 0 0 0
2098 2956 0.549626 -0.330451 0.767276 -0.00102597 -8.19179e-08 0 0 0
2098 3906 0.542266 0.805739 -0.238184 -0.000444823 -3.43393e-08 0 0 0
2098 5382 0.13409 -0.365287 -0.921187 -0.00118996 -9.88567e-08 0 0 0
2604 5516 0.92292 0.383887 -0.0291542 -0.0180192 -1.65159e-06 0 0 0
2604 1378 0.661839 -0.146404 -0.73521 -0.0304567 -2.78543e-06 0 0 0
4050 4646 0.54473 -0.725425 0.420746 -0.0175401 -1.3136e-06 0 0 0
2604 1773 0.272404 0.835769 -0.476745 -0.0115091 -8.79108e-07 0 0 0
2967 2456 0.947367 0.0730235 0.311709 -0.0116433 -1.00477e-06 0 0 0
2967 3510 0.515859 0.35972 -0.777491 -0.0169705 -1.52162e-06 0 0 0
2967 786 0.499673 -0.820968 -0.276293 -0.0155476 -1.14518e-06 0 0 0
1517 3273 0.222729 -0.893944 0.388916 -0.00503946 -2.95208e-07 0 0 0
1517 5201 0.35054 0.488023 0.799347 -0.0157002 -1.42475e-06 0 0 0
1517 3920 0.412662 0.769992 -0.486644 -0.00346683 -2.70216e-07 1 0 0
1517 1790 0.689369 -0.200409 -0.696137 -0.00238271 -1.85655e-07 1 0 0
2967 3567 0.321086 -0.0453372 0.945964 -0.0170348 -1.59922e-06 0 0 0
4701 3853 0.156019 0.471681 -0.867857 -0.00504605 -3.72058e-07 1 0 0
5090 2759 0.835657 -0.522062 0.17067 -0.00746293 -5.53291e-07 0 0 0
4701 4692 0.67849 -0.653262 0.336007 -0.0125004 -9.06853e-07 1 0 0
5090 3208 0.75782 0.0527883 -0.650324 -0.00789035 -5.90537e-07 0 0 0
4701 115 0.883535 -0.0832903 -0.4609 -0.00135636 -1.01899e-07 1 0 0
2952 3273 0.332869 -0.737192 -0.588002 -0.0156485 -1.14587e-06 0 0 0
5090 385 0.477413 0.877846 -0.038243 -0.013915 -1.17458e-06 0 0 0
2952 5201 0.491168 0.822978 -0.285415 -0.015866 -1.29578e-06 0 0 0
2952 4859 0.631672 -0.269186 0.727001 -0.00493822 -3.65286e-07 1 0 0
679 4450 0.723232 0.608247 -0.327064 -0.00135389 -1.2416e-07 0 0 0
679 3341 0.188604 0.555197 0.810052 -0.00366428 -2.90727e-07 0 0 1
335 1502 0.832804 0.524349 -0.177472 -0.00906929 -7.61643e-07 1 0 0
2767 2910 0.674422 0.222684 0.703965 -0.0070964 -5.26924e-07 0 0 0
2573 4677 0.126901 0.654736 0.745129 -0.0141538 -1.15724e-06 0 0 0
2573 2755 0.520458 0.828006 -0.208638 -0.0145073 -1.11863e-06 0 0 0
2573 3507 0.723297 -0.430003 -0.540315 -0.0101744 -8.38123e-07 0 0 0
1750 634 0.640184 -0.0155945 -0.768063 -0.00180022 -1.51517e-07 0 0 0
3832 3616 0.476169 -0.877796 -0.0523162 -0.0271715 -2.14925e-06 1 0 0
4591 3254 0.350414 0.455054 -0.818618 -0.0152677 -1.38274e-06 0 0 0
3832 2599 0.736665 -0.15698 0.657786 -0.00821833 -6.7556e-07 1 0 0
3832 680 0.869131 -0.00335913 -0.494571 -0.00386765 -2.74391e-07 1 0 0
4591 2338 0.135298 -0.966456 -0.218305 -0.0087134 -7.12261e-07 0 0 0
4495 432 0.165776 -0.367231 0.915238 -0.00763391 -6.30292e-07 0 0 0
2199 4646 0.403469 0.488823 -0.773476 -0.0259971 -2.11733e-06 0 0 0
2199 3380 0.533208 0.839415 0.105227 -0.0240932 -1.48403e-06 0 0 0
2199 4579 0.649989 -0.639531 0.410505 -0.0120878 -9.89353e-07 0 0 0
4495 4670 0.104044 0.934495 0.340432 -0.00470135 -3.64488e-07 0 0 0
4231 3219 0.943689 0.289202 -0.160666 -0.00141093 -9.96405e-08 0 0 0
4798 4785 0.164576 0.937554 0.306443 -0.0160924 -1.2043e-06 0 0 0
4231 5158 0.0692828 -0.27312 0.959482 -0.0218693 -1.61735e-06 0 0 0
4798 3437 0.332857 -0.715235 0.614528 -0.00610072 -4.2039e-07 0 0 0
4231 2604 0.102725 -0.236804 -0.966111 -0.0244615 -1.87689e-06 0 0 0
3693 1657 0.449159 0.749717 -0.485984 -0.00031104 -1.98987e-08 0 0 0
3963 4595 0.45978 0.549774 -0.697389 -0.00399642 -2.75459e-07 0 0 0
3255 2558 0.27863 -0.916134 0.288207 -0.0154448 -1.24904e-06 0 0 0
5073 564 0.77633 0.629223 0.0372824 -0.0142168 -1.19091e-06 0 0 0
5226 3481 0.223161 0.549941 0.804838 -0.000613542 -5.42457e-08 0 0 0
5073 2363 0.276516 0.338365 -0.899471 -0.00828286 -6.88443e-07 0 0 -1
3840 3437 0.348729 0.368333 -0.861811 -0.00278844 -2.06618e-07 0 0 0
3840 1043 0.576146 -0.761059 0.29807 -0.0182884 -1.31996e-06 0 0 0
3840 2037 0.595574 0.0957957 0.797568 -0.00681729 -5.43606e-07 0 0 0
5073 3341 0.223609 -0.951795 0.209963 -0.00824835 -6.66008e-07 0 -1 0
474 2386 0.96336 0.252235 -0.0911885 -0.00728187 -5.41042e-07 0 0 0
474 4173 0.722725 -0.547869 -0.421317 -0.00368536 -3.19855e-07 0 0 0
474 3415 0.223567 0.604714 0.764421 -0.0242893 -1.85667e-06 0 0 0
4333 3178 0.35572 0.915062 -0.190066 -0.00595048 -4.27261e-07 0 1 0
2159 1299 0.950915 -0.168508 -0.259548 -0.00998064 -5.55299e-07 0 0 0
2159 2134 0.143303 -0.715711 0.683536 -0.0283103 -2.02283e-06 0 0 0
2159 2702 0.113457 0.989293 0.0917928 -0.015927 -1.14331e-06 0 0 0
4945 3341 -0.065178 0.0788258 -0.994755 -0.00455129 -3.69499e-07 0 0 0
2160 2884 0.0866428 -0.287511 0.95385 -0.010717 -7.30595e-07 0 0 0
2160 5167 0.436623 -0.114513 -0.892327 -0.0123822 -8.11709e-07 0 0 0
3189 4014 0.556169 -0.0944913 0.82568 -0.0241191 -1.81239e-06 0 0 1
2032 2774 0.120969 -0.755302 -0.644116 -0.000233217 -1.76302e-08 0 0 0
573 882 0.756498 0.582357 0.297608 -0.00115471 -8.56231e-08 0 0 0
4433 1138 0.971688 0.0812217 -0.221868 -0.00767028 -5.32751e-07 0 0 0
629 4387 0.145709 -0.236262 -0.960703 -0.00553021 -3.85729e-07 1 0 0
3384 1428 0.153604 0.551326 0.820028 -0.0178139 -1.47995e-06 0 0 0
3384 5088 0.195257 -0.543192 -0.816589 -0.0227506 -1.64252e-06 0 0 0
2547 3561 0.840324 0.322952 0.435382 -0.00323211 -2.07411e-07 0 0 0
2547 1578 0.459013 0.84323 -0.27977 -0.0208608 -1.49364e-06 0 0 0
629 4427 0.642437 -0.0659609 0.763495 -0.0173087 -1.40902e-06 1 0 0
629 754 0.93688 0.0861087 -0.338881 -0.000334958 -2.47622e-08 1 0 0
198 3809 0.125959 0.027362 0.991658 -0.0254017 -1.8131e-06 0 0 0
2547 5355 0.220019 -0.338796 -0.914773 -0.0082271 -4.99108e-07 0 0 0
198 4471 0.409758 -0.776545 -0.478619 -0.0168324 -1.01037e-06 0 0 0
198 2511 0.416254 0.66288 -0.622353 -0.00768647 -4.82271e-07 0 0 -1
198 547 0.677815 0.572894 0.460825 -0.00629077 -3.97371e-07 0 0 0
2776 4840 0.240705 0.400574 -0.884082 -0.00181842 -1.60029e-07 0 0 0
1361 4450 0.65328 0.533835 0.536885 -0.0177425 -1.29889e-06 0 0 0
5206 3846 0.225645 -0.60769 -0.761444 -0.0191965 -1.14395e-06 1 0 0
5206 4234 0.293908 -0.262931 0.918959 -0.00507911 -3.3574e-07 1 0 0
5206 2449 0.446784 0.688429 0.571358 -0.00700362 -5.15933e-07 0 0 0
5206 470 0.620277 0.351108 -0.701413 -0.0123861 -8.30286e-07 1 0 0
5206 5145 0.673164 -0.719549 0.170587 -0.00152412 -9.41812e-08 1 0 0
1361 4139 0.410752 -0.0819853 -0.908054 -0.0287579 -2.01923e-06 0 0 0
4438 4531 -0.0880115 -0.87783 -0.470818 -0.0086132 -7.52681e-07 1 0 0
4438 1852 0.26129 0.851284 0.455021 -0.00586486 -4.71153e-07 1 0 0
4438 4903 0.615416 0.646971 -0.450213 -0.00917412 -7.86464e-07 1 0 0
4438 55 0.714519 -0.151772 0.682956 -0.0103848 -7.03099e-07 1 0 0
4438 539 0.942544 -0.191768 -0.273562 -0.00559653 -4.48493e-07 1 0 0
1361 679 -0.0332842 -0.0463998 0.998368 -0.0120184 -9.92114e-07 0 0 0
3126 3110 0.864814 0.44538 -0.231805 -0.0285984 -1.90591e-06 0 0 0
3126 74 0.37315 0.516597 0.770641 -0.0150019 -1.0469e-06 0 0 0
3126 1097 0.277323 -0.899955 0.336413 -0.0203623 -1.45955e-06 0 0 0
778 4565 0.82171 0.0586742 -0.566878 -0.00620357 -5.68553e-07 0 0 0
2238 391 0.0338592 -0.955872 -0.291825 -0.0227275 -1.45304e-06 0 0 -1
3389 711 0.46022 -0.577411 -0.674385 -0.00865753 -6.89925e-07 0 0 0
3389 2433 0.368995 0.588443 0.719429 -0.0136166 -1.05428e-06 0 0 0
2238 167 0.687937 0.671015 -0.276554 -0.00905641 -5.07527e-07 0 0 -1
2238 1653 0.728551 0.205225 0.653526 -0.0037576 -2.17351e-07 0 0 0
2238 4721 0.782697 -0.469259 -0.408879 -0.00197642 -1.77707e-07 0 0 -1
4484 4461 0.29959 -0.794426 -0.52833 -0.0033024 -2.55595e-07 1 0 0
3389 257 0.275173 0.727692 -0.628287 -0.00887881 -6.86584e-07 0 0 0
2774 1532 0.227093 -0.682288 0.694919 -0.0106083 -8.73841e-07 0 0 0
4965 321 0.835146 0.210491 -0.508159 -0.000161548 -1.34183e-08 0 0 0
4531 5350 0.163137 -0.847093 -0.505787 -0.0149103 -1.2869e-06 0 0 0
4531 1728 0.56707 0.353798 -0.743814 -0.00446857 -4.3815e-07 0 0 0
4965 3208 0.822107 0.160016 0.546384 -0.0164612 -1.24534e-06 0 0 1
2055 1853 0.326074 0.896453 0.300081 -0.000600792 -4.47969e-08 0 0 0
2055 1746 0.217426 -0.86116 -0.459487 -0.0170596 -1.31617e-06 0 0 0
1862 5092 0.74247 0.546212 -0.387802 -0.0156189 -1.30243e-06 0 0 0
1862 3906 0.622255 -0.778748 -0.0796903 -0.00800677 -6.35484e-07 0 0 0
3713 799 0.963115 0.268206 0.0217916 -0.0116058 -6.51566e-07 0 0 0
5074 2522 0.221318 0.891783 0.394641 -0.0148082 -1.03345e-06 0 0 0
3713 3481 0.429414 -0.595985 -0.678531 -0.00415727 -3.9952e-07 0 0 0
3713 2091 0.426 -0.816488 0.389706 -0.0233749 -2.26805e-06 0 0 0
3713 1260 0.370091 0.674443 -0.638874 -0.00444942 -3.06703e-07 0 0 0
3713 3256 0.335362 0.836853 0.432677 -0.00710157 -5.08852e-07 0 0 0
3713 4446 -0.0694498 -0.342665 0.936887 -0.00304614 -2.90662e-07 0 0 0
3713 4967 -0.189849 0.0841147 -0.978203 -0.00596923 -5.91417e-07 0 0 0
2884 3244 0.380908 -0.567812 -0.729725 -0.00685229 -6.20186e-07 0 0 0
2884 3050 0.477932 0.0284646 0.877936 -0.0160268 -1.34675e-06 0 0 0
815 4516 0.809916 -0.314635 -0.495017 -0.0194853 -1.66243e-06 0 -1 0
815 2604 0.0294597 0.837461 0.545702 -0.0203207 -1.23146e-06 0 0 0
78 2658 0.843474 0.534679 0.051678 -0.0162739 -1.46749e-06 0 0 0
78 424 0.656653 -0.660433 -0.364192 -0.0254437 -2.05291e-06 0 0 0
2884 4309 0.994516 -0.0602322 0.0854992 -0.00621083 -4.76125e-07 0 0 0
4520 151 0.0663264 0.496068 0.865747 -0.00540584 -3.65606e-07 0 0 0
4520 3933 0.211205 0.0111044 -0.977379 -0.0102567 -7.4362e-07 0 0 0
4520 2243 0.585654 -0.556496 0.589339 -0.00302163 -2.17443e-07 0 0 0
2992 3785 0.704994 0.337522 0.623749 -0.0307294 -2.22083e-06 0 0 0
4520 5144 0.80275 0.591043 -0.079118 -0.00569585 -4.87005e-07 0 0 0
2992 4610 0.189239 0.822349 -0.536592 -0.0138024 -1.11622e-06 0 0 0
2524 1120 0.929276 0.17009 0.327897 -0.00477669 -3.94224e-07 0 0 0
4677 3079 0.543833 -0.689932 0.477744 -0.0106677 -7.48546e-07 0 0 0
2524 1300 0.667136 -0.0727998 -0.74137 -0.00540525 -4.24252e-07 0 0 0
2524 803 0.169958 0.75211 -0.636746 -0.0135762 -1.21063e-06 0 0 0
1722 2200 -0.0280276 -0.935432 -0.352394 -0.00284275 -2.22129e-07 -1 0 0
1722 2909 0.106355 0.34542 -0.932402 -0.0029303 -2.38832e-07 0 0 0
5369 1578 0.587697 -0.026945 -0.808633 -0.0115461 -8.03363e-07 0 0 0
1722 5214 0.212395 0.766442 0.606181 -0.00180345 -1.35961e-07 0 0 0
5369 3557 0.30522 -0.461557 0.83295 -0.0237923 -2.02064e-06 0 0 0
5369 5444 0.177937 0.522522 0.833852 -0.022301 -1.8255e-06 0 0 0
2793 2687 0.986112 0.136669 -0.0943658 -0.00798799 -5.36213e-07 0 0 0
2793 1179 0.602595 -0.782104 -0.158723 -0.0146108 -1.01325e-06 0 0 0
2793 4139 0.454745 -0.0896041 0.886103 -0.0419156 -2.92601e-06 0 0 0
1751 4216 0.929288 0.368538 0.0245708 -0.000175435 -1.18133e-08 0 0 0
1852 3835 0.674281 0.652355 -0.34609 -0.000938684 -7.81758e-08 0 0 0
1751 4809 0.511753 -0.21134 0.832733 -0.0131101 -9.2692e-07 0 0 0
5045 4603 0.894737 -0.168957 -0.4134 -0.00959816 -6.80998e-07 0 0 0
2643 2366 0.593261 -0.804959 -0.00904195 -0.00712993 -6.75663e-07 0 0 0
2643 74 0.303293 0.796239 -0.523466 -0.0122968 -6.93189e-07 0 0 0
3483 1776 0.101055 0.591955 -0.799611 -0.00647712 -4.2321e-07 0 0 0
3483 3891 0.123115 -0.876828 -0.464775 -1.22527e-05 -8.0724e-10 0 0 0
3483 3488 0.309613 0.844413 0.437157 -0.00329162 -2.26117e-07 0 0 1
3483 465 0.724591 -0.623542 0.293536 -0.00802317 -5.44933e-07 0 0 0
2222 2750 0.428605 0.085902 -0.899399 -0.0259172 -2.40147e-06 0 0 0
2200 3391 0.243153 -0.234609 0.941188 -0.0174472 -1.57843e-06 1 0 0
2222 2995 0.388568 0.474651 0.78976 -0.00875646 -5.30371e-07 0 0 0
2200 5351 0.791969 0.135642 -0.595303 -0.0179685 -1.49126e-06 1 0 0
2222 474 0.00733009 -0.508676 0.860927 -0.0211628 -1.29319e-06 0 0 0
3370 3846 0.164063 -0.701588 0.693439 -0.00334417 -2.04587e-07 0 0 0
3426 166 0.148205 -0.595489 -0.789575 -0.00305402 -2.27602e-07 0 0 0
2222 2992 -0.108926 0.91106 -0.397624 -0.0172589 -1.37892e-06 0 0 0
3370 470 0.546669 0.22795 0.805725 -0.0103732 -7.14171e-07 0 0 0
3370 1657 0.616836 -0.389375 -0.684032 -0.00832311 -5.40613e-07 0 0 0
3421 1069 0.878352 0.475577 -0.0482008 -0.0105314 -7.02434e-07 0 0 0
2909 1255 -0.0125335 0.879904 -0.474987 -0.00244774 -1.84501e-07 0 0 0
3421 4137 0.520456 0.043556 0.852777 -0.0143248 -9.07508e-07 0 0 0
2738 4450 0.679295 -0.372936 0.632042 -0.0288642 -2.04579e-06 0 0 0
2738 3474 0.599693 0.640275 -0.480016 -0.000391212 -2.838e-08 0 1 0
2738 2363 0.226844 0.610927 0.758492 -0.00950699 -6.61716e-07 0 1 0
2738 1361 0.0339036 -0.993459 0.109044 -0.018882 -1.26523e-06 0 0 0
2909 2689 0.979514 -0.177346 -0.0954002 -0.00138208 -1.11515e-07 0 0 0
4785 2150 0.055417 -0.273167 -0.960369 -0.031213 -1.75081e-06 0 0 0
4785 622 -0.00337062 0.288681 0.957419 -0.0318513 -2.9581e-06 0 0 0
4785 5238 0.184703 -0.792927 0.580648 -0.0159782 -1.36054e-06 0 0 0
1036 2712 0.297081 -0.382338 0.874963 -0.00228183 -1.88341e-07 0 0 0
1036 2524 0.175739 0.4094 -0.89527 -0.0114274 -1.05457e-06 0 0 0
1356 2065 0.971179 0.0798628 -0.224573 -0.00539418 -3.80188e-07 0 0 0
4785 311 0.82359 0.567167 0.00463045 -0.0163868 -1.46659e-06 0 0 0
1718 1892 0.554017 0.139009 0.820817 -0.007298 -5.71022e-07 0 0 0
2980 316 -0.00557679 0.126117 -0.992 -0.00607546 -5.15556e-07 -1 0 0
5521 1368 0.601412 -0.293445 -0.743098 -0.00729578 -6.10989e-07 0 0 0
2980 2659 0.408041 -0.856277 0.316689 -0.0045822 -3.06763e-07 0 0 0
5521 390 0.368664 0.903254 0.219591 -0.00501671 -3.90592e-07 0 0 0
5521 2159 0.234903 -0.00144696 0.972018 -0.013078 -1.18792e-06 0 0 0
4390 5092 0.635964 -0.463936 -0.616695 -0.0201607 -1.36061e-06 0 -1 0
4390 4884 0.614556 -0.197629 0.763717 -0.0145943 -1.00418e-06 0 -1 0
2980 5347 0.966941 0.193511 0.166068 -0.0167699 -1.08259e-06 0 0 0
3319 1980 0.0908307 -0.577463 -0.811349 -0.0104573 -6.48523e-07 0 0 0
3319 1250 0.0224254 0.935163 -0.353508 -0.00288122 -2.26014e-07 -1 0 0
3319 3422 0.279205 -0.0650213 0.958028 -0.0160902 -1.10139e-06 -1 0 0
4390 4590 0.18736 0.74718 -0.637666 -0.00331562 -2.87687e-07 0 0 0
4390 1718 -0.0441591 0.570162 0.820345 -0.0326034 -2.51957e-06 0 0 0
2077 4149 0.143414 -0.989653 -0.0044184 -0.00335951 -2.52105e-07 1 0 0
5205 3254 0.458072 -0.795195 0.397285 -0.00714391 -6.60819e-07 0 0 0
2077 2541 0.77911 0.292122 -0.554664 -0.012542 -9.31552e-07 1 0 0
5205 120 0.271848 0.421791 -0.86498 -0.013 -1.0099e-06 0 0 0
1111 5213 0.460747 -0.367128 0.80804 -0.0125269 -9.9104e-07 0 0 0
1111 4111 0.348048 -0.838724 -0.418813 -0.00941462 -7.73901e-07 0 0 0
1012 3037 0.724008 -0.350802 0.593928 -0.018349 -1.45669e-06 0 0 0
151 4565 0.61819 -0.420869 0.66386 -0.00626455 -4.17618e-07 0 0 0
1012 309 0.32008 0.946912 0.0301116 -0.0112632 -9.54618e-07 0 0 0
5076 1261 0.943214 -0.0346111 0.330378 -0.00262559 -2.18402e-07 0 0 0
5076 5464 0.652512 0.439267 -0.617472 -0.0282049 -2.29698e-06 0 0 0
1909 316 -0.0132293 0.680155 0.732949 -0.00241626 -2.03604e-07 -1 0 0
1909 4149 0.0866268 0.274754 -0.957604 -0.00305654 -1.99737e-07 0 0 0
1909 1723 0.331592 -0.701743 -0.630558 -0.00116711 -8.26715e-08 0 0 0
1909 2194 0.426851 -0.156734 0.890636 -0.00134146 -8.72896e-08 0 0 0
5076 1498 0.148969 -0.0460045 0.987771 -0.0154457 -1.12585e-06 0 0 0
5076 1751 0.0742976 -0.807638 -0.584979 -0.0208932 -1.4853e-06 0 0 0
4297 1078 0.447928 0.688884 0.569911 -0.0106177 -6.86767e-07 0 0 0
4297 1750 0.0799977 -0.739842 -0.668007 -0.00590836 -4.36244e-07 0 0 0
2268 1911 -0.0305791 0.350334 -0.936126 -0.0223094 -1.73728e-06 0 0 0
3124 2290 0.319994 -0.644027 -0.694862 -0.0235059 -1.88248e-06 0 0 0
2268 4891 0.504413 -0.386384 -0.772189 -0.010228 -7.79861e-07 0 0 0
2268 2324 0.610315 0.694056 -0.38184 -0.0110519 -9.06656e-07 0 0 0
783 4291 0.915069 0.166741 0.367214 -0.00628752 -5.14292e-07 0 0 0
783 3272 0.682199 0.655451 -0.324021 -0.0146928 -1.16964e-06 0 0 0
783 4332 0.126537 -0.676177 -0.725791 -0.0219504 -1.86621e-06 0 0 -1
1754 2979 0.455768 0.530295 -0.714887 -0.0111512 -9.032e-07 0 0 0
1754 4713 0.417783 0.161297 0.894115 -0.0108929 -8.4636e-07 0 0 0
3313 3050 0.667016 -0.743169 0.0528161 -0.000469718 -3.58468e-08 0 0 0
1754 1938 0.328708 -0.779829 0.532745 -0.00329684 -2.43681e-07 0 0 0
5268 301 0.692715 -0.2389 0.680495 -0.0116155 -9.30216e-07 0 0 0
5268 3567 0.598097 -0.783963 -0.166381 -0.0118452 -1.01921e-06 0 0 0
5350 1860 0.659932 -0.172648 -0.73122 -0.0178816 -1.47259e-06 0 -1 0
5268 4417 0.597646 0.601918 -0.529636 -0.00947544 -7.55881e-07 0 0 0
1469 2312 0.369834 -0.413129 0.832194 -0.0353963 -2.86708e-06 0 0 0
1469 474 0.248539 0.890545 -0.380996 -0.0212013 -1.86037e-06 0 0 0
3682 1020 0.509605 0.240276 0.826178 -0.00993325 -7.55732e-07 0 0 0
3682 5375 0.713561 -0.596173 -0.367978 -0.0164342 -1.28625e-06 0 0 0
213 5488 0.100961 -0.933135 -0.34506 -0.0124044 -9.2659e-07 0 0 0
213 1043 0.505941 0.532548 0.67854 -0.0245632 -1.91233e-06 0 0 0
4228 5400 0.53645 -0.843659 -0.0214439 -0.023739 -1.71737e-06 0 0 0
4228 4276 0.490142 0.632681 -0.599564 -0.0163976 -1.1537e-06 0 0 0
2032 5243 0.72668 0.503381 0.467486 -0.0176018 -1.50561e-06 0 0 0
4302 5488 -0.0170441 0.056451 0.99826 -0.00364633 -3.08841e-07 0 0 0
5328 4137 0.683736 -0.235636 -0.690638 -0.00333347 -2.41811e-07 0 0 0
4302 3117 0.584356 0.0567972 -0.809507 -0.00364636 -2.71951e-07 0 0 0
5328 4026 0.540731 0.518835 0.662133 -0.00319491 -2.2554e-07 0 0 0
391 3170 0.058664 -0.761282 -0.645761 -0.0244633 -1.61458e-06 0 0 0
391 490 0.234011 -0.513907 0.825311 -0.00491694 -4.4743e-07 0 0 1
4051 4416 0.740011 -0.656767 -0.145053 -0.00371859 -2.99189e-07 0 0 0
391 4721 0.784801 0.612799 -0.0925492 -0.00236317 -2.01756e-07 0 0 0
391 5447 0.854201 -0.247973 -0.457001 -0.0202258 -1.41265e-06 0 0 0
4051 3213 0.554053 0.0635834 -0.83005 -0.0151829 -1.21602e-06 0 0 0
1980 2800 0.440652 0.83542 -0.328481 -0.00168335 -1.24838e-07 0 0 0
4051 573 0.174925 -0.601551 0.779447 -0.0119884 -9.86416e-07 0 0 1
1980 1283 0.897943 -0.438153 -0.0414779 -0.0115425 -6.26779e-07 0 0 0
4875 1040 0.473314 -0.880841 0.0096941 -0.00026253 -1.68169e-08 0 0 0
3048 4134 0.903384 -0.400694 0.152783 -0.0030163 -2.35029e-07 0 0 0
227 2413 0.496008 -0.421591 0.759103 -0.0295776 -2.02714e-06 1 0 0
3048 2089 0.655254 0.122382 -0.745429 -0.0119939 -9.57525e-07 0 0 0
2256 321 0.905604 0.0429932 0.421939 -0.00173268 -1.3447e-07 0 0 0
406 721 0.115221 0.36014 0.925755 -0.0024557 -1.56056e-07 0 0 0
468 18 0.10123 0.521059 0.847496 -0.021591 -1.76697e-06 0 0 0
468 2597 0.0338 0.254271 -0.966542 -0.00690278 -5.63671e-07 0 0 -1
468 3900 0.186245 0.961452 -0.202294 -0.00863261 -6.49363e-07 0 0 0
468 167 0.83077 -0.460828 -0.312184 -0.0123411 -1.06054e-06 0 0 -1
775 3037 0.878975 0.151408 -0.452193 -0.00506131 -3.77579e-07 0 0 0
775 3977 0.378185 -0.765957 -0.51989 -0.0117057 -8.93967e-07 0 0 0
3258 3276 0.367594 -0.85572 -0.364169 -0.0116979 -9.69314e-07 0 0 0
3258 834 0.430229 0.590266 -0.683 -0.0109669 -8.43631e-07 0 0 0
644 2922 0.664319 0.342804 -0.664203 -0.00435266 -3.35571e-07 0 0 0
3258 836 0.975929 -0.200623 0.0855147 -0.00800132 -6.00704e-07 0 0 0
644 3462 0.269608 -0.935889 0.226767 -0.00677502 -4.14168e-07 0 0 0
4399 1852 0.277941 -0.467601 0.839105 -0.0019118 -1.52864e-07 1 0 0
644 4965 -0.0113766 0.873178 0.487269 -0.00544221 -4.65678e-07 0 0 0
4399 4903 0.671079 -0.725868 -0.150891 -0.0195919 -1.52445e-06 1 0 0
458 4391 0.880714 0.360599 0.307102 -0.00533106 -3.00214e-07 0 0 0
18 781 -0.0374324 -0.307404 0.950843 -0.0217803 -1.86801e-06 0 0 0
458 634 0.595027 -0.539662 0.595574 -0.0156567 -1.50597e-06 0 0 0
458 3421 0.0309743 0.977853 0.206986 -0.00738048 -4.86849e-07 0 0 0
458 1111 -0.0852076 -0.941334 -0.326543 -0.0156068 -1.33733e-06 0 0 0
3108 2967 0.354103 -0.90894 -0.220088 -0.010097 -9.42484e-07 0 0 0
18 717 0.910387 -0.31565 -0.267509 -0.00831918 -5.92702e-07 0 0 0
3108 2547 0.261998 0.67589 -0.688861 -0.0182763 -1.59583e-06 0 0 0
3108 5268 0.138037 -0.257753 0.9563 -0.019636 -1.68006e-06 0 0 0
3853 901 0.325099 -0.824105 -0.463854 -0.00617471 -4.59973e-07 0 0 0
3853 4475 0.351242 0.925158 0.143915 -0.00421048 -3.16995e-07 0 0 0
5254 4100 0.903955 -0.32165 0.281792 -0.00308255 -2.33698e-07 0 0 0
3338 1350 0.891974 -0.449046 -0.052346 -0.0173689 -1.3221e-06 0 0 0
3338 1826 0.763515 0.636856 0.10705 -0.00351008 -2.91594e-07 0 0 0
3338 3124 0.0387783 -0.919092 -0.392129 -0.0196193 -1.46245e-06 0 0 0
302 1469 0.049854 0.900513 0.431962 -0.000700023 -5.37376e-08 0 0 0
4387 4859 0.451238 0.306231 -0.838216 -0.00567729 -3.85058e-07 0 0 0
487 3557 0.508831 -0.445013 -0.736922 -0.0057637 -4.66347e-07 0 0 0
487 5444 0.373433 0.588128 -0.717393 -0.0114255 -8.90538e-07 0 0 0
2016 4239 0.7492 -0.600062 -0.280401 -0.00968412 -8.29394e-07 0 0 0
2016 71 0.395513 0.904863 -0.157454 -0.0102934 -8.47399e-07 0 0 0
2016 3910 0.367904 -0.423051 0.828054 -0.0244552 -1.36022e-06 0 0 0
2016 4433 0.0431365 0.700843 0.71201 -0.0152476 -1.09277e-06 0 0 0
1432 3910 0.591251 0.514474 -0.621078 -0.00734906 -6.81929e-07 0 0 0
1432 4495 0.200923 0.549104 0.811243 -0.00728648 -5.59322e-07 0 0 0
3356 1879 0.774109 -0.0641407 0.629795 -0.00582782 -4.52881e-07 0 0 0
2038 4234 0.173433 0.0155173 -0.984723 -0.00270445 -1.82006e-07 1 0 0
3356 3462 0.433712 0.875936 0.211256 -0.00526939 -4.25337e-07 0 0 0
2038 2157 0.492447 -0.835696 -0.243121 -0.00992612 -7.96315e-07 1 0 0
3356 2643 0.236575 -0.919806 -0.313031 -0.0135538 -1.13435e-06 0 0 0
2167 304 0.892013 0.304235 -0.334295 -0.00427432 -3.04302e-07 0 0 0
2167 711 0.494796 -0.528869 0.689547 -0.00917725 -7.88339e-07 0 0 0
1911 2833 0.0338725 0.976135 0.214508 -0.00823901 -6.80607e-07 0 0 0
2167 257 0.321009 0.685966 0.652995 -0.0232171 -1.62956e-06 0 0 0
1911 4891 0.580679 -0.7965 0.16852 -0.0108981 -7.88591e-07 0 0 0
1911 2324 0.696729 0.368471 0.615466 -0.00513538 -3.8774e-07 0 0 0
1911 1954 0.954725 0.0305962 -0.295912 -0.0143606 -1.06305e-06 0 0 0
4639 854 0.207716 0.883672 -0.419496 -0.00371966 -3.54197e-07 0 0 0
4639 599 0.221126 -0.0590569 0.973455 -0.00368604 -3.03158e-07 0 0 0
2167 2485 0.365177 -0.677266 -0.638715 -0.0260222 -1.77963e-06 0 0 0
2856 1133 0.941378 0.250449 -0.226016 -0.00715705 -6.53656e-07 0 0 0
4639 69 0.886491 -0.11295 -0.448749 -0.00223371 -1.81259e-07 0 0 0
2856 370 0.563824 -0.111821 0.81829 -0.0120767 -1.04927e-06 0 0 0
2856 1356 0.183041 -0.730392 -0.658045 -0.0136334 -1.15177e-06 0 0 0
2150 5375 0.509147 0.44328 -0.737748 -0.00932906 -8.18505e-07 0 0 0
2150 1021 0.729596 -0.263363 0.631134 -0.0167679 -9.76495e-07 0 0 0
4719 301 0.743815 0.6622 0.0907148 -0.00734687 -5.84446e-07 0 0 0
4719 3124 -0.0227613 -0.739516 0.672755 -0.00062397 -5.00073e-08 0 0 0
1776 1394 -0.0342899 0.871637 0.488951 -0.0266455 -2.10181e-06 0 0 0
1776 2333 0.641345 -0.582573 -0.499285 -0.00713447 -5.00525e-07 0 0 0
1776 721 0.716849 0.411203 -0.563062 -0.00269163 -1.72269e-07 0 0 0
1776 4934 0.791772 0.440582 0.423067 -0.0208759 -1.51336e-06 0 0 0
4719 5268 0.0435835 0.834643 -0.549064 -0.00693995 -4.43665e-07 0 0 0
4382 2274 0.33909 -0.933541 0.116276 -0.00152919 -9.47545e-08 0 0 0
431 1942 0.472955 -0.73261 -0.489485 -0.0267937 -2.09922e-06 0 0 -1
431 1751 0.213297 0.510851 0.832788 -0.0217924 -1.86294e-06 0 0 0
431 783 0.221769 -0.683792 0.69516 -0.00829897 -7.78888e-07 0 0 0
4165 5092 0.819149 -0.450355 0.355211 -0.00254946 -1.9056e-07 0 -1 0
1255 2788 0.351217 -0.0219163 0.936038 -0.0134873 -1.01718e-06 0 0 0
4165 5153 0.52593 -0.54782 -0.650608 -0.0100424 -7.80596e-07 0 -1 0
1255 2205 0.747752 0.514047 -0.420265 -0.00878825 -7.41816e-07 0 0 0
1255 354 0.791484 -0.484428 -0.37267 -0.0117743 -8.74121e-07 0 0 0
4165 4390 0.140841 0.0414237 0.989165 -0.0178358 -1.36402e-06 0 0 0
2831 4356 0.747628 -0.510779 0.424449 -0.00936307 -8.32349e-07 0 0 0
2831 2921 0.624942 0.391911 0.675169 -0.0175085 -1.0451e-06 0 0 0
2831 2911 0.0942932 0.0792345 -0.992386 -0.0214213 -1.86059e-06 0 0 0
3391 5201 0.17256 -0.875003 0.452319 -0.00428306 -3.91876e-07 -1 0 0
3391 3920 0.242526 -0.536517 -0.808289 -0.00202204 -1.58705e-07 0 0 0
3391 3117 0.48622 0.870966 -0.0707782 -0.00988922 -7.62358e-07 0 0 0
2831 2774 0.0144583 -0.456267 0.889725 -0.0103471 -8.66684e-07 0 0 0
5012 3176 0.87586 0.46236 -0.138177 -0.0179891 -1.22054e-06 0 0 0
5012 4059 0.367861 -0.92767 0.0640798 -0.0334697 -2.97187e-06 0 0 0
5012 4967 0.0351025 -0.573818 0.81823 -0.00596931 -5.36453e-07 0 0 0
5294 795 0.0816877 -0.899818 0.42855 -0.00769316 -4.9782e-07 0 0 0
5294 3926 0.335762 -0.395784 -0.854762 -0.018831 -1.3725e-06 0 0 0
4535 71 0.631029 0.327802 0.703099 -0.00893599 -6.39005e-07 0 0 0
5294 2349 0.838857 -0.300784 0.453704 -0.00420734 -2.83495e-07 0 0 0
4535 2433 0.504396 -0.00752769 -0.86344 -0.0402108 -2.93177e-06 0 0 0
4535 2016 0.152656 -0.620883 0.768895 -0.0168689 -1.3877e-06 0 0 0
701 4730 0.654557 -0.155566 0.739834 -0.00333005 -2.641e-07 0 0 0
3676 2354 0.485218 0.0671625 -0.87181 -0.00774485 -5.14357e-07 -1 0 0
701 4713 0.530639 -0.268892 -0.803815 -0.0138784 -1.04708e-06 0 0 0
701 2793 0.17208 -0.985043 0.00885875 -0.00250962 -1.90394e-07 0 0 0
5247 2091 0.914939 0.309712 0.258778 -0.000494554 -3.94003e-08 0 0 0
3676 1429 0.992784 0.116592 0.0280474 -0.00391352 -2.78328e-07 0 0 0
5247 4610 0.407066 -0.267632 -0.87331 -0.000512367 -3.97502e-08 0 -1 0
316 2194 0.476692 -0.845954 0.239011 -8.05256e-05 -6.82998e-09 1 0 0
1521 2995 0.592212 -0.399 -0.70006 -0.0256193 -1.64456e-06 0 0 0
1521 5153 0.437444 0.81618 0.377484 -0.00231461 -1.45817e-07 0 0 0
1105 3545 0.576431 0.180514 -0.796958 -0.00203526 -1.65004e-07 0 0 0
1105 1452 0.450477 -0.0127271 0.892697 -0.018972 -1.3212e-06 0 0 0
3667 564 0.739506 -0.629887 0.23743 -0.0101464 -7.14823e-07 0 0 1
3667 4109 0.578901 -0.0409233 -0.81437 -0.0161852 -1.24977e-06 0 0 0
1843 1002 0.844883 0.279828 -0.455927 -0.00961092 -5.72246e-07 0 0 0
3274 854 0.169786 -0.169422 0.970808 -0.0302765 -2.69687e-06 0 0 0
3274 3568 0.143661 -0.962248 0.231173 -0.000762922 -5.98127e-08 0 0 0
3274 857 0.368483 0.917986 -0.146705 -0.00492715 -4.21582e-07 0 0 0
1091 385 0.587134 -0.0774796 -0.805774 -0.0162207 -1.13184e-06 0 0 0
1091 4729 0.352427 0.492597 0.795703 -0.0154783 -1.27227e-06 0 0 0
2368 1773 0.645618 0.0291201 0.763105 -0.0131592 -9.73108e-07 0 0 0
178 3843 0.350944 -0.661978 -0.662286 -0.0142915 -1.08087e-06 0 0 0
2368 3994 0.308609 -0.937455 -0.161053 -0.00689772 -5.28168e-07 0 0 0
178 3523 0.6277 0.759322 0.171529 -0.0137698 -1.06916e-06 0 0 0
1888 295 0.529183 0.511846 -0.676741 -0.00363097 -2.8424e-07 0 0 0
1888 4138 0.521685 0.42147 0.74176 -0.0120908 -9.8428e-07 0 0 0
1888 775 -0.0242659 -0.313687 -0.949216 -0.0204445 -1.46031e-06 0 0 0
2088 5360 0.610389 0.363188 -0.703932 -0.0130399 -8.9352e-07 0 0 0
2088 4729 0.326054 -0.536511 -0.77836 -0.0318424 -2.67511e-06 0 0 0
2088 474 0.196685 0.823738 0.531762 -0.0150413 -9.65033e-07 0 0 0
3891 3405 0.190271 -0.336787 -0.922156 -0.0244058 -1.48864e-06 0 -1 0
2088 1469 -0.0328673 0.0177415 0.999302 -0.0302695 -2.57298e-06 0 0 0
3891 465 0.581525 0.286951 0.761241 -0.0161174 -1.12271e-06 0 0 0
2088 302 -0.0775166 -0.792063 0.605498 -0.00719825 -6.14207e-07 0 0 0
3891 3645 0.741953 -0.662938 -0.10009 -0.00632943 -5.16286e-07 0 -1 0
2025 4100 0.673679 -0.133297 -0.726903 -0.017257 -1.29271e-06 0 0 0
2025 4576 0.459917 0.836747 -0.297203 -0.0148723 -1.01495e-06 0 0 0
4149 1852 0.109306 -0.519559 -0.847414 -0.00663911 -5.39e-07 0 0 0
2025 4332 0.193163 0.737872 0.646709 -0.0342728 -2.9352e-06 0 0 0
4149 4787 0.670761 0.545455 0.502553 -0.00506437 -3.44617e-07 0 0 0
2025 4051 -0.127833 -0.990618 0.0483184 -0.0321206 -3.10736e-06 0 0 0
3604 190 0.546075 0.58178 -0.602772 -0.00824978 -5.80297e-07 0 0 0
3604 1097 0.461188 0.799151 0.385569 -0.00232543 -1.64694e-07 0 0 0
3604 3388 0.329532 -0.943632 0.0310948 -0.000471985 -3.29257e-08 0 0 0
4602 375 0.959533 -0.145594 0.241039 -0.00823979 -4.78364e-07 0 0 0
3262 5341 0.704241 0.0193585 0.709697 -0.00524452 -3.90626e-07 0 0 0
3262 519 0.836754 0.486092 -0.252106 -0.00606061 -5.36295e-07 0 0 0
1946 2776 0.192357 0.748684 0.634406 -0.00418065 -3.29124e-07 0 0 0
4602 4134 0.73726 0.531231 -0.417423 -0.00349546 -2.45961e-07 0 0 0
4602 1105 -0.065245 -0.929293 -0.363535 -0.0108741 -7.78772e-07 0 0 0
1946 996 0.874277 -0.161707 0.457702 -0.00257899 -1.87106e-07 0 0 0
3933 622 -0.114276 0.68972 -0.715001 -0.021653 -2.03991e-06 0 0 0
3933 3449 0.322357 -0.738164 0.592621 -0.0187642 -1.36969e-06 0 0 0
1468 2922 0.913461 0.0889999 0.397075 -0.0105917 -7.64216e-07 0 0 0
5195 4385 0.562549 0.699838 -0.440189 -0.00756399 -6.95264e-07 0 0 0
3933 3508 0.658622 0.202405 -0.72474 -0.0100993 -7.17766e-07 0 0 0
3933 1480 0.706296 0.70304 0.0829487 -0.00593139 -3.32735e-07 0 0 0
5195 3462 0.527818 0.240099 0.814715 -0.00584239 -5.36411e-07 0 0 0
5195 3356 0.0868041 -0.743745 0.662803 -0.00768347 -6.3328e-07 0 0 0
2893 4601 0.777549 0.624016 0.0775989 -0.00430838 -3.52518e-07 0 0 0
2889 81 0.388793 -0.906718 0.163411 -0.000472821 -3.31433e-08 0 0 0
2893 379 0.585364 0.128394 -0.80054 -0.000863276 -6.28948e-08 0 0 0
2889 3150 0.906998 0.260344 -0.331023 -0.00712501 -5.502e-07 0 0 0
5011 4543 0.351014 0.816746 0.457947 -0.0133456 -9.05155e-07 -1 0 0
5011 4653 0.351842 0.0933609 -0.931392 -0.0027024 -2.36423e-07 0 0 0
5011 2449 0.428179 -0.750927 -0.502764 -0.00404197 -2.72534e-07 -1 0 0
2893 1264 0.0729641 -0.912996 -0.40139 -0.00435548 -3.25047e-07 0 0 0
905 3621 0.940565 -0.0158246 -0.339245 -0.00369736 -2.54845e-07 0 0 0
2785 4926 0.198921 0.454011 0.868507 -0.0150825 -1.19132e-06 0 0 0
2785 1808 0.512884 -0.831698 0.212669 -0.00534354 -4.23456e-07 0 0 0
905 2604 0.267372 0.679983 -0.682741 -0.0262365 -1.79252e-06 0 0 0
2785 4815 0.98239 0.0788354 0.169398 -0.00561853 -4.28975e-07 0 0 0
854 5067 -0.0857717 0.658533 0.747648 -0.0268478 -2.01132e-06 0 0 0
854 3568 -0.04203 -0.662376 -0.747992 -0.0188347 -1.55168e-06 0 0 0
3715 361 0.846572 -0.273826 -0.456438 -0.00207228 -1.31942e-07 0 0 0
854 3247 0.524145 0.851543 -0.0120738 -0.00746254 -5.06212e-07 0 0 0
854 1977 0.511 -0.462091 0.724811 -0.0169647 -1.50432e-06 0 0 0
3715 1853 0.330941 0.665277 -0.669242 -0.0171333 -1.12796e-06 0 0 0
3715 2055 0.0435374 -0.138832 -0.989359 -0.0147681 -1.17254e-06 0 0 0
854 1349 0.991823 0.067343 0.108404 -0.0022406 -2.07984e-07 0 0 0
3715 1111 -0.0325905 -0.113899 0.992958 -0.0184939 -1.59132e-06 0 0 0
1573 8 0.90402 -0.264764 0.33563 -0.00375894 -3.01405e-07 0 0 0
2597 5482 0.567312 -0.614845 -0.547834 -0.00726895 -6.08357e-07 0 0 0
1573 4231 0.308704 -0.873536 -0.376345 -0.00453108 -3.74888e-07 0 0 0
5067 4891 0.488454 0.871192 -0.0493596 -0.0178732 -1.28569e-06 0 0 0
5067 1259 0.610861 -0.487268 0.624034 -0.0222644 -1.59955e-06 0 0 0
3878 2427 0.408183 0.16732 0.897436 -0.00416197 -2.99541e-07 0 0 0
1040 2756 0.27833 -0.723235 0.632031 -0.000153459 -1.30457e-08 1 0 0
4422 3896 0.491694 -0.394768 0.776141 -0.0173965 -1.38749e-06 0 0 0
1250 2413 0.500794 0.496393 -0.709083 -0.00392719 -3.1354e-07 1 0 0
4422 2218 0.43906 -0.465686 -0.768351 -0.00247446 -1.89826e-07 0 0 0
217 2524 0.218374 0.971433 -0.092899 -0.00776545 -5.24662e-07 0 0 0
1394 2558 0.0634947 0.99027 -0.123827 -0.026324 -2.0215e-06 0 0 0
1394 3488 0.259131 -0.527286 0.80921 -0.0157713 -1.31466e-06 0 0 1
217 3048 0.012639 -0.917188 -0.398254 -0.010844 -8.57176e-07 0 0 0
2868 1892 0.662813 -0.0904762 -0.743298 -0.0158684 -1.13119e-06 0 0 0
1394 4934 0.895341 -0.441732 -0.0569022 -0.0155033 -1.15921e-06 0 0 0
2109 1731 0.122762 0.793419 -0.596167 -0.0223559 -2.05746e-06 0 0 0
2868 3254 0.499948 0.37654 0.779916 -0.0122607 -9.42247e-07 0 0 0
2109 157 0.31559 -0.0935332 0.944274 -0.0377524 -3.00879e-06 0 0 0
2868 3583 0.332525 -0.941004 0.0627555 -0.0110017 -8.85389e-07 0 0 0
3756 2979 0.66165 -0.749141 -0.0317322 -0.00306376 -2.35188e-07 0 0 0
2109 130 0.658505 -0.694223 -0.290562 -0.00629416 -5.61365e-07 0 0 0
3756 5198 0.563384 0.546765 -0.619392 -0.00466363 -3.57886e-07 0 1 0
3756 815 0.332476 0.0989278 0.937909 -0.00895161 -8.07508e-07 0 1 0
3873 1548 0.432352 0.599045 -0.673956 -0.0145864 -1.02519e-06 0 0 0
2558 931 0.681092 -0.620507 -0.388697 -0.0149135 -1.26127e-06 0 0 0
2558 3163 0.750839 0.337565 -0.567706 -0.0149631 -1.01809e-06 0 0 0
5488 3523 0.669458 -0.291714 0.683176 -0.00506555 -3.8013e-07 0 0 0
3873 4591 0.207633 -0.621677 -0.755253 -0.0136788 -1.09023e-06 0 0 0
3873 2368 0.014696 0.319811 0.947367 -0.0295044 -2.20406e-06 0 0 0
5183 1040 0.244008 0.023544 -0.969487 -0.00766116 -5.16579e-07 0 0 0
5183 165 0.444977 -0.50089 0.742364 -0.00729092 -4.8875e-07 0 0 0
5183 3949 0.544631 0.76469 -0.344423 -0.00135108 -8.95745e-08 1 0 0
5183 2756 0.555527 -0.718192 -0.419036 -0.00017623 -1.45601e-08 1 0 0
1458 1585 0.794209 -0.581381 -0.176716 -0.0172052 -1.29351e-06 0 0 0
781 143 0.136443 0.681789 0.718712 -0.0135394 -1.1676e-06 0 0 0
781 857 0.313323 -0.946247 -0.0802767 -0.00397274 -3.39069e-07 0 0 0
781 922 0.836021 -0.18982 0.514818 -0.0163763 -1.35471e-06 0 0 0
1458 1862 0.18606 0.406343 0.894577 -0.0291882 -2.31212e-06 0 0 0
2833 4232 0.399008 0.909131 0.119469 -0.00823896 -7.26349e-07 0 0 0
1458 1521 0.123585 -0.125747 -0.984334 -0.0282579 -2.19731e-06 0 0 0
2888 3388 0.479957 0.86576 -0.141778 -0.0121113 -9.98188e-07 0 0 0
2127 458 0.21838 -0.704168 0.675616 -0.0173304 -1.46315e-06 0 0 0
399 5355 0.558887 0.507222 -0.656027 -0.00208822 -1.69545e-07 0 0 0
3170 2504 -0.011857 -0.731992 -0.68121 -0.0176704 -1.27969e-06 0 0 0
399 2547 0.319664 0.881959 0.346356 -0.00516545 -4.17681e-07 0 0 0
3170 2346 0.446867 -0.161473 0.879907 -0.00789115 -6.94938e-07 0 0 0
3170 3095 0.540918 -0.824995 0.163678 -0.0016172 -1.11801e-07 0 0 0
3170 5447 0.815774 0.540679 0.205376 -0.0173933 -1.18272e-06 0 0 0
2275 1746 0.39904 0.0229481 0.916646 -0.00943074 -6.94831e-07 0 0 0
2275 302 0.024723 0.504275 -0.863189 -0.00811511 -6.62108e-07 0 0 0
2437 4491 0.696714 -0.517526 -0.496745 -0.0095217 -7.19762e-07 0 0 0
4015 4075 0.912867 -0.374796 0.161868 -0.00546539 -3.87145e-07 0 0 0
4015 5485 0.567922 0.119672 -0.814336 -0.00869203 -6.15902e-07 0 0 0
143 1954 0.699092 -0.347909 0.624683 -0.035334 -2.52199e-06 0 0 0
143 4272 0.755387 0.597894 -0.268167 -0.0120204 -1.04156e-06 0 0 0
5214 528 0.570863 0.379317 0.728172 -0.00197834 -1.47046e-07 0 0 0
4015 2831 0.170786 0.985145 -0.0179048 -0.0106948 -8.41468e-07 0 0 0
5214 3614 0.623975 -0.230095 -0.746801 -0.0107236 -7.36097e-07 0 0 0
2787 4926 0.0756902 0.945183 -0.317647 -0.00196744 -1.40161e-07 0 0 0
4015 4422 0.0866989 -0.727971 0.680104 -0.0217793 -1.64221e-06 0 0 0
1332 1260 0.644543 -0.669178 0.369819 -0.00160789 -1.05324e-07 0 0 0
1332 2018 0.315192 -0.0448235 0.947969 -0.0168006 -1.54315e-06 0 0 0
2787 807 0.806032 -0.59176 -0.0115112 -0.0206983 -1.54162e-06 0 0 0
1332 3963 0.201832 0.978667 -0.0384059 -0.00404748 -2.65659e-07 0 0 0
622 546 0.557171 0.815129 0.15851 -0.0204057 -1.5875e-06 0 1 0
1332 573 0.127538 0.157571 -0.979237 -0.0157089 -1.30361e-06 0 0 0
1332 5012 0.0439378 -0.801858 -0.595897 -0.0035789 -2.33108e-07 0 0 0
1633 970 0.967156 0.243938 0.0714404 -0.0034092 -2.78585e-07 0 0 0
1633 1428 0.39694 -0.82424 0.403817 -0.00517089 -4.28066e-07 0 0 0
1633 4535 -0.0115739 0.902798 0.42991 -0.00369401 -2.88798e-07 0 0 0
921 4427 0.454706 -0.80182 -0.38772 -0.0176585 -1.39281e-06 0 0 0
921 3451 0.860241 0.053387 0.507084 -0.00235773 -1.85177e-07 0 0 0
2011 4595 0.88041 -0.356599 -0.312596 -0.0131337 -1.07146e-06 0 0 0
2011 2609 0.60626 0.0582248 0.793132 -0.0115898 -9.30738e-07 0 0 0
2011 4332 0.496891 0.575841 -0.649236 -0.0178774 -1.3892e-06 0 0 -1
2472 3338 0.0828776 0.784824 -0.614152 -0.00492648 -3.66661e-07 0 0 0
2504 4475 0.210708 -0.545106 -0.811456 -0.000732428 -5.16898e-08 0 0 0
5241 5080 0.603316 -0.42004 0.677921 -0.000419233 -3.54058e-08 0 0 0
2504 5017 0.572531 0.35983 -0.736702 -0.0260509 -2.159e-06 0 0 0
4093 3941 0.806112 -0.0899298 -0.584889 -0.00438472 -3.25157e-07 0 0 0
4093 3545 0.722314 0.683783 0.103456 -0.00973696 -7.56384e-07 0 0 0
4093 1105 0.113264 0.465031 0.878019 -0.0235146 -1.75289e-06 0 0 0
2322 4884 0.730416 -0.031407 -0.682281 -0.0101211 -7.14128e-07 0 0 0
2522 931 0.6495 -0.0281254 0.759841 -0.0330057 -2.7693e-06 0 0 0
2322 1892 0.59298 0.797236 0.113087 -0.00144574 -9.1835e-08 0 1 0
3273 165 0.310166 -0.179224 -0.933636 -0.0110004 -7.23692e-07 0 0 0
3273 2017 0.564312 -0.801381 -0.198346 -0.0154399 -1.03961e-06 1 0 0
3273 1093 0.599393 -0.381172 0.703871 -0.00138304 -9.48244e-08 1 0 0
2322 3583 0.280747 0.0909539 0.955462 -0.0361619 -3.0963e-06 0 1 0
3809 3693 0.122924 -0.120644 0.985056 -0.0256697 -1.85426e-06 0 0 0
3809 834 0.238633 -0.969871 0.0490275 -0.0220463 -1.44691e-06 0 0 0
3809 547 0.604257 0.593047 -0.532136 -0.011461 -7.85081e-07 0 0 0
2322 1718 0.0935908 0.721838 -0.685704 -0.0193799 -1.54078e-06 0 1 0
1038 74 0.676493 -0.567291 0.469615 -0.00258308 -2.22584e-07 0 0 0
4158 2659 0.158682 -0.753807 -0.637649 -0.00721419 -4.29537e-07 0 0 0
1038 5195 0.0301131 0.0754084 0.996698 -0.00421944 -3.46024e-07 0 0 0
4158 2148 0.231882 -0.865551 0.443905 -0.0151851 -1.00342e-06 0 0 0
4158 2766 0.559846 0.815302 -0.147835 -0.0162222 -1.37885e-06 0 0 0
1038 2472 0.0357116 0.834391 -0.550015 -0.0040835 -3.12074e-07 0 0 0
5115 4026 0.699508 0.375542 -0.607994 -0.00779975 -5.64469e-07 0 0 0
5115 78 0.210286 -0.870638 0.444713 -0.00379153 -2.9531e-07 0 0 0
1706 2541 0.664405 0.681751 0.306239 -0.0132846 -1.12665e-06 0 0 0
5115 1754 0.171828 0.274503 0.946109 -0.00340046 -2.4864e-07 0 0 0
1706 3835 0.798237 -0.493938 -0.344737 -0.00837046 -7.37187e-07 0 0 0
3568 5079 0.0676009 -0.597754 -0.798824 -0.0151154 -1.10361e-06 0 0 0
3568 1547 0.315592 -0.937258 0.148149 -0.0162607 -1.26858e-06 0 0 0
3185 3711 0.512454 -0.845917 0.147697 -0.00745084 -6.14296e-07 0 0 0
3185 1498 0.382271 0.922248 -0.0576925 -0.010007 -7.36221e-07 0 0 0
3568 2211 0.912336 0.40942 0.00426922 -0.00610173 -4.79935e-07 0 0 0
2776 3878 0.0861208 0.983285 -0.160416 -0.0042016 -2.47843e-07 0 0 0
4005 4297 0.202128 -0.150179 0.967776 -0.00904162 -6.56131e-07 0 0 0
4005 458 0.227299 -0.319195 -0.920027 -0.0126306 -9.95058e-07 0 0 0
2776 728 0.380239 -0.677776 0.629315 -0.00377148 -3.27507e-07 0 0 0
617 1792 0.946606 -0.229014 -0.226913 -0.0112193 -7.42881e-07 0 0 0
617 573 0.204145 0.725363 0.657399 -0.00925995 -7.24175e-07 0 0 1
617 3667 0.115784 -0.984138 0.134408 -0.0242074 -1.63817e-06 0 0 0
795 871 0.00225418 -0.716652 0.697427 -0.0165768 -1.05683e-06 0 -1 0
3954 1874 0.752542 0.599387 0.272792 -0.00846588 -5.37939e-07 0 0 0
3954 5076 0.0638151 -0.903022 -0.424829 -0.0267188 -2.03492e-06 0 0 0
1714 4054 0.92817 -0.358066 -0.101439 -0.000763074 -6.27999e-08 0 0 0
795 2349 0.778232 0.62764 0.0205797 -0.0164453 -1.07667e-06 0 0 0
795 3905 0.844368 -0.200005 0.497032 -0.00304547 -2.40008e-07 0 0 0
871 3405 0.11163 0.104093 0.988283 -0.0281649 -1.82452e-06 0 0 0
871 4565 0.464883 -0.758724 -0.456314 -0.0235696 -1.60888e-06 0 0 0
1714 51 0.787026 0.52981 0.316055 -0.0128809 -8.73622e-07 0 0 0
1714 2059 0.660601 0.312071 -0.682801 -0.0229357 -1.71303e-06 0 0 0
1714 1718 0.147686 -0.725978 0.671673 -0.0254188 -1.97862e-06 0 0 0
1223 5371 0.334946 -0.849827 -0.406947 -0.0104145 -8.72124e-07 0 0 0
3693 3846 -0.00721723 0.411636 0.91132 -0.0178134 -1.07071e-06 0 0 0
3693 2063 0.0945404 -0.793177 0.601608 -0.0159716 -1.09698e-06 0 0 0
1223 2643 0.273298 0.865694 -0.419383 -0.0168062 -1.12232e-06 0 0 0
1223 431 0.02623 -0.469393 0.882599 -0.0165363 -1.43986e-06 0 0 1
789 4491 0.652815 0.560595 -0.509476 -0.00330585 -2.66861e-07 0 0 0
789 4276 0.541127 -0.814691 0.208468 -0.00226041 -1.71653e-07 0 0 0
789 3870 0.461139 -0.336197 -0.821171 -0.00329957 -2.9358e-07 0 0 0
789 2290 0.347626 0.528597 0.77443 -0.014935 -1.36499e-06 0 0 0
3049 2274 0.312919 0.949166 -0.0341369 -0.000881507 -7.34832e-08 0 0 0
3049 4411 0.309946 -0.805319 -0.505365 -0.00666399 -5.35596e-07 -1 0 0
788 2025 0.372137 0.55742 -0.742157 -0.000172333 -1.39674e-08 0 0 -1
2847 105 0.753823 -0.639554 0.150737 -0.0261528 -1.78443e-06 0 0 0
2847 5400 0.693921 0.669957 0.263877 -0.0156845 -1.11385e-06 0 0 0
2847 2095 0.448819 0.558232 -0.69781 -0.0193006 -1.63379e-06 0 0 0
599 1977 0.607417 0.527591 -0.593879 -0.0035229 -2.71121e-07 0 0 0
599 2427 0.663062 -0.72468 0.187584 -0.00539303 -4.22538e-07 0 0 0
3169 4859 0.361103 0.92578 -0.111967 -0.0121679 -9.57504e-07 1 0 0
3169 2413 0.38896 -0.913712 -0.117641 -0.00691232 -5.41975e-07 1 0 0
3831 5088 0.654397 -0.730816 0.194094 -0.00188653 -1.48619e-07 0 0 0
3831 3954 0.183116 -0.332503 -0.925154 -0.00954737 -8.26492e-07 0 0 0
164 4405 0.99469 -0.0864394 -0.0558488 -0.00652169 -4.79846e-07 0 0 0
1840 3488 0.0915353 0.0697223 -0.993358 -0.0180253 -1.24407e-06 0 0 0
164 3384 0.350148 -0.819671 0.453359 -0.0148237 -1.09057e-06 0 0 0
1840 1957 0.530839 -0.792769 0.299544 -0.0140099 -9.05607e-07 0 0 0
1840 1565 0.645438 0.659776 0.384844 -0.0207466 -1.39152e-06 0 0 0
164 3389 0.259605 0.949847 -0.174345 -0.00875722 -6.7574e-07 0 0 0
164 3831 -0.0471665 -0.793817 -0.606326 -0.0108686 -8.49544e-07 0 0 0
3866 150 0.896337 0.421046 -0.138927 -0.0121226 -1.03324e-06 0 0 0
3900 2533 0.428979 0.664659 -0.611723 -0.0086324 -7.50199e-07 0 0 -1
3866 2900 0.251631 -0.887868 -0.38519 -0.0182132 -1.44402e-06 0 0 0
3866 2888 -0.0426181 0.392992 0.918554 -0.0167252 -1.49357e-06 0 0 0
1142 379 0.650286 0.577965 0.493037 -0.00839403 -6.3044e-07 0 0 0
1142 5268 0.230629 -0.856361 -0.462012 -0.0265294 -1.8466e-06 0 0 0
1142 1264 0.153897 -0.427602 0.890771 -0.00838321 -6.4557e-07 0 0 0
1142 487 0.111693 0.972503 -0.204357 -0.00942809 -7.67405e-07 0 0 0
723 5243 0.889991 0.128957 -0.437363 -0.0111349 -9.08937e-07 0 0 0
4685 2458 0.764172 0.636435 0.10484 -0.00132113 -1.13456e-07 0 0 0
4685 385 0.696314 -0.716136 -0.0479206 -0.0110602 -7.4695e-07 0 0 0
389 4257 0.874508 -0.449357 -0.182521 -0.0108514 -8.86765e-07 0 0 0
389 2712 0.514005 0.537488 0.66851 -0.00929055 -6.59312e-07 0 0 0
3437 5238 0.0407324 0.939918 0.338961 -0.00204489 -1.59953e-07 0 0 0
389 1036 0.243562 0.953765 -0.176097 -0.00265743 -2.17613e-07 0 0 0
389 217 0.15562 0.195289 -0.968321 -0.00415216 -3.08222e-07 0 0 0
326 2459 0.889584 0.314278 -0.331465 -0.00279385 -2.30071e-07 0 0 0
3437 2403 0.727329 -0.123422 -0.6751 -0.00988225 -7.21673e-07 0 0 0
326 487 0.159995 -0.347807 -0.923814 -0.0127928 -1.00172e-06 0 0 0
2345 3048 0.260629 0.0400857 -0.964607 -0.0144149 -1.16852e-06 0 0 0
3846 4769 0.326497 -0.851155 0.411018 -0.00309402 -2.49149e-07 -1 0 0
2345 4602 0.292928 -0.924852 -0.242574 -0.00993928 -9.22211e-07 0 0 0
2345 389 0.0677688 0.820274 0.567942 -0.00775855 -6.42962e-07 0 0 0
3846 1224 0.979519 0.189313 0.0685735 -0.0109881 -6.62106e-07 0 0 0
2393 872 0.560526 0.627421 -0.540513 -0.0301514 -1.7889e-06 0 0 0
5079 490 0.128015 0.168432 -0.977365 -0.0135131 -1.11641e-06 0 0 0
5079 1547 0.253058 -0.383859 0.888039 -0.00666038 -5.24917e-07 0 0 0
2393 2900 0.248444 0.627173 0.738193 -0.0325289 -2.608e-06 0 0 0
2393 2368 0.0266994 -0.839119 -0.543293 -0.0288637 -2.35356e-06 0 0 0
3914 197 0.952929 0.300776 -0.0382254 -0.0036676 -2.13193e-07 0 0 0
3925 4031 0.874445 -0.0622631 -0.481113 -0.00599002 -4.14697e-07 0 0 0
3925 3275 0.61538 -0.0389936 0.787266 -0.00453135 -3.06677e-07 0 0 0
3450 5076 0.333985 -0.767054 0.547797 -0.006797 -5.7903e-07 0 0 0
642 3246 0.864436 -0.491255 -0.10686 -0.0140081 -1.15872e-06 0 0 0
4926 3580 0.913133 0.406232 -0.034101 -0.00726923 -5.63999e-07 0 0 0
3488 3137 0.336657 -0.837736 0.429954 -0.0145162 -1.24423e-06 0 0 0
3488 4934 0.530522 0.12737 -0.838047 -0.0107676 -8.23873e-07 0 0 -1
642 5371 0.348924 0.665073 0.660249 -0.0128537 -1.10587e-06 0 0 0
642 5254 0.0853078 -0.993023 0.0814141 -0.00540998 -4.35105e-07 0 0 0
642 2888 -0.0156907 -0.585409 -0.810586 -0.00864819 -7.67666e-07 0 0 0
92 3843 0.152575 0.406327 -0.900899 -0.00536084 -3.63115e-07 0 0 0
5078 3870 0.609264 -0.367697 0.702564 -0.00341057 -2.82831e-07 0 0 0
5303 2915 0.636523 -0.499636 0.587539 -0.0150485 -1.16464e-06 0 0 0
92 754 0.581678 -0.661846 0.472876 -0.00989758 -6.51141e-07 0 0 0
92 56 0.983284 0.176722 0.0438431 -0.00396526 -2.50157e-07 0 0 0
5303 1888 0.230186 0.379565 -0.896072 -0.0133473 -9.97583e-07 0 0 0
5231 855 0.711959 -0.637685 0.294061 -0.0112498 -9.08844e-07 0 0 0
5231 2994 0.578516 0.761916 -0.29121 -0.0126227 -1.07015e-06 0 0 0
5231 4685 0.143989 -0.785074 -0.602434 -0.00936387 -8.3157e-07 0 0 0
3003 5070 0.0845619 0.853028 0.514969 -0.000730185 -5.63004e-08 0 0 0
4156 4109 0.938294 -0.328078 0.109404 -0.00382281 -2.84168e-07 0 0 0
3003 4579 0.380398 -0.583523 -0.717495 -0.000730186 -5.65377e-08 0 0 0
4156 2494 0.649092 0.716071 -0.256753 -0.00761223 -5.82405e-07 0 0 0
4156 5158 0.50281 -0.0562122 -0.862567 -0.00694099 -5.0973e-07 0 0 0
3293 81 0.149346 -0.490257 -0.858687 -0.0121736 -8.45141e-07 0 0 0
4156 3667 0.276185 -0.260106 0.925239 -0.0108242 -8.75708e-07 0 0 0
3293 1522 0.523923 0.748757 -0.406039 -0.00134622 -1.13001e-07 0 0 0
3293 2235 0.752563 -0.657136 0.0426742 -0.00553394 -3.95845e-07 0 0 0
205 2956 0.951487 0.302558 0.0559517 -0.0106469 -8.73996e-07 0 0 0
205 2098 0.408999 0.611935 -0.676946 -0.00036826 -2.87188e-08 0 0 0
205 2127 0.139437 0.493109 0.85872 -0.0102683 -7.57729e-07 0 0 0
4402 5158 0.436552 0.827308 -0.35353 -0.0104357 -7.95897e-07 0 0 0
3878 69 0.374614 0.812286 -0.447053 -0.00647215 -5.66001e-07 0 0 0
4402 2738 0.317977 -0.948051 0.00952663 -0.0111945 -7.48646e-07 0 -1 0
4402 4156 -0.0419982 0.882607 0.468232 -0.00695908 -5.35059e-07 0 0 0
4930 3713 0.462369 -0.456151 -0.760356 -0.00510571 -4.29498e-07 0 0 0
3878 4644 0.995913 -0.0902885 0.00226031 -0.00296272 -2.33672e-07 0 0 0
3405 3426 0.147355 -0.946855 0.285924 -0.0152012 -1.07078e-06 0 0 0
3558 4939 0.817069 -0.360962 -0.44956 -0.00780636 -6.34306e-07 0 0 0
3558 4930 -0.0475545 -0.338719 -0.939685 -0.00397299 -3.01592e-07 0 0 0
4949 3147 0.755134 0.354877 0.551212 -0.00992531 -7.90054e-07 0 0 1
4949 679 0.433519 0.769118 -0.469594 -0.0104704 -8.21584e-07 0 0 0
3405 1131 0.827731 0.493783 -0.266534 -0.016523 -1.10167e-06 0 1 0
2126 295 0.866379 -0.0891817 0.49136 -0.0087017 -6.27401e-07 0 0 0
2126 1012 0.341118 -0.425141 -0.838388 -0.00522437 -3.86025e-07 0 0 0
2126 1432 0.187362 0.790362 0.583287 -0.00155581 -1.25582e-07 0 0 0
946 3185 0.0244696 -0.163068 -0.986311 -0.00709696 -5.73083e-07 0 0 0
5334 4014 0.82404 0.555317 -0.112163 -0.00875121 -6.66998e-07 0 0 0
3616 3178 -0.0516183 -0.221307 0.973837 -0.0374597 -2.82273e-06 0 0 0
3616 131 0.128079 0.102051 -0.9865 -0.0408605 -2.35465e-06 0 0 0
5334 923 0.823415 -0.507309 0.254215 -0.0127076 -1.01799e-06 0 0 -1
3616 546 0.177397 -0.880451 0.439701 -0.0159187 -1.45868e-06 0 0 0
3616 680 0.301644 0.87037 -0.389188 -0.00186603 -1.48358e-07 0 0 0
5334 4685 0.0639449 -0.522031 0.850526 -0.0104369 -6.68317e-07 0 0 0
5334 4949 -0.0630801 0.99358 -0.093915 -0.0126682 -9.91218e-07 0 0 -1
4958 2089 0.776943 -0.462122 0.427554 -0.00642278 -4.05186e-07 0 0 0
4958 723 -0.00186429 -0.990803 -0.135302 -0.00629975 -4.92856e-07 0 0 0
4958 5303 0.00294412 0.983278 0.18209 -0.00687236 -4.96201e-07 0 0 0
4461 4769 0.42919 0.608946 -0.667068 -0.00427547 -3.15015e-07 -1 0 0
4461 5388 0.856141 -0.400515 0.326511 -0.00276803 -2.03235e-07 0 0 0
5208 2712 0.617066 -0.783469 0.0735254 -0.006867 -5.30006e-07 0 0 0
5208 1036 0.345735 -0.433618 -0.832131 -0.0112718 -8.95229e-07 0 0 0
5208 789 0.203366 0.93446 0.29228 -0.00377372 -3.19849e-07 0 0 0
2997 679 0.439219 -0.89614 0.0633977 -0.00207176 -1.63493e-07 0 0 0
2997 5073 0.409052 0.615861 0.673344 -0.00999419 -8.03208e-07 0 1 1
1795 3173 0.660438 0.44579 0.604229 -0.00282873 -2.30549e-07 0 0 0
4997 4936 -0.0369634 -0.588179 -0.807886 -0.00781337 -6.64859e-07 0 0 0
1795 5205 0.285669 -0.496645 -0.819596 -0.0104505 -8.43402e-07 0 0 0
4997 5017 0.277244 -0.459192 0.843966 -0.0265954 -2.40969e-06 0 0 0
5044 4576 0.976937 0.0112545 -0.21323 -0.00427655 -3.83343e-07 0 0 0
4997 1884 0.614506 0.781431 -0.108388 -0.0234145 -1.39901e-06 0 0 0
5044 2025 0.388853 -0.911791 0.132026 -0.00173638 -1.69722e-07 0 0 0
2649 5343 0.979911 -0.196092 0.0363697 -0.00302223 -2.57989e-07 0 0 0
4066 2800 0.192248 -0.24819 0.949443 -0.00490329 -3.63774e-07 1 0 0
4066 4582 0.285159 0.42555 -0.858832 -0.00815887 -4.42587e-07 1 0 0
4066 3114 0.490355 -0.848755 -0.197906 -0.0299648 -1.88112e-06 1 0 0
4066 2323 0.53489 0.783745 0.315652 -0.0100311 -8.80023e-07 1 0 0
2649 4634 0.721904 0.436592 -0.536882 -0.00256927 -2.19107e-07 0 0 0
2649 4228 0.228385 -0.732958 -0.64079 -0.0282557 -1.97625e-06 0 0 0
2461 1888 0.29813 -0.931216 -0.209656 -0.00460764 -3.53209e-07 0 0 0
1783 2633 0.771989 -0.197933 -0.604033 -0.0196184 -1.23475e-06 0 0 0
1783 2311 0.508868 -0.457936 0.728936 -0.00428099 -3.46954e-07 0 0 0
1783 3189 0.311472 0.832359 0.458436 -0.002221 -1.8205e-07 0 0 0
5238 727 0.277942 -0.637967 0.718154 -0.00923773 -7.30335e-07 0 0 0
5238 3508 0.68499 0.662629 0.302839 -0.0162876 -1.27707e-06 0 0 0
1037 2059 0.724994 0.224728 0.651061 -0.00604954 -4.72569e-07 0 0 0
1037 4590 0.464866 -0.638588 0.613274 -0.00592358 -5.39721e-07 0 0 0
857 1653 0.478229 -0.297634 -0.826263 -0.0186094 -1.18463e-06 0 0 0
857 922 0.460583 0.706792 0.536944 -0.00755278 -5.02334e-07 0 0 0
857 2728 0.828227 0.458107 -0.322766 -0.00775049 -6.39335e-07 0 0 0
857 3310 0.920835 -0.2828 0.268491 -0.0015602 -1.06077e-07 0 0 0
3656 5043 0.0618045 -0.472505 -0.879159 -0.00124505 -9.55985e-08 0 0 0
1037 3558 -0.0146499 0.0778811 -0.996855 -0.0111977 -7.54334e-07 0 0 0
3656 2269 0.355523 0.727693 0.586571 -0.00131146 -1.00641e-07 0 0 0
2444 5382 0.520929 0.85246 0.0441029 -0.0221815 -1.58883e-06 0 0 0
901 3295 0.343063 -0.573876 -0.743622 -0.0119189 -9.06379e-07 0 0 0
901 115 0.393452 0.277732 0.876391 -0.0173741 -1.31695e-06 0 0 0
901 4448 0.57066 0.559156 -0.601408 -0.00325084 -2.57319e-07 0 0 0
901 2208 0.65697 -0.67948 0.326644 -0.0264786 -1.93321e-06 0 0 0
2444 2055 0.390305 -0.679877 0.62083 -0.0127871 -9.00336e-07 0 0 0
3178 546 0.256574 -0.716837 -0.648317 -0.0158246 -1.30942e-06 0 0 0
3178 917 0.333627 0.783583 0.52411 -0.0219084 -1.74533e-06 0 0 0
3178 4733 0.800915 -0.227397 0.553919 -0.0223337 -1.56763e-06 0 0 0
3871 2080 0.686422 -0.60633 0.401484 -0.00295733 -1.94399e-07 0 0 0
1061 2389 0.322991 -0.774506 -0.543891 -0.0222407 -2.05366e-06 0 0 0
1061 3244 0.202017 0.959136 0.198109 -0.0187178 -1.43039e-06 0 0 0
3871 1862 0.292656 -0.185354 -0.938081 -0.0363665 -3.13753e-06 0 0 0
1061 5442 0.885876 -0.324613 0.331436 -0.0176812 -1.43672e-06 0 0 0
3871 2322 0.167922 0.585428 0.793143 -0.0239585 -1.48795e-06 0 0 0
5452 3751 0.718861 0.0135496 0.695022 -0.00598525 -4.33273e-07 0 0 1
3370 3656 0.157836 0.964876 -0.210006 -0.000312105 -2.88129e-08 0 0 0
4234 1248 0.892705 0.311557 -0.325593 -0.00578491 -3.80257e-07 0 0 0
5452 3356 0.264478 -0.176116 -0.948174 -0.00569758 -4.24292e-07 0 0 0
3422 537 0.161066 0.885577 -0.435674 -0.00835158 -5.67251e-07 1 0 0
3422 4437 0.217868 0.758451 0.614235 -0.0108746 -9.27097e-07 1 0 0
2179 1179 0.974927 0.148322 0.165882 -0.000280985 -1.96718e-08 0 0 0
3422 1510 0.759218 -0.645723 -0.081426 -0.0121938 -8.63321e-07 1 0 0
1807 4111 0.581001 0.734861 0.349883 -0.0154006 -1.02717e-06 0 0 0
1807 4433 0.399471 -0.494558 -0.771904 -0.0190329 -1.25452e-06 0 0 0
135 5444 0.502327 -0.601478 -0.621202 -0.0205849 -1.80556e-06 0 0 0
135 1938 0.546443 0.778973 0.307573 -0.00993589 -6.08589e-07 0 0 0
135 2179 -0.0382669 0.199718 0.979106 -0.0115036 -7.91325e-07 0 0 0
4822 5213 0.707518 0.106154 -0.698677 -0.00920182 -7.87694e-07 0 0 0
4822 5355 0.633505 -0.737924 0.232677 -0.000986993 -6.45997e-08 0 0 0
4822 1750 0.395013 0.881921 0.257255 -0.0063415 -4.72228e-07 0 0 0
3290 51 0.938788 -0.118786 -0.323368 -0.00325268 -2.26869e-07 0 0 0
1040 728 0.263173 -0.388454 -0.883087 -0.00736445 -6.13237e-07 1 0 0
3290 4422 0.223401 0.898751 -0.377277 -0.00470296 -3.03501e-07 0 0 0
153 251 0.95882 0.258346 -0.117988 -0.0090572 -7.28897e-07 0 0 0
4620 3910 0.616827 -0.55839 -0.55473 -0.00957533 -5.47241e-07 0 0 0
1040 4812 0.937472 0.0696285 -0.341025 -0.00316298 -2.1076e-07 1 0 0
2755 1808 0.240872 0.904433 -0.352112 -0.00460863 -3.64185e-07 0 0 0
2755 5197 0.36361 0.0566529 -0.929827 -0.00379967 -2.95164e-07 0 0 0
2755 807 0.709677 0.437634 0.552118 -0.0143358 -1.27262e-06 0 0 0
3843 5201 -0.109858 -0.135568 -0.984659 -0.0080892 -7.48199e-07 -1 0 0
3843 4859 0.0939005 -0.995467 0.0151051 -0.0110923 -6.44889e-07 0 0 0
907 4140 0.998686 -0.0249411 -0.0447762 -0.0132376 -9.19374e-07 0 0 0
907 2831 0.335545 -0.923474 0.186027 -0.0142163 -1.01355e-06 0 0 0
3432 3669 0.708907 0.681994 0.179816 -0.0157251 -1.25699e-06 0 0 0
3432 1452 0.574305 -0.634034 -0.517855 -0.0212268 -1.33158e-06 0 0 0
3432 5413 0.371282 -0.423992 0.826063 -0.00576954 -4.88192e-07 0 0 0
3843 3277 0.987098 -0.0970034 -0.127387 -0.0130162 -1.0821e-06 0 0 0
1728 1590 -0.0161359 -0.536534 -0.843724 -0.00843068 -7.9605e-07 0 0 0
2982 1097 0.858497 -0.405177 -0.314349 -0.0102172 -7.82121e-07 0 0 0
1728 3957 0.288835 0.579462 -0.762101 -0.0233067 -1.49003e-06 0 0 0
1728 539 0.368517 0.248909 0.895678 -0.023856 -2.12829e-06 0 0 0
2982 3126 0.539978 0.536619 -0.648432 -0.00435358 -3.46431e-07 0 0 0
5276 3189 0.371722 -0.164142 0.913718 -0.0223263 -1.83245e-06 0 0 0
5276 1361 0.400078 0.861196 0.313496 -0.024361 -1.68953e-06 0 0 0
1728 207 0.993178 -0.11638 -0.00727782 -0.0229128 -1.2945e-06 0 0 0
5276 1783 0.0550021 -0.908103 0.415119 -0.0155654 -9.56777e-07 0 0 0
4475 5017 0.340188 0.930757 0.134028 -0.00313923 -2.64334e-07 0 0 0
4475 3469 0.721107 0.37245 -0.584197 -0.00105011 -7.49337e-08 0 0 0
2505 1078 0.992638 0.0518445 0.109464 -0.00343596 -3.0126e-07 0 0 0
2505 5328 0.454633 0.597991 -0.660087 -0.0029527 -2.49429e-07 0 0 0
503 5159 0.162305 -0.0383761 0.985994 -0.0241765 -1.96651e-06 0 0 0
5181 1557 0.476267 -0.873513 -0.100721 -0.0118541 -7.21081e-07 0 0 0
5181 2967 0.475864 0.22632 0.849902 -0.0254805 -1.5351e-06 0 0 0
503 3137 0.316505 0.883325 -0.345776 -0.00702891 -5.67369e-07 0 0 0
5181 399 0.125771 0.969387 0.210881 -0.00683381 -5.64377e-07 0 0 0
2457 3711 0.614221 0.0214992 0.788841 -0.00522724 -4.75123e-07 0 0 0
503 3336 0.896901 -0.292779 -0.331435 -0.0160847 -1.33922e-06 0 -1 0
2457 783 0.399555 -0.285772 -0.871028 -0.0229247 -1.46955e-06 0 0 0
5004 3150 0.71303 -0.638191 -0.290345 -0.00412539 -3.56609e-07 0 0 0
5004 646 0.883875 0.265264 0.385227 -0.00640789 -5.58616e-07 0 0 0
2457 3185 0.144134 0.761411 0.632043 -0.00934547 -7.47995e-07 0 0 0
881 3507 0.213415 0.777989 0.590921 -0.000734746 -5.74364e-08 0 0 1
2650 1010 0.827119 0.509097 0.238107 -0.00928345 -6.26663e-07 0 0 0
2650 4601 0.806951 -0.444474 -0.388938 -0.00205548 -1.97709e-07 0 0 0
881 994 0.877465 -0.32297 -0.354606 -0.00273475 -2.1973e-07 0 0 0
2650 2633 0.74432 -0.374676 0.552816 -0.00843775 -5.09405e-07 0 0 0
2133 3957 0.534936 -0.589114 0.605631 -0.00642356 -5.70071e-07 0 0 0
2650 326 0.0315472 -0.220338 -0.974913 -0.0178829 -1.51511e-06 0 0 0
3324 1051 0.153072 -0.982859 0.102744 -0.00622545 -3.65321e-07 -1 0 0
3324 5351 0.222002 -0.404417 0.887222 -0.0134643 -9.16463e-07 0 0 0
3324 1259 0.256926 0.471444 -0.843641 -0.0183692 -1.16136e-06 0 0 0
2133 5422 0.517079 -0.211262 -0.829456 -8.60705e-05 -7.01641e-09 0 0 0
2650 5276 -0.0278134 0.654605 0.755459 -0.0171551 -1.11011e-06 0 0 0
4876 2167 0.352517 0.921886 -0.160802 -0.00643775 -4.18597e-07 0 0 0
1723 131 0.165624 -0.981683 0.09417 -0.00480483 -3.67424e-07 0 0 0
4876 3954 0.300413 -0.92001 -0.251664 -0.0120612 -8.35122e-07 0 0 0
1723 680 0.362782 -0.276761 0.889827 -0.00456355 -3.2881e-07 0 0 0
1723 3167 0.683614 0.563675 0.463618 -0.00817398 -5.6479e-07 0 0 0
5070 4744 0.631359 0.204734 -0.747977 -0.00150853 -1.25641e-07 0 0 0
171 5517 0.55906 0.309348 0.769257 -0.017678 -1.49852e-06 0 0 0
5378 3449 0.108228 0.859182 -0.500092 -0.00883879 -6.28745e-07 0 0 0
171 390 0.53655 -0.840656 0.0735648 -0.00169813 -1.46868e-07 0 0 0
5378 145 0.344346 0.0681505 0.936366 -0.0248106 -1.43142e-06 0 0 0
5378 941 0.435618 -0.7109 -0.55214 -0.0242856 -1.56702e-06 0 0 0
5378 2582 0.783552 0.201197 -0.587848 -0.00330946 -2.11602e-07 0 0 0
3776 2702 0.903659 -0.416691 -0.0988384 -0.00701516 -6.13957e-07 0 0 0
5167 3295 0.206901 0.882027 0.423345 -0.010789 -6.43604e-07 0 0 0
87 3785 0.929857 0.099525 -0.354204 -0.0101002 -7.40242e-07 0 0 0
5167 519 0.419576 -0.758626 -0.49844 -0.0144503 -9.03292e-07 0 0 0
608 5124 0.345584 0.788742 0.508387 -0.00145533 -1.04779e-07 0 0 0
87 2995 0.783282 -0.544436 0.300098 -0.0150416 -9.15235e-07 0 0 0
5167 325 0.846957 0.206742 0.489818 -0.00383588 -3.46839e-07 0 0 0
87 2992 0.323014 -0.200907 -0.924823 -0.0170913 -1.3745e-06 0 0 0
4347 1401 0.678757 0.302841 0.669012 -0.0110097 -8.12492e-07 0 0 0
2560 3451 0.697856 0.693261 -0.179962 -0.0147582 -1.29598e-06 0 0 0
4347 946 0.208806 0.827618 -0.521006 -0.0147239 -1.10343e-06 0 0 0
4347 171 0.150964 -0.848494 -0.507215 -0.013555 -1.0888e-06 0 0 0
3212 4670 0.69258 -0.65843 0.294624 -0.00273858 -2.08629e-07 0 0 0
3212 1807 0.182469 0.439948 -0.87929 -0.0246058 -1.97366e-06 0 0 0
3212 4620 0.225788 -0.674672 -0.702735 -0.00913368 -7.95259e-07 0 0 0
4334 5153 0.763541 -0.0952584 0.638695 -0.0163506 -1.00611e-06 0 0 0
2659 2194 0.00249595 0.22914 -0.97339 -0.00154079 -1.03589e-07 0 0 0
2659 2599 0.0807678 -0.691205 -0.718131 -0.00271073 -2.49023e-07 0 0 0
2659 917 0.171067 -0.973229 0.153498 -0.00762741 -6.67536e-07 0 0 0
4334 1780 0.550957 0.804442 0.22208 -0.0112717 -7.10529e-07 0 1 0
4334 87 0.07388 -0.680405 -0.729102 -0.0283581 -1.84925e-06 0 0 0
3259 2080 0.865503 0.296461 0.403751 -0.010677 -7.8707e-07 0 0 0
3259 2127 0.289567 -0.694693 0.658448 -0.0110465 -8.46117e-07 0 0 0
5043 3079 0.173029 0.978145 -0.115295 -0.0123342 -9.89729e-07 0 0 0
5207 1091 0.493482 0.664712 -0.560922 -0.0030509 -2.6419e-07 0 0 0
3725 1826 0.891709 -0.10598 -0.440026 -0.0137532 -7.74049e-07 0 0 0
5043 3099 0.991239 0.0661486 -0.114319 -0.00827568 -6.974e-07 0 0 0
3725 1264 0.259399 0.419407 -0.869948 -0.00920484 -7.8777e-07 0 0 0
490 2346 0.3035 -0.548492 -0.77913 -0.0102208 -8.10094e-07 0 0 -1
3725 3338 0.24607 -0.756981 -0.605334 -0.0307418 -2.55644e-06 0 0 0
3725 1468 0.209544 -0.638452 0.740588 -0.00694773 -5.66602e-07 0 0 0
3725 3925 0.116609 0.911741 0.393866 -0.0103594 -7.40824e-07 0 0 0
1731 2243 0.288541 0.273433 -0.917594 -0.0120256 -1.13471e-06 0 0 0
1190 696 0.911116 0.00709484 0.412089 -0.0200057 -1.58232e-06 0 0 0
1731 4565 0.409121 0.910315 0.0628247 -0.0229962 -2.16778e-06 0 0 0
1731 145 0.519908 -0.758057 -0.393758 -0.0185922 -1.72294e-06 0 0 0
2063 4769 0.225784 0.508137 0.831155 -0.0107278 -8.21943e-07 -1 0 0
2063 5422 0.337574 -0.941191 -0.0142662 -0.0137675 -1.01979e-06 0 0 0
1190 3977 0.673058 0.282399 -0.683553 -0.0112166 -9.34256e-07 0 0 0
1523 3275 0.986204 -0.14523 -0.07944 -0.00209151 -1.82291e-07 0 0 0
4562 4026 0.864931 -0.50156 -0.0182514 -0.0105986 -8.01182e-07 0 0 0
4562 2338 0.56404 0.611887 -0.554484 -0.0182387 -1.22981e-06 0 1 0
4936 3451 0.652222 -0.542637 -0.529293 -0.00560037 -4.70665e-07 0 0 0
736 5444 0.617395 -0.467665 0.632545 -0.00409251 -3.65196e-07 0 0 0
736 78 0.411426 0.747368 0.521699 -0.0158085 -1.35902e-06 0 0 0
4232 4349 0.09578 0.725489 -0.681536 -0.0231794 -1.68087e-06 0 0 0
4232 2838 0.31412 -0.606488 -0.730411 -0.00485085 -4.27254e-07 0 0 0
4232 962 0.381456 0.49847 0.778472 -0.0133149 -1.13572e-06 0 0 0
4232 3416 0.506459 -0.545579 0.667715 -0.0293382 -1.87286e-06 0 0 0
736 4297 0.388514 0.176037 -0.904471 -0.00515971 -3.48092e-07 0 0 0
736 2505 -0.0512889 0.86544 -0.49838 -0.00571456 -5.25039e-07 0 0 0
2252 2433 0.86447 -0.502666 0.00433602 -0.00250924 -1.72181e-07 0 0 0
2252 1837 0.824292 0.451645 -0.341409 -0.0046942 -3.18176e-07 0 0 0
4126 3163 0.49527 -0.797308 0.344975 -0.00660199 -4.67299e-07 0 0 0
2252 2275 0.336987 0.822555 0.458087 -0.00755703 -5.14873e-07 0 0 0
4126 612 0.731133 0.681298 -0.0357246 -0.0094758 -6.3725e-07 0 0 0
1163 3256 0.838522 -0.529416 -0.128839 -0.0114472 -8.07782e-07 0 0 0
3276 1565 0.61862 0.438475 -0.651958 -0.0124791 -1.15707e-06 0 0 0
3276 5194 0.660952 -0.695627 0.281506 -0.0106213 -1.02476e-06 0 0 0
1163 1368 0.797071 0.54647 -0.257001 -0.0109187 -7.51538e-07 0 0 0
834 1565 0.480247 -0.831251 -0.279972 -0.0164433 -1.13395e-06 0 0 0
1163 2018 0.571859 -0.0779893 -0.816637 -0.0028634 -2.746e-07 0 0 0
1163 5521 0.31124 0.860547 0.403223 -0.00682239 -6.22306e-07 0 0 0
1163 4930 0.0510487 -0.98256 0.178803 -0.0236759 -1.95213e-06 0 0 0
5080 2018 0.75322 0.65126 0.0923096 -0.0094208 -8.10236e-07 0 0 0
5080 3713 0.589697 -0.765413 0.257682 -0.0120871 -8.91764e-07 0 0 0
5201 1094 0.777521 -0.546365 0.311364 -0.00730706 -5.75088e-07 0 0 0
5081 205 0.255885 0.0846228 0.962996 -0.0124275 -9.82173e-07 0 0 0
5201 1041 0.841229 0.51393 0.167956 -0.015379 -1.24521e-06 1 0 0
5081 2444 0.22566 -0.630716 -0.742479 -0.00968841 -7.8032e-07 0 0 0
2788 81 0.085868 0.875041 -0.476372 -0.0106691 -8.12955e-07 0 0 0
2788 3614 0.414339 -0.797142 0.43919 -0.0197378 -1.51158e-06 0 0 0
3350 3715 0.530021 0.847604 0.0253962 -0.00276511 -2.57478e-07 0 0 0
2788 4183 0.955086 -0.0391633 -0.293728 -0.00847614 -7.35449e-07 0 0 0
3321 573 0.871311 -0.00960001 0.490638 -0.00109447 -8.97521e-08 0 0 1
4674 4610 0.881083 0.458072 0.117741 -0.00239833 -1.86442e-07 0 0 0
1547 580 0.268579 -0.808071 -0.524297 -0.0427751 -2.76834e-06 0 0 0
1547 69 0.295236 0.654455 0.696078 -0.0324679 -2.71485e-06 0 0 0
4674 2992 0.653466 -0.386411 0.650898 -0.0173971 -1.41375e-06 0 0 0
1547 4793 0.947099 0.307796 -0.090913 -0.00502208 -3.98964e-07 0 0 0
4501 2218 0.92208 0.372262 -0.105781 -0.00554132 -3.99811e-07 0 0 0
4501 1714 0.358368 -0.872089 0.333217 -0.0116575 -8.55872e-07 0 0 0
1151 1751 0.653598 -0.0843491 -0.752127 -0.00277352 -2.30012e-07 0 0 0
1151 5076 0.597916 0.788051 -0.146534 -0.0257441 -2.05446e-06 0 0 0
2274 2010 0.281815 -0.632872 0.721147 -0.0106942 -7.05467e-07 0 0 0
1151 2457 0.195497 -0.95466 0.224512 -0.0218349 -1.86543e-06 0 0 0
2274 2815 0.716269 0.186268 -0.672504 -0.017778 -1.19399e-06 0 0 0
2274 5059 0.954915 -0.15686 0.252057 -0.000192009 -1.48508e-08 0 0 0
1924 4111 0.67824 -0.00820696 -0.734794 -0.0313877 -1.881e-06 0 0 0
131 55 0.177137 0.485669 -0.856007 -0.0202165 -1.22486e-06 0 0 0
1924 838 0.570838 -0.738332 0.35918 -0.00583464 -5.22708e-07 0 0 0
131 4976 0.558189 -0.466687 -0.686024 -0.0224222 -1.58647e-06 0 -1 0
131 2362 0.839262 -0.468682 0.275638 -0.0117822 -6.70791e-07 0 0 0
1924 1111 0.398189 0.830451 -0.389611 -0.00455833 -3.74163e-07 0 0 0
5421 3426 0.00575079 0.967445 -0.253018 -0.0110905 -7.8024e-07 0 0 0
5421 2533 0.112862 0.702936 0.702241 -0.0155248 -9.88381e-07 0 0 0
1924 4822 0.122519 0.382216 0.915915 -0.0219031 -1.4295e-06 0 0 0
5421 157 0.0418003 -0.789675 -0.6121 -0.0202713 -1.56583e-06 0 0 0
3406 3213 0.75454 0.645119 0.120377 -0.0120806 -1.1083e-06 0 0 0
3406 2494 0.661224 -0.736669 -0.141777 -0.0123071 -1.08241e-06 0 0 0
3264 2389 0.208688 -0.16236 0.964411 -0.0149403 -1.26704e-06 0 0 0
3406 617 0.231026 -0.563574 0.793102 -0.00815272 -5.73988e-07 0 0 0
3264 2766 0.511376 -0.0921937 -0.854397 -0.0244142 -1.79541e-06 0 0 0
4168 3126 0.56773 0.77043 0.290035 -0.0142973 -9.41578e-07 0 0 0
3264 119 0.942795 0.264498 0.202927 -0.00179285 -1.49386e-07 0 0 0
4168 3604 0.400241 -0.881533 0.250412 -0.00147288 -9.88038e-08 0 0 0
4116 1751 0.678999 -0.262002 0.685795 -0.0126751 -1.07092e-06 0 0 0
4116 431 0.512235 -0.844568 -0.155947 -0.00667369 -5.22016e-07 0 0 0
5143 2080 0.891085 0.00730567 -0.453777 -0.00405748 -2.8866e-07 0 0 0
5143 3421 0.555689 -0.588619 0.587143 -0.00776485 -5.13604e-07 0 0 0
1873 3299 0.14684 -0.942247 -0.301012 -0.00251875 -2.15511e-07 0 0 0
5143 3259 0.0399477 -0.317348 -0.947467 -0.00917019 -6.15893e-07 0 0 0
4471 5290 0.480754 -0.836003 0.264527 -0.0130023 -1.12366e-06 0 0 0
2283 3254 0.865372 -0.317438 -0.387769 -0.0147142 -1.14136e-06 0 0 0
4471 502 0.609782 0.736849 0.291924 -0.00470719 -2.82998e-07 0 0 -1
4471 1424 0.697636 -0.170121 -0.695962 -0.00783959 -4.93695e-07 0 0 -1
2283 1548 0.819714 0.349456 0.453817 -0.00311998 -2.21609e-07 0 0 0
3698 4719 0.664518 -0.576986 -0.474871 -0.000471735 -3.45855e-08 0 0 0
2283 1795 0.216034 0.971662 -0.0959258 -0.00671692 -4.66712e-07 0 0 0
3315 1573 0.47308 0.54076 -0.695539 -0.000422323 -3.36222e-08 0 0 0
1733 5326 0.940327 0.338822 -0.0313914 -0.00195932 -1.6954e-07 0 0 0
3805 4646 -0.0930621 0.661853 0.743834 -0.0262324 -2.13273e-06 0 0 0
3805 2010 0.179358 -0.932015 -0.314928 -0.00984177 -6.94734e-07 0 0 0
3805 1884 0.420369 -0.0675568 0.904835 -0.00919589 -5.79623e-07 0 0 0
3805 4549 0.513478 0.400701 -0.758801 -0.0389121 -2.2154e-06 0 0 0
2506 3384 0.505779 0.203259 -0.838375 -0.0141546 -8.73099e-07 0 0 0
3064 214 0.821207 -0.0635889 0.567076 -0.000677319 -5.70354e-08 0 0 0
2506 1012 0.433574 -0.321767 0.841713 -0.0171739 -1.04853e-06 0 0 0
4918 2738 0.518171 -0.333324 0.787651 -0.0362306 -2.41312e-06 0 -1 0
3920 645 0.847477 -0.0780875 -0.525057 -0.00469601 -3.74626e-07 0 0 0
4918 701 0.373234 -0.406289 -0.834042 -0.0208667 -1.64592e-06 0 -1 0
4543 165 0.13781 0.822575 0.551705 -0.0128697 -8.94294e-07 0 0 0
4543 4582 0.308319 -0.748463 0.587148 -0.00267746 -2.02103e-07 1 0 0
4543 2756 0.219594 0.732211 -0.644706 -0.00338219 -2.75778e-07 1 0 0
4918 905 0.375651 0.655665 -0.654973 -0.0233407 -1.55764e-06 0 0 0
4543 3759 0.918545 0.379407 -0.111017 -0.000584387 -5.04468e-08 1 0 0
1043 2037 -0.0119425 0.880705 0.473514 -0.00086631 -7.03921e-08 0 0 0
1043 3520 0.19152 -0.934079 0.301358 -0.00648046 -4.60302e-07 0 0 0
1043 5330 0.221344 0.0871339 -0.971295 -0.0085799 -5.97233e-07 0 0 0
1043 941 0.468988 -0.136673 0.872566 -0.02664 -1.91242e-06 0 0 0
4918 4402 0.210295 0.58833 0.780797 -0.00215438 -1.4796e-07 0 0 0
1043 3703 0.797191 0.559024 -0.227987 -0.010075 -7.59902e-07 0 0 0
3778 1718 0.595622 -0.21504 -0.773946 -0.0246122 -1.79157e-06 0 0 0
5070 5482 0.108296 0.926684 -0.359902 -0.00165977 -1.17255e-07 0 0 0
3778 2868 0.444055 0.0327929 0.895399 -0.00348679 -2.52701e-07 0 0 0
5070 4721 0.465697 -0.621849 0.629627 -0.00421298 -3.33644e-07 0 0 0
2531 5355 0.926734 0.149448 0.344718 -0.00576411 -4.5325e-07 0 0 0
2531 838 0.773312 -0.210036 -0.598225 -0.00746326 -6.07521e-07 0 0 0
81 2205 0.291066 -0.374394 -0.880403 -0.00505081 -4.3121e-07 0 0 0
2531 4822 0.263481 0.959337 0.101247 -0.0029257 -2.23005e-07 0 0 0
578 4165 0.56579 0.681458 0.464216 -0.0118216 -9.4833e-07 0 1 0
81 2737 0.922543 0.137814 -0.360446 -0.0244093 -1.65802e-06 0 0 0
578 1458 0.496996 -0.785575 0.368602 -0.0205907 -1.64094e-06 0 0 0
578 4334 0.21495 0.166073 -0.962401 -0.0225121 -1.95616e-06 0 0 0
2511 994 0.59568 0.616704 -0.514628 -0.00768647 -5.02017e-07 0 0 0
3379 2604 0.668164 -0.69132 0.275016 -0.0299839 -2.02097e-06 0 0 0
3379 1356 0.552262 0.410518 0.725591 -0.0147497 -9.89257e-07 0 0 0
537 2691 0.454067 0.691886 -0.561353 -0.0116494 -7.02577e-07 0 0 0
537 2332 0.5407 0.750657 0.379682 -0.00735067 -6.13614e-07 0 0 0
537 5133 0.631344 -0.715178 -0.299875 -0.00491719 -3.17162e-07 0 0 0
3379 2393 0.340911 0.88269 -0.323479 -0.0191986 -1.3116e-06 0 0 0
3079 1502 0.142721 0.740212 0.657052 -0.0251556 -1.62673e-06 0 0 0
3079 1993 0.313038 -0.463682 -0.828858 -0.0121825 -1.02486e-06 0 0 0
4124 3341 0.780649 -0.370562 -0.50326 -0.000934776 -7.06627e-08 0 0 0
4124 4945 0.761066 -0.407248 0.504903 -0.0260607 -1.81425e-06 0 0 0
3079 3400 0.831617 0.413299 -0.370942 -0.00360513 -3.17248e-07 0 0 0
3926 1645 0.124863 -0.928427 0.349904 -0.0131618 -9.07918e-07 0 0 0
3926 917 0.170507 0.63412 -0.754201 -0.0127554 -1.02147e-06 0 0 0
3926 2183 0.644266 0.59711 0.477892 -0.00952695 -6.72606e-07 0 0 0
3926 4733 0.642286 -0.365875 -0.673502 -0.0145549 -1.02702e-06 0 0 0
1581 2032 0.587313 0.802259 -0.106978 -0.0163399 -1.22504e-06 0 0 0
3411 4401 0.988111 -0.116478 -0.100343 -0.012209 -9.93008e-07 0 0 0
2037 3449 0.129195 0.818992 0.559072 -0.00114875 -9.51798e-08 0 0 0
5423 3873 0.525357 0.808354 -0.265638 -0.0148291 -1.23424e-06 0 0 0
2445 5413 0.778617 0.517396 -0.355045 -0.0132357 -9.77612e-07 0 0 0
1618 2725 0.786974 -0.557714 0.26387 -0.0024707 -1.85907e-07 0 0 0
3382 474 0.636852 -0.761205 -0.122416 -0.0124967 -8.19064e-07 0 0 0
4859 5404 0.905187 -0.41536 -0.0900737 -0.00911538 -8.38445e-07 0 0 0
3426 2533 0.112249 -0.192564 0.974843 -0.00536013 -3.9455e-07 0 0 0
3382 1521 0.461427 0.714924 0.525328 -0.00202156 -1.29166e-07 0 0 0
3382 87 0.192569 0.845939 -0.497298 -0.00904261 -6.17993e-07 0 0 0
1311 474 0.795625 -0.0448661 0.604126 -0.00820896 -7.247e-07 0 0 0
3426 3879 0.982793 -0.184698 -0.00223493 -0.00178172 -1.23264e-07 0 0 0
3592 4692 0.0755951 -0.868474 -0.489937 -0.0171646 -1.33579e-06 0 0 0
3592 5197 0.193475 -0.685327 0.702064 -0.00583548 -4.42721e-07 0 0 1
3592 4943 0.224831 0.583457 -0.780404 -0.00954326 -7.41396e-07 0 0 0
3592 3760 0.728065 0.54344 0.417845 -0.0174705 -1.32123e-06 0 0 0
1311 2222 0.755771 0.528294 -0.38693 -0.00397793 -3.65951e-07 0 0 0
4646 130 0.436714 0.897536 0.0609067 -0.0279561 -2.22513e-06 0 0 0
4646 1884 0.579039 -0.776282 0.249199 -0.00873954 -6.72475e-07 0 0 0
2043 2389 0.0741252 0.973144 0.217934 -0.0176832 -1.18481e-06 0 0 0
3606 78 0.730519 -0.420953 -0.537717 -0.0281421 -2.18187e-06 0 0 0
3606 1754 0.662699 0.74816 0.0329644 -0.0117487 -9.61732e-07 0 0 0
2316 5369 0.565654 0.714484 -0.411762 -0.0080132 -5.82054e-07 0 0 0
2316 3108 0.427585 -0.86925 -0.248143 -0.00715012 -6.15119e-07 0 0 0
5120 3048 0.408196 0.80791 0.425039 -0.00897798 -7.43499e-07 0 0 0
2043 4485 0.970917 0.0143 -0.23899 -0.016603 -1.41121e-06 0 0 0
5120 4602 0.419727 -0.119203 0.899789 -0.00442755 -2.61269e-07 0 0 0
5120 723 0.229116 0.446735 -0.864831 -0.0172867 -1.40473e-06 0 0 0
2303 815 0.715602 0.246854 -0.653435 -0.00892077 -7.19296e-07 0 0 0
2303 701 0.524809 -0.633899 0.568109 -0.0122818 -9.01527e-07 0 -1 0
2303 905 0.519286 0.513526 0.683106 -0.0126285 -9.3765e-07 0 0 0
160 2032 0.499856 -0.363582 0.786099 -0.0118874 -9.57092e-07 0 0 0
2389 5341 0.0465304 0.977424 -0.2061 -0.0126087 -1.10744e-06 0 0 0
2389 5324 0.0830638 -0.407786 0.909292 -0.014827 -1.20006e-06 0 0 0
160 2831 0.524439 -0.510084 -0.681746 -0.0145937 -1.00619e-06 0 0 0
160 1190 0.164343 0.956794 0.239869 -0.01433 -9.92747e-07 0 0 0
2389 119 0.635143 0.373465 -0.676105 -0.0106819 -6.02866e-07 0 0 0
2389 1559 0.74076 -0.606589 0.288659 -0.0237712 -1.9238e-06 0 0 0
698 2856 0.490434 -0.605659 -0.626619 -0.0114612 -9.62972e-07 0 0 0
2037 727 0.101234 0.709688 -0.697205 -0.00930949 -7.21041e-07 0 0 0
4087 2524 0.761699 0.481582 0.433467 -0.0031451 -2.70618e-07 0 0 0
4087 217 0.563845 -0.598016 0.56961 -0.0062415 -5.02493e-07 0 0 0
2037 2582 0.905653 0.06658 0.418761 -0.011526 -9.89223e-07 0 0 0
4087 5303 0.411013 0.141287 -0.900615 -0.00734714 -5.66824e-07 0 0 0
2148 2183 0.557796 -0.826302 0.0780308 -0.0138983 -8.97778e-07 0 0 0
3214 736 0.265822 0.766489 -0.584665 -0.0119014 -1.06643e-06 0 0 0
3214 2316 0.14348 -0.942655 -0.301355 -0.00371221 -3.24031e-07 0 0 0
1506 2437 0.325244 0.06374 0.94348 -0.00242128 -1.74246e-07 0 0 0
1506 5078 0.227565 -0.906509 -0.355605 -0.0041706 -3.02199e-07 0 0 0
1506 5181 0.14314 0.600656 -0.78659 -0.00668679 -3.97659e-07 0 0 0
1028 1012 0.748699 0.479246 0.45801 -0.0104511 -9.41433e-07 0 0 0
4411 754 0.500992 -0.66889 -0.549175 -0.00666397 -6.20379e-07 1 0 0
1028 2506 0.233229 0.827897 -0.510089 -0.0145634 -1.35492e-06 0 0 0
3507 1601 0.207963 0.30847 -0.928223 -0.0155074 -1.04235e-06 0 0 -1
3507 4662 0.179347 -0.904662 0.38655 -0.00962925 -7.03971e-07 0 0 0
4279 431 0.568294 0.53638 0.62397 -0.00855182 -6.92419e-07 0 0 1
4279 5044 0.294725 -0.885352 -0.359569 -0.00275792 -2.30068e-07 0 0 0
3507 2808 0.966749 -0.248294 -0.0611998 -0.00877581 -6.22693e-07 0 0 0
4653 2449 0.113295 -0.91425 0.388988 -0.00052786 -4.58096e-08 -1 0 0
1962 4228 0.608041 0.790675 0.0715461 -0.00799391 -5.64715e-07 0 0 0
4653 3127 0.606396 -0.630892 -0.484003 -0.00346617 -2.76535e-07 0 0 0
4653 896 0.774629 0.54475 -0.321243 -0.00211378 -1.69635e-07 -1 0 0
1962 2847 0.428137 -0.870583 -0.242452 -0.0233775 -1.65502e-06 0 0 0
2537 4402 0.459189 0.512405 -0.725663 -0.00953152 -8.30575e-07 0 0 0
2537 2997 0.404059 -0.835288 0.372868 -0.00360596 -2.99922e-07 0 -1 0
3123 2167 0.653708 -0.707285 -0.269098 -0.013882 -1.13227e-06 0 0 0
2243 3449 -0.0497163 -0.17363 -0.983555 -0.0131316 -9.51753e-07 0 0 0
2243 4565 0.103036 0.542631 0.833628 -0.00864328 -4.8236e-07 0 0 0
3123 5207 0.156496 0.941605 -0.298144 -0.0037449 -3.00931e-07 0 0 0
2243 1868 0.634929 0.772436 0.0144146 -0.0042305 -2.81085e-07 0 0 0
5199 4719 0.668309 0.743867 0.00503019 -0.0102025 -8.59888e-07 0 0 0
5199 2437 0.586856 -0.0166894 -0.809519 -0.00783373 -6.48569e-07 0 0 0
3650 1746 0.813039 0.557382 0.168206 -0.0274702 -1.90135e-06 0 0 0
1051 5351 0.0583836 0.635629 0.769784 -0.016715 -1.15016e-06 1 0 0
1051 3949 0.0709353 -0.947592 0.311509 -0.00756465 -5.393e-07 1 0 0
1051 2427 0.169434 -0.152576 -0.973659 -0.00587982 -4.29417e-07 1 0 0
3650 4535 0.510074 -0.74096 -0.43681 -0.0278305 -2.07741e-06 0 0 0
1051 2920 0.649591 -0.650268 -0.393933 -0.00675917 -5.43499e-07 1 0 0
2769 2831 0.560956 0.501877 0.658368 -0.0138881 -9.52656e-07 0 0 0
2769 4015 0.440867 -0.492818 0.750178 -0.0179513 -1.32539e-06 0 0 0
5514 406 0.260883 0.941171 -0.214795 -0.00385741 -2.79839e-07 0 0 0
2769 3776 0.101585 0.37726 -0.920519 -0.00952465 -8.39081e-07 0 0 0
333 2167 0.581159 -0.45391 0.67544 -0.0182153 -1.24463e-06 0 0 0
5514 3905 0.575345 -0.608699 -0.546318 -0.0138862 -1.04414e-06 0 0 0
5514 1131 0.708376 -0.495524 0.502652 -0.0158587 -1.11894e-06 0 0 0
2533 2525 0.0874182 0.836846 0.540413 -0.0147297 -1.14415e-06 0 0 0
2533 3645 0.247006 0.866098 -0.434583 -0.0111516 -9.49954e-07 0 0 0
2533 653 0.500032 -0.5423 0.675187 -0.0170201 -1.20412e-06 0 0 0
3438 3551 0.904344 0.00253348 -0.426796 -0.00106455 -8.18668e-08 0 0 0
3438 120 0.71346 0.695697 0.0835471 -0.00306569 -2.79754e-07 0 0 0
3438 2868 0.390193 -0.846411 0.362406 -0.00641566 -4.8e-07 0 0 0
2533 738 0.993563 -0.112252 -0.0152311 -0.0145535 -8.86296e-07 0 0 0
3438 3778 -0.00695141 -0.894304 -0.447406 -0.020542 -1.62979e-06 0 0 0
3244 3904 0.501306 0.864733 -0.0304969 -0.0140047 -1.09132e-06 0 0 0
3822 783 0.779039 -0.621679 0.0813283 -0.00349691 -3.2472e-07 0 0 0
3822 431 0.672738 0.0715112 -0.736417 -0.00897911 -7.01359e-07 0 0 0
1263 2856 0.630469 -0.655819 0.415224 -0.00881781 -7.04667e-07 0 0 0
576 4017 0.58425 0.411028 0.699791 -0.00237293 -1.89314e-07 0 0 0
1590 1544 0.248999 -0.520184 -0.81695 -0.00654906 -5.16507e-07 0 0 0
1263 698 0.106694 -0.0180682 0.994128 -0.00366695 -2.84262e-07 0 0 0
3321 4051 0.729113 0.616039 -0.298146 -0.0271539 -2.14713e-06 0 0 0
4692 1601 0.206093 -0.688135 0.695699 -0.00891405 -6.18984e-07 0 0 0
4692 115 0.177407 0.582042 -0.79357 -0.00667905 -5.11704e-07 0 0 0
4692 2619 0.246886 -0.870831 -0.425089 -0.0183409 -1.50191e-06 0 0 0
4692 5129 0.944915 -0.26279 0.195132 -0.00781962 -5.94372e-07 0 0 0
3321 617 0.610157 -0.7614 -0.219039 -0.0234122 -2.03277e-06 0 0 0
2413 2691 0.37536 0.139406 0.916335 -0.0195931 -1.1802e-06 0 0 0
4664 3963 0.851095 -0.356244 -0.385651 -0.00503986 -4.12204e-07 0 0 0
2413 4499 0.602021 -0.675543 0.42569 -0.0180717 -1.13305e-06 0 0 0
3907 432 0.815703 -0.380749 -0.435499 -0.00325037 -2.13824e-07 0 0 0
2413 3738 0.887405 0.32201 -0.32988 -0.0137851 -1.11953e-06 0 0 0
1808 5197 0.113219 -0.829255 -0.547283 -0.00290649 -2.13933e-07 0 0 0
3907 5181 0.292987 0.676251 0.675902 -0.0114163 -7.85143e-07 0 0 0
1808 4815 0.429624 0.901659 -0.0493404 -0.000511768 -3.99003e-08 0 0 0
3308 5369 0.615106 0.0519336 0.786732 -0.0356295 -2.63359e-06 0 0 0
3308 4822 0.268753 -0.396218 -0.877943 -0.0284951 -1.86118e-06 0 0 0
1402 5303 0.445144 -0.746838 -0.494044 -0.00943485 -6.77884e-07 0 0 0
3461 233 0.275743 -0.597883 -0.752663 -0.00119914 -9.73941e-08 0 0 0
942 5208 0.46345 0.75031 -0.471433 -0.00395803 -3.22991e-07 0 0 0
942 1962 0.121379 -0.711934 0.691677 -0.00786727 -6.64873e-07 0 0 0
5367 302 0.478772 0.145106 0.865865 -0.00101198 -8.91199e-08 0 0 0
5367 5207 0.075269 -0.701045 -0.709134 -0.00168001 -1.53921e-07 0 0 0
1258 4059 0.88003 0.456516 0.130924 -0.00228688 -2.17588e-07 0 0 0
1258 5073 0.597854 -0.593246 -0.5391 -0.0145349 -1.33715e-06 0 0 0
1258 3667 0.483159 0.563358 -0.670213 -0.0293693 -1.82956e-06 0 0 -1
1258 4124 0.0409124 -0.992041 0.119085 -0.0131352 -9.21473e-07 0 -1 0
4349 2201 0.143179 0.632804 -0.760959 -0.0194347 -1.60465e-06 0 1 0
867 2338 0.870504 -0.366577 -0.328396 -0.00623806 -4.34052e-07 0 0 0
4349 5492 0.377666 0.917289 0.126289 -0.00708658 -5.27549e-07 0 1 0
4349 631 0.804136 -0.562521 -0.192183 -0.00696679 -4.84746e-07 0 0 0
867 5423 0.0769306 0.426952 0.900996 -0.0297304 -2.4707e-06 0 0 0
2449 3127 0.442853 0.334159 -0.831997 -0.0104512 -8.93354e-07 1 0 0
2449 1538 0.729986 0.246488 0.637467 -0.0179184 -1.26768e-06 1 0 0
2206 907 0.314489 -0.94303 -0.108587 -0.0199574 -1.33138e-06 0 0 0
166 4565 0.0724547 0.559866 -0.825409 -0.00781048 -4.31889e-07 0 0 0
166 2339 0.398086 0.916685 0.0348844 -0.00288151 -2.00696e-07 0 0 0
2206 1028 -0.00824488 0.757146 -0.653194 -0.015102 -1.2884e-06 0 0 0
166 614 0.920145 -0.341629 0.191369 -0.00453635 -2.62192e-07 0 0 0
3698 3338 0.650808 -0.49842 0.572736 -0.0118359 -8.73047e-07 0 0 0
2672 2322 0.695107 -0.322811 -0.642355 -0.0147619 -1.35759e-06 0 0 0
2672 3778 0.244995 0.694765 -0.676224 -0.0158929 -1.3364e-06 0 1 0
1020 3856 0.805554 -0.551713 -0.216092 -0.0113543 -9.77971e-07 0 0 0
4091 3583 0.724363 -0.192426 -0.66202 -0.0204719 -1.86654e-06 0 0 0
4091 2338 0.679413 -0.279664 0.67837 -0.0244223 -1.74684e-06 0 0 0
4091 2868 0.409434 0.606339 -0.681701 -0.00464194 -3.57058e-07 0 0 0
4091 3914 0.357338 -0.907973 -0.218847 -0.00184025 -1.10358e-07 0 -1 0
4091 867 -0.099162 0.0483511 0.993896 -0.0402126 -3.07045e-06 0 0 0
3449 2582 0.729038 -0.675174 -0.112443 -0.0116822 -8.01013e-07 0 0 0
4091 2672 -0.185617 0.0212397 -0.982393 -0.020302 -1.9823e-06 0 -1 0
4322 2547 0.850699 0.150764 0.503568 -0.0102677 -7.74248e-07 0 0 0
157 5482 0.0133078 -0.303512 0.952735 -0.0170193 -1.22501e-06 0 0 0
157 3380 0.133822 -0.926435 -0.351865 -0.0192112 -1.5166e-06 0 0 0
4322 399 0.591369 -0.785948 0.180467 -0.000117258 -8.78744e-09 0 0 0
157 903 0.901094 -0.107751 0.420022 -0.0197647 -1.55562e-06 0 0 0
5482 167 0.312197 -0.144824 0.938914 -0.0142222 -1.13343e-06 0 0 0
5482 4744 0.51679 -0.77303 -0.367903 -0.00349477 -2.90954e-07 0 0 0
4322 2531 0.181795 -0.39597 -0.900088 -0.0088168 -6.38489e-07 0 0 0
4322 3308 0.137597 0.97147 0.193164 -0.00147434 -1.1201e-07 0 0 0
4708 4005 0.598363 -0.455303 -0.659289 -0.00584293 -4.29804e-07 0 0 0
4708 2505 0.33275 0.0962028 0.938095 -0.0137322 -1.13226e-06 0 0 0
3547 2767 0.688218 -0.34773 0.636742 -0.00709658 -3.94664e-07 0 0 0
165 128 0.851667 0.469684 0.232508 -0.0101062 -6.50295e-07 1 0 0
3547 946 0.323966 -0.943137 -0.0744216 -0.0158767 -9.98025e-07 0 0 0
5122 164 0.62658 0.742632 -0.23642 -0.00290126 -2.44497e-07 0 0 0
5122 3547 0.168887 -0.979264 -0.111893 -0.0211909 -2.01053e-06 0 0 0
133 3356 0.638382 -0.749786 -0.174039 -0.00354016 -2.70164e-07 0 0 0
133 5195 0.580406 -0.0712139 -0.811207 -0.00127096 -1.10117e-07 0 0 0
133 5452 0.373103 -0.566634 0.734656 -0.00239993 -1.7217e-07 0 0 0
2354 754 0.332338 0.926442 -0.176795 -0.0122202 -8.66825e-07 1 0 0
3589 4945 0.737015 0.477382 -0.478451 -0.00413819 -2.44149e-07 0 0 0
2354 1429 0.556836 0.0560498 0.828729 -0.0249843 -1.80805e-06 1 0 0
3589 2992 0.5763 0.657303 0.485624 -0.0254943 -2.06689e-06 0 0 0
693 2457 0.381848 0.686241 -0.619084 -0.0216433 -1.65863e-06 0 0 0
693 171 0.418067 -0.154518 0.895178 -0.0159332 -1.32084e-06 0 0 0
4427 1429 0.645638 -0.762703 0.0379043 -0.020085 -1.83426e-06 0 0 0
4427 4331 0.767396 0.635126 -0.087852 -0.0134425 -1.03026e-06 0 0 0
4891 3247 0.207047 -0.599791 -0.772905 -0.0120052 -8.95404e-07 0 0 0
4891 3517 0.351499 -0.200335 0.914502 -0.00541587 -4.02365e-07 0 0 0
4891 1954 0.384796 0.801991 -0.456883 -0.0121715 -8.81997e-07 0 0 0
4891 2131 0.821579 -0.552569 0.140267 -0.00593971 -4.86076e-07 0 0 0
1806 4965 0.90257 -0.205842 0.378149 -0.0150604 -1.1473e-06 0 0 0
1152 1498 0.966439 0.109261 -0.232502 -0.00241748 -1.77558e-07 0 0 0
1152 3547 0.133127 0.477818 0.868313 -0.00933462 -7.87963e-07 0 0 0
2071 3421 0.908491 0.264621 0.32345 -0.0147637 -1.26879e-06 0 0 0
727 683 0.836051 0.417826 0.355585 -0.00361872 -3.39556e-07 0 0 0
5159 2201 0.126377 0.354136 0.926616 -0.0203354 -1.61959e-06 0 0 0
5159 1957 0.260609 0.902006 -0.344193 -0.0135361 -1.09353e-06 0 0 0
5482 903 0.879319 0.167761 -0.445706 -0.00100234 -7.7293e-08 0 0 0
5159 1002 0.551282 -0.790008 0.268282 -0.0148659 -1.26414e-06 0 -1 0
1868 173 0.0276566 -0.257456 -0.965894 -0.000213642 -1.78204e-08 0 0 0
381 3992 0.0974811 -0.917893 -0.384668 -0.000921216 -7.36025e-08 0 0 0
381 1021 0.495079 0.675053 0.546992 -0.00395631 -3.66048e-07 0 0 0
381 2403 0.486937 -0.59702 0.637542 -0.0100853 -8.3151e-07 0 0 0
2694 3713 0.640294 0.550509 0.535689 -0.0167351 -9.02269e-07 0 0 0
381 4146 0.840914 -0.148109 -0.520507 -0.00408297 -3.35773e-07 0 0 0
3380 130 0.202372 0.348808 -0.915084 -0.0235643 -2.07152e-06 0 0 0
3380 4744 0.34348 -0.0248851 0.93883 -0.0229572 -2.10226e-06 0 0 0
2694 1258 0.0211333 -0.0138547 -0.999681 -0.037253 -2.1603e-06 0 0 0
482 905 0.581372 -0.42917 -0.691245 -0.0143164 -9.47559e-07 0 0 0
3380 3180 0.840394 -0.537341 0.0707269 -0.00868963 -5.329e-07 0 0 0
726 5422 0.229182 0.956688 0.179512 -0.0197704 -1.54249e-06 0 0 0
482 4402 0.416672 -0.503587 0.756825 -0.00522298 -3.55352e-07 0 0 0
726 5194 0.434377 -0.161122 -0.886203 -0.0196995 -1.75248e-06 0 0 0
726 5492 0.358979 -0.933316 -0.00735395 -0.0152462 -1.17078e-06 0 0 0
210 2368 0.684034 0.712355 -0.156993 -0.000552053 -4.06342e-08 0 0 0
210 3379 0.242421 0.576374 0.7804 -0.0352693 -2.60052e-06 0 0 0
210 5423 0.159716 -0.422798 -0.892038 -0.0349338 -2.83825e-06 0 0 0
1473 4390 0.865768 0.423066 0.267323 -0.0108301 -9.14653e-07 0 1 0
3893 2847 0.438749 -0.0376437 0.897821 -0.00546327 -3.86358e-07 0 0 0
4840 580 0.238796 0.0259097 -0.970724 -0.00181842 -1.58614e-07 0 0 0
3295 1742 0.739754 0.453802 -0.496817 -0.0129004 -9.35479e-07 0 0 0
3893 2345 0.369686 0.130593 -0.919933 -0.0151712 -1.39168e-06 0 0 0
3893 3432 0.348304 -0.937265 -0.0147725 -0.00271766 -1.63046e-07 0 0 0
3050 1601 0.152952 0.82683 0.541256 -0.00834575 -6.33124e-07 0 0 0
3050 2619 0.1901 0.756843 -0.625341 -0.00359831 -2.86602e-07 0 0 0
3050 994 0.604043 -0.577928 0.548754 -0.0187213 -1.4543e-06 0 0 0
2572 1532 0.942316 0.20136 -0.267386 -0.00907915 -6.52654e-07 0 0 0
2572 1581 0.145107 0.931206 -0.334364 -0.0165315 -1.30904e-06 0 0 0
4255 5090 0.833051 -0.321188 -0.450404 -0.00987629 -7.83419e-07 0 0 0
2599 4853 0.823719 -0.250625 -0.508599 -0.00913417 -7.14837e-07 0 0 0
2599 3793 0.876319 0.409423 0.253844 -0.0110584 -8.78209e-07 0 0 0
4255 1091 0.640893 0.659991 0.392005 -0.0111699 -7.34585e-07 0 0 0
4255 333 0.0977019 -0.96597 0.239491 -0.0136379 -9.30994e-07 0 0 0
1645 5144 0.13071 -0.82976 -0.542598 -0.0108726 -9.06839e-07 0 -1 0
1645 656 0.347234 -0.388248 0.853635 -0.0197662 -1.60533e-06 0 -1 0
4886 1111 0.842417 0.232454 0.486105 -0.0143494 -1.07266e-06 0 0 0
4886 3715 0.75136 0.312543 -0.581184 -0.0106166 -9.30675e-07 0 0 0
4886 3350 0.274622 -0.628286 -0.727901 -0.0140177 -1.10244e-06 0 0 0
2307 3604 0.675653 0.330737 -0.658868 -0.00904826 -6.1786e-07 0 0 0
1645 3789 0.884832 -0.163846 -0.436149 -0.011673 -8.1613e-07 0 -1 0
2307 642 0.548464 -0.78416 0.29031 -0.0163908 -1.17691e-06 0 0 0
4903 539 0.374757 -0.908677 0.184019 -0.0105674 -8.40004e-07 0 0 0
4903 4171 0.830267 -0.254365 -0.495939 -0.012671 -1.06444e-06 0 0 0
3890 4446 0.929513 -0.150828 -0.336537 -0.0032472 -2.73476e-07 0 0 0
3890 4930 0.451788 0.744954 -0.490847 -0.0211559 -1.57234e-06 0 0 0
1502 2269 -0.0586132 -0.675996 0.73457 -0.0247826 -2.0186e-06 0 0 0
1502 1903 0.26639 0.882341 -0.387956 -0.035356 -2.24168e-06 0 0 0
1502 996 0.243051 0.593216 0.767477 -0.0184116 -1.28709e-06 0 0 0
3890 4334 0.335863 -0.840347 0.425455 -0.0282036 -1.92396e-06 0 -1 0
1502 2503 0.858888 -0.159959 0.486543 -0.00655572 -4.37043e-07 0 0 0
546 1480 0.484148 -0.543544 0.685683 -0.0141935 -1.3219e-06 0 -1 0
5437 2167 0.779254 0.174851 -0.601823 -0.00683808 -5.31063e-07 0 0 0
4565 656 0.169261 0.882239 -0.439323 -0.016176 -1.48392e-06 0 0 0
5437 4876 0.407754 -0.803736 -0.433296 -0.00574957 -4.44805e-07 0 0 0
2382 2858 0.890005 0.208397 0.40554 -0.000358754 -2.59336e-08 0 0 0
4565 529 0.749643 -0.592445 -0.295033 -0.0175254 -1.36072e-06 0 0 0
4565 1048 0.798821 0.594042 0.0948663 -0.00951871 -6.86631e-07 0 0 0
3548 1152 0.0653233 -0.454278 0.888462 -0.0048133 -3.79311e-07 0 0 0
4437 519 0.352964 -0.855948 0.377848 -0.00477755 -4.54497e-07 0 0 0
4437 1678 0.412356 0.801141 0.433746 -0.00829515 -7.14846e-07 0 0 0
4437 248 0.910576 0.043505 -0.411046 -0.0042586 -4.04152e-07 0 0 0
5274 2643 0.761613 0.0469443 -0.64633 -0.000826165 -5.3709e-08 0 0 0
957 5407 0.844878 -0.358457 0.397101 -0.000732665 -5.82069e-08 0 0 0
5274 4116 0.148393 -0.66195 0.734712 -0.00823513 -7.16716e-07 0 0 1
1668 2032 0.774137 -0.601039 -0.198654 -0.00347158 -2.68313e-07 0 0 0
1668 723 0.570901 -0.186354 0.79959 -0.0127463 -9.38642e-07 0 0 0
2346 4714 0.964295 -0.0711701 -0.255088 -0.0062932 -5.25896e-07 0 0 1
1668 160 0.236271 -0.207257 -0.949326 -0.0151772 -1.11258e-06 0 0 0
2269 5333 0.586236 -0.363327 -0.7241 -0.0146573 -1.10859e-06 0 0 0
2269 5255 0.755563 -0.518895 0.39984 -0.0105399 -8.95162e-07 0 0 0
4742 783 0.725552 0.441775 0.527644 -0.00351609 -2.34501e-07 0 0 0
5197 1601 0.102086 -0.900296 -0.423139 -0.00706375 -5.31525e-07 0 0 -1
4742 4279 0.0918994 0.733278 -0.67369 -0.00298798 -2.32949e-07 0 0 -1
307 5231 0.600184 -0.697035 0.392329 -0.0161067 -1.2822e-06 0 0 0
307 3589 0.23864 0.686928 0.686426 -0.0237822 -2.28661e-06 0 0 0
5351 2689 0.397891 0.900221 -0.176877 -0.00255413 -1.95928e-07 0 0 0
489 1178 0.961652 0.074834 0.263865 -0.00867967 -5.05347e-07 0 0 0
5351 2320 0.716015 0.361649 0.597103 -0.0180309 -1.22487e-06 0 0 0
489 5181 0.300795 -0.281941 0.911061 -0.0391609 -2.3202e-06 0 0 0
3992 528 0.153467 -0.737733 0.657417 -0.0120472 -1.0437e-06 0 0 0
489 3212 0.175585 0.331373 -0.927018 -0.0340137 -2.95729e-06 0 0 0
3992 2235 0.486187 0.0361145 -0.873108 -0.0122013 -9.5494e-07 0 0 0
489 2531 0.0944832 0.96341 0.250827 -0.0025933 -2.12811e-07 0 0 0
489 3907 0.0302338 -0.954235 0.297526 -0.000435376 -3.07145e-08 0 0 0
4771 4093 0.592915 0.626564 0.505835 -0.0290118 -2.16656e-06 0 0 0
4771 3438 0.199801 -0.906245 -0.372559 -0.0256461 -1.82264e-06 0 0 0
4771 2572 0.0256993 0.692576 -0.720887 -0.025494 -1.72708e-06 0 0 0
3095 3760 0.334537 -0.926645 0.171506 -0.00719805 -5.93237e-07 0 0 0
4626 3308 0.233264 -0.617885 0.75087 -0.018666 -1.5571e-06 0 0 0
3095 4714 0.639717 0.66033 0.393353 -0.00424443 -3.4082e-07 0 0 1
3095 4500 0.951566 -0.21641 0.218376 -0.0035364 -2.03353e-07 0 0 0
2800 4499 0.595741 0.447955 0.666655 -0.00394373 -2.73183e-07 0 0 0
1650 1469 0.768937 0.135466 -0.624807 -0.0267071 -2.15664e-06 0 0 0
1650 2444 0.476749 0.470856 0.742297 -0.0232423 -1.59789e-06 0 0 0
3520 3523 0.0391223 -0.745605 -0.665238 -0.0109638 -8.34763e-07 0 0 0
3520 941 0.290607 0.750944 0.592984 -0.0101959 -7.60855e-07 0 0 0
3520 1697 0.351827 0.14981 -0.923999 -0.00426689 -3.05064e-07 0 0 0
5124 1633 0.696338 -0.192373 0.691452 -0.00400917 -3.12499e-07 0 0 0
2071 2127 0.688061 -0.12748 -0.714367 -0.000797388 -6.31327e-08 0 0 0
5330 528 0.0847418 -0.129255 -0.987984 -0.0216264 -1.55381e-06 0 0 0
5124 164 0.62008 -0.759685 -0.195905 -0.0209417 -1.52009e-06 0 0 0
5330 1697 0.307617 -0.869254 0.387 -0.0100853 -7.39831e-07 0 0 0
5330 3703 0.585356 0.472434 0.658912 -0.0111828 -8.06559e-07 0 0 0
1875 3048 0.866384 -0.499372 0.00272235 -0.00227646 -1.81508e-07 0 0 0
885 775 0.79104 -0.242088 0.561826 -0.0108416 -7.83374e-07 0 0 0
4943 115 0.0298983 -0.860362 -0.508806 -0.00860212 -6.56396e-07 0 0 0
4943 4287 0.496011 -0.0243323 -0.867975 -0.00200155 -1.46933e-07 0 0 0
4943 1568 0.563246 0.799428 -0.208971 -0.0102103 -7.21722e-07 0 0 0
4943 3378 0.899932 -0.302917 0.313631 -0.000625387 -4.45793e-08 0 0 0
885 2126 0.535722 0.744928 0.397599 -0.000869243 -6.21527e-08 0 0 0
885 2206 0.142083 -0.928194 -0.343901 -0.00676016 -4.95321e-07 0 0 0
528 3745 0.382434 0.0235289 -0.923683 -0.012961 -1.0908e-06 0 0 0
528 2781 0.527271 -0.761376 0.377215 -0.00517995 -3.09224e-07 0 0 0
255 3421 0.794357 -0.239491 -0.558248 -0.00563874 -3.62817e-07 0 0 0
255 3914 0.542389 0.838601 0.0506115 -0.0032487 -2.16773e-07 0 0 0
255 4708 0.000322816 -0.604854 0.796336 -0.0142178 -1.096e-06 0 0 0
1972 5452 0.566866 0.743143 -0.35553 -0.00324164 -2.72206e-07 0 0 0
1972 5274 0.145805 -0.536158 -0.83143 -0.00412362 -3.70177e-07 0 0 0
2271 5208 0.457447 -0.190264 -0.868644 -0.0150547 -1.20457e-06 0 0 0
2271 2649 0.476463 0.0498177 0.877782 -0.00740823 -4.8929e-07 0 0 0
2271 942 0.0399122 -0.889999 -0.454212 -0.00233235 -2.05443e-07 0 0 0
55 539 0.13464 -0.0205564 -0.990681 -0.0149512 -1.25836e-06 0 0 0
55 2030 0.337215 0.908627 0.246339 -0.0136416 -8.12336e-07 0 0 0
3886 2126 0.524569 -0.143314 0.839219 -0.00663731 -4.57457e-07 0 0 0
3886 885 -0.00541837 -0.892031 0.451941 -0.00416971 -2.97618e-07 0 0 0
55 493 0.637474 -0.56419 -0.524707 -0.00112946 -9.92055e-08 0 0 0
4881 2793 0.680306 -0.351116 0.643351 -0.0475682 -3.51219e-06 0 0 0
4881 701 0.545414 0.524099 0.654098 -0.00344481 -2.91067e-07 0 0 0
1259 1977 -0.0137035 -0.694744 -0.719127 -0.0343532 -2.90374e-06 0 0 0
1259 354 0.130203 0.477345 0.869016 -0.0377108 -2.33478e-06 0 0 0
4881 3606 0.0622157 -0.502549 -0.862307 -0.0139056 -1.28622e-06 0 0 0
5483 907 0.482435 0.240065 0.842393 -0.0133063 -9.30654e-07 0 0 0
1259 2118 0.890029 0.418922 0.179869 -0.00279191 -2.01456e-07 0 0 0
4524 5012 0.817054 0.173306 -0.549898 -0.00745927 -5.8774e-07 0 0 0
580 1903 0.177524 -0.903839 0.389308 -0.0294544 -1.74433e-06 0 0 0
580 3580 0.383328 0.422505 -0.82131 -0.00636461 -3.77018e-07 0 0 0
580 2622 0.622762 -0.482146 -0.6162 -0.0282772 -2.16025e-06 0 0 0
229 2303 0.223688 -0.91392 0.338695 -0.00238411 -1.73623e-07 0 0 0
229 210 0.0549292 0.552986 -0.831378 -0.00543994 -3.92715e-07 0 0 0
1071 5254 0.645475 0.672425 -0.362224 -0.00353477 -2.8563e-07 0 0 0
4582 1538 0.429439 -0.407123 -0.806122 -0.0107276 -6.77271e-07 0 0 0
1071 2025 0.66114 0.447955 0.601856 -0.0108882 -6.80404e-07 0 0 0
1071 3406 0.300025 -0.95188 -0.0625268 -0.00470347 -2.88364e-07 0 0 0
4582 4986 0.728318 0.236887 0.642991 -0.0012172 -1.04401e-07 0 0 0
1071 698 0.155931 -0.131161 -0.979021 -0.00760585 -5.42096e-07 0 0 0
2209 2179 0.459675 -0.320544 -0.828221 -0.0114012 -7.60688e-07 0 0 0
3949 1790 0.0470404 -0.267473 0.962416 -0.00302402 -2.15836e-07 0 0 0
2209 5276 0.438961 -0.301535 0.846398 -0.0211832 -1.40756e-06 0 0 0
3949 286 0.668652 -0.718516 0.191412 -0.0059994 -4.36154e-07 0 0 0
4379 4535 0.814654 0.547537 -0.191158 -0.0169132 -1.25685e-06 0 0 0
1632 5076 0.848487 0.049382 0.526908 -0.00221637 -1.53508e-07 0 0 0
4769 5145 0.174179 0.741706 0.647715 -0.00481362 -3.82204e-07 1 0 0
1632 3450 0.574331 0.818449 0.0169001 -0.00397895 -3.39884e-07 0 0 0
1632 4116 0.278255 -0.554385 -0.784367 -0.00765268 -6.27694e-07 0 0 0
1632 3548 0.0109059 0.336127 0.941753 -0.00244812 -1.98565e-07 0 0 0
4769 663 0.869185 -0.0903224 0.486168 -0.00532797 -3.97622e-07 1 0 0
1632 1972 -0.0331597 0.719085 -0.69413 -0.0035628 -3.01393e-07 0 0 -1
4224 2322 0.820016 0.555055 0.1396 -0.00839241 -7.659e-07 0 0 0
4224 3871 0.641154 -0.102637 -0.760518 -0.0166585 -1.50026e-06 0 0 0
4224 5143 0.430954 -0.863179 0.263061 -0.00555686 -4.87116e-07 0 0 0
1416 5521 0.681208 -0.662796 0.310897 -0.00694193 -6.19154e-07 0 0 0
1416 171 0.366738 0.858498 0.358448 -0.0147639 -8.66571e-07 0 0 0
4468 4385 0.988458 -0.0771517 -0.130379 -0.0324952 -1.96892e-06 0 0 0
917 1132 0.865639 0.432985 0.251382 -0.0194197 -1.53359e-06 0 0 0
4468 1468 0.591753 0.768515 -0.243338 -0.0103819 -8.28185e-07 0 0 0
4468 5195 0.568268 -0.772513 0.283363 -0.00224514 -2.10492e-07 0 0 0
4439 783 0.654349 0.581204 -0.483766 -0.0101847 -5.72923e-07 0 0 0
4439 2011 0.467278 -0.485071 -0.73916 -0.0179216 -1.65623e-06 0 0 0
2324 3416 0.310006 0.83613 0.45253 -0.0158615 -1.28044e-06 0 0 0
2324 1954 0.294686 -0.32644 -0.898108 -0.0170255 -1.32568e-06 0 0 0
2324 1372 0.326971 -0.212351 0.920867 -0.00570748 -4.25413e-07 0 0 0
2324 810 0.717966 0.497016 -0.487339 -0.00316354 -2.49794e-07 0 0 0
4439 2457 0.294202 0.890284 0.347619 -0.0129203 -8.42508e-07 0 0 0
4439 4664 0.0137001 -0.999742 0.0181448 -0.0246501 -2.20193e-06 0 0 0
728 996 0.274049 -0.267519 -0.923759 -0.017935 -1.42911e-06 0 0 0
728 117 0.34522 -0.523158 0.779185 -0.00252116 -2.0237e-07 0 0 0
4439 693 -0.0395058 0.316482 0.947776 -0.0159105 -1.31349e-06 0 0 0
728 4812 0.778506 0.437681 0.449849 -0.0173082 -1.54618e-06 0 0 0
470 3127 0.20854 0.699945 0.683073 -0.00659551 -5.8312e-07 0 0 0
470 5255 0.565517 0.798831 -0.205084 -0.0109602 -7.19801e-07 0 0 0
470 1224 0.633861 -0.77328 -0.0160793 -0.00611768 -4.15072e-07 0 0 0
5001 1142 0.752366 -0.553935 0.356513 -0.00191423 -1.6533e-07 0 0 0
1860 962 0.155784 -0.495721 -0.854396 -0.0168874 -1.30727e-06 0 0 0
5001 2316 0.397152 -0.309404 -0.864025 -0.00593111 -5.33569e-07 0 0 0
5001 3214 0.283955 0.722801 -0.630023 -0.0104168 -8.33603e-07 0 0 0
3859 5090 0.724552 0.552489 0.412044 -0.0202425 -1.78408e-06 0 0 0
1860 4868 0.934624 0.067383 0.349195 -0.00706392 -5.92122e-07 0 1 0
1601 5129 0.718756 0.452928 -0.527491 -0.010459 -8.05728e-07 0 0 0
3859 3411 0.215691 -0.963815 0.156648 -0.0244413 -1.37098e-06 0 0 0
39 2016 0.68134 0.681948 0.265939 -0.0226867 -1.32913e-06 0 0 0
39 2506 0.268908 -0.901774 -0.338368 -0.0134168 -7.79502e-07 0 0 0
39 3886 -0.0458581 -0.797429 0.601667 -0.0127796 -9.6534e-07 0 0 0
4662 1993 0.133341 0.816108 0.562305 -0.0151615 -1.20422e-06 0 0 0
4662 3000 0.821284 -0.508562 -0.258569 -0.0126927 -1.04714e-06 0 0 0
39 4379 -0.0997007 0.94135 -0.322366 -0.017759 -1.48366e-06 0 0 0
2585 1142 0.642326 -0.493301 -0.586576 -0.0164454 -1.14781e-06 0 0 0
2541 2157 -0.01821 -0.180501 -0.983406 -0.00333947 -2.43175e-07 0 0 0
2585 326 0.62281 0.779354 0.0686662 -0.00616934 -4.57233e-07 0 0 0
2541 3114 0.268601 0.94773 0.172224 -0.0218952 -1.46875e-06 0 0 0
2541 773 0.721626 -0.681234 0.123187 -0.0143036 -1.12481e-06 0 0 0
2585 5001 -0.0690768 0.0287922 -0.997196 -0.0125512 -1.06742e-06 0 0 0
1813 1091 0.691375 -0.699577 -0.180534 -0.0110233 -7.40262e-07 0 0 0
3117 3614 0.0642966 0.647056 -0.759726 -0.013904 -9.68617e-07 0 0 0
3117 462 0.475381 -0.526639 0.704744 -0.00507785 -4.28302e-07 0 0 0
1813 5231 0.482364 0.74098 -0.467198 -0.0118495 -1.07051e-06 0 0 0
3117 5037 0.905761 0.369211 0.208039 -0.00429158 -3.66519e-07 0 0 0
4894 1401 0.869952 -0.469188 -0.151812 -0.00879724 -5.7334e-07 0 0 0
3523 1697 0.322442 0.903871 -0.281155 -0.00817525 -6.18463e-07 0 0 0
4894 1028 0.0743003 0.833171 0.548001 -0.0123421 -1.14505e-06 0 0 0
3523 84 0.817937 -0.571285 -0.0679122 -0.025551 -2.25797e-06 0 0 0
4894 5483 -0.0688446 -0.974596 0.213127 -0.00555883 -4.25125e-07 0 0 0
2756 117 0.331787 -0.150543 -0.931265 -0.00279983 -2.23201e-07 0 0 0
2756 286 0.737498 0.627781 0.248973 -0.00254611 -2.32331e-07 0 0 0
4293 5012 0.813241 -0.581693 0.0165137 -0.0289252 -2.09225e-06 0 0 0
4293 3321 0.154219 0.51837 -0.841136 -0.0251258 -2.11778e-06 0 0 -1
2201 5194 0.344743 0.932628 -0.106571 -0.0117682 -1.10391e-06 0 0 0
2201 5492 0.253872 0.325549 0.910805 -0.00740604 -5.99751e-07 0 0 0
2201 5024 0.985141 0.0102884 0.171438 -0.00635354 -5.76331e-07 0 0 0
3724 789 0.766068 -0.173458 0.618913 -0.012456 -1.0799e-06 0 0 0
1544 962 0.119478 -0.811221 0.572403 -0.00691155 -5.47178e-07 0 -1 0
1544 5492 0.210575 0.430856 -0.877509 -0.00989147 -7.32024e-07 0 0 0
3724 1506 0.397694 0.800709 -0.448001 -0.00406235 -3.62817e-07 0 0 0
1460 458 0.774134 0.206737 0.598312 -0.00285061 -1.9498e-07 0 0 0
1460 4886 0.0268168 -0.993687 -0.108935 -0.00289774 -2.34394e-07 0 0 0
5341 519 0.243291 0.469241 -0.848895 -0.00995921 -8.73441e-07 0 0 0
562 2847 0.504367 0.859021 -0.0877309 -0.0260116 -1.87174e-06 0 0 0
5341 4038 0.708164 0.585913 0.393966 -0.0105949 -9.10772e-07 0 0 0
562 3432 0.410011 -0.0965701 -0.906954 -0.0250011 -1.40942e-06 0 0 0
562 2445 0.154123 -0.981693 0.111919 -0.0158768 -1.29802e-06 0 0 0
822 5328 0.820391 -0.544845 0.173499 -0.000193749 -1.36265e-08 0 0 0
822 4562 0.415878 0.456302 0.78666 -0.0128805 -9.10582e-07 0 0 0
822 255 0.0967199 -0.553334 -0.827325 -0.0128279 -8.84134e-07 0 0 0
615 153 0.62167 0.662831 -0.41735 -0.00389064 -3.28827e-07 0 0 0
615 210 0.187009 -0.801105 0.568558 -0.0113124 -9.49989e-07 0 0 0
5017 1568 0.596461 -0.686186 0.416394 -0.00699551 -6.02265e-07 0 0 0
5017 2873 0.924682 0.380739 -0.00122527 -0.0268416 -2.13721e-06 0 0 0
2525 465 0.0319483 0.990056 -0.136997 -0.00666692 -4.74762e-07 0 1 0
1952 2694 0.243143 -0.320527 -0.915502 -0.0219965 -1.74614e-06 0 0 0
2525 3336 0.593823 0.573354 0.564481 -0.0157137 -1.24095e-06 0 0 1
1952 3890 0.125638 0.115292 0.985354 -0.012655 -8.99647e-07 0 0 0
2525 5035 0.915298 0.22195 -0.336108 -0.00513254 -3.91412e-07 0 0 0
3709 4165 0.718253 -0.33686 0.6088 -0.0062354 -4.81551e-07 0 0 0
1781 5276 0.614321 0.0556336 -0.787092 -0.00789189 -7.00578e-07 0 0 0
218 2868 0.888601 -0.295131 -0.35112 -0.00653556 -5.54557e-07 0 0 0
4725 1361 0.891247 -0.00360835 -0.453505 -0.0108189 -7.41279e-07 0 0 0
4725 2997 0.501024 0.761356 0.411475 -0.00817817 -6.40348e-07 0 0 0
115 3107 0.986293 -0.158141 -0.0470975 -0.00563238 -4.94292e-07 0 0 0
680 3167 0.333861 0.847307 -0.413046 -0.00554357 -4.02216e-07 0 0 0
680 4853 0.606548 -0.391336 0.692067 -0.00716049 -5.8615e-07 0 0 0
1202 1521 0.951643 -0.207758 0.226303 -0.0131618 -1.17788e-06 0 0 0
1202 4334 0.57341 0.816097 -0.0720115 -0.00865774 -7.81253e-07 0 0 0
2567 1807 0.47904 -0.167738 0.861618 -0.0107948 -7.2783e-07 0 0 0
2567 3350 0.27824 0.696457 0.661461 -0.0153665 -1.37469e-06 0 0 0
2567 3650 0.206359 -0.0790204 -0.97528 -0.0269826 -1.85445e-06 0 0 0
2152 617 0.847253 0.422131 0.322439 -0.00368865 -3.01788e-07 0 0 0
406 2742 0.0328422 0.988512 0.147533 -0.00354753 -2.32926e-07 0 0 0
2152 4156 0.727653 -0.42451 -0.538807 -0.0111332 -8.57088e-07 0 0 0
406 2349 0.23829 -0.651097 -0.720618 -0.00204844 -1.36091e-07 0 0 0
406 5317 0.361771 0.400033 -0.842078 -0.00383947 -2.92727e-07 0 0 0
1307 4590 0.987447 0.110444 -0.112915 -0.00379418 -3.54035e-07 0 0 0
5124 3389 0.906883 0.180867 -0.380593 -0.000518009 -3.92418e-08 0 0 0
1307 4165 0.654555 -0.603118 -0.455857 -0.00400631 -3.29019e-07 0 0 0
465 3137 -0.0471338 0.742548 0.668132 -0.0130111 -1.0175e-06 0 0 1
1307 1714 0.571485 0.598421 0.561514 -0.0109407 -7.26701e-07 0 0 0
1307 1473 0.00323173 -0.973537 0.228508 -0.00425561 -3.87067e-07 0 -1 0
465 1396 0.447443 0.866229 -0.222357 -0.0112287 -7.62438e-07 0 0 0
465 3336 0.545543 -0.471626 0.692785 -0.0054481 -4.40966e-07 0 -1 1
1307 3709 -0.0195526 -0.268189 -0.963168 -0.00503827 -3.31545e-07 0 0 0
3100 2967 0.823791 0.0109668 -0.566788 -0.0210309 -1.14023e-06 0 0 0
5324 2742 0.0944886 -0.960103 -0.2632 -0.00478412 -3.50904e-07 0 0 0
5324 3163 0.212019 0.11811 0.970102 -0.0122861 -9.36826e-07 0 0 0
3100 5268 0.679312 0.623782 0.386564 -0.0227201 -1.54833e-06 0 0 0
3100 2437 0.57335 -0.786916 0.228106 -0.00402569 -2.95307e-07 0 0 0
5324 4135 0.960854 0.182316 0.208615 -0.00104647 -7.82778e-08 0 0 0
2858 1223 0.707033 -0.348526 0.615332 -0.00849402 -5.69783e-07 0 0 0
4636 2632 0.266794 0.822251 -0.502717 -0.000576314 -3.85859e-08 0 0 0
5375 3064 0.392476 -0.874162 0.286013 -0.00129553 -1.03817e-07 0 0 0
5375 646 0.522205 0.042068 -0.851782 -0.0227206 -1.98701e-06 0 0 0
145 2879 0.789057 0.163097 0.592274 -0.000711748 -5.49886e-08 0 0 0
687 1581 0.276465 0.346697 0.896308 -0.00506067 -4.19245e-07 0 0 0
2157 3835 0.16823 -0.924918 0.340919 -0.0114797 -8.63298e-07 0 0 0
2157 4512 0.593908 0.64187 -0.485053 -0.00997338 -7.42244e-07 0 0 0
4017 3126 0.844646 -0.51188 0.156687 -0.0294631 -2.00579e-06 0 0 0
4017 1038 0.606666 0.599988 0.521508 -0.00549922 -4.62892e-07 0 0 0
3137 1957 0.103087 -0.0306723 0.994199 -0.0142567 -1.14099e-06 0 0 0
4017 2649 0.503474 -0.447075 -0.73935 -0.0348781 -2.21594e-06 0 0 0
4580 1111 0.766975 -0.199389 -0.609912 -0.00817905 -6.90375e-07 0 0 0
3137 4897 0.950817 -0.0959186 0.294527 -0.0114469 -8.89762e-07 0 0 0
3247 922 0.090944 0.843204 -0.529845 -0.00174311 -1.1372e-07 0 0 0
4580 1924 0.344609 -0.915059 -0.209551 -0.00367509 -2.26208e-07 0 0 0
3247 3310 0.559486 -0.16498 -0.812254 -0.0137162 -9.12691e-07 0 0 0
4580 4626 0.00163605 0.402433 0.915448 -0.0139227 -1.19312e-06 0 0 0
4580 1460 0.0108219 0.496536 -0.867949 -0.00406815 -2.7371e-07 0 0 0
4525 3450 0.654888 -0.74101 0.148409 -0.00881091 -7.64441e-07 0 0 0
4525 3411 0.429672 0.818553 -0.381252 -0.0227727 -1.67364e-06 0 0 0
4525 1972 0.056835 -0.832623 -0.550916 -0.00327478 -2.81647e-07 0 0 -1
77 4602 0.75224 0.620029 -0.222931 -0.00343684 -2.13203e-07 0 0 0
77 3432 0.522329 0.358183 0.773872 -0.0244717 -1.53533e-06 0 0 0
1790 128 0.759549 -0.505532 0.409295 -0.00112321 -8.41621e-08 0 0 0
2010 3451 0.201603 -0.959894 0.194834 -0.0188967 -1.24955e-06 0 0 0
2010 3594 0.552794 -0.201176 0.80867 -0.0039533 -2.55175e-07 0 0 0
2010 5059 0.677988 0.521123 -0.518424 -0.00636267 -4.78584e-07 0 0 0
593 2283 0.465875 -0.374827 0.80154 -0.00185237 -1.4238e-07 0 0 0
593 3438 0.404002 -0.200571 -0.892498 -0.0044609 -3.78458e-07 0 0 0
145 130 0.0214036 -0.724898 0.688524 -0.0267072 -2.38817e-06 0 0 0
593 4771 0.210878 0.81212 -0.544051 -0.00728277 -5.70651e-07 0 0 0
593 218 0.0301891 -0.968869 -0.245726 -0.00733127 -5.95863e-07 0 0 0
145 4270 0.734735 -0.656078 0.172413 -0.00277642 -2.05828e-07 0 0 0
83 4495 0.94745 0.0174106 -0.31943 -0.00246144 -2.0677e-07 0 0 0
83 2461 0.539823 -0.82435 -0.170405 -0.00460765 -3.44097e-07 0 0 0
145 4211 0.925728 0.2707 -0.2641 -0.0124024 -1.14532e-06 0 0 0
83 3907 0.231415 0.0549293 0.971303 -0.00938299 -6.25635e-07 0 0 0
3614 3745 0.409791 0.691753 0.5946 -0.000919798 -7.13724e-08 0 0 0
5497 2505 0.591331 -0.0423533 -0.805316 -0.0101533 -8.24875e-07 0 0 0
3614 2320 0.643519 -0.762635 -0.0653641 -0.0149632 -1.07406e-06 0 0 0
5497 3606 0.389265 0.254836 0.885173 -0.0103659 -8.14698e-07 0 0 0
3420 5012 0.859881 0.34037 0.380464 -0.00224166 -1.54589e-07 0 0 0
3957 5388 0.211409 0.894102 0.394825 -0.00824857 -6.705e-07 0 0 0
3957 952 0.561163 0.645935 -0.517556 -0.0169873 -1.0821e-06 0 0 0
3420 4524 0.083314 0.188087 0.978612 -0.00844334 -6.44322e-07 0 0 0
3957 5315 0.828555 -0.327648 -0.454029 -0.00573329 -4.6276e-07 0 0 0
3420 2152 -0.0365444 0.314185 -0.948658 -0.00453356 -3.66991e-07 0 0 -1
924 2444 0.718656 0.252235 -0.648005 -0.00774832 -6.11874e-07 0 0 0
4787 3167 0.139221 -0.963219 0.229839 -0.00772227 -5.81414e-07 0 0 0
527 1862 0.843725 0.535532 0.0365233 -0.00645921 -5.85266e-07 0 0 0
4787 1283 0.336154 0.749719 0.570019 -0.0147667 -8.24115e-07 0 0 0
527 1458 0.663938 0.175745 -0.726842 -0.0190645 -1.55934e-06 0 0 0
527 3259 0.371457 -0.284791 0.883693 -0.0202163 -1.44808e-06 0 0 0
4841 2982 0.65969 0.707591 0.253228 -0.00338515 -2.63019e-07 0 0 0
4787 5209 0.858448 -0.436117 -0.269941 -0.00914376 -7.60899e-07 0 0 0
1977 69 0.0344265 -0.589316 -0.807169 -0.02914 -2.20627e-06 0 0 0
4841 4168 0.555484 0.377019 -0.741143 -0.00609614 -5.06266e-07 0 0 0
1977 1233 0.737927 -0.647185 0.191353 -0.0116098 -9.1544e-07 0 0 0
4841 2307 0.279587 -0.93361 0.224061 -0.0182686 -1.48219e-06 0 0 0
4841 2858 0.1286 0.168506 0.977276 -0.00958726 -7.93953e-07 0 0 0
3201 5181 0.701073 -0.162929 -0.694227 -0.0125397 -1.13394e-06 0 0 0
2333 1131 0.44086 -0.795111 -0.416463 -0.00641537 -4.39509e-07 0 0 0
2333 3953 0.948793 0.289385 -0.126678 -0.00597549 -4.41529e-07 0 0 0
3201 3100 0.23348 0.0877158 0.968397 -0.0166022 -1.57687e-06 0 0 0
2664 5382 0.936605 -0.337093 0.0955988 -0.018861 -1.27052e-06 0 0 0
2664 527 -0.00362216 0.720077 0.693885 -0.00852248 -4.91178e-07 0 0 0
4579 2873 0.779377 -0.619587 -0.0931902 -0.0180913 -1.40005e-06 0 0 0
4734 2997 0.729685 0.35628 -0.58363 -0.000805037 -5.99892e-08 0 0 -1
4734 4124 0.486404 0.40058 0.776497 -0.0273153 -2.14025e-06 0 0 0
4440 3725 0.537194 0.833921 -0.126487 -0.00554172 -3.99742e-07 0 0 0
4440 4468 0.184687 -0.518242 0.835054 -0.00474201 -3.35612e-07 0 0 0
167 202 0.626213 -0.758256 0.181397 -0.0162438 -1.52193e-06 0 0 0
167 3590 0.820016 0.571497 0.0310655 -0.0106865 -7.08349e-07 0 0 1
5520 2893 0.92381 -0.247086 -0.292444 -0.00280867 -2.04589e-07 0 0 0
5520 2650 0.651251 0.734529 0.19063 -0.0114091 -9.67969e-07 0 0 0
5145 1248 0.486156 0.76958 0.414003 -0.00302878 -1.86183e-07 0 0 0
5520 2585 0.158837 -0.191664 -0.968522 -0.0227401 -1.68399e-06 0 0 0
2154 4422 0.928311 -0.00525546 -0.371766 -0.00515187 -4.05878e-07 0 0 0
5145 2388 0.625389 -0.433714 0.648676 -0.00317339 -2.67516e-07 0 0 0
2154 2572 0.279142 0.404348 0.870966 -0.00371764 -2.80486e-07 0 0 0
547 1657 0.0178014 0.0992398 0.994904 -0.00885927 -5.37542e-07 0 0 0
2154 687 0.132248 0.923028 -0.361288 -0.00178658 -1.40556e-07 0 0 0
547 3000 0.647934 0.336234 -0.683468 -0.0190078 -1.22644e-06 0 0 0
23 815 0.852382 0.458535 0.251378 -0.00946153 -5.32919e-07 0 1 0
23 1754 0.769066 -0.638273 -0.0338482 -0.00582233 -4.48594e-07 0 0 0
23 2303 0.242767 0.268094 0.932303 -0.0179668 -1.45427e-06 0 1 0
23 4881 0.137048 -0.713875 0.686731 -0.0431102 -2.38836e-06 0 0 0
1957 5194 0.189013 0.351269 0.916997 -0.0115487 -7.9437e-07 0 0 0
5111 2888 0.720097 -0.656808 0.223747 -0.000780975 -6.93808e-08 0 0 0
5111 2307 0.145389 0.715439 0.68338 -0.01544 -1.11108e-06 0 0 0
3120 4015 0.769406 0.637886 0.0334006 -0.00860917 -6.46391e-07 0 0 0
1957 46 0.875544 0.457091 0.156492 -0.00420257 -2.73426e-07 0 0 0
3120 4501 0.422878 -0.905084 0.0446823 -0.00823897 -6.04089e-07 0 0 0
5241 4524 0.219431 -0.900472 -0.375501 -0.00694133 -5.54361e-07 0 0 0
5241 4293 0.198766 -0.0446526 -0.979029 -0.00671916 -5.52675e-07 0 0 0
4826 3124 0.963572 -0.14324 -0.225855 -0.00748646 -5.83863e-07 0 0 0
4826 5199 0.317656 -0.136697 -0.938301 -0.0132734 -1.0906e-06 0 0 0
685 2316 0.433998 0.66135 -0.61177 -0.00779714 -5.51593e-07 0 0 0
4101 527 0.183301 0.904598 -0.384841 -0.0100747 -9.15276e-07 0 0 0
5422 952 0.656616 0.338571 0.673962 -0.0114762 -9.34597e-07 0 0 0
4096 2649 0.535772 -0.810118 0.238026 -0.00551928 -3.57202e-07 0 0 0
4096 5199 0.195775 0.863977 -0.463913 -0.00739033 -6.69922e-07 0 0 0
4096 4017 0.0411834 -0.360354 0.931906 -0.011 -6.42662e-07 0 0 0
4096 4826 -0.086028 0.928347 0.361622 -0.00130197 -9.52624e-08 0 0 0
2571 4603 0.265611 0.701254 -0.661584 -0.00875424 -7.22319e-07 0 0 0
2571 4272 0.266605 -0.11595 0.956806 -0.0113296 -8.74824e-07 0 0 0
2571 1002 0.38141 0.817986 0.43061 -0.00777755 -6.95574e-07 0 0 0
2571 1197 0.669263 -0.267898 -0.693049 -0.0168195 -1.31954e-06 0 0 0
2742 721 0.0857475 -0.591393 0.801812 -0.0035882 -2.43025e-07 0 0 0
2446 2738 0.989354 0.143817 0.0222742 -0.00418328 -2.7434e-07 0 0 0
2446 4918 0.453343 0.470083 -0.757299 -0.0112147 -7.34021e-07 0 1 0
2446 4725 0.126774 -0.810351 0.572066 -0.00280922 -1.82868e-07 0 0 0
5144 1480 0.332448 0.303547 -0.892938 -0.00508822 -4.79114e-07 0 0 0
1979 3558 0.735181 -0.418424 -0.53332 -0.00295024 -2.13552e-07 0 0 0
5144 173 0.745167 -0.62563 -0.230897 -0.0061212 -4.87016e-07 0 0 0
2912 642 0.864877 0.165327 -0.473977 -0.00582881 -4.93358e-07 0 0 0
2912 5044 0.771038 -0.067771 0.633173 -0.00481279 -3.93236e-07 0 0 0
2117 1633 0.861531 0.498863 0.0943368 -0.00421983 -3.02338e-07 0 0 0
2117 5122 0.229459 -0.741437 -0.630571 -0.0137241 -1.16431e-06 0 0 0
1657 2202 0.944552 -0.327086 -0.0289247 -0.00437165 -3.23418e-07 0 0 0
2117 5124 0.199704 0.748727 -0.63208 -0.00904958 -6.64692e-07 0 0 0
2117 39 0.228858 -0.0287885 0.973034 -0.00815556 -5.99037e-07 0 0 0
1542 4029 0.86525 0.264668 0.425786 -0.00559829 -3.65132e-07 1 0 0
3886 1012 0.827401 -0.558241 -0.0614431 -8.7342e-05 -6.49533e-09 0 0 0
5418 1163 0.478576 -0.652907 0.587093 -0.0260791 -1.59035e-06 0 0 0
69 4443 0.969011 0.246585 -0.0146162 -0.00832523 -6.84946e-07 0 0 0
2205 354 0.146305 -0.989223 -0.00575643 -0.00357973 -3.26381e-07 0 0 0
2205 3517 0.189774 -0.38441 -0.903446 -0.00763037 -6.25795e-07 0 0 0
2205 1372 0.261808 0.84428 -0.467598 -0.00542744 -4.43183e-07 0 0 0
5418 4664 0.233607 0.611831 -0.755706 -0.0122761 -1.04478e-06 0 0 0
2205 2737 0.699662 0.520362 0.489588 -0.00713826 -6.12466e-07 0 0 0
2427 2920 0.5189 -0.538581 0.663832 -0.00792914 -5.8433e-07 0 0 0
2427 1233 0.600957 0.582811 -0.546976 -0.00490994 -3.55912e-07 0 0 0
5418 1416 0.165496 0.705854 0.688754 -0.0157335 -9.41594e-07 0 0 0
4094 482 0.358011 0.352635 0.864567 -0.00719432 -5.83282e-07 0 0 0
2838 4272 0.263718 -0.19217 -0.945264 -0.00549846 -4.39892e-07 0 0 0
4094 229 0.24515 0.291238 -0.924706 -0.00624627 -4.86854e-07 0 0 0
2838 810 0.65877 -0.440464 0.609929 -0.00112404 -8.94184e-08 0 0 0
4261 1806 0.346646 -0.318057 -0.882427 -0.00187713 -1.50448e-07 0 0 0
519 1510 0.221748 -0.437503 -0.871447 -0.0197422 -1.10802e-06 0 0 0
4261 3859 0.3574 -0.910626 0.207425 -0.0197019 -1.90923e-06 0 0 1
4732 3725 0.665994 -0.589094 0.457625 -0.0174427 -1.48301e-06 0 0 0
519 417 0.512083 0.824928 0.239302 -0.00119348 -1.078e-07 0 0 0
519 1436 0.903222 0.0309005 -0.428059 -0.00130491 -1.22027e-07 0 0 0
4732 5520 0.0567172 0.972847 0.224392 -0.0123683 -9.1226e-07 0 0 0
354 3517 0.0236862 0.623095 -0.781788 -0.0141409 -1.14136e-06 0 0 0
354 2689 0.200379 -0.597951 0.776082 -0.0132508 -1.05287e-06 0 0 0
354 4183 0.459314 0.373912 0.805742 -0.0304689 -1.94642e-06 0 0 0
1129 4168 0.480527 -0.0868873 0.872665 -0.00763662 -5.05938e-07 0 0 0
1129 1962 0.358774 -0.767761 -0.530872 -0.00820142 -5.93899e-07 0 0 0
1129 2271 0.204786 0.682252 -0.701851 -0.0130188 -8.4311e-07 0 0 0
270 3379 0.345948 0.131574 -0.928982 -0.0165052 -1.15499e-06 0 0 0
2619 4309 0.446283 -0.840768 -0.306497 -0.0174963 -1.4331e-06 0 0 0
2123 3356 0.758236 0.394198 0.519313 -0.00801277 -6.79276e-07 0 0 0
2123 2982 0.4537 -0.653583 -0.605793 -0.0112027 -9.73955e-07 0 0 0
2123 5274 0.165836 -0.523831 0.835524 -0.00986849 -6.47517e-07 0 0 0
5176 2393 0.81049 -0.26512 -0.522318 -0.0115565 -8.38752e-07 0 0 0
721 4934 0.00904817 -0.00791419 0.999928 -0.00425823 -3.20773e-07 0 0 0
5176 2445 0.44911 0.80905 -0.379128 -0.0256303 -1.90122e-06 0 0 0
721 3953 0.769524 -0.638182 -0.0235813 -0.00372219 -2.20117e-07 0 0 0
5176 1263 0.352844 0.450137 0.820291 -0.00978106 -7.56043e-07 0 0 0
1057 2159 0.885851 0.271414 0.376301 -0.0124956 -6.97113e-07 0 0 0
1057 5521 0.796871 0.315987 -0.514926 -0.00406846 -3.77777e-07 0 0 0
1057 1163 0.422181 -0.455684 -0.783655 -0.00729975 -4.04181e-07 0 0 0
1057 1979 -0.100562 -0.781555 0.615677 -0.0123084 -9.85143e-07 0 0 0
2556 2393 0.923349 0.243225 0.297098 -0.0111394 -9.90264e-07 0 0 0
2556 615 0.18286 -0.664835 -0.724263 -0.00516101 -4.16133e-07 0 0 0
3452 1714 0.809123 0.0328857 -0.586719 -0.0188738 -1.2141e-06 0 0 0
3452 3290 0.653921 0.748116 0.112736 -0.00493641 -3.15252e-07 0 0 0
1653 5481 0.323831 -0.84924 -0.417044 -0.0180023 -1.62674e-06 0 0 -1
5055 3925 0.777633 -0.577773 -0.247923 -0.0131767 -8.66503e-07 0 0 0
5055 1783 0.706488 0.450931 0.545468 -0.0172233 -1.15546e-06 0 0 0
1653 3194 0.816643 0.531148 -0.225778 -0.0132973 -9.64949e-07 0 0 0
5055 1523 0.508273 -0.517653 0.688254 -0.000127971 -1.08434e-08 0 0 0
4448 4287 0.197714 0.371981 0.90694 -0.000688928 -4.44646e-08 0 0 0
5055 5520 0.0144896 -0.0936791 -0.995497 -0.0150293 -1.14888e-06 0 0 0
3102 3698 0.437398 -0.874055 0.211451 -0.0111609 -8.94794e-07 0 0 0
3102 2585 0.271806 0.941818 0.197737 -0.0146455 -1.18042e-06 0 0 0
4448 3998 0.691674 0.718936 -0.0686832 -0.00326632 -1.96044e-07 0 0 0
3102 685 0.130183 -0.0916187 -0.987248 -0.00478774 -3.90386e-07 0 0 0
931 3163 0.1637 0.955862 -0.24399 -0.0091933 -8.16155e-07 0 0 0
931 4934 0.154169 -0.866609 0.474573 -0.0319644 -2.61286e-06 0 0 0
931 1424 0.538089 0.472266 0.698158 -0.0191329 -1.66938e-06 0 0 0
931 3118 0.959777 -0.0484021 -0.276559 -0.0193503 -1.69404e-06 0 0 0
3835 2030 0.205684 -0.530944 0.822066 -0.00794873 -4.93025e-07 0 0 0
3835 5236 0.446988 -0.893585 -0.0413098 -0.0128211 -1.02649e-06 0 0 0
3835 1785 0.568844 -0.0193094 -0.822219 -0.00817053 -5.18359e-07 0 0 0
3299 1190 0.739174 0.326833 0.588899 -0.00889565 -8.44122e-07 0 0 0
5172 3108 0.907471 0.0691428 0.414386 -0.0018563 -1.60367e-07 0 0 0
5172 4322 0.260073 0.5679 -0.78093 -0.0062719 -4.664e-07 0 0 0
922 1954 0.0706991 0.489132 0.86934 -0.0155569 -1.07022e-06 0 0 0
1187 3873 0.891798 0.199024 0.406307 -0.010622 -7.38503e-07 0 0 0
1187 2283 0.50209 0.453166 -0.736577 -0.013406 -9.39027e-07 0 0 0
4868 5386 0.823629 0.296194 -0.483636 -0.00183083 -1.20983e-07 0 0 0
377 4116 0.599901 0.36959 0.709593 -0.0117538 -9.17502e-07 0 0 1
1920 3558 0.881112 0.447839 -0.151924 -0.000513298 -4.36034e-08 0 0 0
1920 3890 0.381151 -0.669393 -0.637681 -0.00591688 -4.93759e-07 0 0 0
922 2928 0.990069 -0.113773 -0.0825808 -0.0176171 -1.3209e-06 0 0 0
1920 3709 0.295229 -0.740994 0.603131 -0.0103405 -8.91529e-07 0 0 0
2017 2323 0.150684 -0.702225 0.695826 -0.0097295 -7.73369e-07 0 0 0
2017 5003 0.661026 -0.111868 -0.741977 -0.0142455 -1.20632e-06 0 0 0
4238 1807 0.778533 -0.406046 -0.478554 -0.00635149 -4.75199e-07 0 0 0
2017 509 0.890194 0.00315833 0.455571 -0.000184038 -1.55555e-08 0 0 0
2014 2472 0.906728 0.382004 -0.178653 -0.00103337 -7.20566e-08 0 0 0
2014 4468 0.294734 0.403355 0.866277 -0.0283457 -2.05108e-06 0 0 0
601 2530 0.348956 -0.342032 -0.872493 -0.0100042 -7.31873e-07 0 0 0
2014 4017 0.216623 -0.958541 -0.185132 -0.0412205 -2.97214e-06 0 0 0
2014 4440 0.11544 0.993053 0.022789 -0.0175544 -1.18267e-06 0 0 0
2014 4826 0.0892944 0.421081 -0.902617 -0.0239043 -1.60602e-06 0 0 0
1173 2537 0.467825 -0.593927 -0.654516 -0.00319729 -2.6539e-07 0 0 0
962 2342 0.872168 -0.332233 -0.359088 -0.0152633 -1.23415e-06 0 0 0
1173 1258 0.499245 -0.101969 0.86044 -0.0141387 -1.1778e-06 0 0 1
75 736 0.607575 0.0174309 0.794071 -0.0139602 -9.76029e-07 0 0 0
75 4708 0.31369 0.813602 -0.489541 -0.00630953 -4.77126e-07 0 0 0
754 56 0.3589 0.828626 -0.429615 -0.0123947 -8.0643e-07 0 0 0
754 868 0.606642 -0.793263 -0.0521406 -0.0162415 -9.42288e-07 0 0 0
75 4626 0.238854 -0.374028 -0.896132 -0.00626092 -4.95652e-07 0 0 0
4290 205 0.840737 0.523952 0.136514 -0.00745515 -5.36866e-07 0 0 0
1522 3150 0.240363 -0.0421342 -0.969768 -0.0170655 -1.54152e-06 0 0 0
4290 1460 0.280023 -0.0269258 0.959616 -0.00539026 -3.96215e-07 0 0 0
1522 646 0.41708 0.86613 -0.275432 -0.0018741 -1.71702e-07 0 0 0
1522 2023 0.727872 -0.633937 0.261392 -0.0194277 -1.49565e-06 0 0 0
4290 924 0.114092 -0.43027 -0.895461 -0.00504855 -3.96082e-07 0 0 0
955 3756 0.953843 -0.0723816 0.291452 -0.00770505 -6.30522e-07 0 0 0
955 4562 0.62812 -0.573928 -0.525426 -0.0146058 -1.02218e-06 0 0 0
955 5423 0.492464 0.870232 0.013233 -0.0232305 -1.95172e-06 0 1 0
1993 4890 0.979259 0.193405 0.060386 -0.0088464 -6.90727e-07 0 0 0
955 867 0.389473 0.419386 -0.820016 -0.0160458 -1.10123e-06 0 1 0
1565 836 -0.00981653 0.124791 0.992134 -0.00469514 -3.50157e-07 0 0 0
955 23 0.196902 -0.471318 0.859703 -0.0572061 -4.17349e-06 0 0 0
1565 4577 0.248356 -0.676738 -0.69307 -0.000821972 -6.19518e-08 0 0 0
1565 1181 0.657287 0.634367 0.40688 -0.00830016 -4.92042e-07 0 0 0
1561 4602 0.948516 -0.307426 -0.0762001 -0.00550785 -3.73224e-07 0 0 0
1561 77 0.179762 -0.971058 0.157267 -0.00517164 -3.40996e-07 0 0 0
1565 2682 0.869793 0.160144 -0.466705 -0.0215691 -1.31493e-06 0 0 0
3163 1424 0.327634 -0.44199 0.835046 -0.0131382 -8.19902e-07 0 0 0
3163 3076 0.393791 0.87306 0.287566 -0.0101676 -8.11489e-07 0 0 0
3163 4135 0.690152 0.0575258 -0.721374 -0.0123902 -7.83183e-07 0 0 0
3490 1105 0.894245 -0.166829 0.415325 -0.00209763 -1.46575e-07 0 0 0
941 4549 0.235136 -0.8054 0.544098 -0.020887 -1.36797e-06 0 0 0
3490 5120 0.473272 0.861764 -0.182691 -0.0180446 -1.10334e-06 0 0 0
3490 77 0.146813 0.114848 0.982474 -0.0123613 -7.48199e-07 0 0 0
5428 1924 0.679804 0.712484 -0.173877 -0.0224173 -1.79768e-06 0 0 0
5428 2531 0.60508 0.196836 0.771449 -0.013804 -1.01204e-06 0 0 0
941 2029 0.992513 0.106345 -0.06007 -0.0192307 -1.69855e-06 0 0 0
1903 807 0.066169 -0.415024 -0.907401 -0.00726762 -4.41665e-07 0 0 0
5428 489 0.4314 -0.799113 0.418703 -0.00499806 -4.20096e-07 0 0 0
1903 245 0.814836 -0.539008 -0.213339 -0.00158361 -1.09626e-07 0 0 0
1903 4660 0.885435 0.387833 -0.256105 -0.00933722 -7.21934e-07 0 0 0
2746 4664 0.315016 0.772232 0.551746 -0.0151081 -1.28748e-06 0 0 0
2746 4293 0.146757 -0.892617 -0.426259 -0.0237865 -1.78958e-06 0 0 0
1093 3738 0.638339 -0.709049 0.299621 -0.00138304 -1.05315e-07 0 0 0
2746 5241 -0.027249 -0.895046 0.445141 -0.00491932 -4.43088e-07 0 0 0
1902 1795 0.700225 -0.468081 -0.539059 -0.0110096 -8.15465e-07 0 0 0
5194 2174 0.411086 0.245794 0.877835 -0.00816752 -7.3304e-07 0 0 0
5194 5024 0.533785 -0.811053 0.239304 -0.00377808 -2.29705e-07 0 0 0
5194 46 0.624528 0.0717032 -0.777704 -0.0198071 -1.38469e-06 0 0 0
1902 77 0.160021 0.96183 0.221984 -0.0179811 -1.08845e-06 0 0 0
4166 3558 0.846536 -0.245758 0.472207 -0.0120431 -8.62147e-07 0 0 0
4166 1163 0.682605 0.432085 -0.589367 -0.00238569 -1.86395e-07 0 0 0
2766 5347 0.173479 -0.608748 -0.774165 -0.0182084 -1.45119e-06 0 0 0
2766 1510 0.323016 0.878739 -0.351396 -0.0343262 -2.90594e-06 0 0 0
4166 1057 0.201726 0.934415 0.293555 -0.0102683 -8.1352e-07 0 0 0
4166 1920 0.00887159 -0.736658 0.676207 -0.0101416 -8.2627e-07 0 0 0
2766 1546 0.924128 -0.332767 0.187762 -0.00920385 -7.27701e-07 0 0 0
4637 326 0.825777 -0.124277 0.550134 -0.00590836 -4.57836e-07 0 0 0
4637 135 0.736354 0.616147 -0.279545 -0.0060243 -3.90259e-07 0 0 0
4637 5001 0.173704 -0.878518 -0.445008 -0.00112546 -1.00419e-07 0 0 0
5492 5024 0.735754 -0.271239 -0.620561 -0.00568871 -4.63232e-07 0 0 0
5492 3837 0.812198 0.184193 0.553541 -0.0075051 -5.76907e-07 0 0 0
996 747 0.453885 0.890808 -0.0212124 -0.0145737 -1.04773e-06 0 0 0
996 2503 0.665545 -0.716844 -0.207808 -0.0116234 -8.73139e-07 0 0 0
4637 2585 0.225023 -0.851247 0.47407 -0.0104855 -7.55288e-07 0 0 0
2566 5078 0.758729 -0.16815 0.629329 -0.00310834 -2.16818e-07 0 0 0
2566 3907 0.379506 0.741514 -0.553292 -0.0108843 -7.39851e-07 0 0 0
2566 1402 0.347536 -0.736858 -0.579878 -0.0111289 -8.64332e-07 0 0 0
5084 5115 0.945101 -0.326102 -0.0210276 -0.00884711 -6.57743e-07 0 0 0
3645 3491 0.904022 0.11101 -0.412821 -0.0143252 -1.12937e-06 0 0 0
5084 4562 0.652197 0.525754 -0.546098 -0.0173821 -1.20907e-06 0 0 0
4721 5481 0.434046 -0.151364 0.888084 -0.00674553 -5.23306e-07 0 0 0
4721 2535 0.687458 0.299637 -0.661528 -0.00625725 -5.13414e-07 0 0 0
608 164 0.952198 0.021919 0.304693 -0.00318238 -2.26724e-07 0 0 0
4934 1396 0.279653 -0.827645 0.486619 -0.0158705 -1.1307e-06 0 0 0
608 5122 0.383158 -0.730027 0.565908 -0.00793421 -6.59897e-07 0 0 0
1288 5303 0.764967 -0.467878 0.442623 -0.00896722 -6.63441e-07 0 0 0
1288 1402 0.360877 0.219716 0.906362 -0.00192939 -1.49345e-07 0 0 0
4934 1839 0.97399 -0.210756 -0.0832214 -0.0359985 -2.52428e-06 0 0 0
3416 3150 0.0813481 -0.214947 0.973232 -0.0325843 -2.16497e-06 0 0 0
7 2256 0.889129 0.1985 0.412368 -0.00173268 -1.41608e-07 0 0 0
7 3725 0.554883 0.0923913 -0.826782 -0.0251709 -1.39564e-06 0 0 0
4899 5080 0.721114 0.674257 0.159285 -0.0106076 -8.26707e-07 0 0 0
4899 4524 0.351768 0.265042 -0.897782 -0.00986608 -7.2961e-07 0 0 0
3416 997 0.738373 -0.668014 -0.0925342 -0.00344367 -2.23928e-07 0 0 0
5030 1190 0.63464 -0.370135 -0.678404 -0.0164678 -1.07964e-06 0 0 0
3070 3954 0.95844 -0.199586 -0.203857 -0.009316 -6.73824e-07 0 0 0
539 4171 0.465891 0.593311 -0.656451 -0.0155197 -1.21956e-06 0 0 0
1898 5078 0.664881 0.676599 -0.316459 -0.000345577 -2.56245e-08 0 0 0
539 493 0.570939 -0.618479 0.539919 -0.0206953 -1.59617e-06 0 0 0
1898 5208 0.609073 -0.17982 0.77246 -0.0103013 -9.19782e-07 0 0 0
1898 3724 0.0817431 0.878165 0.471321 -0.0182154 -1.66534e-06 0 0 0
807 3400 0.263403 -0.865476 0.426111 -0.0211086 -1.98937e-06 0 0 0
807 2622 0.347663 0.937206 -0.0278507 -0.0247366 -1.93764e-06 0 0 0
807 4847 0.529611 -0.675578 -0.512938 -0.0140442 -8.53356e-07 0 0 0
4283 2847 0.996185 -0.0638883 0.059441 -0.00266016 -1.99796e-07 0 0 0
4283 3893 0.477662 -0.020745 -0.878299 -0.0123788 -9.93711e-07 0 0 0
5050 3650 0.60067 -0.225973 0.766898 -0.0240264 -1.80026e-06 0 0 0
3045 135 0.79682 -0.478498 -0.368942 -0.00068465 -4.56096e-08 0 0 0
130 1029 0.445206 0.515304 0.732293 -0.00421347 -3.35376e-07 0 0 0
3045 3606 0.533475 0.50792 -0.67633 -0.0200445 -1.69456e-06 0 0 0
3045 4881 0.391987 0.89174 0.226156 -0.00770489 -5.40388e-07 0 0 0
130 4270 0.831849 0.0309737 -0.554137 -0.0170931 -1.39207e-06 0 0 0
3981 5437 0.361449 -0.785079 -0.502997 -0.0152694 -1.16891e-06 0 0 0
3508 1480 0.103738 0.560571 0.821583 -0.012037 -8.48293e-07 0 0 0
3981 5124 0.350202 -0.766604 0.538217 -0.018962 -1.40521e-06 0 0 0
5407 489 0.553066 0.233076 0.799871 -0.00983255 -9.47205e-07 0 0 0
5407 83 0.368363 -0.920632 0.129404 -0.00410343 -3.72588e-07 0 0 0
3508 454 0.467027 0.879459 -0.0918536 -0.00680369 -4.58137e-07 0 0 0
3508 1364 0.818878 -0.187956 -0.542321 -0.0216468 -1.40826e-06 0 0 0
1443 2127 0.96753 0.0135408 0.252392 -0.00211741 -1.66788e-07 0 0 0
3517 1072 0.490367 0.662985 -0.565678 -0.0156756 -1.15987e-06 0 0 0
1443 3259 0.655412 0.658183 -0.370448 -0.000364146 -2.48193e-08 0 0 0
1443 2071 0.355862 0.13264 0.925078 -0.0245359 -2.08668e-06 0 0 0
1443 1460 0.29587 -0.915241 0.273485 -0.00481937 -3.07675e-07 0 0 0
1443 4101 0.0913627 0.0730009 -0.993138 -0.0198865 -1.70304e-06 0 0 0
1678 1742 0.491781 0.700678 0.516916 -0.00895176 -6.22083e-07 0 0 0
1181 2682 0.229542 -0.455734 -0.86001 -0.0018698 -1.14212e-07 0 0 0
109 5143 0.643055 -0.499478 -0.580518 -0.00656108 -4.30217e-07 0 0 0
109 4224 0.275608 0.319111 -0.906757 -0.0246969 -2.14726e-06 0 0 0
3468 3212 0.727226 0.131065 0.673769 -0.0115002 -8.96541e-07 0 0 0
1954 810 0.383952 0.806056 0.450394 -0.0116786 -9.68792e-07 0 0 0
1954 1072 0.423355 -0.379706 0.822553 -0.0195717 -1.50927e-06 0 0 0
1954 3511 0.687979 0.314693 -0.653952 -0.0238619 -1.76903e-06 0 0 0
1954 1935 0.857902 -0.513016 -0.0286212 -0.0141068 -1.01624e-06 0 0 0
3468 5407 -0.0738649 -0.507029 0.858758 -0.0110399 -9.47281e-07 0 0 0
2628 5303 0.87739 0.474207 -0.0729032 -0.00586634 -4.20663e-07 0 0 0
2628 4958 0.835594 -0.491854 -0.244667 -0.00371031 -2.37414e-07 0 0 0
2628 5030 0.0505475 -0.0637483 -0.996685 -0.0152676 -9.76849e-07 0 0 0
4987 5259 0.548856 0.728872 0.409271 -0.0151674 -1.00829e-06 0 0 0
2129 5080 0.816251 -0.538459 -0.209276 -0.0125645 -1.04383e-06 0 0 0
1021 1990 0.188176 -0.578425 0.793734 -0.0125203 -7.65902e-07 0 0 0
2129 5241 0.232516 -0.129438 -0.963941 -0.0116727 -9.08463e-07 0 0 0
2129 5418 0.311374 0.949188 0.045696 -0.0134289 -1.18737e-06 0 0 0
1021 1364 0.696857 0.231289 0.678893 -0.0104508 -7.18692e-07 0 0 0
1021 214 0.714039 -0.0424133 -0.69882 -0.0038351 -2.85576e-07 0 0 0
4538 562 0.472793 -0.260565 -0.841768 -0.0295822 -2.64019e-06 0 0 0
3451 4331 0.206343 -0.223487 -0.952615 -0.0115728 -9.96664e-07 0 0 0
4538 5111 0.336352 0.236618 0.911526 -0.011433 -9.8758e-07 0 0 0
3451 3544 0.5414 -0.811666 -0.219282 -0.003236 -2.88382e-07 0 0 0
3451 2663 0.619596 0.537242 -0.572251 -0.00102161 -6.71525e-08 0 0 0
3451 3998 0.678387 -0.32198 0.660393 -0.0205499 -1.2707e-06 0 0 0
243 2088 0.954537 -0.0999241 0.280846 -0.0171453 -1.1111e-06 0 0 0
243 1311 0.475712 0.830614 0.289444 -0.00971217 -8.67044e-07 0 0 0
836 137 0.808545 -0.0986983 0.580098 -0.0112015 -8.25782e-07 0 0 0
3858 4372 0.909978 0.403229 -0.0966779 -0.00126227 -8.86416e-08 0 0 0
2208 3904 -0.0651913 -0.94346 -0.325012 -0.018162 -1.41351e-06 0 0 0
2208 1204 0.578108 0.450527 -0.680306 -0.00815316 -6.12682e-07 0 0 0
243 5367 0.441638 -0.896761 0.0278591 -0.00158715 -9.48849e-08 0 0 0
2208 2143 0.708685 -0.337368 0.619636 -0.020785 -1.3573e-06 0 0 0
243 1813 0.282907 -0.325257 -0.902314 -0.0142424 -9.10948e-07 0 0 0
3904 4309 0.253479 -0.262461 0.931055 -0.00622324 -4.65362e-07 0 0 0
3904 4038 0.480542 -0.722396 -0.497216 -0.00864845 -7.2325e-07 0 0 0
3904 325 0.415089 0.250734 -0.874548 -0.00558618 -4.52927e-07 0 0 0
1129 2649 0.673473 0.714763 0.188541 -0.00124427 -8.1094e-08 0 0 0
3981 3123 0.506767 0.099065 -0.856372 -0.00149021 -1.20399e-07 0 0 0
3859 333 0.0640163 -0.0659025 0.99577 -8.41855e-05 -6.39393e-09 0 0 0
1842 644 0.993106 -0.109274 -0.0424109 -0.00288359 -1.66951e-07 0 0 0
1842 1806 0.33237 0.936229 0.114038 -0.0101349 -8.85933e-07 0 0 0
1480 3789 0.375097 0.256421 0.890814 -0.0175498 -1.27751e-06 0 0 0
1480 2880 0.71463 0.680209 -0.163156 -0.00336137 -2.29757e-07 0 1 0
1480 1407 0.900977 -0.433569 0.016061 -0.00435103 -2.98404e-07 0 0 0
3150 1372 -0.0950428 -0.735765 -0.670535 -0.00330858 -2.8294e-07 0 0 0
3150 646 0.156798 0.790158 0.592507 -0.0196259 -1.11574e-06 0 0 0
3150 2737 0.290177 -0.945694 0.146492 -0.0188375 -1.38203e-06 0 0 0
3150 1121 0.300693 0.858877 -0.414624 -0.00903917 -7.0347e-07 0 0 0
3150 3654 0.877079 0.176164 -0.446876 -0.0132405 -1.04824e-06 0 0 0
1842 4468 0.321838 -0.566316 -0.758753 -0.0487587 -2.8072e-06 0 0 0
1842 3859 0.342791 0.22639 0.911725 -0.0183855 -1.10789e-06 0 0 1
1842 7 0.0833612 0.613689 -0.785135 -0.0136633 -8.05685e-07 0 0 0
4815 3580 0.271137 0.756936 0.594587 -0.010706 -9.24188e-07 0 0 0
4815 3760 0.213355 -0.552294 -0.805885 -0.011576 -8.85144e-07 0 0 -1
635 2271 0.517692 -0.80357 0.293719 -0.0123997 -1.02974e-06 0 0 0
635 4096 0.37356 0.202996 0.905122 -0.00156149 -1.40828e-07 0 0 0
1699 3866 0.961337 0.135128 0.239939 -0.00887735 -6.01563e-07 0 0 0
4603 1002 0.128358 0.161165 0.978545 -0.00311097 -2.26107e-07 0 0 0
4603 3336 0.306045 0.783259 -0.541149 -0.0162221 -1.30417e-06 0 0 0
1699 1263 0.51807 -0.725827 0.452524 -0.00647767 -5.10686e-07 0 0 0
1699 4538 -0.0540276 0.997548 0.0444941 -0.0187695 -1.54921e-06 0 0 0
4603 266 0.877917 -0.25103 0.407733 -0.00184848 -1.57787e-07 0 0 0
3114 1252 0.0635345 0.419064 -0.905731 -0.012595 -9.09092e-07 0 0 0
3946 1432 0.9416 0.327058 -0.0801469 -0.00493177 -4.48729e-07 0 0 0
3114 420 0.517471 0.18373 0.835743 -0.0348463 -2.15712e-06 0 0 0
3946 2126 0.739608 -0.357271 -0.570384 -0.0042197 -3.24319e-07 0 0 0
3114 4473 0.596414 -0.512694 -0.617604 -0.0223298 -1.32976e-06 0 0 0
2678 2071 0.385864 0.48624 -0.784015 -0.0158108 -1.36873e-06 0 0 0
2678 4626 0.340132 -0.761532 0.551706 -0.0134677 -1.10871e-06 0 0 0
2691 2332 0.0341287 -0.0207618 0.999202 -0.010334 -8.69393e-07 0 0 0
2691 4499 0.225236 -0.829741 -0.510685 -0.0034679 -2.13982e-07 0 0 0
2691 868 0.531043 0.755595 0.383495 -0.0130549 -7.82499e-07 0 0 0
2691 4129 0.880459 0.114498 -0.46009 -0.00686208 -4.2896e-07 0 0 0
4233 87 0.89655 0.393528 -0.203306 -0.00384735 -3.42085e-07 0 0 0
4233 1202 0.358658 0.476792 0.802517 -0.0230614 -1.86742e-06 0 0 0
1968 2888 0.849682 0.273338 -0.450917 -0.0142673 -1.35196e-06 0 0 0
1968 698 0.449083 -0.862942 -0.231636 -0.0139016 -1.04853e-06 0 0 0
1968 1071 0.285601 -0.69928 0.655316 -0.00671063 -4.23253e-07 0 0 0
1968 5111 0.155011 0.793059 -0.589092 -0.00436965 -2.78822e-07 0 0 0
1968 2912 0.0423235 0.658378 0.751496 -0.0305115 -2.74668e-06 0 0 0
5447 3637 0.416209 0.342851 -0.842154 -0.00800409 -5.37291e-07 0 0 0
5447 4714 0.465427 -0.788047 0.402939 -0.00231636 -1.70011e-07 0 0 1
2761 2025 0.964755 -0.257665 -0.0534469 -0.00523091 -3.06595e-07 0 0 0
5447 1305 0.992916 -0.0750494 -0.092116 -0.0262977 -1.86877e-06 0 0 0
2761 5044 0.749604 0.631094 -0.199536 -0.00126871 -1.20542e-07 0 0 0
656 3905 0.147956 0.559159 0.815751 -0.0134648 -1.06072e-06 0 1 0
2761 4742 0.359197 0.612531 0.704118 -0.0016239 -1.06469e-07 0 0 1
2761 2912 0.0851992 0.67724 -0.730813 -0.0265022 -2.29674e-06 0 0 0
656 1048 0.756583 -0.269958 0.595571 -0.00507506 -4.22613e-07 0 0 0
3888 2769 0.746015 0.0252723 -0.665449 -0.00379304 -3.35581e-07 0 0 0
2403 4106 0.682725 -0.549282 0.481846 -0.0148913 -1.12592e-06 0 0 0
3888 687 0.44617 -0.282609 0.849155 -0.00642206 -5.79574e-07 0 0 0
2403 4752 0.908336 0.0140222 -0.418007 -0.00239565 -1.79506e-07 0 0 0
2512 4949 0.957741 -0.277899 0.0741865 -0.012217 -9.22946e-07 0 0 0
2512 4725 0.391795 0.460134 -0.796727 -0.0131645 -9.37676e-07 0 0 0
2512 4734 0.246372 0.959554 0.136226 -0.0207663 -1.59134e-06 0 0 1
4275 3406 0.862248 0.502565 0.062907 -0.00411241 -3.74285e-07 0 0 0
1697 2781 0.392781 -0.198367 -0.897983 -0.0053473 -4.43918e-07 0 0 0
1697 1377 0.680648 -0.06761 0.729484 -0.0103791 -8.18529e-07 0 0 0
1971 1151 0.794873 0.0250156 -0.60626 -0.0168544 -1.31264e-06 0 0 0
1971 1152 0.551176 0.654353 0.517714 -0.00656508 -4.78427e-07 0 0 0
311 454 0.507307 0.12204 0.85308 -0.0031825 -2.59522e-07 0 0 0
311 2362 0.581426 0.79866 -0.155199 -0.0158866 -1.45356e-06 0 1 0
3489 1952 0.353748 -0.929471 -0.104626 -0.00130861 -9.30961e-08 0 0 0
3489 4166 0.108437 0.505041 0.856257 -0.0104848 -7.382e-07 0 0 0
3489 4899 0.0595202 -0.37592 -0.924739 -0.00753468 -5.86933e-07 0 0 0
1372 997 0.806765 0.316282 -0.499095 -0.0041185 -3.27638e-07 0 0 0
4372 1288 0.184085 0.151811 0.971116 -0.0106061 -7.86961e-07 0 0 0
4372 5030 0.153054 -0.8619 0.483428 -0.0114844 -8.31772e-07 0 0 0
5347 324 0.638642 -0.593743 -0.489495 -0.0194322 -1.35708e-06 0 0 0
4372 3946 0.131504 0.991095 -0.0209245 -0.0111615 -8.65291e-07 0 0 0
5347 2538 0.723186 0.687383 0.067138 -0.00296333 -2.46521e-07 0 0 0
1762 4087 0.758316 -0.568351 -0.319271 -0.00344573 -2.82213e-07 0 0 0
1762 1898 0.302424 0.155546 0.940396 -0.0237819 -2.33735e-06 0 0 0
2669 5334 0.768901 0.357017 0.530406 -0.0182718 -1.25125e-06 0 0 1
2669 1783 0.751774 0.180474 -0.634243 -0.0249988 -1.60874e-06 0 0 0
1873 1190 0.818946 -0.489918 0.298846 -0.00776887 -5.93027e-07 0 0 0
1873 2206 0.590888 -0.179401 -0.786554 -0.0209544 -1.48467e-06 0 0 0
1873 4372 0.0112731 0.793814 0.608056 -0.0234393 -1.61208e-06 0 0 0
2668 5247 0.948949 0.311556 0.0492757 -0.000618018 -5.64972e-08 0 1 0
1884 3180 0.502253 0.536208 0.678397 -0.019541 -1.22356e-06 0 0 0
2668 87 0.676226 -0.359018 0.643291 -0.0268647 -1.49362e-06 0 0 0
2668 2694 0.430399 0.619425 -0.656559 -0.0104611 -5.88092e-07 0 1 0
1476 1573 0.888367 -0.371887 -0.269266 -0.00573752 -5.50125e-07 0 0 0
1884 2276 0.992672 0.00830028 -0.120556 -0.0108642 -7.27896e-07 0 0 0
1476 3406 0.589155 0.0201988 0.807767 -0.0140611 -8.1376e-07 0 0 0
1476 698 0.476326 0.879192 0.0116465 -0.00903933 -6.79491e-07 0 0 0
2211 1349 0.146455 0.364906 0.919453 -0.00262784 -2.31804e-07 0 0 0
1476 270 0.168739 -0.673887 -0.719307 -0.0106735 -5.98406e-07 0 0 0
1476 4275 -0.162897 -0.467207 0.869012 -0.0167039 -1.55874e-06 0 0 0
2211 4558 0.467407 0.205151 -0.859909 -0.00240544 -1.98502e-07 0 0 0
4588 153 0.946044 0.111602 0.304214 -0.00563082 -4.00437e-07 0 0 0
4588 615 0.380502 -0.548988 0.744198 -0.0103503 -8.70208e-07 0 0 0
2211 126 0.912264 -0.377217 -0.159629 -0.00306368 -2.67674e-07 0 0 0
4588 1902 0.220945 0.81713 -0.532431 -0.00819536 -6.27942e-07 0 0 0
2349 3905 0.0219559 -0.875861 0.482064 -0.00512583 -3.97774e-07 0 0 0
2349 2183 0.0977816 0.494685 -0.863554 -0.00928792 -6.05025e-07 0 0 0
3168 1307 0.459858 -0.722839 0.515785 -0.00498101 -4.18337e-07 0 0 0
2349 729 0.770224 0.404605 0.493 -0.0218607 -1.56399e-06 0 0 0
3168 1979 0.302089 0.527516 -0.794021 -0.0120015 -8.93277e-07 0 0 0
4460 135 0.884973 0.00508879 0.465614 -0.00429929 -2.85414e-07 0 0 0
4460 4637 0.14642 -0.628973 0.763515 -0.00396972 -2.57958e-07 0 0 0
4460 3045 0.0916779 0.499097 0.861683 -0.0138568 -8.94779e-07 0 0 0
233 2506 0.859848 0.126153 0.49472 -0.0183941 -1.67298e-06 0 0 0
1999 160 0.609941 0.16178 0.775757 -0.0209432 -1.39816e-06 0 0 0
1999 3888 -0.0989171 -0.994825 -0.0232241 -0.00960274 -8.73598e-07 0 0 0
4272 623 0.966699 0.176523 -0.185292 -0.0127729 -1.0862e-06 0 0 0
3127 5255 0.426413 0.215609 -0.878456 -0.00855761 -7.93308e-07 0 0 0
584 3045 0.15693 0.657499 -0.736932 -0.0156898 -1.19083e-06 0 0 0
3253 1650 0.348247 0.609234 0.712431 -0.0513451 -3.93326e-06 0 0 0
3253 5050 -0.0239667 -0.776679 0.62944 -0.018444 -1.51615e-06 0 0 0
117 896 0.166412 -0.960857 -0.221498 -0.00148967 -1.1771e-07 -1 0 0
4604 1258 0.732819 0.623007 0.273568 -0.00799484 -7.14937e-07 0 0 0
3934 4468 0.536973 0.819381 -0.200687 -0.0224244 -1.78114e-06 0 0 0
3934 2123 0.369722 -0.924097 0.0966936 -0.0129178 -1.05742e-06 0 0 0
2984 1151 0.869228 0.323008 0.374309 -0.00245496 -1.89709e-07 0 0 0
1002 631 0.181017 0.00133252 0.983479 -0.00609934 -4.65104e-07 0 0 0
2984 3822 0.699246 -0.380387 -0.605277 -0.00990305 -7.80446e-07 0 0 0
2984 4705 0.033043 -0.983348 -0.178701 -0.0103466 -8.15018e-07 0 0 0
2229 4156 0.93416 0.0591232 0.351922 -0.00666165 -5.32253e-07 0 0 0
2229 3315 0.670262 0.613379 -0.41775 -0.000422323 -3.8084e-08 0 0 0
1002 623 0.709792 -0.676704 0.195621 -0.0132468 -8.46564e-07 0 0 0
1002 4995 0.947554 0.295398 0.121988 -0.00457256 -2.87407e-07 0 0 0
3167 2030 0.0947565 -0.012779 -0.995418 -0.00998611 -7.34199e-07 0 0 0
3167 4749 0.345036 -0.333344 0.8774 -0.00500374 -3.86519e-07 0 0 0
2229 482 0.505489 -0.250806 -0.825577 -0.0165646 -1.05381e-06 0 0 0
3167 3841 0.745615 0.489238 0.452442 -0.00657876 -4.75926e-07 0 0 0
2229 4275 -0.0548533 0.976693 0.207515 -0.0159836 -1.37712e-06 0 0 0
3167 505 0.948108 -0.265497 -0.174935 -0.00139783 -1.13515e-07 0 0 0
5321 1202 0.32439 0.104448 -0.940139 -0.00872481 -7.67483e-07 0 0 0
5321 2664 0.361285 -0.905346 0.223208 -0.00238844 -1.65566e-07 0 0 0
4061 3406 0.943863 -0.323711 -0.0658335 -0.00580325 -5.53699e-07 0 0 0
4061 1071 0.620934 0.783844 0.00553404 -0.0050649 -4.68526e-07 0 0 0
3469 4287 0.0795997 -0.917693 0.389235 -0.00158286 -1.01189e-07 0 0 0
3469 3594 0.261157 0.575358 -0.775087 -0.00252508 -1.62797e-07 0 0 0
259 4501 0.900273 0.017446 0.434976 -0.00846777 -6.69841e-07 0 0 0
259 3168 0.0615654 -0.866313 -0.495694 -0.00443931 -3.43498e-07 0 0 0
5331 2283 0.82995 -0.552339 -0.0781292 -0.00438134 -3.20715e-07 0 0 0
5331 593 0.385898 -0.190429 -0.902673 -0.0125639 -9.43572e-07 0 0 0
5331 1902 0.272437 0.8829 0.382447 -0.00313278 -2.44741e-07 0 0 0
5331 4588 0.054799 0.0672854 0.996228 -0.0099724 -7.19261e-07 0 0 0
1757 3308 0.675856 -0.177262 -0.715399 -0.0156177 -1.15248e-06 0 0 0
5358 1650 0.499258 -0.673871 -0.544646 -0.0403758 -2.8031e-06 0 0 0
2030 5209 0.636289 0.582892 0.505345 -0.010537 -8.54998e-07 0 0 0
5358 924 0.301888 -0.465579 0.831926 -0.00817854 -6.58188e-07 0 0 0
5469 3123 0.769103 -0.637011 0.0519418 -0.011926 -9.13049e-07 0 0 0
717 653 0.106982 0.761973 -0.638712 -0.00518946 -3.54898e-07 0 0 -1
5384 5199 0.568368 0.180194 0.8028 -0.0111756 -9.65027e-07 0 0 0
717 1899 0.72031 0.332363 0.608841 -0.00581536 -4.38371e-07 0 0 0
5384 3724 0.339842 -0.754699 -0.561192 -0.0149994 -1.26988e-06 0 0 0
717 3194 0.744579 -0.666557 -0.0361072 -0.00684988 -4.63695e-07 0 0 0
5384 3100 0.393869 0.897563 -0.198112 -0.010665 -6.93728e-07 0 0 0
5290 4577 0.208752 -0.87202 0.442724 -0.0121173 -9.56294e-07 0 0 0
5290 1673 0.837571 -0.139985 -0.52809 -0.0012886 -1.0886e-07 0 0 -1
5384 635 -0.0311734 -0.941316 0.336084 -0.0155683 -1.33294e-06 0 0 0
3931 2572 0.618107 -0.359605 -0.699019 -0.00878391 -6.6383e-07 0 0 0
2323 3942 0.557857 -0.647709 0.518911 -0.000700739 -5.2802e-08 0 0 0
2323 3738 0.564395 0.49232 0.66263 -0.00845385 -6.32003e-07 0 0 0
3931 3490 0.296854 0.192354 0.935349 -0.00886817 -7.10767e-07 0 0 0
2323 4986 0.618952 -0.0641856 -0.782802 -0.000430162 -3.19979e-08 0 0 0
3247 397 0.981517 -0.144873 0.125043 -0.000103267 -6.9245e-09 0 0 0
2235 3745 0.109293 -0.818185 0.564471 -0.00736096 -5.60461e-07 0 0 0
2235 4183 0.314229 -0.640948 -0.700318 -0.0146467 -1.15921e-06 0 0 0
2235 4146 0.230492 0.665426 0.709987 -0.0077664 -5.58138e-07 0 0 0
2235 2023 0.414379 0.883686 -0.217692 -0.00746381 -5.91115e-07 0 0 0
4189 3981 0.179852 -0.983652 0.00900989 -0.0255855 -1.89807e-06 0 0 0
4189 3253 0.148903 0.75123 0.643026 -0.0488735 -3.977e-06 0 0 0
4189 5469 -0.0228876 -0.331809 -0.943069 -0.020257 -1.59173e-06 0 0 0
2339 4083 0.880946 0.47279 0.0200972 -0.00288152 -1.91638e-07 0 0 0
1580 83 0.511652 0.830424 -0.220473 -0.00123231 -1.09444e-07 0 0 0
1580 1288 0.324733 -0.937206 -0.127253 -0.00840274 -7.56314e-07 0 0 0
5388 1785 0.485637 0.296982 0.822167 -0.00935416 -7.95971e-07 0 0 0
3479 2011 0.971922 0.227174 0.0613238 -0.0150598 -1.3465e-06 0 0 0
3479 4742 0.425598 0.849828 -0.310901 -0.00220199 -1.45029e-07 0 0 0
4744 903 0.454742 0.880483 -0.134013 -0.00829165 -7.5878e-07 0 0 0
4744 2535 0.546944 -0.503866 0.668559 -0.0203734 -1.754e-06 0 0 0
3479 2746 0.169448 -0.950172 0.261651 -0.0142949 -8.47823e-07 0 0 0
1429 2332 -0.117286 -0.813445 -0.569695 -0.0131135 -1.14815e-06 0 0 0
1429 1742 0.234339 -0.339619 0.910903 -0.0299032 -2.24755e-06 0 0 0
3479 2761 0.0653541 0.230507 -0.970874 -0.0235436 -1.35083e-06 0 0 -1
1429 3544 0.313266 0.745671 0.588081 -0.00459509 -4.33163e-07 0 0 0
1429 4027 0.618204 0.691511 -0.37368 -0.0106659 -7.62993e-07 0 0 0
1429 1514 0.694532 -0.700731 0.163102 -0.0239693 -1.32322e-06 0 0 0
2973 4881 0.637073 0.544024 -0.546055 -0.0127816 -1.13616e-06 0 0 0
2973 2209 0.592056 -0.420885 0.68726 -0.0156263 -1.27058e-06 0 0 0
2973 3045 0.237205 -0.449385 -0.86127 -0.0108694 -8.83419e-07 0 0 0
2321 4685 0.885314 0.314343 0.342649 -0.00780109 -5.39478e-07 0 0 0
2321 4261 0.117085 -0.952807 -0.280089 -0.0247215 -2.34634e-06 0 0 -1
2321 2669 0.0577619 0.413722 -0.908569 -0.0175027 -9.76182e-07 0 0 -1
1094 5258 0.998229 -0.0559034 -0.020334 -0.00730703 -5.90371e-07 1 0 0
2296 3382 0.829229 0.0326445 -0.557955 -0.00783473 -6.0814e-07 0 0 0
3905 1048 0.602297 -0.779685 -0.171256 -0.00648042 -4.98384e-07 0 -1 0
3905 538 0.908228 0.298074 0.293725 -0.017041 -1.33828e-06 0 0 0
2296 2664 0.471859 -0.110464 0.874727 -0.0100882 -8.37309e-07 0 0 0
4262 3893 0.639502 -0.707525 -0.300742 -0.00123295 -9.75532e-08 0 0 0
2857 4168 0.839136 0.517261 0.168199 -0.00539236 -3.7405e-07 0 0 0
2857 1129 0.339779 0.600316 -0.723996 -0.0131165 -9.20541e-07 0 0 0
4008 4918 0.692284 0.608634 0.387697 -0.0015576 -9.9197e-08 0 1 0
4008 2973 -0.109798 -0.848187 -0.518193 -0.00155758 -1.33572e-07 0 0 0
2844 1581 0.746889 -0.569572 0.34314 -0.000350289 -2.82031e-08 0 0 0
2844 1668 0.530737 0.734882 0.422217 -0.00112788 -8.23767e-08 0 0 0
1373 1258 0.75064 -0.400817 -0.525248 -0.010342 -8.65924e-07 0 0 0
1373 4524 0.568128 0.819723 0.0726907 -0.0050468 -3.69431e-07 0 0 0
4549 5059 0.235422 -0.970764 0.0468442 -0.00396176 -3.21611e-07 0 0 0
2374 243 0.223296 -0.554138 0.801916 -0.0169894 -1.27975e-06 0 0 0
4549 2744 0.362188 0.0420736 0.931155 -0.000957974 -6.01457e-08 0 0 0
1192 5081 0.999282 0.0304119 0.0226091 -0.00623357 -4.87272e-07 0 0 0
4549 1747 0.8715 -0.419782 0.253516 -0.00316835 -2.78095e-07 0 0 0
4549 1914 0.907877 0.185951 -0.37574 -0.0255061 -1.99476e-06 0 0 0
1252 1538 0.203257 0.581348 -0.787859 -0.0124265 -8.94652e-07 0 0 0
1192 4101 0.417233 0.714462 0.561658 -0.0113756 -8.83878e-07 0 0 0
1192 4290 0.333642 -0.43221 0.837781 -0.00414329 -3.39427e-07 0 0 0
1192 5358 0.133009 -0.377217 -0.916524 -0.0326491 -2.72671e-06 0 0 0
1475 389 0.930213 -0.221347 0.292762 -0.0141727 -1.1264e-06 0 0 0
3064 4146 0.269835 -0.921231 0.280219 -0.00120717 -9.94271e-08 0 0 0
1475 1898 0.209022 0.976993 0.0423659 -0.00284427 -1.63261e-07 0 0 0
2839 3650 0.826128 0.563351 0.0121793 -0.0164364 -1.30292e-06 0 0 0
2839 4379 0.597135 -0.757681 -0.263342 -0.00401436 -3.00065e-07 0 0 0
1510 5133 0.0114506 0.784794 -0.619651 -0.0203131 -1.36239e-06 0 0 0
1510 5326 0.378406 -0.20663 -0.902282 -0.00705991 -5.95594e-07 0 0 0
3283 4620 0.920945 0.385739 -0.0553656 -0.000687059 -4.43219e-08 0 0 0
3283 83 0.389973 -0.298508 0.871099 -0.00838851 -5.18151e-07 0 0 0
1510 3460 0.84048 0.38322 -0.383061 -0.0142357 -8.82611e-07 0 0 0
1510 4128 0.910457 -0.267872 0.31514 -0.0148687 -9.60419e-07 0 0 0
3283 3468 0.131558 0.99055 0.038769 -0.011446 -8.21561e-07 0 0 0
3283 3946 0.172672 -0.984979 0.00108851 -0.0142194 -9.2078e-07 0 0 0
3710 4334 0.9216 0.0308278 -0.386915 -0.016796 -1.18294e-06 0 0 0
3710 578 0.805912 -0.139494 0.575367 -0.0100297 -8.31628e-07 0 0 0
3710 3709 0.515372 0.792112 0.327034 -0.00166981 -1.17358e-07 0 1 0
3580 2462 0.0486599 0.933392 -0.355543 -0.0296311 -2.25327e-06 0 0 0
3580 2622 0.197513 -0.937443 0.286687 -0.0194294 -1.50253e-06 0 0 0
3580 3857 0.661685 0.116891 0.740614 -0.00279737 -1.82407e-07 0 0 0
3710 1202 0.43868 -0.82274 -0.361468 -0.00699585 -6.01107e-07 0 0 0
5455 3698 0.793104 0.39147 -0.466623 -0.00222417 -1.83027e-07 0 0 0
5455 4826 0.484013 -0.874531 -0.0304621 -0.01627 -1.36611e-06 0 0 0
2689 2320 0.377137 -0.472311 0.796674 -0.0130344 -1.05602e-06 0 0 0
2689 4611 0.737302 -0.459627 -0.495105 -0.00546359 -4.08433e-07 0 0 0
3011 1311 0.806769 -0.309519 -0.503311 -0.0018001 -1.4678e-07 0 0 0
3011 2296 0.0262324 0.49394 0.8691 -0.00610405 -4.54954e-07 0 0 0
5442 612 0.0349268 0.687574 0.725274 -0.00741665 -5.05017e-07 0 0 0
5442 4135 0.570129 -0.757064 0.319073 -0.0201642 -1.42634e-06 0 0 0
5446 578 0.852248 -0.200324 -0.483264 -0.0133058 -1.08374e-06 0 -1 0
2183 5317 0.012938 0.584671 0.811167 -0.00743938 -5.565e-07 0 0 0
5446 1473 0.641676 0.0672075 0.764026 -0.00901409 -7.22732e-07 0 -1 0
2183 2471 0.71899 -0.456312 -0.524245 -0.0180543 -1.25907e-06 0 0 0
5446 3710 0.0296301 -0.054432 -0.998078 -0.0110106 -7.78368e-07 0 -1 0
567 4734 0.459809 0.485372 -0.743632 -0.00301177 -2.22489e-07 0 0 0
567 2512 0.196232 -0.489335 -0.849732 -0.00187299 -1.44037e-07 0 0 -1
4287 3107 0.493192 -0.811072 0.314521 -0.00174246 -1.13961e-07 0 0 0
308 3776 0.780532 -0.539869 0.315137 -0.00998202 -9.44868e-07 0 0 0
308 4347 0.782496 0.589152 -0.201494 -0.00613432 -4.74489e-07 0 0 0
308 5483 0.435607 0.388694 0.811889 -0.0226239 -1.71256e-06 0 0 0
4896 4091 0.718272 0.695542 0.0174978 -0.00468396 -3.48054e-07 0 1 0
4733 3789 0.382023 -0.726138 0.571649 -0.00772005 -5.52805e-07 0 -1 0
4896 109 0.229058 -0.351393 -0.907775 -0.0482193 -3.22633e-06 0 0 0
4733 2471 0.776852 0.397846 0.488077 -0.0157464 -1.25973e-06 0 0 0
4733 2880 0.764439 -0.228718 -0.602762 -0.00954963 -6.99069e-07 0 0 0
2332 248 0.415466 -0.883345 0.217002 -0.00386723 -3.42664e-07 0 0 0
3808 2316 0.943251 0.0962525 0.317826 -0.00360003 -3.09748e-07 0 0 0
5401 2154 0.33419 0.860961 -0.383488 -0.00502614 -3.94864e-07 0 0 0
646 2850 0.0560015 0.623228 0.780032 -0.011139 -9.11564e-07 0 0 0
646 4868 0.278561 0.747023 -0.603622 -0.00258798 -1.79291e-07 0 1 0
5401 3452 0.317808 -0.837838 -0.443875 -0.0080293 -5.18298e-07 0 0 0
441 4771 0.745004 0.624121 0.235462 -0.0123967 -1.06348e-06 0 0 0
646 3059 0.835455 0.0391444 -0.548163 -0.0198459 -1.60278e-06 0 0 0
646 1551 0.880394 0.318933 0.350982 -0.0145458 -8.1704e-07 0 0 0
612 4309 0.0103218 0.999944 0.00220103 -0.0172143 -1.18812e-06 0 0 0
612 3076 0.205239 -0.659435 0.723203 -0.00546878 -4.10678e-07 0 0 0
441 5401 0.122717 0.0277056 -0.992055 -0.0121579 -1.07817e-06 0 0 0
2430 4538 0.233291 -0.930045 -0.283888 -0.0191587 -1.45783e-06 0 0 0
1041 462 0.0102851 0.997739 -0.0664103 -0.0139348 -1.17381e-06 0 0 0
1041 3277 0.428309 -0.456685 0.779737 -0.00341864 -2.50829e-07 0 0 0
1041 5322 0.718878 0.497818 0.485172 -0.00123373 -9.5146e-08 0 0 0
2430 2857 0.12643 0.939955 0.317018 -0.0219818 -1.74852e-06 0 0 0
1041 277 0.934571 -0.17742 -0.308383 -0.00829564 -5.85063e-07 0 0 0
1878 210 0.649795 0.759719 -0.0243483 -0.00413289 -3.00165e-07 0 0 0
1878 229 0.583344 0.206125 0.785635 -0.00276543 -1.89124e-07 0 0 0
1878 955 0.318331 -0.447406 -0.835759 -0.00882093 -5.93428e-07 0 -1 0
2653 3548 0.658247 -0.457456 0.597867 -0.00248539 -1.98681e-07 0 0 0
2653 4525 0.520503 0.719828 -0.459264 -0.0171646 -1.24943e-06 0 0 0
994 3000 0.362804 -0.328393 0.872084 -0.0193868 -1.34524e-06 0 0 1
1539 2071 0.78359 -0.530737 -0.322964 -0.00794641 -6.21432e-07 0 0 0
994 4561 0.311581 0.853833 -0.416996 -0.0160534 -1.14221e-06 0 0 0
1539 255 0.748484 0.0560528 0.66078 -0.0208087 -1.79498e-06 0 0 0
994 1337 0.764834 -0.642111 -0.0521707 -0.0159183 -1.03519e-06 0 0 0
2651 3698 0.645084 0.573255 0.505217 -0.00992878 -7.37644e-07 0 0 0
2651 3100 0.504125 0.142853 -0.851734 -0.0319824 -2.12457e-06 0 0 0
4976 2850 0.148414 -0.651865 -0.74367 -0.0103346 -7.72828e-07 0 0 0
2651 5455 -0.0654953 0.235853 0.969579 -0.0149821 -1.31427e-06 0 0 0
4976 493 0.241345 0.542031 -0.804957 -0.00473243 -3.92433e-07 0 1 0
3916 307 0.460959 0.483053 0.744431 -0.0262153 -2.46308e-06 0 0 0
4976 1182 0.888975 -0.0603423 -0.453963 -0.0130863 -8.8872e-07 0 1 0
3916 2512 0.0721465 0.870616 -0.486644 -0.0210342 -1.58971e-06 0 0 -1
3760 3378 0.441394 -0.256722 -0.859805 -0.00709054 -5.20054e-07 0 0 0
3760 3563 0.577015 -0.812266 0.0853036 -0.0131554 -1.10178e-06 0 0 0
3916 2669 0.152094 -0.576893 -0.802535 -0.0220356 -1.23183e-06 0 0 -1
3760 4500 0.740534 0.667613 0.0768317 -0.0153753 -1.28884e-06 0 0 0
3916 2321 0.0934408 -0.989232 0.112644 -0.0235734 -1.3225e-06 0 0 0
502 3000 0.313324 0.948909 -0.0374037 -0.00227754 -1.43459e-07 0 0 1
232 5437 0.635485 0.648631 0.418852 -0.00920536 -7.02277e-07 0 0 0
232 608 0.282971 -0.113372 0.952404 -0.0119529 -8.64509e-07 0 0 0
232 3070 0.294971 -0.952567 -0.0748865 -0.00671267 -4.48354e-07 0 0 0
234 4379 0.661742 0.154476 -0.733645 -0.00574051 -4.21823e-07 0 0 0
576 1129 0.46184 -0.836424 -0.295125 -1.37404e-05 -1.03594e-09 0 0 0
502 4818 0.951486 0.23545 -0.198086 -0.00359103 -2.94197e-07 0 0 0
653 1197 0.153607 0.41266 0.89784 -0.0102681 -8.0551e-07 0 0 1
3228 4918 0.8293 -0.381988 -0.407857 -0.0155005 -9.65246e-07 0 0 0
653 738 0.555742 0.435126 -0.70839 -0.00276444 -1.90961e-07 0 0 0
653 3590 0.616449 -0.758904 -0.209893 -0.00620293 -4.16691e-07 0 0 1
653 434 0.933048 0.18998 0.305499 -0.00608947 -4.3008e-07 0 0 1
3228 2446 0.392532 -0.855414 0.337913 -0.00545485 -3.58764e-07 0 -1 0
1283 420 0.283642 0.798059 -0.531648 -0.0123372 -6.83914e-07 0 0 0
1283 5326 0.304598 0.205291 0.930095 -0.0168073 -1.43478e-06 0 0 0
5449 2572 0.815734 -0.319877 0.481931 -0.0153556 -1.24512e-06 0 0 0
5146 4087 0.891915 0.409676 -0.19145 -0.00490315 -3.73008e-07 0 0 0
1283 1537 0.744753 -0.483648 -0.459812 -0.00891128 -5.89567e-07 0 0 0
5146 1875 0.682338 -0.730885 -0.014898 -0.00227646 -1.85068e-07 0 0 0
5146 2628 0.32063 0.0306539 -0.946708 -0.00573945 -4.29109e-07 0 0 0
5146 1762 0.180312 0.976986 0.113953 -0.00502987 -4.22432e-07 0 0 0
5146 1475 0.206533 -0.152983 0.966406 -0.0065317 -5.23598e-07 0 0 0
3342 4674 0.825403 -0.293316 0.482364 -0.0178992 -1.61022e-06 0 0 0
3342 4124 0.778136 -0.312543 -0.544813 -0.00914825 -6.3161e-07 0 0 0
3342 2694 0.646528 0.644946 0.407488 -0.006281 -3.83732e-07 0 1 0
3342 4604 0.04454 0.112524 -0.99265 -0.00420295 -3.69924e-07 0 1 0
4863 924 0.548807 0.477239 -0.686334 -0.00983828 -7.5287e-07 0 0 0
4863 4290 0.415115 0.88227 0.221989 -0.00190437 -1.42561e-07 0 0 0
896 54 0.749884 -0.413444 0.516467 -0.00120185 -1.10019e-07 1 0 0
896 4160 0.774876 0.0381336 -0.630962 -0.00224741 -1.76814e-07 1 0 0
4340 2672 0.743114 0.153388 0.651348 -0.0111731 -9.69716e-07 0 -1 0
4340 4224 0.604733 -0.776405 -0.177463 -0.00497118 -4.27774e-07 0 -1 0
4309 2143 0.560642 0.823836 0.0835152 -0.0101691 -7.16381e-07 0 0 0
4309 3485 0.723372 -0.432188 0.538466 -0.0119789 -8.47266e-07 0 0 0
1369 133 0.870215 -0.491393 -0.0354921 -0.00539803 -4.51352e-07 0 0 0
4309 4542 0.845902 -0.217659 -0.486902 -0.00598127 -4.26083e-07 0 0 0
5333 3099 0.207101 -0.646329 -0.734417 -0.0125698 -1.00257e-06 0 0 0
1369 1842 0.40635 0.893147 -0.192788 -0.00884994 -7.994e-07 0 0 0
5333 2503 0.474201 0.749256 0.462329 -0.000266737 -2.22419e-08 0 0 0
5333 5112 0.788005 0.307637 -0.533299 -0.00574496 -4.16066e-07 0 0 0
1990 3703 0.0629089 -0.811204 0.58137 -0.0125203 -7.67557e-07 0 0 0
2543 489 0.695933 0.379893 -0.609392 -0.00809171 -5.68482e-07 0 0 0
1455 4017 0.529021 0.839703 -0.122616 -0.0212573 -1.35644e-06 0 0 0
1455 4841 0.418185 -0.789318 0.449554 -0.0190409 -1.62393e-06 0 0 0
1455 2857 0.0903129 -0.903215 -0.419578 -0.0168932 -1.20532e-06 0 0 0
1455 576 -0.0213242 0.503266 -0.863868 -0.00749218 -5.74251e-07 0 0 0
4125 2252 0.837933 0.500571 -0.21748 -0.0101197 -7.38892e-07 0 0 0
4125 5124 0.551039 -0.644321 -0.530289 -0.0157758 -1.26206e-06 0 0 0
5317 192 0.659359 0.493557 0.56714 -0.00483852 -3.53188e-07 0 0 0
4125 4379 0.510563 -0.437568 0.740175 -0.0130386 -1.09118e-06 0 0 0
4125 5050 0.186814 0.948151 0.257118 -0.0117278 -9.44637e-07 0 0 0
4125 2839 -0.0111311 0.225258 0.974235 -0.00763042 -6.50649e-07 0 0 0
876 2531 0.800664 0.351709 -0.485014 -0.00439957 -3.50373e-07 0 0 0
876 4322 0.628433 0.704277 0.33025 -0.00333102 -2.5598e-07 0 0 0
3638 867 0.937898 -0.181024 -0.295936 -0.00136854 -1.15883e-07 0 1 0
3638 1187 0.559461 0.822356 -0.103605 -0.0153155 -1.31846e-06 0 1 0
1396 2790 0.719417 -0.640929 0.267672 -0.00781711 -5.8532e-07 0 0 0
1396 3200 0.811599 0.314057 0.492621 -0.012659 -9.55966e-07 0 0 1
3638 955 0.513252 -0.628536 0.584393 -0.0115203 -9.83149e-07 0 0 0
5133 4499 0.0672857 0.584173 -0.808836 -0.0238138 -1.52022e-06 0 0 0
5133 248 0.260462 0.513742 0.817452 -0.00758551 -5.16276e-07 0 0 0
2665 1263 0.847916 -0.28806 -0.445039 -0.00306864 -2.35674e-07 0 0 0
5133 3460 0.883063 -0.406168 0.235003 -0.0045503 -2.94018e-07 0 0 0
2665 1699 0.29675 0.428638 -0.853351 -0.00638733 -4.46193e-07 0 0 0
2665 1968 0.358059 0.61019 0.706726 -0.0186989 -1.44708e-06 0 0 0
668 4863 0.0554697 0.761221 -0.646116 -0.0108237 -8.5868e-07 0 0 0
3887 1632 0.785868 0.154279 -0.59884 -0.0059465 -4.81021e-07 0 0 0
1131 4083 0.779162 -0.589147 -0.214035 -0.0125789 -8.45065e-07 0 -1 0
1131 4599 0.86795 0.133474 0.47838 -0.0202977 -1.67736e-06 0 0 0
3745 2692 0.732633 -0.0866543 0.675085 -0.00219033 -1.87181e-07 0 0 0
3745 4119 0.797414 -0.464763 -0.384873 -0.00701245 -5.88165e-07 0 0 0
3887 1971 0.321069 -0.622968 0.71332 -0.0222255 -1.74096e-06 0 0 0
1568 3323 0.67664 0.626466 0.386909 -0.00847489 -5.64673e-07 0 0 0
3887 2984 0.255646 -0.928253 -0.270171 -0.0154999 -1.20083e-06 0 0 0
3887 2653 0.149745 0.956489 -0.250411 -0.0127463 -1.01456e-06 0 0 0
462 2781 0.252003 0.788211 0.561442 -0.0115142 -1.12296e-06 0 0 0
710 4279 0.68923 -0.244863 0.681912 -0.00897298 -7.54173e-07 0 0 0
710 2307 0.565215 0.000444394 -0.824944 -0.0152868 -1.15841e-06 0 0 0
710 2912 0.317901 -0.939645 -0.126517 -0.0362342 -3.21743e-06 0 0 0
3703 2582 0.0160896 0.248103 0.9686 -0.0151211 -9.70587e-07 0 0 0
3703 4106 0.306253 -0.169342 -0.936767 -0.0106288 -6.76918e-07 0 0 0
710 377 0.26834 0.587805 0.763203 -0.0110814 -1.00064e-06 0 0 0
3703 3028 0.813272 0.329305 0.479736 -0.0123959 -9.15798e-07 0 0 0
2641 2206 0.743033 0.55647 0.37181 -0.0122145 -8.22021e-07 0 0 0
2641 5483 0.608617 -0.587321 -0.533516 -0.0103867 -7.577e-07 0 0 0
2815 84 0.277515 -0.416043 -0.865964 -0.0080498 -5.83795e-07 0 0 0
2641 4894 0.615027 0.392554 -0.683845 -0.003041 -1.94703e-07 0 0 0
2815 2919 0.297254 -0.923703 0.241687 -0.00286261 -2.39236e-07 0 0 0
2815 1377 0.409723 0.829355 -0.379864 -0.0142378 -9.82122e-07 0 0 0
2641 3299 0.343098 -0.0897052 0.935006 -0.00989016 -9.0005e-07 0 0 0
2641 1999 0.227069 -0.898859 0.374823 -0.00644982 -3.95232e-07 0 0 0
4577 4897 0.403625 -0.912358 -0.0684806 -0.0109203 -7.68365e-07 0 0 0
4577 46 0.507459 -0.35471 0.78528 -0.0060397 -4.34929e-07 0 0 0
2523 2769 0.876912 -0.0769518 0.474451 -0.0185033 -1.23512e-06 0 0 0
4448 1742 0.471016 -0.658894 -0.586517 -0.000311759 -2.35743e-08 0 0 0
2054 4255 0.748466 -0.636082 -0.187614 -0.0108451 -7.2163e-07 0 0 0
2054 2321 0.268245 0.339522 -0.901537 -0.0216391 -1.56397e-06 0 0 0
4499 3942 0.233345 0.0678113 -0.970027 -0.000680279 -5.67687e-08 0 0 0
4499 269 0.58065 -0.811554 0.0649984 -0.00710636 -4.3775e-07 0 0 0
572 3890 0.893386 -0.00267686 0.449282 -0.00730036 -6.24039e-07 0 0 0
572 1952 0.781759 -0.1282 -0.61026 -0.0129466 -1.07804e-06 0 0 0
639 333 0.804219 0.442301 0.396991 -0.0195359 -1.36552e-06 0 0 0
4499 4951 0.928247 0.11174 -0.354784 -0.00735467 -5.17362e-07 0 0 0
645 5359 0.292937 0.401568 -0.867716 -0.00558659 -4.15505e-07 0 0 0
639 3859 0.651518 0.455653 -0.606552 -0.00817121 -5.42269e-07 0 0 0
645 4324 0.724416 0.0591879 0.686817 -0.00214499 -1.60669e-07 0 0 0
1536 2858 0.739573 -0.202988 -0.641738 -0.00558997 -4.78939e-07 0 0 0
1536 377 0.562295 -0.68761 0.459365 -0.00687245 -5.46573e-07 0 0 0
1208 3321 0.697859 -0.706225 0.119326 -0.0237347 -2.23466e-06 0 0 0
2728 1899 0.622052 0.770899 -0.136987 -0.00758402 -6.6855e-07 0 0 0
1208 1071 0.583394 0.258322 -0.770013 -0.00957302 -5.86221e-07 0 0 0
1208 2761 0.247419 0.963906 -0.0983338 -0.0136718 -7.84073e-07 0 0 0
1208 4061 0.0613581 -0.466966 -0.882144 -0.00796346 -7.58455e-07 0 0 0
1538 1248 0.0711338 -0.837056 -0.542473 -0.0140712 -8.69434e-07 0 0 0
1538 54 0.478638 0.549743 -0.684608 -0.0116077 -7.10634e-07 0 0 0
1538 3625 0.438823 0.867877 0.232861 -0.0146063 -1.11923e-06 0 0 0
5429 1307 0.752048 0.590754 -0.292291 -0.00986146 -8.9376e-07 0 1 0
1538 409 0.63869 -0.0342644 0.768701 -0.0109924 -6.92489e-07 0 0 0
5429 5446 0.213759 -0.502661 -0.837639 -0.0190249 -1.52229e-06 0 1 0
2372 3379 0.932602 -0.336786 -0.129727 -0.0300985 -1.94981e-06 0 0 0
1424 4310 0.469548 0.862381 0.189274 -0.00893781 -7.108e-07 0 0 0
1424 2226 0.52805 0.18468 0.828889 -0.0190549 -1.35458e-06 0 0 1
2372 5176 0.461296 0.88434 0.0717543 -0.0288235 -1.98041e-06 0 0 0
3856 2850 -0.065279 0.476358 -0.876825 -0.00345592 -2.86539e-07 0 0 0
2372 2556 0.421825 0.384037 -0.821328 -0.00473111 -3.99184e-07 0 0 0
3856 214 0.379999 -0.918298 -0.111037 -0.00590811 -4.53365e-07 0 0 0
123 693 0.681686 0.27221 -0.679122 -0.0278962 -2.17806e-06 0 0 0
1542 5501 0.511826 0.794109 -0.327756 -0.000942319 -7.1445e-08 0 0 0
3856 1144 0.656615 0.0947868 0.748246 -0.00419117 -2.99469e-07 0 0 0
3856 794 0.912538 0.273114 -0.304439 -0.00654238 -6.40735e-07 0 0 0
123 308 0.139245 0.367382 0.919588 -0.0313879 -1.87862e-06 0 0 0
2462 5481 0.000726919 0.998893 0.047045 -0.0275678 -2.2334e-06 0 0 -1
2462 4714 0.200615 -0.615071 -0.762523 -0.00418607 -3.0178e-07 0 0 0
2746 788 0.603376 0.437064 -0.667018 -0.000172333 -1.34266e-08 0 0 0
2462 766 0.767567 0.564564 -0.303493 -0.00321573 -2.6448e-07 0 0 0
1480 454 0.325206 0.243824 -0.913669 -0.00087289 -6.3898e-08 0 0 0
2666 4017 0.724601 0.00611101 -0.689142 -0.0333912 -2.83848e-06 0 0 0
656 1868 0.434321 -0.713434 -0.549889 -0.000228224 -1.95708e-08 0 0 0
4994 4822 0.963223 0.231188 0.136946 -0.00807629 -5.59839e-07 0 0 0
4331 1341 0.65651 0.405077 -0.636324 -0.0165246 -1.31991e-06 0 0 0
4331 4027 0.730153 -0.604917 -0.31773 -0.0021191 -1.75522e-07 0 0 0
4994 2531 0.774581 -0.630331 0.0520235 -0.000179996 -1.50517e-08 0 0 0
2781 5037 0.117566 -0.0141735 -0.992964 -0.00133507 -1.32141e-07 0 0 0
4994 876 0.0118705 -0.882756 0.469681 -0.0154192 -9.43902e-07 0 0 0
2781 2692 0.429442 0.698012 -0.573026 -0.00762812 -4.38411e-07 0 0 0
2781 3718 0.415446 0.516777 0.748563 -0.00813829 -6.87756e-07 0 0 0
805 4293 0.813832 0.556512 -0.167247 -0.0228446 -1.84196e-06 0 0 0
1269 955 0.39253 0.368941 0.842498 -0.0394894 -2.75667e-06 0 0 0
3165 4341 0.888707 -0.322831 0.325546 -0.0226406 -1.76177e-06 1 0 0
1269 4896 0.0984081 -0.0276093 -0.994763 -0.0462483 -3.22219e-06 0 0 0
3882 1523 0.899225 0.321675 -0.296513 -0.00199445 -1.82373e-07 0 0 0
1349 280 0.643829 -0.104587 0.757988 -0.00368137 -3.30243e-07 0 0 0
1349 397 0.627482 0.77861 0.00578022 -0.00272103 -2.32456e-07 0 0 0
3882 1806 0.657062 -0.649626 0.382434 -0.0168436 -1.48454e-06 0 0 0
3882 7 0.365351 -0.753378 -0.546755 -0.0203923 -1.17126e-06 0 0 0
3882 2669 0.272449 0.916436 0.293116 -0.0271784 -1.55844e-06 0 0 0
3952 75 0.610469 -0.0583774 -0.789886 -0.00945035 -8.13039e-07 0 0 0
3952 4460 0.41628 0.086817 0.905082 -0.0123412 -1.07636e-06 0 0 0
3952 1757 0.355956 -0.929507 -0.0964987 -0.00447094 -3.7729e-07 0 0 0
2780 3606 0.907514 -0.417685 -0.0442339 -0.0172041 -1.4855e-06 0 0 0
2780 5084 0.392777 0.323535 -0.860843 -0.0235311 -1.61599e-06 0 0 0
1257 270 0.654616 0.361821 -0.663749 -0.00810121 -7.01166e-07 0 0 0
3099 4890 0.304135 0.605056 -0.735805 -0.00558657 -5.04261e-07 0 0 0
1257 2229 0.369273 -0.234969 0.899126 -0.00234337 -1.90595e-07 0 0 0
3099 4743 0.483997 -0.805656 -0.341563 -0.00966042 -8.57243e-07 0 0 0
3099 1509 0.599843 -0.371307 0.708745 -0.00293013 -2.74467e-07 0 0 0
3635 5418 0.638628 -0.450634 0.623766 -0.0252464 -2.00734e-06 0 0 0
3099 5191 0.923089 0.0385168 -0.382652 -0.00515101 -3.33272e-07 0 0 0
4183 2737 -0.0344155 0.898658 -0.437297 -0.0105717 -7.99568e-07 0 0 0
4183 4119 0.480654 -0.446834 0.754527 -0.0196099 -1.17784e-06 0 0 0
4183 4430 0.533663 -0.259622 -0.80486 -0.00738985 -6.46277e-07 0 0 0
4183 5457 0.642178 0.7461 0.175905 -0.0111429 -6.45343e-07 0 0 0
3461 39 0.770968 0.603713 0.202828 -0.00698965 -5.3149e-07 0 0 0
791 4233 0.425283 0.508062 0.749004 -0.0242516 -1.9079e-06 0 0 0
3924 5055 0.489066 0.825379 0.282073 -0.016583 -1.10701e-06 0 0 0
583 3321 0.873566 0.410958 0.260761 -0.0154858 -1.36961e-06 0 0 0
583 2152 0.60712 -0.746166 -0.273206 -0.00526491 -4.37561e-07 0 0 0
2582 249 0.787228 -0.211168 0.579379 -0.0290487 -1.84518e-06 0 0 0
2582 3028 0.829428 0.073109 -0.553809 -0.0073562 -5.21767e-07 0 0 0
583 4275 0.268053 -0.222918 -0.937259 -0.0235615 -2.0019e-06 0 0 0
583 1208 0.110422 0.987391 0.113425 -0.014736 -9.90675e-07 0 0 0
2678 4005 0.953232 -0.0386898 0.299752 -0.00150247 -1.12072e-07 0 0 0
1052 1473 0.610147 0.388148 -0.690696 -0.0076367 -7.126e-07 0 0 0
1052 4224 0.520903 0.10479 0.847159 -0.0182765 -1.7913e-06 0 0 0
683 173 -0.0387155 0.503609 0.863064 -0.00434849 -3.93017e-07 0 0 0
683 1407 0.583108 0.789998 0.189442 -0.00131274 -9.14253e-08 0 0 0
1052 527 0.483688 -0.587075 -0.649144 -0.0059332 -3.51768e-07 0 0 0
683 965 0.78439 -0.135764 -0.605228 -0.00510641 -3.26407e-07 0 0 0
1052 5429 -0.125346 0.765017 -0.631694 -0.0283888 -2.63581e-06 0 0 0
212 4379 0.836605 0.515662 0.184891 -0.0105245 -7.74621e-07 0 0 0
1029 614 0.455072 0.835285 0.308559 -0.00408186 -3.26567e-07 0 0 0
1029 2879 0.437468 0.466039 -0.769045 -0.000620029 -4.46354e-08 0 0 0
212 2117 0.651072 -0.496964 -0.5737 -0.011777 -8.93999e-07 0 0 0
5255 2503 0.22989 0.847795 -0.477906 -0.00830332 -4.96895e-07 0 0 0
212 234 0.175756 0.360917 0.915887 -0.00399226 -2.93982e-07 0 0 0
5255 4160 0.388199 0.800415 0.456769 -0.00401009 -3.50634e-07 0 0 0
5255 911 0.566609 -0.80284 -0.185479 -0.00504182 -3.59495e-07 0 0 0
5255 2262 0.758293 0.00901979 -0.651851 -0.0132823 -8.15027e-07 0 0 0
5255 2680 0.851742 -0.0364782 0.52269 -0.0105666 -6.48193e-07 0 0 0
1248 4512 -0.108106 -0.653776 0.748926 -0.0124715 -1.04293e-06 0 0 0
1248 704 0.311888 0.346809 -0.884562 -0.015099 -1.17884e-06 0 0 0
1248 5487 0.435027 0.0186402 0.900224 -0.000602289 -4.85701e-08 0 0 0
1248 563 0.509062 -0.706972 -0.490964 -0.000514116 -4.07401e-08 0 0 0
21 4705 0.414853 0.765729 0.491483 -0.00687277 -5.31875e-07 0 0 1
21 3479 0.436519 -0.892326 -0.114914 -0.00831685 -7.57918e-07 0 0 1
119 1546 0.330175 -0.613048 -0.717744 -0.0102329 -6.88747e-07 0 0 0
119 1677 0.52077 0.844619 0.124167 -0.00767952 -5.98669e-07 0 0 0
1128 4439 0.855541 -0.366341 -0.365847 -0.0145661 -1.26946e-06 0 0 0
1128 4705 0.373601 0.490032 -0.787586 -0.0122381 -9.70612e-07 0 0 0
119 826 0.969277 0.070198 0.235743 -0.00679053 -4.91226e-07 0 0 0
4146 2023 0.178872 0.199532 -0.963427 -0.00866744 -6.78087e-07 0 0 0
4146 214 0.531944 0.799257 0.279685 -0.00175645 -1.27332e-07 0 0 0
4146 4752 0.569932 -0.42255 0.704719 -0.0066993 -5.00075e-07 0 0 0
480 2209 0.601964 -0.433433 -0.670653 -0.010515 -7.40311e-07 0 0 0
480 4725 0.562134 0.0843895 0.82273 -0.00770879 -5.18349e-07 0 0 0
480 2446 0.451077 0.840545 0.300024 -0.0103579 -7.23827e-07 0 0 0
526 2664 0.778285 -0.133682 -0.613516 -0.0170975 -1.55075e-06 0 0 0
526 4101 0.703877 -0.237781 0.669341 -0.00966556 -7.48202e-07 0 0 0
538 4924 0.853847 0.307918 -0.419682 -0.00130197 -1.00311e-07 0 0 0
1868 2149 0.631128 0.767841 0.109985 -0.00408631 -3.54023e-07 0 0 0
526 1192 0.289845 -0.950585 0.111256 -0.0116521 -9.08196e-07 0 0 0
4237 942 0.872702 -0.255204 0.416247 -0.0051845 -4.62133e-07 0 0 0
4237 4262 0.224169 -0.965772 0.130508 -0.0016426 -1.24883e-07 0 0 0
4237 1475 0.28553 -0.529111 -0.799071 -0.0181637 -1.22031e-06 0 0 0
5481 202 0.322773 0.750694 -0.576434 -0.01001 -7.86008e-07 0 0 0
5481 766 0.809659 -0.455604 -0.36997 -0.000740758 -5.77233e-08 0 0 1
859 1476 0.522507 0.0516054 0.851072 -0.0148808 -1.41438e-06 0 0 0
5481 1282 0.861779 0.455125 0.224048 -0.00371923 -2.9567e-07 0 0 1
56 84 0.178264 0.9587 -0.221623 -0.0193166 -1.30657e-06 0 0 0
859 2372 0.181675 -0.287656 -0.940345 -0.0121991 -1.05392e-06 0 0 0
56 1341 0.446358 -0.154292 0.881453 -0.00734633 -5.41061e-07 0 0 0
4661 3859 0.908115 -0.335623 -0.250368 -0.00179686 -1.70846e-07 0 0 0
3796 4894 0.649411 -0.497549 0.575074 -0.0100811 -5.75101e-07 0 0 0
3796 233 0.193254 0.959815 0.203488 -0.0125933 -1.13604e-06 0 0 0
3336 5035 0.412535 -0.290551 -0.863363 -0.0165283 -1.43353e-06 0 0 -1
4081 1416 0.641746 -0.0410061 -0.76582 -0.000870869 -5.01391e-08 0 0 0
3336 1994 0.943477 0.251806 0.21551 -0.0288654 -2.30695e-06 0 1 0
4081 1057 0.498286 -0.866251 -0.0363298 -0.0240867 -1.35894e-06 0 0 0
4081 2523 0.00565286 0.440017 0.897971 -0.0163901 -1.18693e-06 0 0 0
631 4510 0.619872 -0.523937 0.584164 -0.0100041 -7.49098e-07 0 0 0
4081 123 0.0428782 0.757989 -0.650856 -0.0367186 -2.22989e-06 0 0 0
2507 3479 0.47747 -0.381577 -0.791468 -0.0144111 -1.35922e-06 0 0 0
4853 3793 0.0641103 0.6547 0.753165 -0.00574863 -4.5487e-07 0 0 0
4853 4749 0.11699 0.969216 -0.216641 -0.00211307 -1.69531e-07 0 0 0
2507 3635 0.118969 -0.970169 0.211233 -0.0120321 -9.94532e-07 0 0 0
2507 1128 0.0739868 0.862337 0.500901 -0.0164084 -1.33923e-06 0 0 0
4853 1062 0.282133 -0.959325 -0.00981867 -0.0145977 -1.13786e-06 0 0 0
4853 2365 0.730832 0.0429914 -0.681202 -0.00168217 -1.53939e-07 0 0 0
4171 5236 0.028716 0.205559 0.978223 -0.0117346 -8.90615e-07 0 0 0
4171 1785 0.212035 0.976943 0.0249869 -0.0111884 -8.27449e-07 0 0 0
4171 207 0.349946 -0.881335 -0.317469 -0.00488427 -3.61296e-07 0 0 0
4171 2390 0.554149 0.0768119 -0.828866 -0.030016 -2.1395e-06 0 0 0
4171 5013 0.669151 -0.44602 0.594393 -0.00191866 -1.30362e-07 0 0 0
1549 3102 0.679485 0.399735 -0.615233 -0.00636828 -5.03719e-07 0 0 0
747 4644 0.0065916 0.998101 0.0612392 -0.0145735 -1.14431e-06 0 0 0
1549 5455 0.309755 -0.945451 0.100862 -0.00782308 -6.12698e-07 0 0 0
2832 2537 0.854756 0.464235 -0.232116 -0.00708244 -6.66586e-07 0 1 0
2832 4734 0.528264 -0.584803 0.615583 -0.0261585 -2.18679e-06 0 0 1
2832 2446 0.526407 -0.160387 -0.834968 -0.0134042 -9.07815e-07 0 0 0
2832 4604 0.206904 0.234418 0.949862 -0.00469951 -4.15405e-07 0 1 1
4038 325 -0.136859 0.960476 -0.242393 -0.00248335 -2.32882e-07 0 0 0
2304 4166 0.453761 -0.69247 0.56088 -0.00688027 -5.00364e-07 0 0 0
4038 1863 0.514124 -0.835023 0.195992 -0.00507987 -3.40819e-07 0 0 0
4038 4542 0.523037 0.262149 0.810993 -0.00633124 -4.28801e-07 0 0 0
4038 1677 0.506746 -0.26923 -0.818977 -0.00452517 -3.52347e-07 0 0 0
2304 2129 0.347681 -0.426715 -0.834884 -0.00922969 -7.91993e-07 0 0 0
3004 4468 0.868115 -0.490085 0.0787014 -0.00616163 -4.89001e-07 0 0 0
4512 2388 0.201603 -0.707356 -0.677498 -0.0156451 -1.18331e-06 0 0 0
4512 4473 0.411569 0.0241241 0.911059 -0.0126094 -1.02089e-06 0 0 0
4512 5487 0.621335 0.761458 0.184731 -0.00324048 -2.39139e-07 0 0 0
3004 7 0.594909 0.803319 0.0275867 -0.00252567 -2.05196e-07 0 0 0
286 3759 -0.128566 -0.963901 0.233162 -0.00545597 -5.27321e-07 0 0 0
286 128 0.0761321 0.0108392 0.997039 -0.000718693 -4.53801e-08 0 0 0
440 3796 0.135172 -0.548709 0.825013 -0.0105211 -8.52255e-07 0 0 0
286 2488 0.614679 0.639722 -0.461439 -0.00438526 -2.65185e-07 0 0 0
2652 3438 0.840622 0.491797 0.226915 -0.00881337 -5.06117e-07 0 0 0
2652 3452 0.479752 0.110143 -0.870463 -0.015942 -1.0812e-06 0 0 0
5077 5055 0.650304 -0.62483 -0.432079 -0.0202907 -1.45506e-06 0 0 0
5077 2669 0.491237 -0.323276 0.808813 -0.0158347 -1.23896e-06 0 0 0
3735 2303 0.98336 0.114467 -0.14107 -0.00750342 -5.738e-07 0 1 0
2920 4812 0.158712 -0.947417 -0.277869 -0.010256 -8.43786e-07 0 0 0
2920 5359 0.416522 0.821738 0.388917 -0.00726572 -5.376e-07 0 0 0
2920 960 0.701524 -0.0594344 -0.710163 -0.00464498 -3.68108e-07 0 0 0
2920 2488 0.829773 -0.380319 0.408454 -0.00169542 -1.3442e-07 0 0 0
3594 1157 0.359306 0.880377 -0.309573 -0.00178055 -1.56938e-07 0 0 0
3594 2015 0.469773 0.388983 0.792468 -0.00306324 -2.65449e-07 0 0 0
3735 4094 0.553099 0.72799 0.405108 -0.0028594 -2.34859e-07 0 1 0
1274 3589 0.926378 -0.359993 0.110583 -0.0117888 -8.75752e-07 0 0 0
1274 3342 0.238138 0.890886 -0.386797 -0.0145855 -1.03649e-06 0 0 0
4612 1668 0.701079 -0.367204 -0.611268 -0.0122667 -9.77639e-07 0 0 0
3310 3903 0.662773 0.0135722 -0.748698 -0.0142932 -1.20226e-06 0 0 0
3310 5518 0.695071 -0.650628 0.305876 -0.000985914 -7.69199e-08 0 0 0
325 417 0.232491 -0.254646 -0.938671 -0.00127431 -1.0153e-07 0 0 0
4612 5030 0.402995 0.764099 -0.503733 -0.00612011 -4.06988e-07 0 0 0
325 3279 0.748094 0.602607 -0.277886 -0.0092688 -7.30855e-07 0 0 0
4612 2628 0.358412 0.829413 0.428504 -0.00542742 -3.70157e-07 0 0 0
4812 1564 0.401364 -0.897277 0.183849 -0.00930357 -5.70552e-07 0 0 0
2349 2673 0.3789 -0.598884 -0.70553 -0.0013186 -1.00501e-07 0 0 0
4812 2488 0.585449 0.530286 0.613227 -0.0154648 -9.36121e-07 0 0 0
4812 5336 0.812332 -0.234059 -0.534167 -0.00489696 -4.11935e-07 0 0 0
1563 5520 0.547408 -0.769051 -0.330008 -0.0171442 -1.40059e-06 0 0 0
1224 5448 0.10315 0.245284 -0.963948 -0.00868698 -8.45246e-07 0 0 0
1224 704 0.231109 0.83744 0.495261 -0.0152357 -1.20959e-06 0 0 0
1224 2760 0.376983 -0.91145 -0.164747 -0.0233954 -1.27782e-06 0 0 0
1224 563 0.424851 -0.198112 0.883319 -0.000487527 -3.93019e-08 0 0 0
1224 911 0.460674 0.808175 -0.366923 -0.0103758 -7.63589e-07 0 0 0
4568 21 0.903565 -0.388394 0.180889 -0.000705574 -5.80151e-08 0 0 -1
1563 584 0.268027 0.391753 -0.880165 -0.0150414 -1.21712e-06 0 0 0
1563 5077 -0.0835725 -0.0852083 0.992852 -0.0175839 -1.35043e-06 0 0 0
1054 1971 0.2884 0.853716 -0.433582 -0.0272822 -2.25634e-06 0 0 0
1054 123 0.0969262 -0.870437 0.482643 -0.0222209 -1.33168e-06 0 0 0
952 137 0.239756 -0.207356 -0.94843 -0.0138752 -8.94979e-07 0 0 0
952 2760 0.363974 0.857066 -0.364639 -0.0282047 -1.53775e-06 0 0 0
952 2390 0.353864 -0.451835 0.818917 -0.0156631 -9.71761e-07 0 0 0
1054 1128 -0.0592027 -0.649118 -0.75838 -0.0245299 -2.06301e-06 0 0 0
184 3070 0.614994 0.78828 0.0199355 -0.00811883 -6.33832e-07 0 0 0
184 2653 0.309942 0.267599 -0.912319 -0.00474473 -3.59759e-07 0 0 0
184 3887 0.169663 -0.699585 -0.694115 -0.00993016 -7.72939e-07 0 0 0
810 997 0.468839 -0.339268 0.815529 -0.00890263 -7.58936e-07 0 0 0
810 4510 0.662595 0.729848 -0.168195 -0.0151626 -1.20479e-06 0 0 0
5051 4580 0.767277 -0.563267 0.30662 -0.0057118 -4.18431e-07 0 0 0
5068 5469 0.34999 0.137981 0.926536 -0.0158675 -1.28322e-06 0 0 0
1197 1899 0.510215 -0.74687 0.426458 -0.00928781 -8.06013e-07 0 0 0
5068 2054 0.174264 0.980675 -0.0889313 -0.00568427 -3.91017e-07 0 0 0
1197 434 0.842925 -0.180619 -0.506808 -0.00808066 -6.86411e-07 0 0 0
3793 4749 0.0530243 0.31909 -0.94624 -0.00439893 -3.37878e-07 0 0 0
5068 4661 0.00490641 -0.239579 -0.970864 -0.0142716 -1.18105e-06 0 0 0
5279 3452 0.712029 0.58203 0.392755 -0.0122723 -9.40529e-07 0 0 0
5279 5429 0.142825 -0.761991 -0.631641 -0.0265256 -2.08179e-06 0 -1 0
1032 4881 0.995703 -0.0563952 -0.073453 -0.0203624 -1.85081e-06 0 0 0
3793 4702 0.884776 0.206092 0.417969 -0.0177223 -1.40001e-06 0 0 0
1032 2973 0.416756 -0.71372 0.562954 -0.00284616 -2.19443e-07 0 0 0
2737 968 0.406404 -0.3855 -0.828387 -0.023407 -1.67351e-06 0 0 0
1032 2780 0.228011 -0.180758 -0.956733 -0.0316659 -2.68448e-06 0 0 0
2737 5457 0.755291 -0.0921123 0.648884 -0.0322592 -2.36247e-06 0 0 0
2737 4338 0.876321 0.35846 -0.321821 -0.0119509 -9.10874e-07 0 0 0
2542 2678 0.525778 -0.462034 -0.714201 -0.00972018 -7.37644e-07 0 0 0
3400 4890 0.421805 -0.782998 -0.45716 -0.0107068 -8.47685e-07 0 0 0
5377 1173 0.659075 0.0218001 0.751761 -0.0121438 -8.90381e-07 0 0 0
3400 5112 0.649378 -0.351191 0.674516 -0.0151098 -1.25984e-06 0 0 0
5377 2229 0.471216 0.757039 -0.452601 -0.0107433 -8.34043e-07 0 0 0
5377 3228 0.322766 -0.227733 -0.918673 -0.0111121 -8.68426e-07 0 0 0
3076 1337 0.641758 0.447877 0.622537 -0.0092025 -7.30161e-07 0 0 0
5377 2832 0.160476 -0.928359 0.335256 -0.0128725 -1.03592e-06 0 -1 0
3076 95 0.886581 0.225477 -0.403899 -0.00582927 -4.49886e-07 0 0 0
4843 3735 0.14786 -0.982364 0.114444 -0.00653226 -5.63804e-07 0 -1 0
2131 2118 0.370347 -0.44319 0.816349 -0.00505493 -4.21534e-07 0 0 0
2131 397 0.510742 -0.264863 -0.817918 -0.00356127 -3.02849e-07 0 0 0
3179 2567 0.818761 0.126708 -0.559978 -0.0112278 -8.33397e-07 0 0 0
3179 3468 0.542628 -0.610921 0.576481 -0.0260868 -1.78603e-06 0 0 0
2320 4119 0.453874 0.866287 0.208673 -0.00580726 -3.39616e-07 0 0 0
2320 765 0.491956 -0.298569 0.817824 -0.0290391 -1.71223e-06 0 0 0
2320 4964 0.705698 -0.531196 -0.468851 -0.00773424 -4.57821e-07 0 0 0
2320 1765 0.727392 0.409067 -0.550967 -0.00655748 -5.85924e-07 0 0 0
3179 668 0.171326 0.955904 0.238525 -0.0213137 -1.74525e-06 0 0 0
3759 5003 0.23811 -0.342916 0.908687 -0.00166495 -1.3384e-07 0 0 0
1222 562 0.968104 -0.0253615 0.249262 -0.0100972 -9.13544e-07 0 0 0
3759 3625 0.50917 -0.858889 0.0552832 -0.00443805 -3.72996e-07 0 0 0
2771 1962 0.971582 0.0544988 -0.230343 -0.0131084 -9.81001e-07 0 0 0
2771 4283 0.453776 -0.721153 -0.523474 -0.00683671 -5.42004e-07 0 0 0
2771 2430 0.186157 -0.654486 0.732799 -0.00259627 -2.22418e-07 0 0 0
2703 1187 0.613215 0.137807 -0.777802 -0.0017985 -1.20103e-07 0 0 0
2703 3638 0.120529 -0.654834 -0.7461 -0.00687799 -6.05693e-07 0 -1 0
1072 997 0.412364 0.805052 0.426435 -0.00691024 -5.47798e-07 0 0 0
1072 968 0.455476 -0.190133 0.869708 -0.0174461 -1.44375e-06 0 0 0
1072 1935 0.465664 -0.148872 -0.87235 -0.0227776 -1.71411e-06 0 0 0
2905 2152 0.810287 0.475637 -0.342351 -0.00862972 -6.82928e-07 0 0 0
2905 3420 0.795766 0.145399 0.58789 -0.00568452 -4.01646e-07 0 0 1
5236 3987 0.47186 -0.553807 0.686036 -0.015228 -1.16353e-06 0 0 0
3053 377 0.461141 0.738902 -0.491298 -0.00519972 -4.68826e-07 0 0 0
3053 4705 0.273098 -0.211157 0.938526 -0.0065169 -6.08692e-07 0 0 1
3053 21 -0.0711692 -0.845293 0.529542 -0.00227267 -2.11322e-07 0 0 0
4221 3638 0.212444 0.15015 0.965569 -0.00724543 -5.92057e-07 0 -1 0
4221 1269 0.248389 -0.826166 0.50572 -0.0136243 -1.09127e-06 0 -1 0
812 4261 0.694216 0.466836 0.547839 -0.00981945 -8.31263e-07 0 0 0
812 1842 0.559891 -0.749035 -0.354215 -0.0160633 -1.18175e-06 0 0 0
903 3851 0.447258 0.668907 0.593737 -0.0088122 -7.79241e-07 0 0 0
903 252 0.736559 -0.17713 0.652768 -0.0158131 -1.19061e-06 0 0 0
903 256 0.799088 -0.13042 -0.586898 -0.0027057 -1.65698e-07 0 0 0
1121 4868 0.178393 0.863274 0.472158 -0.003218 -2.33983e-07 0 1 0
1121 2342 0.21847 0.0726289 -0.973137 -0.0124024 -8.77083e-07 0 0 0
717 2728 0.146956 -0.474955 0.867653 -0.000434538 -3.41731e-08 0 0 0
1121 3059 0.800715 0.0690078 0.595057 -0.0111655 -8.00862e-07 0 0 0
3637 2535 0.115291 0.794293 0.596495 -0.00691075 -4.61734e-07 0 0 0
812 3882 0.242856 0.757558 -0.60591 -0.00459053 -3.41457e-07 0 0 0
3637 3180 0.23554 0.590548 -0.771864 -0.0115338 -8.5213e-07 0 0 0
3637 1305 0.595987 -0.396166 0.698464 -0.00630908 -4.45569e-07 0 0 0
3637 3425 0.761406 -0.321281 -0.563062 -0.0034494 -2.37103e-07 0 0 0
2194 4749 0.906889 -0.31239 -0.282782 -0.00039364 -3.1368e-08 0 0 0
5232 1999 0.522529 -0.0756775 0.849256 -0.0140144 -1.04974e-06 0 0 0
4749 3841 0.453102 0.820237 -0.349157 -0.00311531 -2.57476e-07 0 0 0
5232 308 0.420276 -0.109909 -0.900715 -0.00606713 -4.73145e-07 0 0 0
4148 109 0.513866 0.40528 0.756102 -0.0212529 -1.40562e-06 0 0 0
4148 1539 0.232587 -0.538677 0.809772 -0.0261474 -2.25469e-06 0 0 0
248 1514 0.425839 0.777494 0.462779 -0.00810022 -4.51976e-07 0 0 0
248 1436 0.351476 -0.865659 0.35651 -0.0023234 -2.16727e-07 0 0 0
4148 1052 0.209793 0.526306 -0.824008 -0.0287975 -2.00483e-06 0 0 0
1572 1536 0.242888 -0.874834 -0.419131 -0.00989955 -7.87412e-07 0 0 0
3496 77 0.84917 -0.451524 -0.273927 -0.0118149 -8.86323e-07 0 0 0
3496 1561 0.680867 0.577382 -0.450611 -0.0022802 -1.66194e-07 0 0 0
248 2745 0.949622 -0.312767 -0.0198786 -0.00152184 -1.26093e-07 0 0 0
2561 2585 0.923001 0.26706 -0.277034 -0.00704389 -4.92497e-07 0 0 0
2561 4732 0.736796 -0.484678 0.471402 -0.0123869 -9.32737e-07 0 0 0
530 4460 0.471673 0.881123 0.0338737 -0.00821093 -5.38347e-07 0 0 0
530 1757 0.419497 -0.019812 -0.90754 -0.0110697 -7.81839e-07 0 0 0
1705 4322 0.96143 -0.189543 -0.199312 -0.00130396 -9.61602e-08 0 0 0
1233 4644 0.0167492 -0.891617 -0.45248 -0.0124272 -8.8724e-07 0 0 0
1233 4045 0.102802 0.535817 0.838052 -0.0136865 -1.01936e-06 0 0 0
1233 4443 0.283067 0.313708 -0.906344 -0.00445829 -3.27968e-07 0 0 0
1705 3808 0.267431 0.0502543 0.962266 -0.00378805 -3.23772e-07 0 0 0
1705 4994 0.256673 0.106462 -0.960617 -0.00449264 -3.08906e-07 0 0 0
1233 2187 0.978956 0.132671 -0.155061 -0.00445772 -3.15156e-07 0 0 0
173 4462 0.400108 -0.685113 0.608715 -0.00497114 -4.11644e-07 0 0 0
5353 1972 0.942401 -0.329675 -0.056519 -0.00197969 -1.70327e-07 0 0 0
2622 2917 0.190364 -0.445177 -0.874974 -0.0240902 -1.81594e-06 0 0 0
2622 4660 0.494954 -0.123803 0.860054 -0.00763265 -5.40579e-07 0 0 0
5353 1572 -0.0662349 -0.487657 -0.870519 -0.00722636 -6.24835e-07 0 0 0
2622 2827 0.951107 0.291507 -0.102079 -0.0280826 -2.2138e-06 0 0 0
4357 5418 0.86243 -0.44872 -0.234233 -0.0024487 -2.1582e-07 0 0 0
454 1062 0.0747827 0.995039 0.0656048 -0.00718792 -6.04163e-07 0 1 0
4357 3635 0.232194 0.0142182 -0.972566 -0.00141599 -1.12174e-07 0 0 0
2248 584 0.553165 0.806788 0.207609 -0.00387282 -2.97924e-07 0 0 0
2248 2561 0.0573461 -0.989963 0.129171 -0.00858562 -6.70932e-07 0 0 0
454 4505 0.937378 -0.230795 0.260877 -0.0060551 -4.73421e-07 0 0 0
5237 2628 0.668993 -0.637852 -0.381567 -0.0140001 -1.13878e-06 0 0 0
5237 1762 0.566665 0.259314 0.782079 -0.0196532 -1.59602e-06 0 0 0
3536 885 0.77992 -0.193055 0.595361 -0.0086458 -6.87282e-07 0 0 0
3536 3886 0.776684 0.601242 0.187803 -0.011125 -8.51612e-07 0 0 0
3536 3461 0.0616611 0.792995 -0.6061 -0.00475508 -3.66674e-07 0 0 0
2602 2672 0.860186 -0.186157 -0.47479 -0.00944105 -9.05223e-07 0 0 0
2602 4091 0.880586 -0.174402 0.440628 -0.0277057 -1.57885e-06 0 1 0
84 5322 0.291708 0.028921 -0.95607 -0.0310754 -1.756e-06 0 0 0
2602 218 0.691428 0.715865 0.0972871 -0.0049693 -4.69881e-07 0 1 0
84 1130 0.681449 -0.467162 0.563371 -0.0132207 -8.50091e-07 0 0 0
84 2913 0.675289 0.724103 -0.140216 -0.0164431 -1.11345e-06 0 0 0
2602 2652 0.0911888 0.666552 -0.73986 -0.00593023 -3.35968e-07 0 1 0
2602 4221 -0.087898 -0.117826 0.989136 -0.00276858 -2.31527e-07 0 1 0
5166 2973 0.484039 0.565063 -0.668139 -0.00770291 -5.82186e-07 0 0 0
5166 480 0.302119 0.556214 0.774177 -0.00740535 -6.52205e-07 0 0 0
5166 1563 0.219345 -0.952355 0.211914 -0.0075703 -6.4708e-07 0 0 0
4644 3986 0.920064 0.224681 -0.320938 -0.0100179 -7.18e-07 0 0 0
1830 4771 0.768956 -0.220683 -0.600005 -0.00622029 -4.56846e-07 0 0 0
1830 3490 0.512111 0.837889 0.1889 -0.0113767 -7.2468e-07 0 0 0
1090 2653 0.316359 -0.940495 -0.124039 -0.00727159 -5.40325e-07 0 0 0
4793 3857 0.543187 -0.578246 -0.608753 -0.00365204 -2.91043e-07 0 0 0
4793 126 0.615177 0.75295 -0.233717 -0.00294253 -2.35342e-07 0 0 0
1090 232 0.309933 0.517905 0.797318 -0.0101082 -6.82664e-07 0 0 0
2362 1062 -0.0643065 0.187969 0.980067 -0.0107051 -1.01442e-06 0 0 0
2362 2365 0.354902 0.887214 0.29478 -0.00222139 -1.34262e-07 0 0 0
2362 1423 0.383134 0.537703 -0.751055 -0.0189779 -1.65156e-06 0 0 0
2362 1144 0.48735 -0.872944 -0.021438 -0.00138428 -9.92592e-08 0 -1 0
3286 4525 0.698065 -0.566485 0.437949 -0.00382172 -2.75231e-07 0 0 1
3286 639 0.177056 0.842531 0.508717 -0.0146883 -9.31331e-07 0 0 1
2362 4256 0.983038 -0.159842 0.0899275 -0.00791819 -7.03598e-07 0 0 0
3286 5353 -0.0602007 -0.998079 0.0146059 -0.00675717 -4.86896e-07 0 0 0
4650 1129 0.818355 -0.147493 0.555464 -0.00649666 -5.06573e-07 0 0 0
4650 2771 0.152869 -0.95682 0.247238 -0.0067564 -5.45333e-07 0 0 0
2382 710 0.361143 -0.754093 0.548562 -0.0222182 -1.76763e-06 0 0 0
2991 4440 0.753194 -0.650771 0.0958974 -0.0160316 -1.07784e-06 0 0 0
1424 1673 0.49207 -0.727897 0.477529 -0.00220944 -1.36194e-07 0 0 0
2991 5455 0.315764 -0.456502 -0.831805 -0.0145142 -1.25591e-06 0 0 0
493 1182 0.715666 -0.616627 0.328014 -0.0184528 -1.50302e-06 0 0 0
1785 2388 -0.0881078 0.891444 -0.444482 -0.00820423 -7.20953e-07 0 0 0
2991 3924 0.182568 0.925831 0.330917 -0.0220903 -1.41059e-06 0 0 0
1785 3736 0.392165 0.492134 0.777181 -0.0174193 -1.14746e-06 0 0 0
1785 2364 0.550873 -0.00726737 -0.834557 -0.0102153 -9.01044e-07 0 0 0
1065 2651 0.436746 -0.899388 0.0188087 -0.0167123 -1.30996e-06 0 0 0
1065 1549 0.121968 0.15506 0.980347 -0.00456843 -3.7176e-07 0 0 0
483 3120 0.754217 -0.390002 0.528257 -0.00345372 -2.20302e-07 0 0 0
1785 3044 0.986439 -0.152976 -0.0594606 -0.00271979 -2.04667e-07 0 0 0
483 3888 0.461549 0.730008 0.504045 -0.0118219 -1.05347e-06 0 0 0
4788 489 0.979185 -0.159812 0.12513 -0.00927745 -6.52756e-07 0 0 0
4788 5428 0.653464 0.689 -0.313471 -0.0130675 -1.00738e-06 0 0 0
1252 5487 0.786726 -0.345237 -0.511735 -0.00119401 -8.72311e-08 0 0 0
5129 4561 0.0793578 -0.99096 0.10817 -0.016743 -1.26793e-06 0 0 0
5129 3563 0.298883 0.645314 0.703021 -0.0363397 -3.10109e-06 0 0 0
3944 2321 0.431462 -0.563499 -0.704493 -0.00178567 -1.08523e-07 0 0 0
5129 2143 0.318451 -0.512866 -0.797218 -0.0241843 -1.89149e-06 0 0 0
3944 2374 0.339388 0.636263 0.69281 -0.00551015 -4.13226e-07 0 0 0
3944 2054 0.195035 -0.967568 0.160538 -0.00798173 -5.57579e-07 0 0 0
4836 2372 0.367782 -0.80491 0.465678 -0.00402657 -3.4191e-07 0 0 0
1132 5285 0.0876977 0.990936 0.101756 -0.005186 -3.86392e-07 0 0 0
1132 2471 0.47456 -0.819195 0.322043 -0.00023162 -1.85968e-08 0 0 0
1132 4070 0.589482 0.156345 0.792507 -0.0121153 -8.79948e-07 0 0 0
1132 4702 0.716813 0.461106 -0.52303 -0.00876044 -6.12974e-07 0 0 0
3000 2808 -0.0422477 0.990269 -0.132599 -0.00727413 -4.61695e-07 0 0 0
3000 1847 0.192421 -0.646993 0.737818 -0.00542965 -5.23378e-07 0 0 0
3000 1337 0.346751 -0.267882 -0.89889 -0.0102344 -6.59807e-07 0 0 -1
3000 4818 0.552622 -0.820612 -0.14562 -0.00624393 -5.42702e-07 0 0 -1
3573 218 0.907624 -0.418062 -0.0379716 -0.000539434 -4.62956e-08 0 0 0
3573 593 0.853967 0.484764 0.189062 -0.00263579 -2.05285e-07 0 0 0
3573 441 0.349772 0.714133 -0.606362 -0.0163684 -1.39507e-06 0 0 0
3000 299 0.866416 -0.0271266 0.498585 -0.0189289 -1.13504e-06 0 0 0
4714 4500 0.432 -0.890428 -0.143231 -0.0128192 -1.04817e-06 0 0 -1
4714 1305 0.58205 0.66193 -0.4723 -0.00912387 -7.14332e-07 0 0 -1
3573 2652 0.222735 -0.29802 -0.928209 -0.00846221 -6.16897e-07 0 0 0
1849 4290 0.67257 0.375306 -0.637805 -0.00702556 -5.10912e-07 0 0 0
1559 4135 0.253124 0.396337 0.882522 -0.00867368 -6.51436e-07 0 0 0
1559 192 0.35706 -0.933154 -0.0416061 -0.0230919 -1.65927e-06 0 0 0
1559 224 0.933442 0.337576 -0.121364 -0.00877922 -7.00114e-07 0 0 0
2106 608 0.635596 -0.500756 -0.587589 -0.00510445 -3.74148e-07 0 0 0
2106 4125 0.344477 0.842602 0.413953 -0.00942051 -6.51291e-07 0 0 0
2 3724 0.933383 0.355501 -0.0491521 -0.00360082 -2.90906e-07 0 0 0
1778 805 0.195347 -0.955109 0.222726 -0.0083822 -6.8984e-07 0 0 0
2751 1699 0.631634 0.373215 0.679521 -0.0125032 -9.12099e-07 0 0 0
2751 4836 -0.0323814 -0.978089 -0.205655 -0.0159214 -1.28163e-06 0 0 0
1742 1204 0.0992408 -0.117482 0.988104 -0.0234311 -1.69673e-06 0 0 0
1742 1514 0.530832 -0.432684 -0.728699 -0.00341866 -2.57504e-07 0 0 0
1742 3279 0.502997 -0.804852 0.314972 -0.0036608 -2.9756e-07 0 0 0
1742 11 0.786425 0.612305 0.0813492 -0.0132827 -9.90026e-07 0 0 0
4609 77 0.887706 0.270282 0.372728 -0.003921 -2.80647e-07 0 0 0
4609 3490 0.732303 0.148922 -0.664496 -0.00914011 -6.55071e-07 0 0 0
4045 4611 0.282859 0.20473 0.937057 -0.0139609 -9.76635e-07 0 0 0
1231 4096 0.915112 0.309444 0.258486 -0.00168124 -1.45815e-07 0 0 0
1231 635 0.645094 0.128434 -0.753232 -0.00751936 -5.80126e-07 0 0 0
128 1770 0.687713 0.569989 0.449626 -0.00971144 -5.89991e-07 0 0 0
128 2247 0.6623 -0.643217 -0.384227 -0.00305678 -1.97147e-07 0 0 0
1231 576 0.430397 -0.579664 0.691916 -0.0093787 -7.11853e-07 0 0 0
5287 404 0.128543 0.431429 0.892942 -0.000478279 -3.31019e-08 0 0 1
694 4237 0.324939 -0.785704 -0.526387 -0.019914 -1.75186e-06 0 0 0
3789 2149 0.511281 -0.155341 0.845258 -0.02392 -1.99793e-06 0 0 0
694 4650 0.0969614 -0.81223 0.575223 -0.00769254 -6.28163e-07 0 0 0
3789 1005 0.947324 0.106976 -0.301883 -0.00575674 -4.16336e-07 0 0 0
694 2 0.0998964 0.49732 -0.861797 -0.0141986 -1.2172e-06 0 0 0
3879 614 0.228217 -0.785722 -0.574942 -0.00536567 -3.6036e-07 0 0 0
3879 738 0.239761 -0.137716 0.961014 -0.00429902 -2.82382e-07 0 0 0
3879 3491 0.235807 0.95013 0.204081 -0.00355956 -2.33512e-07 0 0 0
694 1231 0.0400318 0.575582 0.816764 -0.0241818 -1.95073e-06 0 0 0
261 791 0.284364 0.48412 0.827505 -0.0242516 -1.93357e-06 0 0 0
4285 4886 0.85394 0.220888 -0.471163 -0.0200425 -1.7509e-06 0 0 0
4285 4238 0.56889 -0.740607 -0.357584 -0.00635145 -5.16716e-07 0 0 0
2808 4847 0.0967147 0.941421 0.323067 -0.00919604 -5.5485e-07 0 0 0
4285 668 0.147922 -0.264517 -0.952969 -0.0209423 -1.93538e-06 0 0 0
4285 4994 0.227845 -0.203979 0.952092 -0.0169304 -9.4576e-07 0 0 0
4285 1849 -0.0694095 0.763723 -0.641801 -0.0222047 -1.56041e-06 0 0 0
2808 3522 0.827333 0.328333 0.45576 -0.00126856 -9.64901e-08 0 0 0
2808 491 0.867276 -0.488706 0.0948666 -0.00929332 -8.34597e-07 0 0 -1
5216 2014 0.867813 -0.109254 -0.48473 -0.00146094 -1.20114e-07 0 0 0
1194 5358 0.626918 -0.77822 -0.0367141 -0.0179455 -1.46564e-06 0 0 0
1194 526 0.245496 0.508072 0.825588 -0.0208887 -1.60479e-06 0 0 0
4872 2566 0.774215 0.129459 -0.619542 -0.0132814 -1.04083e-06 0 0 0
4872 2 0.0605094 -0.2199 0.973644 -0.0112822 -8.33048e-07 0 0 0
5285 1546 0.241342 0.931983 0.270484 -0.00862581 -5.50081e-07 0 0 0
5189 5497 0.989595 -0.0337174 -0.139876 -0.00529824 -3.96915e-07 0 0 0
5285 4702 0.583519 -0.556864 -0.591108 -0.00505102 -3.73282e-07 0 0 0
5189 2780 0.356441 0.60876 0.708774 -0.0136395 -1.12276e-06 0 0 0
2391 1971 0.624235 -0.503761 -0.597123 -0.000686854 -5.0728e-08 0 0 0
2391 440 0.19388 0.744776 0.638529 -0.000912044 -6.57575e-08 0 0 0
5059 2663 0.213077 -0.971229 0.106362 -0.00249674 -1.88596e-07 0 0 0
5059 1747 0.72009 0.652981 0.234706 -0.00516174 -3.97098e-07 0 0 0
5059 5054 0.870233 -0.106445 -0.481003 -0.00299628 -2.15857e-07 0 0 0
2608 4233 0.685177 -0.129521 -0.716768 -0.00628262 -4.71342e-07 0 0 0
2608 2296 0.574335 -0.765697 0.289564 -0.0074879 -5.68322e-07 0 0 0
773 5209 0.381764 -0.508585 0.771749 -0.0196762 -1.45826e-06 0 0 0
773 3736 0.56555 0.0683007 -0.821881 -0.0176536 -1.41578e-06 0 0 0
290 2857 0.434681 0.606621 -0.66563 -0.0148665 -1.06586e-06 0 0 0
663 2388 -0.0300968 0.434598 0.900121 -0.0158566 -1.25258e-06 0 0 0
663 2760 0.402523 0.0692008 -0.91279 -0.0163336 -1.22236e-06 0 0 0
290 2382 0.00690673 0.725685 0.687992 -0.0078565 -5.88354e-07 0 0 0
663 2364 0.679754 -0.565329 0.467266 -0.00798532 -6.33715e-07 0 0 0
4561 2143 0.232812 0.433905 -0.870359 -0.00897916 -6.34243e-07 0 0 0
4561 3485 0.396668 -0.820614 -0.411395 -0.00825198 -5.84355e-07 0 0 0
1603 3931 0.464299 0.762051 0.451337 -0.00337468 -2.6578e-07 0 0 0
1603 441 0.348521 -0.889992 0.29402 -0.00341469 -3.03298e-07 0 0 0
314 3100 0.833232 -0.543308 0.10267 -0.0116471 -7.25829e-07 0 0 0
314 685 0.741805 0.458232 0.489642 -0.00659396 -4.79802e-07 0 0 0
314 5172 0.691747 0.231469 -0.684038 -0.00743511 -4.73584e-07 0 0 0
3546 1561 0.634001 -0.706871 0.313649 -0.0083159 -5.61152e-07 0 0 0
4045 280 0.314974 0.45673 -0.831979 -0.000766783 -4.99357e-08 0 0 0
3546 1475 0.43856 0.671102 0.597735 -0.0128514 -7.54709e-07 0 0 0
2174 3837 0.240239 -0.788701 0.565894 -0.00838816 -6.85995e-07 0 0 0
2174 137 0.332644 0.920689 -0.204156 -0.00458392 -3.91497e-07 0 0 0
3546 5146 0.280371 0.906633 -0.315292 -0.00557216 -4.38134e-07 0 0 0
2023 412 0.674502 0.548026 -0.494685 -0.00410594 -3.722e-07 0 0 0
2023 5457 0.72192 -0.598253 -0.347743 -0.0103599 -9.17329e-07 0 0 0
2023 4762 0.879422 0.0947819 0.466513 -0.0142008 -1.07947e-06 0 0 0
2414 4096 0.79661 -0.578881 0.174096 -0.00674134 -4.32401e-07 0 0 0
2414 2651 0.398522 0.87037 -0.289198 -0.0335447 -2.07212e-06 0 0 0
2414 1231 -0.0483086 -0.9962 -0.0724629 -0.024912 -2.04119e-06 0 0 0
5443 1781 0.897927 0.227904 -0.376545 -0.0078919 -6.9576e-07 0 0 0
5443 2512 0.552943 0.692283 0.463679 -0.0230889 -1.65496e-06 0 0 0
2535 202 0.00545448 0.246069 0.969237 -0.0130579 -1.11473e-06 0 0 0
5443 2669 0.588567 -0.807539 0.0383443 -0.0117563 -7.61714e-07 0 0 0
2535 342 0.80406 -0.337644 0.489371 -0.010456 -8.91344e-07 0 0 0
5443 5077 0.140018 -0.563741 -0.813997 -0.0273783 -2.02118e-06 0 0 0
3334 2746 0.738344 0.315952 -0.595838 -0.00748043 -4.96921e-07 0 0 0
3334 2129 0.605417 -0.45688 0.651714 -0.00342515 -2.90698e-07 0 0 0
4493 5122 0.995374 -0.0669792 -0.0688748 -0.00329558 -3.03358e-07 0 0 0
4493 233 0.458334 -0.608674 0.647646 -0.0186682 -1.65406e-06 0 0 0
4493 2106 0.0167421 0.999853 0.00366121 -0.00716127 -4.90115e-07 0 0 0
2873 2015 0.397311 0.200852 -0.895434 -0.00299675 -2.38209e-07 0 0 0
2873 3323 0.474407 -0.33048 0.815917 -0.009441 -7.78503e-07 0 0 0
2873 3425 0.750476 0.648959 0.125053 -0.0221826 -1.83467e-06 0 0 0
2873 1665 0.891979 -0.40273 -0.205382 -0.0263183 -2.18589e-06 0 0 0
5139 1373 0.723226 0.618441 0.307368 -0.000973596 -7.99227e-08 0 1 0
2388 1141 0.909877 0.026223 0.414048 -0.00519116 -4.30906e-07 0 0 0
4386 2844 0.581111 0.177838 0.794156 -0.00141489 -1.02732e-07 0 0 0
2942 5176 0.865104 -0.194084 -0.462521 -0.0138144 -9.44854e-07 0 0 0
2942 2665 0.397125 0.518111 0.757531 -0.0153786 -1.04835e-06 0 0 0
2942 859 0.230369 -0.88857 0.396702 -0.00587621 -4.90608e-07 0 0 0
3409 5050 0.812323 0.168474 0.558344 -0.00558046 -4.24001e-07 0 0 0
3409 4125 0.531015 -0.814373 0.234138 -0.00750055 -6.43411e-07 0 0 0
2574 4626 0.881745 0.328382 -0.338661 -0.00717399 -6.30229e-07 0 0 0
2574 75 0.633419 0.632503 0.445781 -0.0151536 -1.10526e-06 0 0 0
4868 207 0.135669 0.990388 0.0269193 -0.00700586 -4.84633e-07 0 0 0
56 3242 0.464226 -0.58875 -0.661716 -0.000919332 -6.62718e-08 0 0 0
4868 3059 0.585974 -0.804994 0.0928447 -0.00239876 -1.79537e-07 0 -1 0
237 5237 0.123245 -0.911511 -0.392374 -0.0146297 -1.12283e-06 0 0 0
957 3468 0.854259 0.174547 -0.489668 -0.000471559 -4.05464e-08 0 0 0
5270 243 0.53389 0.803909 0.262091 -0.00553562 -3.34819e-07 0 0 0
420 3942 -0.0985116 0.993076 0.0640001 -0.000731345 -6.46088e-08 0 0 0
420 3478 -0.0795102 0.670729 -0.737428 -0.000772486 -6.54633e-08 0 0 0
420 269 0.259974 0.0804247 0.962261 -0.0269923 -1.74732e-06 0 0 0
5270 4189 0.394176 -0.649601 0.650111 -0.0220776 -1.84105e-06 0 0 0
5270 2054 0.228531 -0.137732 -0.963744 -0.0176622 -1.29989e-06 0 0 0
2810 3536 0.255219 0.797754 0.546307 -0.0206176 -1.6386e-06 0 0 0
636 5384 0.585361 -0.600533 0.544714 -0.0240168 -1.5641e-06 0 0 0
636 314 0.089577 0.973658 0.209682 -0.0148015 -9.79534e-07 0 0 0
420 1857 0.859859 0.502703 -0.0890619 -0.00793467 -6.12565e-07 0 0 0
420 5316 0.936181 -0.349147 0.0407711 -0.00181672 -1.69449e-07 0 0 0
3828 2229 0.767985 -0.472059 -0.432851 -0.000424941 -3.84446e-08 0 0 0
3828 2905 0.298372 -0.502251 0.811614 -0.00777726 -6.59954e-07 0 0 0
4676 3053 0.295672 0.624757 0.722674 -0.00124897 -9.43537e-08 0 0 0
5177 1920 0.902949 -0.146244 -0.404098 -0.00856113 -6.91467e-07 0 0 0
2503 2262 0.498361 -0.855126 -0.142816 -0.00863363 -5.47914e-07 0 0 0
4753 2653 0.619402 0.602268 0.503602 -0.00322249 -2.63086e-07 0 0 1
2503 181 0.78125 0.161771 0.602891 -0.00619344 -5.40974e-07 0 0 0
2503 3193 0.803687 0.215648 -0.554602 -0.00745549 -5.93187e-07 0 0 0
4753 3887 0.489175 -0.374277 0.787797 -0.0109956 -8.59664e-07 0 0 1
4753 5353 0.263523 0.835357 -0.482426 -0.00653771 -5.49586e-07 0 0 0
1679 2694 0.97798 -0.0588396 -0.20023 -0.00175896 -9.883e-08 0 0 0
1679 4899 0.606873 0.79455 -0.0198809 -0.0133075 -1.14128e-06 0 0 0
417 1540 0.939298 -0.279151 -0.199486 -0.0015074 -1.17656e-07 0 0 0
1679 2668 0.557534 -0.688937 0.463165 -0.0116586 -6.45483e-07 0 -1 0
1679 1373 0.41647 0.311731 -0.854035 -0.0115266 -9.78133e-07 0 0 0
3180 3874 0.584054 0.396283 -0.708407 -0.0101268 -5.505e-07 0 0 0
3180 3316 0.546882 0.299292 0.781885 -0.0144367 -1.21489e-06 0 0 0
3180 336 0.982246 -0.177011 -0.0621344 -0.00148899 -1.08648e-07 0 0 0
4485 192 0.319942 -0.48714 0.812608 -0.00694184 -5.67982e-07 0 0 0
3966 1476 0.820655 -0.505207 0.267003 -0.0082998 -7.80042e-07 0 0 0
4485 365 0.762549 0.0563309 -0.644473 -0.0166291 -1.42702e-06 0 0 0
3966 2665 0.536006 0.805416 -0.252989 -0.0179144 -1.47221e-06 0 0 0
2248 4637 0.735488 0.209008 -0.644494 -0.000657802 -5.41338e-08 0 0 0
3378 3107 0.206416 -0.62386 -0.753785 -0.004854 -3.96372e-07 0 0 0
1966 2123 0.894526 0.355271 0.271305 -0.0129083 -9.39146e-07 0 0 0
3378 2294 0.583109 0.702895 -0.407336 -0.00642271 -5.26563e-07 0 0 0
1966 2666 0.350367 0.817814 -0.456534 -0.0183353 -1.4479e-06 0 0 0
2744 4270 0.0226033 0.981046 0.19245 -0.00235844 -1.69788e-07 0 0 0
2744 1157 0.0825383 -0.995766 0.040457 -0.00182946 -1.66537e-07 0 0 0
1966 2382 0.135215 -0.989912 -0.0423212 -0.0172771 -1.23976e-06 0 0 0
676 5001 0.923651 0.364933 -0.117015 -0.00665203 -6.28344e-07 0 0 0
676 2561 0.0943996 0.0782613 0.992453 -0.0229949 -1.77007e-06 0 0 0
676 530 0.111948 0.868162 -0.48349 -0.0144634 -1.0061e-06 0 0 0
1062 2880 0.394221 -0.45113 0.800669 -0.00903325 -7.78065e-07 0 0 0
676 1065 0.0428077 -0.967036 0.251016 -0.0164641 -1.34287e-06 0 0 0
1062 594 0.999193 0.0394726 -0.00743366 -0.00956348 -8.66007e-07 0 0 0
449 3796 0.314307 0.71016 0.629987 -0.00399055 -2.53357e-07 0 0 0
449 1054 0.276716 -0.592632 -0.75645 -0.0235229 -1.48729e-06 0 0 0
2673 3789 0.0759862 -0.588302 -0.805063 -0.0013186 -9.91601e-08 0 -1 0
4558 1282 0.550813 0.402691 -0.731057 -0.00240544 -1.82937e-07 0 0 0
5139 3342 0.630437 -0.634473 0.447206 -0.0253501 -2.33976e-06 0 0 0
1597 3168 0.564844 0.822911 -0.0613916 -0.00950732 -7.69321e-07 0 0 0
5003 3625 0.27836 -0.525071 -0.804249 -0.0131916 -1.0607e-06 0 0 0
1597 5429 0.285749 -0.541244 0.790824 -0.023181 -2.01953e-06 0 -1 0
5003 558 0.87441 -0.0785519 0.478787 -0.00546555 -4.31022e-07 0 0 0
5024 3410 0.464825 0.869591 -0.166582 -0.00199421 -1.26989e-07 0 0 0
5024 4995 0.480161 -0.713291 -0.510551 -0.00639495 -3.99467e-07 0 -1 0
5024 3611 0.546691 -0.697722 0.46294 -0.00341719 -2.1986e-07 0 -1 0
5024 565 0.814034 0.24641 0.525957 -0.00936157 -5.55786e-07 0 0 0
1597 5177 -0.0630472 0.596888 -0.799843 -0.00680372 -5.20391e-07 0 0 0
3277 5322 0.351534 0.914581 -0.199916 -0.00667534 -5.49344e-07 0 0 0
3663 232 0.642631 -0.384534 0.66269 -0.0100289 -8.59462e-07 0 0 0
3663 639 0.560337 0.453778 -0.692899 -0.00951961 -8.51623e-07 0 0 0
3277 3506 0.989741 -0.138499 0.0350892 -0.0112403 -9.30286e-07 0 0 0
868 4027 0.222802 0.685108 0.693532 -0.00248455 -1.73325e-07 0 0 0
5040 2641 0.341523 0.0265496 0.939498 -0.0176001 -1.12344e-06 0 0 0
5040 3796 0.272471 0.903125 -0.33185 -0.0162936 -9.27989e-07 0 0 0
868 4498 0.508659 -0.820971 0.259369 -0.0195713 -1.41044e-06 0 0 0
868 934 0.478362 0.824572 -0.302079 -0.0120277 -1.0257e-06 0 0 0
5040 5232 0.0953741 -0.816493 0.569424 -0.0116054 -9.09595e-07 0 0 0
4847 3563 0.0700257 0.537 -0.840671 -0.0192859 -1.18585e-06 0 0 -1
4847 4890 0.0136091 -0.767886 0.640442 -0.00533208 -4.78026e-07 0 0 0
5040 2810 -0.0690081 0.835299 0.545448 -0.0210233 -1.66528e-06 0 0 0
5040 449 -0.030996 0.228264 -0.973106 -0.0201224 -1.27985e-06 0 0 0
4847 4963 0.575827 -0.00803597 0.817532 -0.00826798 -6.32553e-07 0 0 0
4847 3522 0.71826 -0.687802 0.105029 -0.00684015 -5.235e-07 0 0 0
4852 1369 0.576692 0.0300609 0.816409 -0.0015577 -1.24088e-07 0 0 0
4852 5216 0.170992 -0.0647123 -0.983145 -0.00156118 -1.24989e-07 0 0 0
5404 1637 0.935025 0.277512 -0.220714 -0.00911558 -7.87955e-07 0 0 0
32 4283 0.783326 0.299111 -0.544915 -0.0115296 -8.77422e-07 0 0 0
32 4538 0.727622 -0.461996 0.507075 -0.00874282 -7.24318e-07 0 0 0
32 2430 0.511257 0.391399 0.765129 -0.00490827 -4.0302e-07 0 0 0
32 1222 0.193965 -0.717446 -0.669066 -0.0109024 -9.11916e-07 0 0 0
3942 5041 0.800815 0.506266 -0.319984 -0.00065135 -5.13768e-08 0 0 0
32 2771 0.283157 0.959073 0.000731897 -0.0122726 -8.23671e-07 0 0 0
2783 2678 0.860776 -0.268017 0.432702 -0.00539492 -4.60476e-07 0 0 0
529 4211 0.2465 -0.859387 -0.447985 -0.0110756 -9.2224e-07 0 0 0
2783 1539 0.631089 0.772494 -0.0705649 -0.0151427 -1.18901e-06 0 0 0
529 5499 0.709676 0.701256 -0.0678248 -0.0119399 -8.37096e-07 0 0 0
529 4825 0.959647 -0.259217 -0.109015 -0.0049719 -3.82388e-07 0 0 0
3738 509 0.210788 0.262138 -0.941728 -0.000785472 -6.23359e-08 0 0 0
3738 4129 0.473775 -0.0499062 0.879231 -0.00819848 -6.4053e-07 0 0 0
4877 1373 0.727496 -0.297263 0.618372 -0.0090961 -7.10021e-07 0 0 0
4877 805 0.474422 0.846126 0.242887 -0.0239349 -1.83325e-06 0 0 0
4877 5139 0.0145742 -0.944549 0.328048 -0.0174089 -1.39041e-06 0 -1 0
3738 746 0.913365 0.398448 -0.0836924 -0.0153414 -1.19478e-06 0 0 0
3799 4094 0.908223 0.0400032 -0.416571 -0.00134673 -1.08357e-07 0 0 0
2919 1341 0.306548 -0.949221 -0.0707675 -0.00279909 -2.25842e-07 0 0 0
2919 5054 0.824666 0.466682 0.319583 -0.0013926 -1.10617e-07 0 0 0
3799 3228 0.512478 -0.316457 0.798261 -0.0146812 -9.61181e-07 0 0 0
2189 5111 0.833832 0.528949 0.157914 -0.00446363 -2.76252e-07 0 0 0
1204 3243 0.357502 -0.886136 0.294884 -0.016977 -1.28497e-06 0 0 0
2189 4538 0.607027 0.362528 -0.707171 -0.0227075 -2.02061e-06 0 0 0
1204 751 0.448147 0.875967 0.178454 -0.0178316 -1.26785e-06 0 0 0
2189 1968 0.636431 -0.271779 0.721867 -0.00583002 -3.40173e-07 0 0 0
2189 2665 0.347264 -0.933963 0.0843884 -0.00684115 -5.13483e-07 0 0 0
202 1282 0.556446 -0.269589 0.785932 -0.0165939 -1.34371e-06 0 0 1
5121 3946 0.748866 0.488716 -0.447611 -0.00609364 -4.29289e-07 0 0 0
202 3845 0.922096 0.377237 -0.0862001 -0.00635384 -5.89136e-07 0 0 0
3478 4986 0.0468662 0.933535 -0.35541 -0.00151689 -1.10769e-07 0 0 0
5121 4372 0.697792 -0.531707 -0.479973 -0.0145698 -1.03667e-06 0 0 0
3478 1577 0.633116 -0.732063 -0.251493 -0.00123885 -9.84756e-08 0 0 0
5075 4262 0.75678 0.541934 -0.365501 -0.0019488 -1.54412e-07 0 0 0
5075 32 0.094392 -0.541116 0.835633 -0.00538384 -4.49067e-07 0 0 0
3184 1476 0.881943 0.428212 0.197005 -0.0061828 -5.99988e-07 0 0 0
3686 2321 0.709784 0.698842 0.0884658 -0.00352887 -2.7193e-07 0 0 0
3544 908 0.761099 0.588254 -0.273286 -0.00344505 -2.88763e-07 0 0 0
4897 46 0.111254 0.530073 0.840622 -0.00958409 -6.59744e-07 0 0 0
3686 4661 0.336707 -0.88614 0.318408 -0.00601149 -4.94813e-07 0 0 0
4897 3200 0.419357 0.601644 -0.679827 -0.00676553 -4.98618e-07 0 0 0
4897 1994 0.545295 -0.836043 -0.0606988 -0.0224581 -1.51593e-06 0 0 0
3686 812 0.266246 -0.654909 -0.707253 -0.00403857 -2.78997e-07 0 0 -1
1418 243 0.795483 0.28025 -0.537277 -0.0301868 -2.14953e-06 0 0 0
5035 3491 0.0690188 -0.108667 -0.991679 -0.00957598 -6.55773e-07 0 0 0
1418 3253 0.723498 -0.521252 0.452601 -0.0159168 -1.16631e-06 0 0 0
3381 3931 0.76737 -0.586712 -0.258672 -0.0056777 -4.33949e-07 0 0 0
3944 3916 0.338381 0.451346 -0.825703 -0.000848258 -5.11808e-08 0 0 0
5035 2935 0.796109 0.254435 -0.549066 -0.011391 -9.01503e-07 0 0 0
2762 2751 0.216861 -0.868254 -0.446212 -0.00461765 -3.46916e-07 0 0 0
207 3043 0.0796492 -0.614043 0.785244 -0.0115145 -9.66073e-07 0 0 0
2762 32 0.0840105 0.978246 -0.189679 -0.00448576 -3.51535e-07 0 0 0
2762 2189 0.14773 0.132362 0.980131 -0.0050077 -4.22505e-07 0 0 0
4544 1842 0.697079 0.13386 -0.704388 -0.0277844 -1.66647e-06 0 0 0
207 1312 0.85169 -0.323994 0.411888 -0.0081107 -5.40304e-07 0 0 0
207 3501 0.871031 0.238981 -0.429177 -0.0217214 -1.37329e-06 0 0 0
5037 2692 0.395841 0.855207 0.33456 -0.00433292 -4.15767e-07 0 0 0
4544 639 0.400662 -0.0982271 0.910945 -0.00843051 -5.2808e-07 0 0 1
5037 765 0.4973 -0.864303 -0.0753134 -0.00113421 -1.05822e-07 0 0 0
1377 3718 0.169292 0.403345 -0.899252 -0.0278503 -2.22876e-06 0 0 0
4544 4661 0.2448 0.786777 0.566617 -0.0124396 -1.10715e-06 0 0 1
1377 1914 0.466825 -0.0222209 0.884071 -0.029082 -2.22519e-06 0 0 0
2429 805 0.427656 0.43326 -0.793345 -0.00491178 -3.97362e-07 0 0 0
2429 1679 0.173772 -0.860695 0.478547 -0.0112269 -8.77485e-07 0 0 0
3018 307 0.984586 -0.142097 -0.101973 -0.00704189 -6.73534e-07 0 0 0
2342 4510 0.318956 -0.51723 -0.794191 -0.0178688 -1.32757e-06 0 0 0
3018 2374 0.469464 -0.453452 0.757618 -0.0135513 -1.05611e-06 0 0 0
2342 707 0.597449 0.79036 -0.13559 -0.0066318 -4.79631e-07 0 0 0
3018 567 0.418113 0.719193 -0.554926 -0.00426333 -3.70181e-07 0 0 0
4106 2692 0.2414 -0.463838 -0.852397 -0.0236082 -1.5158e-06 0 0 0
3018 3916 0.456818 -0.529176 -0.715046 -0.0245048 -1.38163e-06 0 0 0
4106 3718 0.201108 -0.813506 0.545678 -0.0173767 -1.35363e-06 0 0 0
4106 1973 0.462072 0.882779 -0.0848 -0.00927663 -7.58546e-07 0 0 0
4106 757 0.760569 0.276398 0.587486 -0.00256213 -2.19156e-07 0 0 0
3563 2917 -0.139777 0.701939 0.698386 -0.0240897 -2.0735e-06 0 0 1
3018 1274 0.207083 0.875323 0.436951 -0.0221938 -1.63467e-06 0 0 0
3563 387 0.603202 -0.418776 -0.678803 -0.00308711 -1.70232e-07 0 0 0
3563 3161 0.628477 0.537992 -0.561765 -0.0218885 -1.96984e-06 0 0 0
3018 3944 0.132747 -0.987508 0.0848906 -0.00592831 -3.6156e-07 0 0 0
3018 261 -0.0097853 0.227859 0.973645 -0.0249291 -2.41233e-06 0 0 0
3563 2180 0.9589 -0.242705 0.146986 -0.00085706 -7.95434e-08 0 0 0
2757 3981 0.921464 -0.388416 -0.00611795 -0.00529212 -4.19388e-07 0 0 0
2757 4189 0.770588 0.637135 -0.0159284 -0.00776413 -5.89925e-07 0 0 0
2178 3120 0.829686 -0.271435 -0.487796 -0.00375453 -2.51081e-07 0 0 0
2178 5449 0.365776 0.278952 0.887915 -0.0104702 -9.4503e-07 0 0 0
1181 4737 0.0208287 -0.977405 0.210347 -0.00351486 -2.76243e-07 0 0 0
2178 483 0.125751 0.0935696 -0.987639 -0.0117418 -7.97852e-07 0 0 0
467 4637 0.859191 -0.510372 -0.0362098 -0.0159395 -1.05113e-06 0 0 0
467 2248 0.184818 -0.766087 0.615591 -0.00645903 -5.23175e-07 0 0 0
1181 1961 0.575563 0.817449 -0.0224312 -0.0110526 -9.74312e-07 0 0 0
2337 3201 0.943039 -0.198299 0.267122 -0.00771293 -6.77395e-07 0 0 0
2337 2543 0.464868 -0.425283 -0.776551 -0.0104847 -6.98811e-07 0 0 0
2337 876 0.486531 0.573957 -0.658682 -0.0179779 -1.12413e-06 0 0 0
3107 2143 -0.0270034 -0.982615 0.18368 -0.00844408 -6.03424e-07 0 0 0
3107 751 0.210751 0.462654 -0.861125 -0.0127152 -1.02947e-06 0 0 0
3107 387 0.577475 -0.367187 0.729175 -0.0115556 -6.45116e-07 0 0 0
2337 636 0.0718704 -0.481284 0.873613 -0.0290915 -1.88603e-06 0 0 0
3046 5407 0.845508 0.489427 -0.213488 -0.00203916 -1.74547e-07 0 0 0
1048 4083 0.393898 0.189169 0.899477 -0.0109169 -7.51858e-07 0 0 0
725 5358 0.643955 0.522837 -0.558538 -0.000199823 -1.38154e-08 0 0 0
1048 5499 0.619379 -0.613235 -0.490217 -0.0146638 -9.88796e-07 0 0 0
3833 4568 0.103604 -0.939476 0.326574 -0.000491777 -3.65273e-08 0 0 1
4986 509 0.159471 0.833764 0.52859 -0.00154434 -1.21711e-07 0 0 0
725 4863 0.464088 -0.325316 0.823888 -0.00205626 -1.63919e-07 0 0 0
4874 1580 0.491393 -0.538871 -0.684216 -0.00740764 -7.07777e-07 0 0 0
4874 2543 0.390204 0.832373 0.393567 -0.0113371 -8.06904e-07 0 0 0
4874 237 -0.016709 -0.920516 0.390348 -0.0155279 -1.27445e-06 0 0 0
4874 3046 -0.102889 0.619912 -0.777896 -0.00942951 -7.33307e-07 0 0 0
3511 623 0.302421 0.826762 -0.474348 -0.00872912 -6.78797e-07 0 0 0
2228 4544 0.453886 0.407336 -0.792505 -0.00151143 -1.4031e-07 0 0 -1
2203 2652 0.433941 -0.316129 0.843657 -0.00239989 -1.77482e-07 0 0 0
3511 149 0.909101 -0.054563 -0.412987 -0.01769 -1.30679e-06 0 0 0
2203 5279 0.317781 -0.830233 -0.457961 -0.0141408 -1.0526e-06 0 0 0
3770 5428 0.953745 -0.119974 0.27564 -0.0218445 -1.62837e-06 0 0 0
4473 5487 0.153194 0.662155 -0.733541 -0.00681196 -5.31986e-07 0 0 0
4473 3736 0.275556 -0.94604 -0.170519 -0.0148568 -9.4255e-07 0 0 0
4473 1577 0.43801 0.698128 0.566361 -0.00123594 -7.76988e-08 0 0 0
3770 4788 0.261723 -0.783036 0.564231 -0.00382091 -2.718e-07 0 0 0
3770 4285 0.305102 0.923625 -0.232014 -0.00993743 -7.70589e-07 0 0 0
451 23 0.98406 -0.132246 -0.118901 -0.00450688 -3.02834e-07 0 0 0
451 1878 0.566995 0.789653 -0.234445 -0.00809873 -5.61132e-07 0 1 0
2663 908 0.557276 -0.81742 0.145834 -0.00252511 -1.76717e-07 0 0 0
4258 955 0.978421 -0.11239 -0.173378 -0.0225699 -1.60745e-06 0 -1 0
3726 5237 0.244101 0.370185 0.896313 -0.00685529 -5.41123e-07 0 0 0
2663 3138 0.924392 -0.0586949 -0.3769 -0.000922503 -5.99388e-08 0 0 0
1415 4017 0.884341 -0.39108 0.254945 -0.0043714 -2.6154e-07 0 0 0
4270 3874 0.667714 -0.472622 0.575141 -0.00459933 -3.51134e-07 0 0 0
1415 2014 0.743325 0.494467 0.450521 -0.00753457 -5.70531e-07 0 0 0
4270 814 0.895238 0.403135 -0.18982 -0.0185467 -1.3856e-06 0 0 0
5326 2538 0.156147 -0.702512 0.694331 -0.00845305 -6.45816e-07 0 0 0
1415 2414 0.0910553 0.525774 -0.845737 -0.0116607 -7.65346e-07 0 0 0
3026 3283 0.562499 -0.386028 0.731148 -0.011445 -7.31403e-07 0 0 0
5326 3460 0.565087 0.653259 0.503915 -0.00916815 -7.41476e-07 0 0 0
3026 234 0.457413 -0.130363 -0.879647 -0.00901636 -7.59557e-07 0 0 0
4655 4604 0.90088 0.422697 -0.098702 -0.00726182 -5.83047e-07 0 1 0
2918 440 0.363711 -0.714393 0.597793 -0.0102396 -7.70443e-07 0 0 0
2918 184 0.330759 -0.717866 -0.612591 -0.015275 -1.20694e-06 0 0 0
5096 5449 0.712825 -0.667472 0.215318 -0.00733167 -5.8838e-07 0 0 0
5096 4386 0.250295 0.410413 -0.876877 -0.00284675 -2.38485e-07 0 0 0
42 5331 0.849679 -0.475461 -0.227997 -0.0101567 -7.85522e-07 0 0 0
2302 2668 0.853647 0.512923 0.0905362 -0.014089 -1.11364e-06 0 0 0
4443 4647 0.936208 0.176789 -0.303743 -0.0119967 -7.82032e-07 0 0 0
3837 5315 -0.000878653 0.840865 0.541245 -0.0117549 -9.05045e-07 0 0 0
3837 707 0.494062 -0.811895 0.311011 -0.0154795 -1.04046e-06 0 -1 0
3837 565 0.826746 -0.165581 -0.537656 -0.00291305 -2.00908e-07 0 0 0
2302 1274 0.431013 -0.422585 -0.797276 -0.0195044 -1.39722e-06 0 0 0
4252 2668 0.836575 -0.388366 -0.386411 -0.001426 -1.09116e-07 0 0 0
2118 280 0.175877 -0.644251 -0.744317 -0.00555865 -4.0502e-07 0 0 0
2118 4430 0.358332 0.263871 0.895528 -0.00993558 -7.59786e-07 0 0 0
2118 4092 0.82893 0.51288 -0.223226 -0.00230702 -1.61242e-07 0 0 0
4252 1679 0.221294 0.373818 -0.900716 -0.0195396 -1.49248e-06 0 1 0
443 3489 0.798875 0.00131168 -0.601495 -0.00196408 -1.30112e-07 0 0 0
443 572 0.483269 -0.858502 -0.171541 -0.00860522 -7.37628e-07 0 0 0
1294 1873 0.933384 0.354186 -0.0578538 -0.0121535 -9.76915e-07 0 0 0
3697 1563 0.510322 0.852734 0.111428 -0.010685 -8.90679e-07 0 0 0
3111 480 0.554429 0.831279 -0.0397948 -0.00566781 -4.53584e-07 0 0 0
4135 2097 0.75912 -0.64989 0.0371368 -0.0121183 -8.03178e-07 0 0 0
4135 5008 0.882038 0.46636 -0.0672096 -0.0171059 -1.19035e-06 0 0 0
5448 2202 0.265123 -0.477064 -0.837926 -0.00627697 -5.34441e-07 0 0 0
3111 5077 0.440136 -0.790759 0.425418 -0.0123523 -8.68732e-07 0 0 0
5448 1509 0.433464 0.804838 -0.405394 -0.00273644 -2.1766e-07 0 0 0
3111 1563 0.481365 -0.629022 -0.610425 -0.00871813 -6.78421e-07 0 0 0
5038 2512 0.789809 -0.611079 0.0527609 -0.010498 -7.42091e-07 0 0 0
614 1393 0.496111 0.754955 -0.428855 -0.00499657 -2.85543e-07 0 0 0
614 256 0.53308 -0.845535 0.0299397 -0.00483229 -2.78316e-07 0 0 0
5038 2832 0.446084 0.797089 -0.407011 -0.00560541 -3.72451e-07 0 0 0
1280 4994 0.591104 -0.749616 0.297778 -0.00465522 -3.64582e-07 0 0 0
1778 583 0.232247 -0.296203 -0.926458 -0.000599263 -4.13717e-08 0 0 -1
1280 4285 0.345871 -0.53455 -0.771122 -0.0316891 -2.43409e-06 0 0 0
1280 2574 0.278544 0.123972 0.952389 -0.0217277 -1.67857e-06 0 0 0
3118 2097 0.738091 0.265164 -0.620411 -0.0132538 -8.57123e-07 0 0 0
3118 1574 0.748721 -0.0093403 0.66282 -0.00706224 -4.79015e-07 0 0 0
3118 4691 0.789836 -0.595592 -0.146391 -0.00788277 -6.25252e-07 0 0 0
4839 4676 0.235763 0.843182 0.483178 -0.00124897 -1.01791e-07 0 0 0
3998 751 0.210429 -0.823156 0.527384 -0.0158066 -1.21965e-06 0 0 0
4107 1878 0.555931 -0.747579 -0.363409 -0.00668765 -4.84595e-07 0 0 0
3998 11 0.476645 -0.778656 -0.408049 -0.00815415 -4.83827e-07 0 0 0
3998 2768 0.577327 0.815953 0.0302405 -0.0195946 -1.14615e-06 0 0 0
4107 2372 0.454339 0.772574 0.443515 -0.014913 -9.98434e-07 0 0 0
46 4737 -0.00363887 0.779301 0.626639 -0.00830635 -6.22887e-07 0 0 0
4107 4843 0.249882 -0.629569 0.735665 -0.00577338 -5.17172e-07 0 0 0
46 2360 0.718205 -0.616681 -0.322313 -0.00350454 -2.42757e-07 0 0 0
46 201 0.870615 0.4881 0.0615503 -0.0152723 -1.08803e-06 0 0 0
4107 2703 0.295203 -0.0412551 -0.954543 -0.00773671 -5.13381e-07 0 0 0
2661 4372 0.729407 -0.388072 0.563351 -0.00329736 -2.4659e-07 0 0 0
2661 3536 0.316587 -0.198044 -0.927659 -0.0206915 -1.2579e-06 0 0 0
2661 5121 0.0636449 0.114518 0.99138 -0.0113202 -7.68168e-07 0 0 0
5359 1900 0.837331 0.526167 -0.148409 -0.00888778 -5.95497e-07 0 0 0
4355 3461 0.611479 0.749316 0.254203 -0.00341433 -2.73744e-07 0 0 0
4355 3536 0.481898 -0.160271 0.861445 -0.0139328 -1.25083e-06 0 0 0
738 3851 0.141724 -0.91542 -0.376724 -0.00955103 -8.42727e-07 0 0 0
2155 259 0.889927 -0.18527 -0.416778 -0.00609095 -4.64917e-07 0 0 0
2058 2761 0.911188 0.310707 -0.27055 -0.00417332 -3.23539e-07 0 0 0
738 4625 0.709515 0.555619 0.433447 -0.0191887 -1.24091e-06 0 0 0
2058 1208 0.637898 -0.752897 -0.161964 -0.0310352 -2.4047e-06 0 0 0
2143 3243 0.18873 -0.0853209 -0.978316 -0.0175795 -1.15913e-06 0 0 0
2058 4839 -0.0276145 0.412375 -0.910596 -0.0134229 -1.07394e-06 0 0 0
2592 2556 0.861162 0.190947 0.471104 -0.00941004 -8.57201e-07 0 0 0
2143 5170 0.979378 -0.202028 0.00192952 -0.02074 -1.38299e-06 0 0 0
2592 4588 0.661663 0.109849 -0.741711 -0.00915302 -7.37042e-07 0 0 0
2592 4836 0.131336 0.580874 0.803328 -0.014355 -1.31572e-06 0 0 0
5119 2669 0.875709 -0.0543391 -0.479771 -0.00336545 -2.5087e-07 0 0 0
5119 3916 0.712863 0.577664 0.397657 -0.0131258 -9.74557e-07 0 0 1
4013 4237 0.622652 -0.436336 0.649551 -0.0058111 -4.99475e-07 0 0 0
324 3841 0.10456 0.231002 -0.967319 -0.0109991 -7.85258e-07 0 0 0
324 4702 0.427437 -0.697764 0.574824 -0.00982926 -6.93613e-07 0 0 0
4013 2 0.408586 0.842911 0.350083 -0.00402107 -3.36514e-07 0 0 0
324 769 0.927976 0.117885 -0.353503 -0.00591337 -4.01541e-07 0 0 0
481 259 0.790147 0.258987 0.555512 -0.00176806 -1.43679e-07 0 0 0
5315 2390 0.236229 0.543891 0.80522 -0.00924187 -7.52927e-07 0 0 0
4589 3202 0.402768 -0.548592 0.732683 -0.00139632 -1.19576e-07 0 0 0
5014 3479 0.753883 0.644482 -0.127684 -0.0150207 -9.83726e-07 0 0 0
5014 3635 0.471374 0.250522 0.845603 -0.0189351 -1.45966e-06 0 0 0
3953 729 0.0835405 0.094971 -0.991968 -0.0289383 -1.67113e-06 0 0 0
5014 1778 0.263733 -0.905662 -0.331994 -0.0148041 -1.02854e-06 0 0 0
2852 710 0.680187 -0.44828 -0.579992 -0.0240002 -1.92072e-06 0 0 0
2852 3053 0.493811 -0.593182 0.635835 -0.005161 -4.12815e-07 0 0 0
2645 2832 0.467905 -0.71862 -0.514442 -0.0140183 -9.05529e-07 0 -1 -1
3953 296 0.350201 -0.401766 0.846134 -0.0283841 -1.95298e-06 0 0 0
2645 5377 0.353493 0.165979 -0.920594 -0.0096452 -7.47419e-07 0 0 -1
2645 2905 0.350489 0.909988 -0.221539 -0.010709 -7.83784e-07 0 0 -1
2645 5139 0.0636483 -0.0485369 0.996791 -0.0259848 -2.31414e-06 0 -1 0
3396 527 0.955303 -0.226872 0.189538 -0.0140076 -8.16104e-07 0 0 0
2879 4211 0.103678 0.109672 -0.988546 -0.000529859 -4.4023e-08 0 0 0
3396 5321 0.657954 -0.0991613 -0.746501 -0.00759298 -5.32676e-07 0 0 0
3396 5446 0.565008 0.729138 -0.386164 -0.00842079 -6.64628e-07 0 1 0
3396 1052 0.446906 0.357394 0.820088 -0.0215472 -1.19702e-06 0 0 0
2879 4167 0.92153 0.241818 0.303819 -0.000954958 -7.16796e-08 0 0 0
137 4737 -0.0633806 -0.316601 -0.946439 -0.00845505 -6.56666e-07 0 0 0
137 331 0.704024 0.110449 -0.701535 -0.00801063 -6.84615e-07 0 0 0
137 964 0.757213 0.395679 0.519679 -0.0138793 -1.15866e-06 0 0 0
3396 526 0.33059 -0.943088 0.0359967 -0.0114559 -1.05517e-06 0 0 0
997 968 0.0565224 -0.900228 0.431736 -0.00932986 -6.26293e-07 0 0 0
589 1443 0.74041 -0.464047 0.486265 -0.00678732 -4.67897e-07 0 0 0
997 3654 0.251057 0.653252 0.714305 -0.00715261 -5.28598e-07 0 0 0
997 174 0.381835 -0.121386 -0.916225 -0.00301898 -2.36205e-07 0 0 0
589 526 0.314272 -0.245619 -0.917008 -0.0174277 -1.62684e-06 0 0 0
997 1717 0.962682 0.124514 0.24029 -0.00644308 -4.41249e-07 0 0 0
589 4148 0.260289 0.488244 0.832987 -0.0209318 -1.45306e-06 0 0 0
2112 3952 0.475875 -0.720161 0.504888 -0.011969 -1.06252e-06 0 0 0
4890 5191 0.743372 -0.584428 0.325333 -0.0102137 -8.86395e-07 0 0 0
4890 3522 0.810852 0.0528436 -0.582861 -0.0127779 -1.04385e-06 0 0 0
4462 4211 0.0272228 -0.765104 0.643331 -0.00849943 -7.42521e-07 0 0 0
2112 2542 0.376279 0.122678 -0.918349 -0.00972021 -7.30991e-07 0 0 0
2112 5189 0.222898 0.199552 0.954199 -0.024818 -2.03037e-06 0 0 0
4462 2216 0.603875 0.602141 -0.522266 -0.00575353 -5.04064e-07 0 0 0
3782 1057 0.871111 0.461309 -0.168403 -0.00176205 -9.46144e-08 0 0 0
3782 5177 0.0514342 -0.911525 0.408015 -0.00916063 -7.42171e-07 0 0 0
1599 4460 0.992558 0.0786674 0.0929562 -0.00499482 -4.17996e-07 0 0 0
3491 4083 0.285799 0.0767092 -0.955215 -0.0119747 -8.06901e-07 0 0 0
3491 4599 0.312754 0.881385 -0.354042 -0.0131675 -1.08884e-06 0 1 0
3491 804 0.712898 -0.616251 -0.334681 -0.00597687 -4.13828e-07 0 0 0
3491 2935 0.763922 0.388455 0.515292 -0.00211253 -1.5853e-07 0 0 0
1599 467 0.221173 -0.0558677 0.973633 -0.00255425 -2.12362e-07 0 0 0
1598 1369 0.500679 0.859691 -0.101254 -0.00757053 -6.85821e-07 0 0 0
968 4092 0.628341 -0.571996 -0.527264 -0.0119496 -8.23265e-07 0 0 0
1598 1572 0.241578 -0.957836 0.155533 -0.00657183 -6.17871e-07 0 0 0
968 4377 0.77803 -0.138923 0.612674 -0.00715218 -4.68892e-07 0 0 0
1598 3286 0.317527 0.48828 0.812871 -0.00948524 -5.48511e-07 0 0 0
4737 3410 0.441761 -0.828054 0.345216 -0.00150864 -1.15721e-07 0 0 0
2743 5401 0.794132 -0.281158 0.538799 -0.00931097 -7.02806e-07 0 0 0
2743 2178 0.242424 0.904393 -0.351146 -0.00641113 -5.15271e-07 0 0 0
2743 2203 0.135127 -0.982495 0.128234 -0.0122865 -8.90317e-07 0 0 0
2743 2155 0.0101735 -0.113564 -0.993479 -0.00231331 -1.77563e-07 0 0 0
541 3934 0.94691 0.315552 0.0615426 -0.0172856 -1.31124e-06 0 0 0
1899 434 0.278474 0.505064 -0.816922 -0.00788445 -4.5659e-07 0 0 0
1899 149 0.548427 0.200943 0.811696 -0.0180588 -1.3782e-06 0 0 0
1899 5427 0.66159 -0.354788 -0.660625 -0.00993759 -6.80249e-07 0 0 0
2202 4743 0.0182094 0.727067 -0.686325 -0.00173175 -1.40524e-07 0 0 0
2448 3306 0.15492 0.722422 -0.673874 -0.0010671 -8.56177e-08 0 0 0
704 2680 0.594685 0.789524 -0.15166 -0.0163495 -1.22965e-06 0 0 0
541 2666 0.67359 -0.361002 -0.644946 -0.027371 -2.03097e-06 0 0 0
704 276 0.873194 -0.462071 0.154991 -0.0028398 -2.00052e-07 0 0 0
1546 2538 -0.0285463 0.411065 -0.911159 -0.0116375 -9.59235e-07 0 0 0
1546 365 0.42212 -0.764629 0.486988 -0.0132469 -8.47099e-07 0 0 0
1546 4128 0.44065 0.879461 -0.179934 -0.00381835 -2.44166e-07 0 0 0
541 1598 0.136306 0.0244306 0.990365 -0.0161103 -1.37222e-06 0 0 0
987 1757 0.987686 -0.129269 -0.0881201 -0.00678097 -5.68331e-07 0 0 0
1546 1375 0.91984 0.130242 0.370041 -0.00254616 -1.99441e-07 0 0 0
3841 5209 -0.0218021 0.0755977 -0.9969 -0.0177562 -1.41347e-06 0 0 0
1588 1968 0.735633 -0.643816 -0.210583 -0.00273484 -1.46703e-07 0 0 0
1588 290 0.198498 0.817836 -0.540132 -0.0152664 -1.00227e-06 0 0 0
1588 4839 -0.109539 -0.709697 0.695939 -0.0134284 -1.24657e-06 0 0 0
3841 769 0.771386 -0.117787 0.625372 -0.0151313 -1.04751e-06 0 0 0
2031 3924 0.683555 0.164314 0.711163 -0.00645784 -5.41559e-07 0 0 0
2031 1549 0.591148 -0.52049 -0.616145 -0.00940992 -7.47866e-07 0 0 0
2031 2561 0.501078 0.54478 -0.67241 -0.0207778 -1.62914e-06 0 0 0
2031 3697 0.1129 0.951988 0.284555 -0.00678089 -5.1965e-07 0 0 0
3858 3726 0.120518 -0.142163 0.982479 -0.0065384 -4.4357e-07 0 0 0
3858 1294 0.0284585 -0.741131 -0.670756 -0.00408744 -3.34673e-07 0 0 0
3858 2661 0.122904 0.754944 -0.644169 -0.00151943 -1.08194e-07 0 0 0
3775 2839 0.672029 -0.255845 -0.694925 -0.0159404 -1.33591e-06 0 0 0
3590 3413 0.866594 0.407119 -0.288563 -0.00920879 -6.03095e-07 0 0 -1
3775 3179 0.36802 0.22093 0.90319 -0.0235715 -1.74069e-06 0 0 0
3775 3026 0.123132 -0.821847 0.556243 -0.0152657 -9.16961e-07 0 0 0
1157 5281 0.802029 -0.358146 -0.477997 -0.00101512 -9.12664e-08 0 0 0
1364 1144 0.313757 0.799807 -0.511728 -0.00821533 -5.34606e-07 0 0 0
1364 965 0.504151 -0.683237 0.528223 -0.00342995 -2.29777e-07 0 0 0
4808 2296 0.903788 0.427981 -0.000231279 -0.00263616 -1.91563e-07 0 0 0
1364 3821 0.731597 -0.33211 -0.595373 -0.00698994 -4.5703e-07 0 0 0
1364 1846 0.944518 0.298589 0.136857 -0.0119023 -9.30275e-07 0 0 0
4808 1194 0.357259 -0.0282503 0.933578 -0.02777 -2.17239e-06 0 0 0
54 1564 0.0773041 0.956974 -0.279686 -0.00525015 -3.14188e-07 0 0 0
54 2680 0.425158 -0.354974 -0.832607 -0.0105714 -6.5172e-07 0 0 0
3768 1222 0.507566 0.421919 0.75124 -0.0175772 -1.37223e-06 0 0 0
54 4428 0.637495 -0.231353 0.734898 -0.0032963 -2.50355e-07 0 0 0
3768 3496 0.491564 0.308765 -0.814266 -0.00539601 -4.07969e-07 0 0 0
818 308 0.870279 0.477819 -0.119597 -0.00228769 -1.90918e-07 0 0 0
818 2523 0.733104 -0.332086 0.59353 -0.00802004 -6.16905e-07 0 0 0
280 2187 0.472089 -0.87773 -0.0819876 -0.00560296 -4.26391e-07 0 0 0
930 1128 0.604837 -0.6185 0.501627 -0.0119323 -8.91579e-07 0 0 0
1848 4061 0.858402 0.490429 0.150417 -0.0103258 -9.02338e-07 0 0 0
1848 3828 0.195807 -0.950648 0.240682 -0.0108 -9.41135e-07 0 0 0
3433 3158 0.34709 0.214789 0.912904 -0.00224388 -1.45709e-07 0 0 0
397 5518 0.244049 -0.673535 -0.697703 -0.00146775 -1.14256e-07 0 0 0
397 3074 0.80534 0.5655 -0.177869 -0.00403264 -2.83018e-07 0 0 0
3784 2189 0.28695 0.559427 -0.777625 -0.0104534 -7.85396e-07 0 0 0
1933 243 0.821012 -0.567658 -0.0608559 -0.00389427 -2.2894e-07 0 0 0
729 192 -0.110224 0.989728 -0.0910445 -0.0142953 -1.0785e-06 0 0 0
729 538 -0.0454115 -0.986288 0.158665 -0.000594455 -5.57011e-08 0 0 0
1933 3011 0.645271 0.425725 0.634337 -0.0060105 -4.56619e-07 0 0 0
1933 261 0.197559 0.644914 -0.73828 -0.011308 -1.0763e-06 0 0 0
1933 1418 0.0973297 -0.881578 0.461895 -0.00702067 -5.09638e-07 0 0 0
729 902 0.675465 0.405391 -0.615959 -0.0218895 -1.20311e-06 0 0 0
729 4924 0.655249 -0.732175 -0.185924 -0.00420779 -3.90739e-07 0 0 0
3661 2810 0.302769 0.0391173 -0.952261 -0.00436903 -3.12496e-07 0 0 0
3661 1294 0.095855 -0.420939 0.90201 -0.00852782 -6.74781e-07 0 0 0
3860 1187 0.924252 -0.369545 0.0958868 -0.00660448 -4.76266e-07 0 0 0
4611 1765 0.451888 0.39178 0.80144 -0.0116992 -9.61452e-07 0 0 0
4611 1900 0.775239 -0.497501 -0.389227 -0.00270611 -1.86703e-07 0 0 0
3860 4588 0.734126 0.57932 0.354185 -0.00848668 -6.87832e-07 0 0 0
3860 42 -0.0273385 0.944872 -0.326295 -0.00395759 -3.54736e-07 0 0 0
2716 5075 0.208009 0.730023 0.650998 -0.00331325 -2.61092e-07 0 0 0
2716 3768 0.0125372 -0.996093 0.0874213 -0.0015051 -1.11989e-07 0 0 0
192 5140 0.890925 -0.288411 0.350817 -0.0128292 -1.02267e-06 0 0 0
4011 5469 0.883675 0.463868 0.0628112 -0.009114 -7.4145e-07 0 0 0
4011 2757 0.149446 0.15829 0.976017 -0.00221601 -1.74184e-07 0 0 0
241 3710 0.901853 0.101094 0.420048 -0.0218979 -1.63023e-06 0 0 0
1511 3735 0.688842 0.634975 -0.349719 -0.0107584 -9.36929e-07 0 0 0
1511 1032 0.618167 -0.412808 -0.668924 -0.0410797 -3.17054e-06 0 0 0
4500 4434 0.88662 0.162235 0.433111 -0.0175692 -1.25694e-06 0 0 0
4500 3673 0.893493 -0.221464 -0.390671 -0.0124166 -9.15179e-07 0 0 0
3830 2857 0.818382 -0.448228 0.359643 -0.00209532 -1.48335e-07 0 0 0
1673 2682 0.0993643 0.199593 0.974828 -0.00733243 -4.71851e-07 0 0 1
3830 2771 0.49139 -0.624184 -0.607397 -0.0240997 -1.55124e-06 0 0 0
1673 3200 0.161 -0.96526 0.205794 -0.00706303 -5.47427e-07 0 0 1
1673 1574 0.63497 0.262285 -0.726649 -0.00818658 -5.53635e-07 0 0 0
1344 3882 0.666666 0.541465 0.512223 -0.0133719 -9.40545e-07 0 0 0
2284 4081 0.573383 0.54535 -0.611413 -0.0163841 -1.06601e-06 0 0 0
2284 483 0.394869 0.299197 0.868654 -0.0202257 -1.30072e-06 0 0 0
509 1063 0.561969 0.821471 -0.0968374 -0.00215572 -1.86025e-07 0 0 0
2284 3782 0.150741 -0.876527 -0.45714 -0.0148921 -9.87062e-07 0 0 0
1188 1269 0.694268 0.59261 0.408418 -0.0055643 -4.08888e-07 0 0 0
3999 5084 0.961475 -0.0935723 0.258476 -0.0148461 -1.05306e-06 0 0 0
1935 2928 0.0743925 -0.116147 -0.990442 -0.0104784 -7.54026e-07 0 0 0
1935 174 0.369718 0.861171 0.348846 -0.00518921 -3.86638e-07 0 0 0
3999 1269 0.575879 0.596227 -0.559354 -0.0225213 -1.38099e-06 0 0 0
1935 3074 0.849486 -0.397029 -0.347478 -0.0228194 -1.77084e-06 0 0 0
3999 1188 -0.0709413 0.0506826 -0.996192 -0.0129648 -9.70066e-07 0 0 0
2231 2229 0.901297 0.290583 0.321288 -0.00999425 -6.55403e-07 0 0 0
3625 3301 0.645243 0.570737 -0.507859 -0.0128328 -9.84775e-07 0 0 0
3625 4428 0.807888 -0.535925 -0.245156 -0.00268489 -1.91531e-07 0 0 0
2231 3228 0.758065 -0.640207 -0.124388 -0.00784162 -5.17067e-07 0 0 0
3987 1423 0.175508 -0.79656 0.578523 -0.0152849 -1.18889e-06 0 0 0
2231 1257 0.605631 0.55699 -0.568307 -0.00708476 -5.64085e-07 0 0 0
3987 99 0.624842 0.709001 0.32694 -0.00504994 -3.67914e-07 0 0 0
533 4493 0.443493 -0.573829 0.688501 -0.0111692 -8.58218e-07 0 0 0
533 2918 0.231418 -0.926998 -0.295161 -0.0240972 -1.74415e-06 0 0 0
1219 4125 0.902151 0.103709 0.418769 -0.0224542 -2.10779e-06 0 0 0
3194 3845 0.605709 -0.375891 -0.701301 -0.010276 -7.48239e-07 0 0 -1
3194 5427 0.790284 0.611365 -0.0410504 -0.0117431 -8.0732e-07 0 0 0
2526 4612 0.61219 0.271758 -0.742543 -0.014147 -1.03391e-06 0 0 0
2526 3546 0.429549 0.232266 0.872663 -0.0140936 -1.00965e-06 0 0 0
1221 2337 0.358004 0.795102 0.489536 -0.0105198 -8.6005e-07 0 0 0
1221 4874 0.381261 -0.564226 -0.732318 -0.00654239 -5.74524e-07 0 0 0
1080 5449 0.950733 0.31 -0.00244548 -0.000652184 -5.23886e-08 0 0 0
214 5053 0.790492 -0.605834 0.0899315 -0.0083485 -7.08192e-07 0 0 0
1080 1603 0.55 -0.465241 0.693578 -0.00353344 -3.16188e-07 0 0 0
1080 2178 0.430372 -0.0215895 -0.902393 -0.00675841 -6.4494e-07 0 0 0
4592 1194 0.386252 -0.883675 0.264438 -0.0103448 -8.6014e-07 0 0 0
4592 2608 0.377276 0.284067 -0.881458 -0.0173342 -1.39451e-06 0 0 0
5322 765 0.0917254 0.275987 -0.956775 -0.0368169 -2.22347e-06 0 0 0
5322 277 0.132055 -0.646544 -0.75136 -0.0107381 -7.67264e-07 0 0 0
4592 3396 0.210483 0.518427 0.828813 -0.0176673 -1.24218e-06 0 0 0
1317 1455 0.858305 -0.394875 0.327698 -0.00415973 -3.19956e-07 0 0 0
1317 1415 0.358126 0.927802 -0.104539 -0.0132918 -1.10674e-06 0 0 0
5322 4922 0.656509 -0.156826 0.737835 -0.0162077 -1.53052e-06 0 0 0
5322 1641 0.993791 -0.0872862 -0.0689941 -0.00528397 -4.23995e-07 0 0 0
1317 3830 0.12297 -0.873627 -0.470802 -0.0173697 -1.32041e-06 0 0 0
4310 2226 0.0798881 -0.70736 0.702324 -0.0119128 -8.98677e-07 0 0 1
4310 1337 0.218817 0.958386 -0.183346 -0.0117968 -9.44704e-07 0 0 0
4310 3183 0.480446 -0.331067 -0.812137 -0.00859344 -7.38211e-07 0 0 0
4310 4818 0.447879 0.435239 0.781007 -0.00647455 -4.77527e-07 0 0 0
3516 3770 0.357746 0.069216 -0.93125 -0.0065252 -5.38595e-07 0 0 0
2228 639 0.923297 0.303406 0.235517 -0.00510964 -4.63839e-07 0 0 0
5504 2973 0.974412 0.164959 0.152679 -0.0157653 -1.26466e-06 0 0 0
5504 5166 0.51455 -0.364525 0.776119 -0.00229268 -1.8168e-07 0 0 0
2538 4586 0.836463 0.388556 -0.386464 -0.00847222 -6.54633e-07 0 0 0
2760 2859 0.196502 0.0730983 -0.977775 -0.0254549 -2.37109e-06 0 0 0
4282 2372 0.594551 0.544261 -0.591852 -0.0276983 -1.9227e-06 0 0 0
5443 3916 0.429555 -0.203282 0.879863 -8.63971e-05 -5.59695e-09 0 0 1
4282 4843 0.408422 -0.822112 -0.39664 -0.00345183 -3.21983e-07 0 0 0
2760 1991 0.961965 -0.120811 -0.245004 -0.0140243 -1.18148e-06 0 0 0
4282 3184 0.126271 0.480743 0.867722 -0.00425132 -4.12673e-07 0 0 0
1341 4027 0.093093 -0.954403 0.283636 -0.0105922 -7.60623e-07 0 0 0
4767 668 0.859216 -0.454225 0.235431 -0.00347755 -2.79957e-07 0 0 0
1341 1130 0.541763 0.695955 -0.471316 -0.0146565 -1.09735e-06 0 0 0
4711 2832 0.600578 0.200185 0.774101 -0.0265301 -1.56338e-06 0 0 0
1341 1740 0.874779 -0.452698 -0.1727 -0.0056411 -4.44533e-07 0 0 0
1240 2523 0.706185 -0.156479 -0.690519 -0.0105862 -7.36015e-07 0 0 0
1240 5232 0.490176 0.743087 -0.455576 -0.0113661 -8.62455e-07 0 0 0
245 4963 0.419407 -0.702696 -0.574731 -0.0026668 -1.93328e-07 0 0 0
245 3193 0.710337 -0.341243 0.615609 -0.00155537 -1.11745e-07 0 0 0
1240 4386 0.346569 0.163785 0.923615 -0.00375768 -2.86587e-07 0 0 0
3477 3775 0.288865 0.754406 0.58943 -0.0156131 -1.37222e-06 0 0 0
5209 1537 0.356834 0.81846 0.450326 -0.0101887 -7.97745e-07 0 0 0
5209 99 0.663076 -0.606633 -0.438551 -0.0180654 -1.50948e-06 0 0 0
16 2129 0.901141 0.427453 -0.0723148 -0.0118486 -1.10081e-06 0 0 0
4160 1564 0.172446 0.642948 0.746244 -0.00362316 -3.13581e-07 0 0 0
16 3489 0.859368 -0.305548 0.410032 -0.00481653 -3.53573e-07 0 0 0
4160 181 0.798182 0.41311 -0.438459 -0.00357875 -2.74337e-07 0 0 0
2692 4119 0.0443818 -0.330681 -0.942698 -0.0190059 -1.11621e-06 0 0 0
2692 382 0.221464 0.582375 -0.782172 -0.0111365 -9.03552e-07 0 0 0
2568 4612 0.732089 -0.444589 0.516126 -0.00494604 -3.91054e-07 0 0 0
2568 3726 0.32372 0.745856 0.582155 -0.00549807 -3.91918e-07 0 0 0
147 5237 0.58077 -0.569294 0.581903 -0.00967934 -7.53299e-07 0 0 0
2692 288 0.792871 0.215279 0.570097 -0.00838892 -7.78484e-07 0 0 0
2692 686 0.929101 0.185752 -0.319792 -0.004954 -3.05205e-07 0 0 0
147 5121 0.390059 0.193738 -0.900178 -0.0133025 -9.53148e-07 0 0 0
147 3726 0.316095 -0.896451 -0.310579 -0.00440965 -3.09813e-07 0 0 0
5476 5446 0.912738 0.0784854 0.400936 -0.00734118 -5.3165e-07 0 1 0
5476 3396 0.262669 -0.633979 0.727376 -0.00855499 -5.97647e-07 0 0 0
2471 1005 0.462439 -0.850068 -0.252062 -0.0163428 -9.39953e-07 0 -1 0
5476 241 0.0808637 -0.0727241 -0.994069 -0.0206207 -1.5734e-06 0 0 0
2471 4697 0.69521 0.105512 -0.711021 -0.00915595 -5.56022e-07 0 0 0
2471 4203 0.914895 0.346313 0.207449 -0.0159469 -8.81871e-07 0 0 0
2390 2364 0.220533 0.974874 0.0313962 -0.000845377 -7.20189e-08 0 0 0
2390 2086 0.577293 -0.0646807 -0.813971 -0.00960299 -5.79291e-07 0 0 0
586 3004 0.71964 0.103132 0.686645 -0.00643061 -4.63199e-07 0 0 0
586 5216 0.509639 -0.812693 0.282487 -0.000531493 -4.2977e-08 0 0 0
2390 3501 0.717664 -0.695709 0.0307916 -0.00996186 -6.10805e-07 0 0 0
813 4808 0.149527 -0.338202 0.929119 -0.0218404 -1.62594e-06 0 0 0
2390 3156 0.915679 0.399792 -0.0412126 -0.00297408 -2.17011e-07 0 0 0
3043 1182 0.271973 -0.0612478 0.960354 -0.00662263 -5.01472e-07 0 0 0
3043 1551 0.488571 -0.842455 0.227087 -0.00951166 -8.13051e-07 0 -1 0
813 1933 0.235295 -0.785821 -0.571945 -0.00334742 -2.4856e-07 0 0 0
1793 639 0.851516 -0.371915 -0.369593 -0.0106136 -7.72623e-07 0 0 0
1793 4011 0.17211 0.429656 0.886439 -0.0065141 -4.53607e-07 0 0 0
5499 5066 0.324259 0.919504 0.222192 -0.000633917 -4.44875e-08 0 0 0
312 2783 0.466072 0.769953 -0.435831 -0.0116594 -9.31954e-07 0 0 0
312 1280 0.381326 -0.919595 -0.0945268 -0.00370183 -3.12982e-07 0 0 0
2937 1511 0.123572 0.474472 -0.871554 -0.031456 -2.51452e-06 0 0 0
2937 4711 0.141525 0.408554 0.901695 -0.0246773 -1.96858e-06 0 0 0
2202 1961 0.474398 -0.809703 -0.345438 -0.00585116 -4.74645e-07 0 0 0
2202 2553 0.826381 0.559707 -0.0618195 -0.0033896 -2.6973e-07 0 0 0
3306 3686 0.417606 -0.849761 -0.321732 -0.00176772 -1.27254e-07 0 0 0
2880 1005 0.579715 -0.32743 0.746136 -0.0103773 -7.04358e-07 0 -1 0
2880 594 0.570049 0.427529 -0.701614 -0.00536543 -3.58327e-07 0 0 0
741 4753 0.328519 0.920201 -0.212849 -0.00195556 -1.73656e-07 0 0 -1
2226 2682 0.094812 -0.694563 0.713157 -0.0189707 -1.41686e-06 0 0 0
2226 5309 0.324343 0.443686 0.835431 -0.0154741 -1.05883e-06 0 0 0
741 930 0.109914 -0.94642 0.303659 -0.00129574 -1.00394e-07 0 0 0
2682 201 0.615374 -0.565816 0.548787 -0.0211471 -1.20963e-06 0 0 0
2682 618 0.718445 -0.426793 -0.549259 -0.00671261 -5.21824e-07 0 0 0
3158 2 0.531162 -0.790317 0.305394 -0.00477825 -3.26035e-07 0 0 0
2682 3902 0.873596 0.441542 -0.204621 -0.00532193 -2.98872e-07 0 0 0
4752 1973 0.341299 0.338171 0.877015 -0.006225 -4.63895e-07 0 0 0
35 954 -0.0219272 0.562249 -0.826678 -0.000286888 -2.07564e-08 0 0 0
3158 636 0.443672 0.866543 0.2286 -0.0145387 -9.29478e-07 0 0 0
4752 1885 0.983929 -0.152057 0.0936069 -0.00168671 -1.37516e-07 0 0 0
266 623 0.122778 -0.362111 0.924014 -0.00459691 -4.10685e-07 0 0 0
1489 2058 0.339062 -0.353714 -0.871736 -0.0164413 -1.26293e-06 0 0 -1
1992 2 0.550785 -0.38914 -0.73838 -0.000756593 -5.11426e-08 0 0 0
266 2925 0.754685 0.305882 -0.58042 -0.003589 -3.05644e-07 0 0 0
4211 249 0.420479 -0.360943 -0.832416 -0.00750556 -6.8992e-07 0 0 0
3512 4081 0.67143 0.530742 0.5172 -0.0129841 -7.82814e-07 0 0 0
4211 814 0.81203 -0.531414 0.241262 -0.011532 -1.07667e-06 0 0 0
3512 2304 0.643974 -0.701636 -0.304966 -0.0061808 -3.96108e-07 0 0 0
4710 3018 0.454317 -0.782991 0.424877 -0.0156443 -1.14704e-06 0 0 0
4710 4655 0.282943 0.87049 -0.402729 -0.0079987 -6.9119e-07 0 0 0
623 5174 0.633601 -0.159186 0.757106 -0.0122406 -7.62363e-07 0 0 0
623 1519 0.858514 0.266638 -0.438015 -0.0213642 -1.35937e-06 0 0 0
1847 4743 0.0606149 0.841029 0.537584 -0.00950244 -7.51251e-07 0 0 0
1847 5309 0.412559 -0.897492 -0.155892 -0.010663 -9.10325e-07 0 0 0
4710 5038 0.325369 0.0510397 -0.944209 -0.00882553 -5.98248e-07 0 0 -1
2347 123 0.926834 -0.362693 -0.097125 -0.014589 -1.16382e-06 0 0 0
3836 1192 0.819582 0.157302 -0.550946 -0.021282 -1.99763e-06 0 0 0
3485 1337 0.100894 -0.678364 0.727766 -0.0121758 -8.03944e-07 0 0 0
3836 1849 0.433015 -0.532907 0.726986 -0.0196309 -1.39165e-06 0 0 0
3485 95 0.317382 -0.917928 -0.23807 -0.0054583 -3.50918e-07 0 0 0
3836 725 0.265358 -0.631882 -0.728224 -0.00085481 -5.68626e-08 0 0 0
340 5051 0.589226 -0.538236 0.602591 -0.0057118 -4.16556e-07 0 0 0
3485 3008 0.992926 0.0158074 0.117678 -0.00814224 -5.27095e-07 0 0 0
1839 296 0.307222 -0.949433 -0.0647365 -0.0166836 -1.10211e-06 0 0 0
340 3836 0.0332678 -0.319389 -0.94704 -0.00667029 -3.94971e-07 0 0 0
3727 4612 0.605701 0.644813 0.4662 -0.00934793 -5.22376e-07 0 0 0
1839 1215 0.919497 -0.0210237 0.392535 -0.0296215 -2.06141e-06 0 0 0
3727 5096 0.158845 -0.858295 -0.487952 -0.00622941 -5.97207e-07 0 0 0
4514 4340 0.766451 0.557033 -0.319791 -0.00684157 -5.00431e-07 0 1 0
2928 3074 0.784022 -0.292854 0.547308 -0.00242616 -1.92759e-07 0 0 0
2928 2394 0.807055 -0.137408 -0.574266 -0.0211691 -1.6629e-06 0 0 0
2015 2276 0.356676 0.878962 -0.316556 -0.00600873 -5.17706e-07 0 0 0
4514 4148 0.540266 -0.73824 -0.403873 -0.000141159 -9.5215e-09 0 0 0
2015 1665 0.544447 -0.588022 0.59817 -0.00508914 -4.49702e-07 0 0 0
1625 212 0.732312 0.315842 -0.603294 -0.00950723 -7.51958e-07 0 0 0
3067 4788 0.692944 0.640343 -0.331346 -0.0213662 -1.65604e-06 0 0 0
1564 3301 0.404864 -0.304205 0.86229 -0.00256545 -2.1714e-07 0 0 0
3067 3046 0.45647 -0.255508 -0.852262 -0.00467088 -3.52802e-07 0 0 0
3067 4874 0.5064 -0.860821 0.0504648 -0.00252449 -2.17061e-07 0 0 0
3067 1221 0.151413 -0.356139 0.922084 -0.00738673 -5.51135e-07 0 0 0
1564 3550 0.968254 0.0405333 0.24666 -0.00350583 -2.58126e-07 0 0 0
3243 4542 0.0919286 -0.901097 0.423761 -0.0137091 -8.7515e-07 0 0 0
628 2112 0.314248 0.53018 0.7875 -0.0145951 -1.02922e-06 0 0 0
3243 4425 0.38436 -0.606727 -0.695808 -0.0105247 -6.97064e-07 0 0 0
628 312 -0.0124118 -0.220461 -0.975317 -0.0160218 -1.36092e-06 0 0 0
3958 3496 0.672152 -0.689316 0.270287 -0.01134 -8.06285e-07 0 0 0
3958 3546 0.595584 0.633359 -0.494102 -0.00715253 -5.16164e-07 0 0 0
3958 2716 0.193669 -0.0484998 0.979867 -0.00371372 -2.77961e-07 0 0 0
4027 908 0.333797 0.539949 0.77268 -0.00787908 -5.44543e-07 0 0 0
2352 481 0.886871 -0.15077 -0.436725 -0.000655814 -5.60204e-08 0 0 0
1353 2641 0.733205 0.530432 -0.425503 -0.0124679 -8.06221e-07 0 0 0
4027 883 0.898522 -0.347781 -0.26778 -0.00766374 -6.07538e-07 0 0 0
269 3460 0.231974 -0.167545 0.958184 -0.0165117 -1.02619e-06 0 0 0
269 4112 0.283064 0.777563 0.561489 -0.013521 -8.60026e-07 0 0 0
1353 1240 0.0431516 -0.911412 -0.409227 -0.00708681 -4.41746e-07 0 0 0
3094 123 0.686333 0.290589 0.666712 -0.0227952 -1.41685e-06 0 0 0
269 4394 0.942951 0.0728092 -0.324873 -0.0107455 -7.04835e-07 0 0 0
3094 1128 0.597015 0.624443 -0.503631 -0.00795927 -6.99544e-07 0 0 0
3094 4357 0.448186 -0.890731 0.0756813 -0.00258759 -2.42299e-07 0 0 0
3202 4237 0.731189 0.673476 0.108594 -0.00110061 -7.08535e-08 0 0 0
3718 4739 0.954434 0.25598 -0.153394 -0.00633156 -5.25994e-07 0 0 0
5487 409 0.187854 0.831734 0.522426 -0.00108046 -8.88498e-08 0 0 0
3202 5075 0.331447 -0.73885 0.586723 -0.00293956 -2.5358e-07 0 0 0
5487 322 0.849835 0.122941 -0.512509 -0.00967929 -7.15192e-07 0 0 0
3323 1305 0.106744 0.790433 0.603177 -0.00392091 -2.56611e-07 0 0 0
2906 3887 0.906064 -0.0104255 -0.423012 -0.0171692 -1.41061e-06 0 0 0
2906 184 0.732473 0.640701 0.230185 -0.0101075 -7.90004e-07 0 0 0
3323 1654 0.804678 -0.551155 -0.22073 -0.00127241 -1.08053e-07 0 0 0
3323 1784 0.837759 0.0520546 0.543554 -0.0139531 -9.27655e-07 0 0 0
2906 2391 0.568369 -0.0990518 0.816789 -0.000737665 -5.42278e-08 0 0 0
2906 741 0.0969625 -0.55944 -0.82318 -0.00384679 -2.68834e-07 0 0 0
3857 2827 0.433115 -0.70846 -0.557221 -0.00705802 -4.68899e-07 0 0 0
271 3808 0.940603 -0.193696 -0.278834 -0.00215229 -1.87414e-07 0 0 0
3857 62 0.625292 0.428163 0.652446 -0.00671494 -5.24354e-07 0 0 0
271 676 0.471705 -0.148144 0.869223 -0.0259076 -1.63256e-06 0 0 0
4119 1765 0.207704 -0.580218 -0.787531 -0.0126166 -1.1311e-06 0 0 0
271 987 0.176407 0.905679 -0.385521 -0.00677433 -6.054e-07 0 0 0
1122 4355 0.305225 -0.922598 0.235903 -0.00658135 -5.2934e-07 0 0 0
4119 1205 0.674491 -0.358464 0.645419 -0.0110083 -8.75013e-07 0 0 0
1122 1625 0.0753147 0.658184 0.74908 -0.00783722 -5.63335e-07 0 0 0
306 2304 0.906116 0.386665 -0.171593 -0.00587447 -4.87176e-07 0 0 0
306 443 0.458558 -0.871121 0.175708 -0.0077172 -6.2038e-07 0 0 0
306 3782 0.452797 0.124678 0.882854 -0.0125099 -1.12975e-06 0 0 0
4660 3311 0.69637 0.536661 0.476512 -0.0126363 -1.0345e-06 0 0 0
4660 4878 0.925893 -0.347387 -0.148477 -0.00240203 -1.82726e-07 0 0 0
5112 2262 0.346264 -0.467019 0.81363 -0.0249387 -1.89492e-06 0 0 0
5112 4963 0.381785 0.423285 -0.821627 -0.0132023 -9.28633e-07 0 0 0
306 16 0.263753 -0.455589 -0.85022 -0.00567562 -5.09401e-07 0 0 0
1908 1830 0.693579 0.717549 -0.0638106 -0.0126249 -9.1147e-07 0 0 0
5112 1889 0.992312 -0.112743 0.0510522 -0.00287885 -2.09776e-07 0 0 0
1908 3573 0.624589 -0.670001 -0.401232 -0.00206318 -1.39369e-07 0 0 0
1908 42 0.334678 0.409697 0.84861 -0.0064904 -5.26462e-07 0 0 0
4743 2553 0.848086 -0.0428677 0.528122 -0.0032157 -3.01999e-07 0 0 0
2365 505 -0.0725273 0.86699 -0.49302 -0.00381392 -3.36871e-07 0 0 0
2365 992 0.213465 0.105144 0.971276 -0.00300722 -2.45001e-07 0 0 0
5348 1208 0.8834 0.46859 -0.00532733 -0.0074011 -5.12615e-07 0 0 0
5348 583 0.819565 -0.558741 -0.126975 -0.00738678 -4.82561e-07 0 0 0
4133 1455 0.893724 0.375394 -0.245636 -0.0147379 -9.15673e-07 0 0 0
4133 2382 0.604594 -0.405263 0.685732 -0.011245 -8.35823e-07 0 0 0
4510 3611 0.361907 0.853775 -0.374288 -0.0156491 -1.23716e-06 0 0 0
4510 5174 0.70463 -0.438 -0.558259 -0.0152612 -1.20973e-06 0 0 0
4510 2631 0.895337 -0.120945 0.428653 -0.00544459 -4.08454e-07 0 0 0
1187 5423 0.435134 -0.57723 0.690988 -7.27257e-05 -6.20038e-09 0 0 0
4133 1966 0.460867 0.536771 0.706738 -0.00867141 -5.9129e-07 0 0 0
538 4113 0.811834 0.101296 0.575034 -0.015871 -1.25127e-06 0 0 0
4133 1317 0.0965378 0.799534 -0.592812 -0.0134493 -1.03052e-06 0 0 0
2514 3882 0.708814 -0.461812 0.53321 -0.0109361 -6.37272e-07 0 0 0
2514 3924 0.671451 -0.524171 -0.52383 -0.0111902 -7.41781e-07 0 0 0
2514 5077 0.589716 0.80047 0.107159 -0.00683931 -5.44751e-07 0 0 0
2514 3697 0.19335 0.0801163 -0.977853 -0.00801578 -6.93004e-07 0 0 0
3401 3046 0.418285 -0.0349729 0.907642 -0.0130739 -9.13734e-07 0 0 0
1337 4923 0.881494 -0.412692 -0.229464 -0.0206283 -1.25762e-06 0 0 0
1514 4498 0.139522 -0.00701929 -0.990194 -0.0144597 -1.07034e-06 0 0 0
3401 3026 0.436038 0.260289 -0.861464 -0.013054 -9.31005e-07 0 0 0
1514 3719 0.654467 0.0982975 0.749673 -0.0267965 -1.77038e-06 0 0 0
1514 5007 0.859539 -0.506794 0.0659769 -0.00959842 -6.58685e-07 0 0 0
4651 2757 0.39011 0.890048 0.235858 -0.0150195 -1.21615e-06 0 0 0
765 277 0.0369193 -0.964846 0.260209 -0.00334518 -2.31928e-07 0 0 0
4651 4011 0.232838 0.699597 -0.675538 -0.00691241 -4.78628e-07 0 0 0
4651 533 0.162711 -0.978832 0.124145 -0.0308092 -2.26404e-06 0 0 0
765 832 0.533645 0.399329 -0.745493 -0.0183184 -1.51616e-06 0 0 0
4651 1219 0.127621 0.341613 0.931136 -0.0121317 -1.08105e-06 0 0 0
4223 451 0.556508 -0.790446 -0.255918 -0.00434373 -3.78172e-07 0 -1 0
765 2863 0.982788 -0.156711 0.0978256 -0.00184585 -1.32055e-07 0 0 0
4223 4107 0.516203 0.85113 -0.0954554 -0.00323809 -2.95656e-07 0 0 0
2790 1994 0.231444 -0.477991 0.847324 -0.0167724 -1.2226e-06 0 0 1
2790 296 0.290078 0.284652 -0.913689 -0.0159708 -1.19568e-06 0 0 0
3105 1536 0.925807 0.0131481 0.377767 -0.00683689 -5.78575e-07 0 0 0
2790 3482 0.973027 -0.0492378 -0.225377 -0.000937329 -6.72921e-08 0 0 0
3105 1966 0.534492 0.586318 -0.608728 -0.010163 -6.87581e-07 0 0 0
3105 2852 0.331988 -0.736498 0.589367 -0.00670266 -4.81029e-07 0 0 0
2125 1549 0.728524 0.682286 -0.0611347 -0.00306682 -2.74799e-07 0 0 0
960 291 0.450705 -0.506005 -0.735408 -0.00409276 -3.07065e-07 0 0 0
1659 2337 0.599956 -0.342476 0.723024 -0.0128401 -1.11925e-06 0 0 0
960 3619 0.948882 -0.305862 0.0779233 -0.0011444 -8.78651e-08 0 0 0
409 1577 0.104963 -0.703871 0.70253 -0.00201846 -1.33133e-07 0 0 0
409 669 0.395121 0.133193 0.908922 -0.0173697 -1.68267e-06 0 0 0
409 4428 0.434691 0.381818 -0.815634 -0.00983149 -7.68631e-07 0 0 0
1659 3516 0.202402 0.62322 -0.755401 -0.00783737 -6.09972e-07 0 0 0
3973 2507 0.948786 -0.311315 0.0537364 -0.00783291 -6.34475e-07 0 0 0
3973 1489 0.112906 -0.436122 -0.892777 -0.0187989 -1.40505e-06 0 0 0
3973 3094 0.225387 -0.17947 0.957596 -0.0093656 -8.44165e-07 0 0 0
982 2302 0.523916 0.812133 -0.256811 -0.000386493 -3.16798e-08 0 0 0
1436 1677 0.0858253 -0.230228 0.969345 -0.00280309 -2.27734e-07 0 0 0
1436 4128 0.369348 -0.892986 -0.257211 -0.00285166 -2.47378e-07 0 0 0
1436 1540 0.50154 0.646956 0.574375 -0.00129399 -1.04459e-07 0 0 0
982 813 0.217485 -0.229706 0.948649 -0.017996 -1.49908e-06 0 0 0
2029 249 0.319141 0.680781 0.659308 -0.0179365 -1.65007e-06 0 0 0
2029 1914 0.316092 -0.900218 0.299488 -0.0038653 -3.21798e-07 0 0 0
2029 4218 0.608027 0.00689185 -0.793887 -0.0162976 -1.47472e-06 0 0 0
4835 3184 0.559323 0.460715 -0.689129 -0.00494131 -3.97842e-07 0 0 0
4835 2231 0.345494 -0.938209 -0.0199178 -0.00477466 -3.9326e-07 0 0 0
4380 4285 0.734818 0.254211 -0.628823 -0.00496453 -3.92432e-07 0 0 0
3736 1554 0.435653 -0.0760514 0.896896 -0.00285644 -1.98888e-07 0 0 0
4324 3131 0.838383 -0.00087099 -0.54508 -0.00176808 -1.2888e-07 0 0 0
3736 19 0.980044 -0.0629995 -0.188536 -0.0190279 -1.25131e-06 0 0 0
4380 3516 0.151163 -0.872749 0.464175 -0.00131938 -1.08331e-07 0 0 0
563 2376 0.679521 -0.722934 0.124967 -0.00040884 -2.90034e-08 0 0 0
4972 4340 0.856492 -0.152226 0.493202 -0.00590361 -4.30161e-07 0 0 0
4972 5279 0.647172 0.480739 -0.591657 -0.00892935 -7.2836e-07 0 0 0
4972 4514 0.0806961 -0.655733 0.750668 -0.00719738 -4.11423e-07 0 -1 0
1515 2203 0.369707 -0.409369 -0.834107 -0.00350827 -2.53725e-07 0 0 0
1305 342 0.23369 0.919104 0.317234 -0.0167775 -1.51455e-06 0 0 0
1305 3537 0.629422 -0.0271175 0.77659 -0.00484407 -4.38999e-07 0 0 1
1305 1784 0.709456 -0.703068 -0.0486454 -0.0165403 -9.92194e-07 0 0 0
1305 194 0.779559 0.352124 -0.517974 -0.0180047 -1.12456e-06 0 0 0
3174 3409 0.65621 -0.446325 -0.608426 -0.00268068 -2.00448e-07 0 0 0
3851 252 0.352494 -0.930735 0.0973693 -0.00573037 -4.64933e-07 0 0 0
3851 1883 0.547066 0.59828 -0.585473 -0.00314533 -2.47202e-07 0 0 0
2647 1274 0.975625 0.0796157 -0.204494 -0.00909019 -7.58548e-07 0 0 0
505 99 0.56159 0.181347 -0.807298 -0.00379876 -3.47213e-07 0 0 0
2647 2302 0.539356 0.537146 0.648513 -0.0153433 -1.24655e-06 0 0 0
2647 982 0.0153777 -0.291785 0.95636 -0.0191383 -1.48545e-06 0 0 0
4229 4753 0.455092 0.348108 0.81958 -0.0119189 -1.06329e-06 0 0 0
4229 2852 0.296742 -0.776474 -0.555907 -0.0181332 -1.37863e-06 0 0 0
4129 1171 0.682977 0.470982 0.558317 -0.0111599 -7.06156e-07 0 0 0
3329 212 0.904115 -0.274589 0.32738 -0.0134433 -1.02232e-06 0 0 0
3329 1219 0.209645 0.606789 -0.766718 -0.000598233 -5.15852e-08 0 0 0
3329 3477 0.121323 0.42822 0.895493 -0.0129462 -1.05879e-06 0 0 0
2451 5279 0.947602 -0.215978 0.235379 -0.00115529 -9.27425e-08 0 0 0
5013 4288 0.735427 -0.463445 0.494334 -0.00191866 -1.30848e-07 0 0 0
1863 224 0.38858 -0.898938 -0.202275 -0.00470255 -3.16419e-07 0 0 0
4185 4650 0.802139 -0.0600353 0.594111 -0.00339697 -2.48481e-07 0 0 0
5099 956 0.295454 0.852942 -0.430345 -0.0022226 -1.8403e-07 0 0 0
1863 800 0.582789 0.452778 0.674795 -0.00118079 -9.53902e-08 0 0 0
2557 5040 0.644771 0.623458 0.442234 -0.0309163 -2.49887e-06 0 0 0
2557 818 0.346737 -0.9007 0.261749 -0.00839544 -6.19903e-07 0 0 0
911 2262 0.232256 0.829641 -0.507693 -0.00828748 -5.78769e-07 0 0 0
2557 2347 0.124571 -0.410534 -0.903296 -0.00911825 -6.58004e-07 0 0 0
283 5146 0.900214 0.146299 0.410137 -0.0102842 -8.09399e-07 0 0 0
4542 800 0.577871 -0.81553 -0.0312299 -0.0147897 -1.18886e-06 0 0 0
283 5237 0.602777 0.785377 -0.140862 -0.0163607 -1.40333e-06 0 0 0
283 2526 0.173169 -0.970816 -0.165917 -0.00151811 -1.0897e-07 0 0 0
4542 3148 0.975256 0.0565572 -0.213722 -0.00213426 -1.40341e-07 0 0 0
831 2653 0.985465 -0.0880514 -0.145275 -0.000598962 -4.63411e-08 0 0 0
1677 1540 0.394924 0.835767 -0.381482 -0.00727912 -5.14174e-07 0 0 0
1677 826 0.515534 -0.847237 0.128118 -0.00162977 -1.1593e-07 0 0 0
831 4753 0.463052 -0.641723 -0.611372 -0.00533691 -4.77037e-07 0 0 -1
831 2906 0.0307716 -0.894369 0.44627 -0.010605 -7.44317e-07 0 0 0
3184 1257 0.497472 -0.86699 0.0291435 -0.000436041 -3.55614e-08 0 0 0
2792 4107 0.57278 -0.17014 0.801858 -0.00708953 -6.38793e-07 0 0 0
3279 3719 0.884157 0.396279 -0.247445 -0.00867726 -7.37958e-07 0 0 0
2792 2592 0.570471 0.821088 0.0194213 -0.0105416 -9.72444e-07 0 0 0
4083 1393 0.25161 -0.9217 -0.295231 -0.0064998 -4.05016e-07 0 0 0
73 2783 0.622841 -0.585319 -0.519106 -0.000739218 -5.66996e-08 0 0 0
3326 2751 0.797532 -0.530243 0.287724 -0.00700367 -5.35492e-07 0 0 0
3326 3768 0.389442 0.234192 -0.89078 -0.00449446 -3.35669e-07 0 0 0
4083 1014 0.948398 0.128938 -0.289683 -0.0146222 -1.12634e-06 0 0 0
2940 1705 0.674619 0.575957 -0.461696 -0.00250908 -1.64116e-07 0 0 0
4070 365 0.202614 0.971724 0.121246 -0.00139306 -9.24294e-08 0 0 0
4070 902 0.64396 -0.076476 0.761228 -0.0123512 -8.70163e-07 0 0 0
2940 2337 0.455899 -0.842529 -0.286881 -0.00354053 -2.20913e-07 0 0 0
5386 4529 0.42495 -0.572731 0.700997 -0.000847663 -7.21882e-08 0 -1 0
313 3334 0.651151 0.645494 0.399173 -0.00284361 -1.90582e-07 0 0 0
751 2295 0.170623 0.853504 0.492361 -0.0210328 -1.50988e-06 0 0 0
313 2429 0.507039 -0.839973 0.193281 -0.00910395 -6.48486e-07 0 0 0
751 947 0.622118 -0.782866 0.0094801 -0.0117692 -8.98898e-07 0 0 0
2515 572 0.908638 0.17612 -0.378628 -0.0138137 -1.2267e-06 0 0 0
2515 4252 0.400995 -0.61482 -0.679117 -0.00871003 -6.29367e-07 0 -1 0
126 5518 0.0902703 0.900667 0.42503 -0.00170396 -1.36157e-07 0 0 0
126 3535 0.610354 0.601513 -0.515413 -0.0034533 -3.16806e-07 0 0 0
2515 241 0.243217 -0.834655 0.494162 -0.0107299 -8.3981e-07 0 -1 0
126 4647 0.726628 0.0807522 0.682268 -0.00359468 -3.0627e-07 0 0 0
5258 277 0.132185 0.888288 -0.439855 -0.00332588 -2.84475e-07 0 0 0
5258 1770 0.359232 -0.0757633 -0.930168 -0.00418283 -3.74039e-07 0 0 0
5258 1637 0.485907 -0.707458 0.513222 -0.00980053 -8.52344e-07 0 0 0
5258 3506 0.640163 0.410881 0.649129 -0.00223093 -2.11264e-07 0 0 0
5312 3635 0.973879 -0.22563 0.0254958 -0.00372315 -2.74468e-07 0 0 0
5312 3094 0.215871 0.645067 0.733 -0.00358185 -2.80283e-07 0 0 0
3654 579 0.483692 0.802206 -0.350011 -0.00846601 -6.46234e-07 0 0 0
3654 1717 0.769515 -0.482268 -0.418646 -0.00986405 -7.77016e-07 0 0 0
2680 1626 0.580031 -0.293635 0.75983 -0.000145553 -9.19152e-09 0 0 0
3865 1054 0.972263 0.199059 0.122804 -0.00450165 -3.98984e-07 0 0 0
766 342 0.377104 0.575267 -0.725851 -0.00372099 -2.91508e-07 0 0 -1
766 3537 0.834831 -0.515538 -0.193077 -0.000289234 -2.266e-08 0 0 0
3865 2347 0.173378 -0.470089 0.865423 -0.00833116 -6.50146e-07 0 0 0
1423 1182 0.0847642 -0.612139 -0.786194 -0.00893371 -6.89942e-07 0 0 0
1423 3027 0.615252 -0.786889 0.0476395 -0.000328525 -2.69184e-08 0 -1 0
688 4493 0.728847 0.61959 -0.291359 -0.00211258 -1.67412e-07 0 0 0
688 4355 0.442167 -0.118776 0.889034 -0.0148962 -1.1719e-06 0 0 0
1423 1658 0.885387 0.155343 0.43813 -0.0127684 -9.79889e-07 0 0 0
688 1122 0.123029 0.780462 0.612979 -0.00278494 -2.02651e-07 0 0 0
31 3179 0.871704 -0.415357 0.260019 -0.00961168 -6.76162e-07 0 0 0
2149 5066 0.661386 0.0417867 0.748881 -0.0254779 -2.22335e-06 0 0 0
31 3775 0.434732 -0.605066 -0.66701 -0.00117258 -8.94027e-08 0 0 0
1509 2262 0.294594 0.867833 0.4001 -0.000793295 -7.31617e-08 0 0 0
31 4767 0.237726 0.932487 0.271946 -0.00117972 -8.53232e-08 0 0 0
1509 2553 0.755967 -0.463912 -0.461844 -0.0026093 -2.5855e-07 0 0 0
4430 1609 0.523642 -0.0234168 0.851617 -0.00917971 -6.76248e-07 0 0 0
2679 480 0.984966 0.0805956 -0.152797 -0.0129541 -1.0481e-06 0 0 0
4430 2406 0.717537 -0.485115 -0.499805 -0.00318953 -2.49549e-07 0 0 0
2679 3111 0.489315 -0.862517 -0.128979 -0.0153558 -1.08659e-06 0 0 0
2679 2937 0.180515 0.603656 -0.776539 -0.0240506 -1.73941e-06 0 0 0
790 4839 0.273286 0.942973 0.190045 -0.00334112 -3.04489e-07 0 0 0
790 3784 0.218515 0.600309 -0.769338 -0.0104534 -7.96238e-07 0 0 0
790 5348 0.0100038 -0.636921 0.770864 -0.00871633 -6.12002e-07 0 0 0
2580 3882 0.882266 -0.215132 -0.418718 -0.0114813 -7.08254e-07 0 0 0
2580 5119 0.352784 0.856755 0.376182 -0.0108915 -7.77876e-07 0 0 0
2580 2514 0.131333 0.264726 -0.955338 -0.0110823 -7.02792e-07 0 0 0
4616 4609 0.83678 0.546284 -0.0370623 -0.00979785 -7.84824e-07 0 0 0
3200 442 0.898923 -0.257916 0.354143 -0.0113195 -8.68815e-07 0 0 0
3903 1282 0.050447 -0.566211 -0.822715 -0.0065123 -5.20176e-07 0 0 0
4616 42 0.550618 -0.830837 -0.0808057 -0.0118864 -8.98848e-07 0 0 0
4330 3966 0.726222 0.50669 -0.464614 -0.0178843 -1.42876e-06 0 0 0
3903 3549 0.797572 0.206257 -0.566867 -0.010342 -8.22272e-07 0 0 0
4330 3184 0.662975 -0.645805 -0.378682 -0.00266823 -2.1201e-07 0 0 0
412 5457 0.026737 -0.990399 0.135625 -0.00421343 -2.42461e-07 0 0 0
412 3059 -0.0191343 0.845454 -0.533706 -0.0121472 -9.94455e-07 0 0 0
4330 1848 0.476776 -0.218323 0.851481 -0.0134059 -1.16765e-06 0 0 0
4370 3799 0.678053 -0.121015 0.724983 -0.0111225 -9.0595e-07 0 0 0
412 4762 0.0626852 -0.466617 0.882236 -0.00933302 -8.29039e-07 0 0 0
4370 4223 0.082508 -0.0704418 -0.994098 -0.0212057 -1.67651e-06 0 0 0
412 1600 0.757957 0.0735812 -0.648141 -0.00847088 -7.10203e-07 0 0 0
5467 5443 0.711132 -0.6763 0.192117 -0.00791323 -5.6494e-07 0 0 0
5467 2679 -0.00636551 0.310791 -0.950457 -0.0181425 -1.30426e-06 0 0 0
1354 1563 0.965151 0.0309974 -0.25985 -0.00262117 -2.17332e-07 0 0 0
277 4324 0.127977 0.0118398 -0.991706 -0.00582219 -3.92393e-07 0 0 0
277 1770 0.21501 -0.85586 -0.470398 -0.0128237 -8.74164e-07 0 0 0
1354 3111 0.529616 0.746937 0.401984 -0.00626135 -4.66176e-07 0 0 0
3819 583 0.78621 0.419226 -0.454008 -0.0222285 -1.51242e-06 0 0 0
277 950 0.988867 -0.116383 0.0927244 -0.00456821 -3.05726e-07 0 0 0
3819 1778 0.588555 0.704369 0.396821 -0.00736743 -5.46908e-07 0 0 1
3819 4877 0.402669 -0.81475 0.417181 -0.00793967 -7.23011e-07 0 0 1
1407 4505 0.245091 0.550647 -0.797946 -0.00468154 -3.74685e-07 0 0 0
1407 2216 0.272139 -0.482486 0.832555 -0.00481135 -4.19381e-07 0 0 0
3819 5348 0.0291584 0.94051 -0.338513 -0.00145002 -1.0189e-07 0 0 0
4303 2651 0.923409 -0.104369 0.369354 -0.0147859 -9.7179e-07 0 0 0
4303 314 0.558868 0.588587 -0.58415 -0.00527867 -3.2518e-07 0 0 0
4303 636 0.49412 -0.322694 -0.807288 -0.0162109 -1.11792e-06 0 0 0
1282 3535 0.52049 -0.307611 0.796533 -0.0149678 -1.23227e-06 0 0 0
4192 1032 0.95846 -0.147511 0.244119 -0.00387349 -3.02612e-07 0 0 0
4192 1511 0.365449 0.252395 0.89596 -0.0111967 -8.9154e-07 0 0 0
1182 1551 0.239424 -0.761644 -0.602142 -0.0137608 -1.03736e-06 0 -1 0
993 1052 0.944213 0.0816254 -0.319061 -0.00575145 -4.12898e-07 0 0 0
1182 3027 0.499411 -0.117927 0.858302 -0.0103073 -8.85593e-07 0 -1 0
993 4514 0.214513 0.282297 0.935036 -0.00948008 -6.56855e-07 0 0 0
1182 2648 0.97005 -0.239418 0.0410236 -0.019532 -1.37359e-06 0 -1 0
993 4972 0.128979 0.982161 0.136839 -0.00320711 -2.21596e-07 0 1 0
3833 3053 0.936244 -0.344313 -0.0699688 -0.000226275 -1.89675e-08 0 0 0
3833 2852 0.499216 0.292559 -0.815593 -0.00676118 -4.96173e-07 0 0 0
3833 741 0.284309 0.507594 0.813337 -0.00362051 -2.87158e-07 0 0 1
5327 2602 0.945039 0.287241 -0.156187 -0.0223623 -2.0294e-06 0 -1 0
5518 592 0.739922 0.625184 -0.248315 -0.000749128 -6.14264e-08 0 0 0
2488 2249 0.315052 -0.260708 0.912564 -0.00833051 -5.06128e-07 0 0 0
2488 492 0.425906 -0.797822 -0.426712 -0.00691598 -6.00098e-07 0 0 0
2488 2402 0.474805 0.836052 0.274913 -0.0184533 -1.41931e-06 0 0 0
2020 5270 0.820854 0.555788 0.131524 -0.00774676 -7.28026e-07 0 0 0
97 2608 0.596483 -0.281246 0.751737 -0.0162611 -1.39809e-06 0 0 0
5457 382 -0.019268 -0.411387 0.911257 -0.0105424 -8.52009e-07 0 0 0
97 2302 0.407751 -0.100958 -0.907495 -0.0216739 -1.68055e-06 0 0 0
97 4252 0.409848 0.81427 -0.411082 -0.0142021 -1.06477e-06 0 0 0
5457 4377 0.410879 -0.410474 -0.814057 -0.00460125 -3.09396e-07 0 0 0
5457 4161 0.739244 0.0822512 0.668395 -0.0309327 -1.8039e-06 0 0 0
5457 3371 0.750639 0.419312 -0.510606 -0.00873203 -7.69004e-07 0 0 0
5457 4369 0.874552 -0.484038 -0.0294078 -0.00450551 -4.29549e-07 0 0 0
97 241 0.258375 0.638252 0.725174 -0.0187241 -1.52209e-06 0 0 0
97 813 0.14441 -0.979898 0.13764 -0.00559506 -4.11638e-07 0 0 0
434 4625 0.308798 0.771929 -0.55567 -0.00472308 -3.13522e-07 0 0 -1
725 924 0.972428 0.106794 0.207311 -0.000108682 -9.09199e-09 0 0 0
1661 483 0.820457 0.571593 0.0114819 -0.0034111 -2.3329e-07 0 0 0
1661 2155 0.475667 -0.625312 0.618649 -0.00793846 -6.27514e-07 0 0 0
434 2344 0.900429 0.391146 0.190348 -0.0133495 -9.73914e-07 0 0 0
1661 2284 0.404967 0.257474 -0.877331 -0.0102552 -7.12503e-07 0 0 0
2420 2852 0.565956 0.824417 -0.00559186 -0.00342031 -2.72088e-07 0 0 0
2420 3833 0.0547146 0.532768 0.844491 -0.00755971 -5.92555e-07 0 0 0
3612 2561 0.900634 -0.424593 -0.0926294 -0.0072356 -5.04558e-07 0 0 0
3612 3697 0.539667 -0.0563611 0.83999 -0.00907211 -6.82219e-07 0 0 0
1144 3146 0.992264 0.0649432 0.105804 -0.00922189 -7.84034e-07 0 0 0
3164 5270 0.624941 -0.709268 0.326171 -0.0130013 -7.84802e-07 0 0 0
1339 3944 0.880582 -0.260993 0.395547 -0.00275851 -2.18927e-07 0 0 0
1537 4264 0.309887 0.57356 -0.758287 -0.00283026 -1.99728e-07 0 0 0
1339 3306 0.258607 -0.94041 -0.220796 -0.00261992 -1.88465e-07 0 0 0
1537 43 0.91586 0.159513 0.368451 -0.0058715 -3.74227e-07 0 0 0
4599 296 0.159619 0.573444 0.803544 -0.0157117 -1.30591e-06 0 0 0
3615 2780 0.839791 0.524327 -0.140828 -0.00855804 -5.67037e-07 0 0 0
4599 4113 0.606141 0.168596 -0.777283 -0.0199211 -1.55251e-06 0 0 0
4599 4690 0.966797 0.11685 0.227265 -0.0136668 -1.09994e-06 0 -1 0
3615 5189 0.582587 0.00440343 -0.812757 -0.0143594 -1.26977e-06 0 0 0
3615 467 0.451963 -0.825391 0.338318 -0.0199179 -1.42201e-06 0 0 0
3410 5200 0.4559 0.354736 0.816282 -0.00226512 -1.63686e-07 0 0 0
3316 3493 0.909075 0.277945 -0.310369 -0.00247942 -2.0419e-07 0 0 0
3615 4192 -0.104097 0.85232 0.512557 -0.00747328 -6.40673e-07 0 0 0
4995 3611 0.063316 0.0226259 0.997737 -0.00331576 -2.09368e-07 0 0 0
4995 633 0.583596 0.810443 0.0509607 -0.000554186 -3.52569e-08 0 1 0
4995 3257 0.533202 0.304253 -0.789383 -0.0038424 -3.30874e-07 0 0 0
4995 1519 0.608036 -0.706584 -0.361983 -0.00628895 -3.93998e-07 0 0 0
2120 3004 0.880403 -0.220615 -0.419786 -0.00223885 -1.71858e-07 0 0 0
2276 3874 0.211353 0.976303 0.0464978 -0.00370161 -2.61712e-07 0 0 0
2120 1344 0.346637 0.891247 -0.29244 -0.0074043 -5.00304e-07 0 0 0
2276 980 0.610251 0.228908 -0.758416 -0.0137441 -9.57324e-07 0 0 0
2276 1571 0.682723 -0.66349 0.306056 -7.43373e-05 -4.94679e-09 0 0 0
2294 2295 0.105932 0.0235475 -0.994094 -0.00289543 -2.44983e-07 0 0 0
2255 3286 0.967984 0.0652545 0.242381 -0.00325524 -2.87139e-07 0 0 0
2294 1654 0.750397 0.658673 0.0552726 -0.00447152 -3.50954e-07 0 0 0
2549 1294 0.640995 0.681013 -0.354043 -0.0123518 -9.59391e-07 0 0 0
2549 2568 0.368587 0.461455 0.806971 -0.0111288 -9.04823e-07 0 0 0
249 814 0.348274 -0.154354 0.924597 -0.0254644 -1.49645e-06 0 0 0
5069 3638 0.984573 0.106576 0.138772 -0.0156246 -1.43168e-06 0 0 0
249 4444 0.619585 0.763746 0.181123 -0.00916251 -5.38513e-07 0 0 0
5069 4258 0.473866 -0.348954 0.808506 -0.00633243 -4.84579e-07 0 1 0
249 4802 0.889931 -0.409023 0.2018 -0.00980253 -8.51401e-07 0 0 0
3712 2414 0.795841 -0.290668 -0.531177 -0.0131619 -9.61572e-07 0 0 0
3460 4112 0.0558209 0.927902 -0.36862 -0.00634092 -3.87442e-07 0 0 0
3460 4128 0.0611287 -0.680918 0.729804 -0.00324221 -2.01647e-07 0 0 0
3460 4586 0.319884 -0.918526 -0.232346 -0.00746505 -5.84324e-07 0 0 0
3460 2745 0.358549 0.67559 0.644221 -0.0107682 -8.44134e-07 0 0 0
3460 4082 0.808505 -0.114883 0.577166 -0.0132428 -1.04457e-06 0 0 0
3712 2125 0.202755 0.97794 0.0502474 -0.00348081 -2.55874e-07 0 0 0
1076 3770 0.539867 0.244517 0.805453 -0.0204406 -1.47194e-06 0 0 0
4702 992 0.0914119 -0.643627 -0.759861 -0.00769285 -5.69464e-07 0 0 0
4455 4221 0.718609 -0.63858 0.27535 -0.0125359 -1.05662e-06 0 0 0
4702 662 0.719215 0.165656 0.67475 -0.0226322 -1.71452e-06 0 0 0
4455 3573 0.654787 0.509066 -0.558664 -0.0206393 -1.52329e-06 0 0 0
4702 5130 0.925598 0.0739635 -0.37121 -0.00800791 -5.57954e-07 0 0 0
1994 2360 0.304285 0.746681 0.591506 -0.00656472 -4.44488e-07 0 0 0
1994 2925 0.343316 -0.927238 0.149543 -0.00429311 -2.90628e-07 0 -1 0
1994 3257 0.606374 -0.177379 0.775143 -0.0390684 -3.16546e-06 0 -1 0
1994 5072 0.759564 -0.357698 -0.543245 -0.016059 -1.32097e-06 0 -1 -1
4455 3860 0.360239 0.520688 0.774023 -0.00359798 -1.99265e-07 0 0 0
4455 5327 -0.107435 -0.816344 -0.567485 -0.00383317 -3.53657e-07 0 0 0
4162 237 0.657782 0.30153 -0.690219 -0.00630211 -4.83351e-07 0 0 0
4162 4013 0.420564 -0.333839 0.84361 -0.00561146 -4.90467e-07 0 0 0
3133 4013 0.573046 -0.471999 -0.669952 -0.00223113 -1.76231e-07 0 0 0
1577 4264 0.277256 -0.891919 0.357226 -0.00311469 -2.19843e-07 0 0 0
3133 1992 0.335548 0.794264 0.50651 -0.000476296 -3.81534e-08 0 0 0
3133 4185 0.156699 -0.824384 0.543908 -0.00425607 -3.20898e-07 0 0 0
1577 1763 0.829908 -0.387307 -0.401554 -0.000704028 -6.32288e-08 0 0 0
2295 1665 0.179683 0.965961 0.1861 -0.0225022 -1.54659e-06 0 0 0
5031 1415 0.706798 -0.495665 -0.50473 -0.0134104 -1.1598e-06 0 0 0
5031 586 0.341134 0.925552 0.164261 -0.00869338 -6.5231e-07 0 0 0
956 4148 0.864559 0.421944 -0.27295 -0.00944842 -6.05599e-07 0 0 0
2295 2502 0.898024 0.00891176 -0.439857 -0.00600316 -4.45373e-07 0 0 0
956 340 0.268579 -0.888842 -0.371247 -0.00207136 -1.39753e-07 0 0 0
3425 336 0.553171 0.763427 -0.333439 -0.019072 -1.28845e-06 0 0 0
3300 3768 0.452051 0.691438 0.563528 -0.016077 -1.22335e-06 0 0 0
3425 194 0.656606 0.278595 0.700895 -0.00884937 -5.56194e-07 0 0 0
3300 4616 0.0501691 -0.346647 -0.936653 -0.0140121 -1.11289e-06 0 0 0
174 5174 0.471592 0.657931 -0.587135 -0.00732723 -5.83138e-07 0 0 0
174 875 0.472552 -0.607638 0.638334 -0.00566441 -4.34696e-07 0 0 0
806 2372 0.978986 -0.110176 0.171605 -0.0199512 -1.31867e-06 0 0 0
806 4836 0.711983 0.652268 -0.260052 -0.00563762 -4.99174e-07 0 0 0
5393 4650 0.769679 -0.537026 -0.34525 -0.00806262 -6.50141e-07 0 0 0
5393 1231 0.727715 0.669971 -0.146868 -0.0180622 -1.49847e-06 0 0 0
5393 3830 0.371165 -0.772537 0.515192 -0.01628 -1.04834e-06 0 0 0
2448 2054 0.947791 0.312575 0.0631652 -0.0092656 -6.64094e-07 0 0 0
2448 5068 0.79913 -0.583289 0.145486 -0.00149327 -1.12037e-07 0 0 0
2448 2020 -0.0817973 -0.0864223 0.992895 -0.0135385 -1.2359e-06 0 0 0
4000 3409 0.58014 -0.483009 0.655851 -0.0119015 -1.03765e-06 0 0 0
4000 2757 0.48801 -0.86184 -0.13812 -0.00593051 -5.16395e-07 0 0 0
4000 2020 -0.0805323 -0.195537 -0.977384 -0.0193287 -1.76993e-06 0 0 0
5415 1280 0.594832 -0.40456 0.694626 -0.0172691 -1.19189e-06 0 0 0
5415 312 0.255782 0.48414 0.83677 -0.0177735 -1.5082e-06 0 0 0
3059 1551 0.168715 0.319799 0.932343 -0.0159049 -1.31335e-06 0 0 0
3059 579 0.342334 0.0246108 -0.939256 -0.033205 -2.55254e-06 0 0 0
3059 4529 0.794475 0.600017 0.0937516 -0.00450271 -3.52017e-07 0 0 0
839 2661 0.631897 0.283971 0.721157 -0.00271341 -2.08486e-07 0 0 0
839 3661 0.493572 -0.869652 -0.00957846 -0.00349544 -2.50624e-07 0 0 0
1747 1914 0.0690674 0.689035 -0.721429 -0.00257616 -2.00518e-07 0 0 0
3207 2302 0.712766 -0.700211 0.040851 -0.0114271 -9.09858e-07 0 -1 0
3207 4252 0.710706 0.364964 0.601414 -0.00102972 -8.32574e-08 0 -1 0
1747 5281 0.368092 -0.843721 0.390696 -0.000882036 -7.33442e-08 0 0 0
3386 5443 0.62908 -0.274638 -0.727208 -0.0208211 -1.36814e-06 0 0 0
3386 3018 0.543129 0.0727865 0.836488 -0.0248883 -1.3609e-06 0 0 1
1747 103 0.990833 -0.131463 -0.0311098 -0.00812192 -6.54116e-07 0 0 0
3386 4710 0.143222 0.857768 0.493682 -0.00511474 -3.77842e-07 0 0 1
5309 1961 0.0931158 0.15691 0.983213 -0.0127616 -1.05966e-06 0 0 0
3386 5467 -0.0062055 0.344001 -0.938949 -0.0107523 -8.23797e-07 0 0 0
3386 1339 -0.0817903 -0.744768 0.662292 -0.0100113 -8.31098e-07 0 0 1
5309 3902 0.748734 -0.604259 -0.272524 -0.00585678 -4.25955e-07 0 0 0
1153 2652 0.895451 0.375605 -0.238931 -0.013236 -7.89489e-07 0 0 0
1973 965 0.212663 0.421414 0.881581 -0.00786918 -6.49374e-07 0 0 0
1153 2602 0.800176 -0.305205 0.516303 -0.0175208 -1.04804e-06 0 -1 0
1973 3821 0.443075 0.843042 -0.304902 -0.00607264 -4.80904e-07 0 0 0
1153 4972 0.166897 -0.4499 -0.877346 -0.0187621 -1.11296e-06 0 0 0
1973 2466 0.98088 0.0391494 0.190636 -0.00381682 -2.94993e-07 0 0 0
3183 95 -0.0659184 0.954054 -0.292293 -0.0106315 -7.42931e-07 0 0 0
3183 2097 0.226166 -0.568693 -0.790846 -0.00967453 -5.31557e-07 0 0 0
3183 1574 0.190353 -0.900813 0.390258 -0.011161 -8.10379e-07 0 0 0
1153 5327 -0.0374001 -0.648819 0.760023 -0.0176989 -1.57125e-06 0 0 0
4830 4357 0.76233 0.627151 0.159794 -0.00350069 -3.11766e-07 0 0 0
3183 4923 0.574221 0.730535 0.36958 -0.00538373 -3.38037e-07 0 0 0
3183 5093 0.917685 -0.391121 0.0698455 -0.00142135 -1.36108e-07 0 0 0
4830 3334 0.676441 -0.295077 -0.674802 -0.00413009 -2.76042e-07 0 0 0
4830 3512 0.24129 0.371795 0.896408 -0.00498647 -2.9442e-07 0 0 0
14 5377 0.857551 -0.472277 -0.203866 -0.0134316 -1.06748e-06 0 0 0
707 579 0.30102 -0.711643 0.634784 -0.00641549 -4.50004e-07 0 0 0
14 2905 0.84469 0.264049 0.465593 -0.00526952 -3.95784e-07 0 0 0
14 3828 0.622858 0.741147 -0.250498 -0.00465771 -4.30431e-07 0 0 0
707 444 0.897206 -0.413485 -0.155086 -0.0127827 -8.73473e-07 0 0 0
4112 4498 -0.0491994 0.84339 0.535044 -0.0141799 -1.03066e-06 0 0 0
4112 4951 0.0161407 0.116507 -0.993059 -0.0068042 -4.96176e-07 0 0 0
14 2645 0.478707 -0.59216 0.648218 -0.012727 -8.11696e-07 0 0 1
14 2231 0.368545 -0.0300736 -0.929123 -0.0198239 -1.32844e-06 0 0 0
3034 2918 0.700014 0.696574 0.157367 -0.00721058 -5.6514e-07 0 0 0
4112 961 0.756127 0.333095 0.563311 -0.00704204 -4.13046e-07 0 0 0
4112 1216 0.834088 -0.545677 0.0808335 -0.000324778 -1.89453e-08 0 0 0
3034 2906 0.311661 -0.656408 -0.687019 -0.0081241 -6.29983e-07 0 0 0
2412 290 0.806857 -0.278956 0.520735 -0.00337345 -2.23243e-07 0 0 0
2262 2047 0.863503 -0.504341 0.00154064 -0.0258661 -1.64641e-06 0 0 0
2412 3830 0.450678 0.753118 -0.479273 -0.0152022 -9.89563e-07 0 0 0
2412 4133 0.239469 0.811566 0.53293 -0.0139863 -9.16686e-07 0 0 0
296 3482 0.641951 -0.329826 0.692181 -0.0312206 -2.25688e-06 0 0 0
4761 314 0.816067 -0.397175 -0.419866 -0.0215798 -1.46191e-06 0 0 0
4761 271 0.256823 0.784966 -0.5638 -0.0115718 -7.72379e-07 0 0 0
4324 4964 0.0713488 0.713308 -0.697209 -0.00447564 -3.18908e-07 0 0 0
4324 1770 0.0937213 -0.873335 0.478019 -0.00341062 -2.39351e-07 0 0 0
209 1231 0.881344 -0.388948 -0.268237 -0.00213618 -1.66502e-07 0 0 0
1203 1380 0.221757 -0.73036 0.646064 -0.000904078 -6.09935e-08 0 0 0
209 1415 0.69003 0.00470747 0.723766 -0.00378929 -2.9233e-07 0 0 0
209 5393 0.0951839 -0.990387 -0.100364 -0.00798882 -5.77722e-07 0 0 0
1779 2382 0.747765 0.599159 -0.286104 -0.00332509 -2.60263e-07 0 0 0
1779 3105 0.12042 0.940561 0.317559 -0.0044982 -3.30514e-07 0 0 0
2364 176 0.549661 0.0756202 -0.831958 -0.00486064 -3.7614e-07 0 0 0
2364 3156 0.795413 -0.600713 -0.080386 -0.00349999 -2.76143e-07 0 0 0
1779 2420 -0.0615145 -0.434078 0.898773 -0.00719339 -6.44254e-07 0 0 0
1058 451 0.665641 0.642409 0.379781 -0.0108843 -7.31144e-07 0 0 0
365 662 0.572651 -0.514925 -0.637905 -0.0143534 -8.97136e-07 0 0 0
365 2562 0.774307 0.000943921 0.632809 -0.0142882 -8.85577e-07 0 0 0
1058 3999 0.495527 -0.02177 -0.86832 -0.0171165 -1.19552e-06 0 0 0
1058 4192 0.0833974 -0.158878 0.98377 -0.024409 -1.8826e-06 0 0 0
2475 1280 0.735334 0.00195231 -0.677702 -0.0209409 -1.69836e-06 0 0 0
1086 2231 0.558539 0.829355 0.0142784 -0.00345968 -2.78885e-07 0 1 0
1086 4711 0.492881 -0.828376 0.266197 -0.00366543 -3.10566e-07 0 0 0
4589 4013 0.676263 0.693016 0.249795 -0.00757568 -5.90433e-07 0 0 0
1482 1908 0.378965 0.670574 0.637743 -0.0119562 -1.02598e-06 0 0 0
95 800 0.373095 0.388274 -0.842641 -0.0148566 -1.18969e-06 0 0 0
1482 1153 0.190442 -0.815235 -0.546922 -0.0114431 -1.04498e-06 0 0 0
5420 2125 0.363965 -0.621049 0.694138 -0.00155472 -1.40473e-07 0 0 0
5420 4761 0.11835 0.281303 -0.952293 -0.00456828 -3.97857e-07 0 0 0
1651 5014 0.692318 0.457274 -0.558208 -0.00620779 -5.06524e-07 0 0 0
3028 4218 0.282753 -0.936134 -0.209054 -0.0115348 -8.31343e-07 0 0 0
3028 2861 0.464824 0.749778 0.470927 -0.0177147 -1.39585e-06 0 0 0
1651 4830 0.164651 0.0495832 0.985105 -0.0161068 -1.36936e-06 0 0 0
551 5121 0.563081 -0.767489 -0.306431 -0.0141414 -1.00111e-06 0 0 0
784 1679 0.723256 0.502507 0.473695 -0.0121088 -7.73156e-07 0 1 0
784 5139 0.658904 0.37669 -0.651115 -0.0257077 -2.31821e-06 0 0 0
784 3207 -0.0673947 -0.168905 0.983326 -0.00545257 -4.69437e-07 0 1 0
1380 5177 0.690506 0.722153 -0.041193 -0.00596392 -4.50901e-07 0 0 0
1380 1597 0.696762 0.109734 0.708859 -0.0170872 -1.04478e-06 0 0 0
1914 1313 0.97167 0.124527 0.200876 -0.0357482 -2.75621e-06 0 0 0
1551 794 -0.00237105 0.040732 0.999167 -0.0142299 -1.40118e-06 0 0 0
1380 2515 0.162683 -0.171476 -0.971664 -0.0220618 -1.36597e-06 0 0 0
2700 3775 0.557131 -0.721269 0.411554 -0.0148301 -1.01709e-06 0 0 0
1551 1085 0.720114 -0.559576 -0.410257 -0.00689034 -6.0261e-07 0 0 0
1551 3595 0.766485 -0.341495 0.543951 -0.0142239 -1.15444e-06 0 0 0
516 1597 0.863387 0.452503 -0.223166 -0.0093117 -7.63865e-07 0 1 0
516 5476 0.458109 -0.633934 -0.623108 -0.0152827 -1.19848e-06 0 0 0
4964 832 0.292224 0.659514 0.692565 -0.00692993 -5.74237e-07 0 0 0
4964 2402 0.378292 -0.668214 -0.640614 -0.0144449 -1.10836e-06 0 0 0
3746 1418 0.639523 0.214802 -0.738154 -0.0226293 -1.58835e-06 0 0 0
3746 4000 0.087517 -0.713611 -0.695054 -0.017223 -1.06474e-06 0 0 0
4964 4058 0.956976 0.246317 0.153375 -0.00138469 -9.33703e-08 0 0 0
4498 1171 0.546416 0.625883 -0.556507 -0.000568259 -4.10989e-08 0 0 0
4498 961 0.868343 -0.491059 0.0695802 -0.0141566 -1.01911e-06 0 0 0
3025 1294 0.718354 -0.687379 0.107135 -0.00330698 -2.56687e-07 0 0 0
934 720 0.477087 0.829462 -0.290483 -0.0112631 -8.47729e-07 0 0 0
934 1740 0.524487 0.481832 0.701963 -0.00335149 -2.5501e-07 0 0 0
3025 3858 0.642802 0.0883011 0.760926 -0.00166792 -1.30486e-07 0 0 0
3433 4872 0.863262 -0.38081 0.331304 -0.00847809 -6.37119e-07 0 0 0
3433 1221 0.409206 0.883502 -0.227981 -0.00287051 -2.28997e-07 0 0 0
3433 4162 0.111584 -0.987259 0.113436 -0.00380156 -2.50517e-07 0 0 0
382 4161 0.843128 0.507745 -0.177003 -0.000661243 -5.27515e-08 0 0 0
3572 1188 0.440459 -0.128612 0.888513 -0.0150921 -1.10156e-06 0 0 0
2859 1961 0.131869 0.140152 -0.981309 -0.025455 -1.96104e-06 0 0 0
3572 4514 0.328943 0.445954 -0.832419 -0.0170749 -1.08354e-06 0 0 0
3572 73 0.102087 -0.988907 -0.107892 -0.000258972 -2.17261e-08 0 0 0
3611 565 0.289425 0.954109 0.0768659 -0.0105834 -6.78757e-07 0 1 0
238 818 0.6181 0.784233 0.0541415 -0.00994892 -7.36413e-07 0 0 0
238 2284 0.608859 -0.722415 0.32773 -0.0130466 -1.05473e-06 0 0 0
2782 957 0.816928 0.0472655 -0.5748 -0.000996404 -8.70655e-08 0 0 0
3611 1320 0.967627 -0.0388825 -0.249372 -0.00767955 -5.14921e-07 0 0 0
2782 3046 0.706055 -0.708145 -0.00414249 -0.00302091 -2.11133e-07 0 0 0
2782 3067 0.28034 -0.479572 0.831517 -0.00163602 -1.25872e-07 0 0 0
4266 4655 0.588673 -0.0891305 0.803442 -0.00899782 -8.12807e-07 0 0 1
4266 5038 0.599317 -0.783154 0.165799 -0.00601732 -3.88529e-07 0 0 0
4266 2645 0.568018 0.774742 0.277725 -0.00457951 -2.877e-07 0 1 1
745 2661 0.73769 -0.492169 -0.46215 -0.0127759 -1.02023e-06 0 0 0
745 551 0.178006 0.449458 0.875386 -0.0073363 -6.14245e-07 0 0 0
5386 3533 0.140472 0.547785 -0.824742 -0.00187654 -1.29037e-07 0 0 0
4128 1088 0.831041 -0.467097 -0.301977 -0.0168037 -1.03215e-06 0 0 0
2727 4544 0.709052 0.472294 0.523626 -0.0054753 -3.50418e-07 0 0 0
2727 2120 0.129227 0.701561 -0.700794 -0.00768099 -4.82924e-07 0 0 0
2727 2255 0.0396232 -0.616181 0.786607 -0.00710447 -6.00218e-07 0 0 0
4118 1194 0.865535 0.500828 -0.00461821 -0.00682872 -5.73398e-07 0 0 0
11 3719 0.416592 -0.908536 -0.0318336 -0.00256585 -1.68676e-07 0 0 0
11 3234 0.356457 0.931477 0.0727237 -0.00101932 -9.25145e-08 0 0 0
3872 2189 0.885609 -0.141266 -0.442426 -0.0180644 -1.52034e-06 0 0 0
3872 1588 0.7165 0.303615 0.628049 -0.00199429 -1.74299e-07 0 0 0
11 3971 0.95228 0.269672 0.142969 -0.0107476 -9.21035e-07 0 0 0
1265 1597 0.803608 -0.549257 -0.229197 -0.00141375 -9.61099e-08 0 0 0
1265 2451 0.183477 -0.268825 0.945552 -0.00129185 -1.09609e-07 0 0 0
5480 4370 0.234291 0.860861 0.451693 -0.00219097 -1.65373e-07 0 1 0
5480 4192 0.226163 -0.958675 -0.172604 -0.00178506 -1.3378e-07 0 0 0
4818 4772 0.938966 -0.105413 0.327461 -0.0116516 -9.92966e-07 0 0 0
1770 1063 -0.00480235 -0.927434 0.373956 -0.00420112 -2.60517e-07 0 0 0
1770 2249 0.213912 -0.169423 -0.962049 -0.0124697 -7.97799e-07 0 0 0
1046 2645 0.725732 0.361878 -0.585113 -0.00795916 -6.23223e-07 0 1 0
1046 784 0.145373 -0.0494716 0.988139 -0.00469123 -3.72363e-07 0 0 0
5329 5348 0.403819 0.135886 -0.904691 -0.0171592 -1.3472e-06 0 0 0
1770 4946 0.76807 -0.270363 0.580494 -0.00473765 -4.01158e-07 0 0 0
1770 111 0.943941 0.16674 -0.284909 -0.00608418 -3.86434e-07 0 0 0
2247 558 0.0168704 -0.697287 0.716593 -0.00166979 -1.46518e-07 0 0 0
5329 313 0.308349 -0.629263 0.713407 -0.00730604 -5.69125e-07 0 0 1
5329 1651 0.0597652 0.374345 0.925362 -0.0144489 -1.07988e-06 0 0 1
2247 5033 0.457412 0.299582 -0.837273 -0.00263087 -2.25709e-07 0 0 0
2247 4343 0.653059 -0.740131 -0.160375 -0.00104298 -6.5937e-08 0 0 0
2247 1621 0.80195 0.320473 0.504156 -0.0018735 -1.21843e-07 0 0 0
240 5232 0.995393 -0.00928321 0.0954307 -0.000327412 -2.39365e-08 0 0 0
240 1240 0.451115 -0.721444 0.52537 -0.00531196 -3.54017e-07 0 0 0
1063 746 0.162881 -0.589844 0.79092 -0.00267088 -1.65083e-07 0 0 0
2963 32 0.886691 0.461449 -0.029053 -0.016121 -1.26123e-06 0 0 0
4912 2592 0.808281 0.0177226 0.58853 -0.0122191 -1.1061e-06 0 0 0
873 4493 0.980717 -0.195215 -0.00917955 -0.0106126 -8.554e-07 0 0 0
908 3138 0.402825 0.744933 -0.531796 -0.00431712 -3.06501e-07 0 0 0
908 3234 0.492252 -0.0611309 0.868303 -0.0111411 -9.07781e-07 0 0 0
873 688 0.273587 -0.908698 0.315306 -0.00490766 -3.56535e-07 0 0 0
954 32 0.866217 -0.490336 -0.0961169 -0.000270532 -1.97097e-08 0 0 0
252 3845 0.216775 -0.506898 0.834304 -0.018758 -1.4434e-06 0 0 0
3096 3697 0.827158 0.508181 -0.239919 -0.006067 -4.71184e-07 0 0 0
252 4632 0.724353 0.525324 -0.446483 -0.0160847 -1.22947e-06 0 0 0
3096 2514 0.503381 0.348558 0.790642 -0.00690855 -6.34241e-07 0 0 0
4846 2810 0.75333 0.622662 -0.211627 -0.00346319 -2.7103e-07 0 0 0
992 594 0.279021 -0.902697 -0.327544 -0.007801 -6.34464e-07 0 0 0
4846 3661 0.4841 0.590461 0.645758 -0.00610112 -4.84603e-07 0 0 0
992 3227 0.5122 0.609239 -0.605375 -0.00228909 -1.89126e-07 0 0 0
4846 1353 0.346073 -0.687971 0.63791 -0.00968757 -5.74837e-07 0 0 0
1100 5348 0.488023 0.712569 0.504063 -0.00388629 -3.40201e-07 0 0 0
1100 3819 0.413969 -0.374763 0.829568 -0.00135026 -1.29416e-07 0 0 0
4338 1717 0.57429 0.348453 -0.740792 -0.0121645 -1.01374e-06 0 0 0
3305 2568 0.578439 0.0912553 -0.810605 -0.00501125 -4.18977e-07 0 0 0
4338 3371 0.84427 -0.00882026 0.535845 -0.00166152 -1.27418e-07 0 0 0
3305 283 0.449299 0.352546 0.820879 -0.0104794 -9.73281e-07 0 0 0
35 2412 0.135517 0.960518 0.242984 -0.0221295 -1.45846e-06 0 0 0
35 3872 -0.00960181 -0.619804 0.784698 -0.00739951 -5.76206e-07 0 0 0
35 2963 -0.0197856 -0.394286 -0.918775 -0.0146123 -1.13533e-06 0 0 0
3289 16 0.583025 0.702757 -0.407694 -0.00766881 -6.23197e-07 0 0 0
898 526 0.998959 0.0450717 -0.00702105 -0.0105417 -9.69119e-07 0 0 0
898 589 0.574794 0.248499 0.779654 -0.0113882 -6.32672e-07 0 0 0
898 4118 -0.00460912 -0.772586 -0.634893 -0.0046195 -3.1711e-07 0 0 0
1393 4167 0.265018 -0.941813 -0.206771 -0.00321687 -2.00417e-07 0 0 0
2821 2412 0.215182 0.695597 -0.68545 -0.00247249 -1.896e-07 0 0 0
1393 4668 0.722922 -0.095486 -0.6843 -0.00744619 -5.202e-07 0 0 0
2821 1779 0.263786 0.462655 0.846385 -0.00565521 -4.65711e-07 0 0 0
1765 1609 0.296089 0.926622 -0.23174 -0.00754746 -5.93503e-07 0 0 0
1765 832 0.418976 -0.389569 0.82018 -0.0111402 -8.758e-07 0 0 0
1765 138 0.804909 -0.0319866 -0.592536 -0.0115271 -1.03235e-06 0 0 0
2821 3872 0.0685969 -0.981225 -0.180254 -0.00377639 -2.79523e-07 0 0 0
2286 1705 0.87537 -0.467996 -0.121273 -0.00218609 -1.48293e-07 0 0 0
2286 2574 0.772831 0.458095 -0.439183 -0.0131634 -7.25365e-07 0 0 0
5499 2119 0.608651 0.347785 -0.713155 -0.0196652 -1.47771e-06 0 0 0
2286 987 0.485353 0.567471 0.665138 -0.00306249 -2.91086e-07 0 0 0
5499 4668 0.87332 -0.340968 0.347926 -0.0167292 -1.13514e-06 0 0 0
2286 271 0.287026 -0.255297 0.923277 -0.0257052 -1.6567e-06 0 0 0
4963 3670 0.509569 0.188493 -0.83953 -0.00785471 -5.55232e-07 0 0 0
2286 2475 -0.0375495 0.403007 -0.914426 -0.00546347 -5.03253e-07 0 0 0
660 2942 0.885325 -0.123557 0.448256 -0.0194347 -1.37904e-06 0 0 0
5099 2783 0.984462 0.0961989 0.146904 -0.00552768 -4.22563e-07 0 0 0
5099 340 0.569138 -0.155426 -0.807418 -0.0051603 -4.52101e-07 0 0 0
3874 336 0.341584 -0.611069 0.714084 -0.0037681 -2.75232e-07 0 0 0
5097 1992 0.509216 -0.754208 -0.414571 -0.00117884 -8.67301e-08 0 0 0
3874 4811 0.702223 0.710531 0.0450398 -0.0123095 -1.02407e-06 0 0 0
5097 4303 0.392663 0.869814 -0.298728 -0.00941135 -7.56424e-07 0 0 0
5097 209 0.186432 -0.765249 0.616147 -0.0124165 -8.88183e-07 0 0 0
4410 1598 0.647467 0.503988 -0.57165 -0.0124753 -7.63991e-07 0 0 0
4951 5041 0.014667 0.430323 -0.902556 -0.00555438 -3.76977e-07 0 0 0
4951 1857 0.308804 -0.555994 -0.771693 -0.00691758 -4.81463e-07 0 0 0
4410 4229 0.310431 -0.949473 -0.0461884 -0.0155913 -9.35065e-07 0 0 0
4951 3574 0.763119 0.63945 0.0935591 -0.0063422 -4.66624e-07 0 0 0
1584 812 0.997028 0.00927433 0.0764829 -0.0156651 -1.13662e-06 0 0 0
1584 2580 0.272096 0.958508 -0.0850001 -0.00340997 -2.06144e-07 0 0 0
3497 5443 0.808889 0.321315 0.492398 -0.0170298 -1.10904e-06 0 0 0
965 3446 0.740294 0.423326 0.522265 -0.00486665 -3.18805e-07 0 0 0
965 4801 0.759996 -0.591698 0.268885 -0.00280575 -1.71648e-07 0 0 0
4762 5053 0.336821 -0.0581992 0.939768 -0.0180579 -1.45554e-06 0 0 0
3118 1834 0.187141 -0.544792 -0.817423 -0.000454886 -3.87358e-08 0 0 0
3497 3111 0.600514 0.507399 -0.618004 -0.00327188 -2.61028e-07 0 0 0
3497 2514 0.345948 -0.885111 -0.311284 -0.0135206 -7.49461e-07 0 0 0
3141 449 0.710764 -0.703227 -0.0169281 -0.0095272 -6.25999e-07 0 0 0
3141 688 0.157086 0.846422 0.508816 -0.0167985 -1.4006e-06 0 0 0
3141 3034 0.0160159 0.539596 -0.841772 -0.0101588 -8.91195e-07 0 0 0
2352 1661 0.357606 0.92791 -0.105364 -0.000392057 -3.33616e-08 0 0 0
2352 1265 0.197062 -0.980204 -0.0191591 -0.00143791 -1.2406e-07 0 0 0
2305 1679 0.981471 -0.160125 -0.105236 -0.000556931 -4.41241e-08 0 0 0
2305 784 0.223691 -0.732828 -0.642593 -0.00603346 -4.53485e-07 0 -1 0
2305 3289 0.0465878 0.632778 0.772931 -0.00563353 -3.99328e-07 0 0 0
2447 481 0.827347 0.231176 0.511912 -0.00147035 -1.11399e-07 0 0 0
2680 2612 0.397938 0.760181 0.513585 -0.0134364 -1.1931e-06 0 0 0
3699 2337 0.845275 0.474783 -0.245137 -0.00160571 -1.0735e-07 0 0 0
2680 4990 0.728106 0.304491 -0.614123 -0.0186169 -1.3601e-06 0 0 0
5041 746 0.170949 0.922992 0.344764 -0.00387912 -2.7458e-07 0 0 0
5041 669 0.202677 -0.642421 -0.739065 -0.00720977 -6.17852e-07 0 0 0
3699 1221 0.559897 -0.297226 -0.773416 -0.00251809 -2.00208e-07 0 0 0
33 4609 0.876049 -0.459514 0.146234 -0.00386959 -2.89813e-07 0 0 0
3403 676 0.951657 -0.0149657 -0.306799 -0.00629746 -4.64354e-07 0 0 0
3403 3612 0.268375 0.486602 0.83138 -0.00301918 -2.1414e-07 0 0 0
3403 4761 0.218429 -0.675963 -0.70382 -0.00561524 -3.88309e-07 0 0 0
869 147 0.57904 0.390085 -0.715924 -0.00397425 -2.76243e-07 0 0 0
2671 4544 0.95388 -0.11216 -0.278448 -0.0134144 -1.02081e-06 0 0 0
3316 1448 0.719921 -0.0730345 0.690203 -0.014194 -1.03023e-06 0 0 0
2671 2228 0.60626 -0.576906 0.547383 -0.00975503 -8.24325e-07 0 0 1
256 4167 0.220823 0.7055 -0.673429 -0.00407237 -2.5604e-07 0 0 0
581 3026 0.864952 0.386672 0.319909 -0.00699237 -5.11485e-07 0 0 0
256 3493 0.688173 -0.599384 0.408848 -0.00913036 -5.21351e-07 0 0 0
581 1625 0.515598 -0.346974 -0.783433 -0.0119396 -8.28632e-07 0 0 0
1671 2420 0.375334 0.525897 0.763254 -0.00425921 -3.41967e-07 0 0 0
3986 2187 0.0451839 0.790168 0.611222 -0.00298694 -2.10635e-07 0 0 0
1671 1779 0.380997 0.88641 -0.262906 -0.00295157 -2.79011e-07 0 0 0
3986 62 0.301459 0.242843 -0.922036 -0.00859256 -6.32024e-07 0 0 0
3986 5416 0.847258 0.515746 0.127123 -0.00500875 -4.00146e-07 0 0 0
2865 3770 0.996757 0.0285811 -0.0752183 -0.0131716 -1.04711e-06 0 0 0
1665 1654 0.372172 -0.469682 0.800554 -0.0109134 -9.36629e-07 0 0 0
1665 1571 0.486994 0.68716 -0.539118 -0.0101915 -6.92659e-07 0 0 0
2865 2782 0.254725 -0.966885 0.0157713 -0.00210604 -1.71427e-07 0 0 0
3943 1090 0.951114 -0.19558 0.239021 -0.00907011 -6.29521e-07 0 0 0
1665 3159 0.989396 -0.0392557 -0.139838 -0.0136476 -9.77076e-07 0 0 0
5054 1130 0.0948236 -0.560088 -0.822989 -0.00327074 -2.5744e-07 0 0 0
3943 2228 0.425512 0.799286 -0.42436 -0.00946841 -9.06387e-07 0 0 0
5054 1919 0.771363 0.590409 -0.237522 -0.00410138 -3.31378e-07 0 0 0
3943 831 0.30945 -0.916307 0.25421 -0.0127561 -7.89509e-07 0 0 0
4425 1540 0.0306188 -0.108013 -0.993678 -0.00875795 -6.4063e-07 0 0 0
3943 2255 0.134373 0.0914909 -0.986698 -0.00889887 -7.99521e-07 0 0 -1
1203 443 0.824315 0.00503116 -0.566108 -0.00237745 -1.57755e-07 0 0 0
1203 2447 -0.0139647 0.50723 0.861697 -0.00184079 -1.40874e-07 0 0 0
5215 2058 0.799233 0.415999 -0.433787 -0.00540099 -3.87542e-07 0 0 -1
4425 709 0.947114 0.0156287 -0.320517 -0.00490846 -3.42461e-07 0 0 0
1130 3138 0.258674 -0.324115 0.909966 -0.00466942 -2.94806e-07 0 0 0
1130 720 0.208878 -0.805998 -0.553839 -0.00477384 -3.86255e-07 0 0 0
1130 2615 0.669649 0.689486 -0.276007 -0.00865639 -5.32527e-07 0 0 0
5215 5014 0.80142 -0.245006 0.545617 -0.020175 -1.36901e-06 0 0 0
1130 3233 0.862679 -0.49465 0.105384 -0.00735011 -5.47123e-07 0 0 0
2913 2593 0.312705 0.14254 -0.939094 -0.00575659 -3.90171e-07 0 0 0
5215 1489 0.495851 0.772066 0.397549 -0.00396527 -3.14317e-07 0 0 0
2039 2906 0.525526 0.544706 -0.653542 -0.0154505 -1.09152e-06 0 0 0
2913 4962 0.747994 0.539681 0.386327 -0.0159467 -1.2302e-06 0 0 0
2039 3141 0.181331 0.521506 0.833757 -0.0136121 -1.08557e-06 0 0 0
1297 1080 0.66137 0.431923 -0.613215 -0.00786774 -6.69676e-07 0 0 0
2827 4434 0.424241 0.266758 -0.865367 -0.0108799 -7.72708e-07 0 0 -1
2827 1832 0.588892 0.682737 0.432523 -0.0105003 -6.08802e-07 0 0 0
2827 1461 0.966233 -0.238831 0.0967162 -0.0165185 -1.01107e-06 0 0 0
3149 1588 0.794276 0.578545 -0.185506 -0.00336689 -2.54995e-07 0 0 0
1141 2376 0.219102 -0.145348 -0.964815 -0.00180265 -1.33141e-07 0 0 0
1141 3339 0.226741 0.734684 0.639397 -0.00063658 -5.16057e-08 0 0 0
1141 19 0.655249 -0.411727 0.633348 -0.00197418 -1.27526e-07 0 0 0
1141 3671 0.820956 0.48896 -0.294873 -0.00371758 -2.33621e-07 0 0 0
5386 3529 0.855678 -0.140803 -0.497985 -0.00077574 -7.03643e-08 0 -1 0
1961 3961 0.517632 -0.839856 -0.163399 -0.00387404 -3.19508e-07 0 0 0
1961 837 0.657386 0.596627 -0.460303 -0.0199302 -1.53962e-06 0 0 0
3149 3872 0.124252 0.338509 -0.932724 -0.00854701 -6.57341e-07 0 0 0
3149 1671 -0.0580527 0.879223 0.472861 -0.00522377 -4.48267e-07 0 0 0
558 2049 0.75988 0.00782684 0.650017 -0.00561381 -4.9467e-07 0 0 0
3959 261 0.919545 0.316144 0.233429 -0.0108476 -1.03211e-06 0 0 0
3959 2647 0.256085 0.962742 -0.0868832 -0.0142072 -1.30073e-06 0 0 0
3959 3164 0.254963 -0.950841 0.175769 -0.012807 -7.51574e-07 0 0 0
2187 4570 0.617143 -0.453775 0.642824 -0.00191074 -1.55016e-07 0 0 0
2187 5416 0.802112 -0.308641 -0.511232 -0.00669708 -5.33779e-07 0 0 0
2555 3396 0.867477 -0.0540652 -0.49453 -0.0169963 -1.39137e-06 0 0 0
2555 993 0.410948 0.295374 0.862482 -0.0105234 -7.88279e-07 0 0 0
5191 299 0.225 -0.835218 -0.501782 -0.00525618 -3.4196e-07 0 0 0
5191 2553 0.315921 -0.771888 0.551709 -0.00579829 -3.93928e-07 0 0 0
1616 1908 0.592593 -0.210124 0.777613 -0.00223467 -1.85722e-07 0 0 0
1616 1515 0.567696 -0.419967 -0.708061 -0.00411303 -3.62323e-07 0 0 0
1616 1482 0.239771 -0.957141 0.162453 -0.002677 -2.12091e-07 0 0 0
5191 2340 0.952048 0.00750347 0.305858 -0.00602629 -3.8544e-07 0 0 0
342 3845 0.187005 0.915844 0.355329 -0.0137163 -1.26867e-06 0 0 0
1616 1297 0.0527847 0.744719 -0.665287 -0.00786783 -6.39064e-07 0 0 0
5126 1793 0.679343 -0.540823 0.495987 -0.00928855 -7.50155e-07 0 0 0
342 1448 0.728104 0.476922 -0.492352 -0.00525981 -4.29144e-07 0 0 0
342 3875 0.932459 -0.35691 0.0559932 -0.010579 -8.33946e-07 0 0 0
5126 2448 0.412295 0.838092 0.357233 -0.00539874 -4.88332e-07 0 0 0
691 4710 0.659699 -0.467261 -0.588612 -0.0207641 -1.7824e-06 0 0 0
224 5008 0.148451 0.473064 0.868431 -0.0162061 -1.19927e-06 0 0 0
224 2562 0.556081 -0.651041 -0.516643 -0.0218012 -1.34029e-06 0 0 0
691 2647 0.512814 -0.477245 0.713624 -0.0341287 -2.69528e-06 0 0 0
224 4759 0.842035 -0.0821479 0.533131 -0.00396537 -2.78165e-07 0 0 0
691 784 0.35098 0.916156 0.193576 -0.0186214 -1.67737e-06 0 0 0
1567 3799 0.872634 -0.460939 -0.161385 -0.00456479 -2.99382e-07 0 0 0
2768 1571 0.394716 0.709908 0.583292 -0.0196053 -1.36613e-06 0 0 0
1567 2231 0.631704 -0.139413 0.762571 -0.0232596 -1.53296e-06 0 0 0
2768 3252 0.727142 -0.0807282 -0.681724 -0.00363175 -2.21882e-07 0 0 0
1567 4282 0.594525 0.559153 -0.57783 -0.0232364 -1.51508e-06 0 0 0
1567 4370 0.280263 -0.379471 -0.881734 -0.0141973 -1.18377e-06 0 0 0
5190 4877 0.916158 0.185851 0.355125 -0.0218743 -1.83043e-06 0 0 1
387 5170 0.259809 -0.762712 -0.592259 -0.00335653 -2.13914e-07 0 0 0
5190 3819 0.406127 0.909983 -0.0836221 -0.0146532 -1.00325e-06 0 0 0
5190 14 0.279638 0.0587495 -0.958306 -0.00553464 -3.65683e-07 0 0 0
5190 1046 0.107297 -0.960465 0.256892 -0.0046636 -3.61052e-07 0 -1 1
5462 4651 0.518629 -0.851838 0.0734561 -0.0106081 -7.75417e-07 0 0 0
387 1437 0.863833 -0.202556 0.461264 -0.0113199 -7.0584e-07 0 0 0
2281 2155 0.79897 0.374353 -0.470645 -0.00553612 -4.44678e-07 0 0 0
2263 3329 0.50435 0.0951658 0.858239 -0.0143826 -1.06692e-06 0 0 0
3845 3549 0.211303 0.0639761 0.975325 -0.0279609 -2.33164e-06 0 0 1
4563 147 0.625115 0.0235745 0.780176 -0.00244571 -1.71862e-07 0 0 0
3845 1448 0.439431 -0.476636 -0.761393 -0.0209272 -1.685e-06 0 0 0
4563 745 0.181907 0.623016 -0.760763 -0.00280692 -2.09522e-07 0 0 0
801 1966 0.881825 -0.340698 -0.326052 -0.0157502 -1.11542e-06 0 0 0
801 541 0.669806 0.713321 -0.206237 -0.0171317 -1.45593e-06 0 0 0
4505 1846 0.431388 -0.636204 -0.639647 -0.00538946 -4.01081e-07 0 0 0
4505 933 0.819761 0.418568 0.390888 -0.00626247 -5.45658e-07 0 0 0
1540 2745 0.217884 -0.0188568 -0.975793 -0.010858 -7.81738e-07 0 0 0
1540 5007 0.664484 0.701434 -0.257783 -0.00554506 -4.0899e-07 0 0 0
801 3105 0.389895 -0.889337 0.238874 -0.0115642 -8.39543e-07 0 0 0
4284 2284 0.833468 0.232183 0.501421 -0.0025102 -2.03664e-07 0 0 0
1637 746 0.0565437 -0.990635 -0.124278 -0.0202721 -1.30198e-06 0 0 0
1637 3506 0.177415 0.9706 0.162662 -0.0162262 -1.10908e-06 0 0 0
1229 1599 0.662048 -0.0316424 0.748793 -0.00549483 -4.91795e-07 0 0 0
1637 94 0.866338 -0.445752 0.225308 -0.00812911 -5.47462e-07 0 0 0
5336 291 0.171772 0.714294 -0.678438 -0.00253782 -1.88377e-07 0 0 0
1229 987 0.650633 -0.759377 -0.00490924 -0.0113892 -1.05806e-06 0 0 0
2876 3727 0.571295 0.0570453 0.81876 -0.00890014 -5.95928e-07 0 0 0
5336 2100 0.747112 -0.417633 -0.517113 -0.00457581 -3.5359e-07 0 0 0
2876 1353 0.553723 0.389529 -0.735974 -0.013737 -9.19388e-07 0 0 0
2876 2549 0.268212 0.939158 0.214579 -0.0178223 -1.53621e-06 0 0 0
2463 2515 0.571591 0.368559 0.733108 -0.0188053 -1.60142e-06 0 1 0
2463 3207 0.358774 -0.699434 -0.618121 -0.0109999 -8.38469e-07 0 1 0
2463 2305 0.164166 0.335252 -0.927715 -7.73771e-05 -6.17713e-09 0 1 0
2019 4330 0.439757 -0.87119 0.218272 -0.00663975 -5.55126e-07 0 0 0
2748 4808 0.790844 0.418274 0.44678 -0.0130823 -9.85922e-07 0 0 0
99 1554 -0.0428629 0.993379 -0.106585 -0.00250586 -1.86668e-07 0 0 0
1709 3999 0.686341 0.685148 -0.243943 -0.0128507 -7.87225e-07 0 0 0
99 1478 0.649924 -0.75956 -0.0258243 -0.0125806 -8.98632e-07 0 0 0
1709 1058 0.224382 0.748797 0.623664 -0.0130359 -8.95397e-07 0 0 0
99 5500 0.788713 0.179291 -0.588036 -0.0112029 -7.81726e-07 0 0 0
794 3027 0.23014 0.833083 0.502999 -0.0104627 -8.33856e-07 0 0 0
794 3864 0.530304 -0.71289 0.458875 -0.00900981 -7.68547e-07 0 0 0
1709 1229 0.0433521 -0.974213 -0.221425 -0.0101957 -6.32578e-07 0 0 0
1801 4282 0.704569 -0.348275 -0.618294 -0.00534392 -3.97884e-07 0 0 0
1801 4330 0.392731 0.71472 0.578738 -0.0221905 -1.91579e-06 0 0 0
1801 1567 0.0944691 -0.995317 -0.020509 -0.0181235 -1.25792e-06 0 0 0
5239 3396 0.921705 -0.102776 0.374027 -0.0126134 -1.02174e-06 0 0 0
5239 2555 0.0664337 -0.0562549 0.996204 -0.00885024 -6.32908e-07 0 0 0
1127 467 0.88461 0.351085 -0.306927 -0.0118277 -8.02062e-07 0 0 0
2216 2861 0.329286 -0.750557 -0.572918 -0.0032794 -2.62323e-07 0 0 0
2216 2119 0.574065 0.527014 0.626662 -0.00656786 -6.31291e-07 0 0 0
1127 3612 0.300582 -0.838324 0.454822 -0.0135418 -1.01718e-06 0 0 0
2216 2435 0.973791 -0.0443086 -0.223087 -0.00425621 -3.39438e-07 0 0 0
4344 1418 0.942839 -0.310967 0.11981 -0.0178922 -1.22612e-06 0 0 0
3301 4343 0.597315 -0.241389 0.764818 -0.00322305 -2.63789e-07 0 0 0
3301 3550 0.654332 0.375573 -0.65635 -0.0118372 -9.2383e-07 0 0 0
4344 2748 -0.00945859 0.742972 0.669256 -0.00335057 -2.28016e-07 0 0 0
272 2991 0.979887 -0.136971 -0.145121 -0.0143036 -9.8847e-07 0 0 0
272 2031 0.612971 0.626287 -0.481696 -0.0191093 -1.73754e-06 0 0 0
272 1344 0.58957 0.250395 0.767925 -0.00737393 -5.37443e-07 0 0 0
272 586 0.463041 -0.881517 0.0923047 -0.00879282 -6.99876e-07 0 0 0
3522 491 -0.00303152 -0.908158 -0.418616 -0.0092169 -7.59667e-07 0 0 -1
3522 3670 0.353679 0.933482 -0.0593437 -0.00983447 -6.94533e-07 0 0 0
3522 4476 0.676436 -0.11269 -0.727829 -0.0119673 -8.59941e-07 0 0 -1
272 2125 0.38534 -0.383749 -0.839196 -0.00357941 -2.32397e-07 0 0 0
697 3686 0.995999 -0.08893 -0.00880627 -0.00345491 -2.43333e-07 0 0 0
4218 2212 0.585235 0.490966 0.645331 -0.000131566 -8.37343e-09 0 0 0
4218 4739 0.22498 -0.156858 -0.961655 -0.012995 -1.19349e-06 0 0 0
697 2580 0.477598 0.312607 -0.821083 -0.00917008 -6.23024e-07 0 0 -1
697 2448 0.388133 -0.0414984 0.920668 -0.012808 -9.01869e-07 0 0 0
4218 4962 0.589729 -0.775967 -0.223819 -0.0181074 -1.42974e-06 0 0 0
1978 5467 0.513068 -0.518334 -0.684172 -0.0113153 -8.45708e-07 0 0 0
1978 3386 0.45937 -0.811373 0.361459 -0.00922835 -7.80543e-07 0 0 0
1005 2119 0.34717 -0.65371 0.672411 -0.0235235 -1.35328e-06 0 0 0
1005 933 0.556998 0.0779421 -0.826848 -0.0182166 -1.03827e-06 0 0 0
1005 4919 0.862523 -0.487782 -0.134622 -0.00302056 -2.45127e-07 0 0 0
3990 3067 0.694498 0.666541 0.270915 -0.0091152 -7.15699e-07 0 0 0
3990 551 0.453673 -0.553654 -0.698318 -0.0136003 -1.2516e-06 0 0 0
594 4256 0.113015 -0.400624 -0.909246 -0.0264062 -2.24112e-06 0 0 0
594 4697 0.253133 0.280844 0.92577 -0.0106133 -6.19375e-07 0 0 0
594 3354 0.534351 0.664155 -0.522845 -0.000790826 -5.4684e-08 0 0 0
594 933 0.584343 -0.626856 0.51536 -0.017375 -1.04187e-06 0 -1 0
4048 2058 0.720829 -0.691725 0.0438453 -0.0208201 -1.64506e-06 0 0 0
4048 2420 0.238421 0.947827 -0.21161 -0.00630743 -5.74518e-07 0 0 0
746 2049 0.496827 -0.310548 -0.810384 -0.0176047 -1.10495e-06 0 0 0
746 3574 0.566462 -0.60079 0.564068 -0.0132585 -8.59138e-07 0 0 0
746 94 0.801125 0.493093 0.339201 -0.00501233 -3.23011e-07 0 0 0
1271 725 0.853163 0.265374 0.449099 -0.00271513 -1.75572e-07 0 0 0
1271 2700 0.206754 -0.942741 0.26171 -0.0139901 -9.74475e-07 0 0 0
1271 3746 0.231402 -0.113579 -0.966205 -0.0279443 -1.6989e-06 0 0 0
5281 3252 0.698919 -0.71169 0.0707807 -0.00120742 -8.00674e-08 0 0 0
5281 2317 0.743091 0.103379 0.661156 -0.000419543 -3.5684e-08 0 0 0
1271 4118 0.187189 0.981715 -0.0345933 -0.00943501 -6.32655e-07 0 0 0
2249 5033 0.143642 -0.80583 -0.574461 -0.0126573 -1.17789e-06 0 0 0
1525 3305 0.209162 -0.975869 -0.0627037 -0.00137111 -1.09151e-07 0 0 0
1525 869 0.160251 0.509442 0.845451 -0.00131722 -1.07456e-07 0 0 0
1191 1354 0.566942 0.206093 0.79756 -0.00565659 -4.59342e-07 0 0 0
2249 111 0.690573 0.319874 0.648683 -0.00405327 -2.2574e-07 0 0 0
1191 3612 0.521257 -0.681253 -0.51399 -0.0033082 -2.75274e-07 0 0 0
1191 1127 0.164882 0.253366 -0.953215 -0.00647169 -5.84369e-07 0 0 0
2213 2178 0.878164 -0.266982 0.396923 -0.00860601 -4.98876e-07 0 0 0
2213 1240 0.589436 0.655306 -0.472376 -0.0189581 -1.15825e-06 0 0 0
1270 4568 0.858693 0.31165 -0.406841 -0.000472718 -3.98349e-08 0 0 0
579 444 0.56207 0.302158 -0.76992 -0.0311864 -2.01787e-06 0 0 0
1530 930 0.89625 -0.260809 0.358769 -0.0109739 -7.84028e-07 0 0 0
579 5020 0.96397 -0.141545 0.225225 -0.00649352 -4.09317e-07 0 0 0
1554 4264 0.0170515 0.96702 0.25413 -0.00379507 -2.56725e-07 0 0 0
1530 3833 0.474271 0.220634 -0.852284 -0.00947445 -6.92869e-07 0 0 -1
4398 3381 0.836299 -0.54706 0.0364639 -0.00567768 -5.05703e-07 0 0 0
4398 2526 0.61672 0.707177 0.34577 -0.0069728 -5.14765e-07 0 0 0
2360 633 0.367825 -0.260115 0.892774 -0.00990319 -7.33484e-07 0 0 0
4398 3727 0.51599 0.251744 -0.818767 -0.00487801 -2.69544e-07 0 0 0
2360 442 0.452499 0.395584 -0.799224 -0.00737584 -5.20721e-07 0 0 0
34 16 0.814371 0.433298 0.386073 -0.00864263 -7.48951e-07 0 0 0
34 2305 0.20591 -0.969637 0.131932 -0.0014296 -1.07905e-07 0 0 0
1700 313 0.632814 -0.297547 -0.714851 -0.00514523 -4.36817e-07 0 0 0
3161 3673 0.545816 0.82382 0.152988 -0.0172531 -1.39548e-06 0 0 0
3161 4273 0.712914 -0.200593 -0.67195 -0.0140485 -1.13843e-06 0 0 0
3161 183 0.92374 -0.182059 0.336986 -0.000358578 -2.90254e-08 0 0 0
1883 804 0.08219 0.9522 -0.294212 -0.00367526 -2.85054e-07 0 0 0
1883 4632 0.586852 -0.799153 0.13023 -0.00235804 -1.99777e-07 0 0 0
1883 3560 0.753514 -0.0161574 -0.657234 -0.00109118 -9.19922e-08 0 0 0
1700 4830 0.514593 0.708015 0.483641 -1.69855e-05 -1.55216e-09 0 0 0
2392 4011 0.914694 0.00733215 0.40408 -0.00733203 -5.40604e-07 0 0 0
2518 3860 0.876554 0.356963 -0.322847 -0.014269 -1.067e-06 0 0 0
2097 4691 -0.0564485 -0.844524 0.532534 -0.00210138 -1.78029e-07 0 0 0
2097 5140 0.0521856 -0.787934 -0.613544 -0.0195839 -1.75044e-06 0 0 0
2518 2792 0.499548 0.0594805 0.864242 -0.00869689 -7.21145e-07 0 0 0
2518 5069 0.474979 -0.836615 -0.272892 -0.0110088 -7.93584e-07 0 -1 0
2097 4759 0.72547 0.547895 -0.416538 -0.0127462 -9.01776e-07 0 0 0
2097 506 0.963708 -0.114112 0.241341 -0.00662586 -4.21669e-07 0 0 0
2518 4912 0.229194 0.946701 0.226337 -0.00169496 -1.38183e-07 0 0 0
491 299 0.234163 -0.716201 0.657438 -0.00748804 -6.8666e-07 0 0 1
491 3790 0.560135 -0.604381 -0.566544 -0.0168729 -1.50598e-06 0 0 0
3387 3999 0.87159 -0.129046 0.472946 -0.00692 -5.27183e-07 0 0 0
2227 3663 0.921456 -0.188203 -0.33985 -0.0077115 -7.26239e-07 0 0 0
4092 875 0.0650614 0.970181 -0.233486 -0.00584092 -4.75008e-07 0 0 0
4092 2289 0.208488 -0.575409 -0.790846 -0.0124958 -8.18289e-07 0 0 0
4092 2406 0.155328 -0.73674 0.658093 -0.011399 -9.49101e-07 0 0 0
2227 1793 0.559898 0.582793 -0.588953 -0.0039804 -3.04431e-07 0 0 0
2227 4651 0.476076 0.296638 0.827864 -0.00902446 -6.035e-07 0 0 0
2227 3943 0.132137 -0.720057 -0.681218 -0.00480528 -2.71128e-07 0 0 0
2227 2392 -0.102292 0.984108 -0.14515 -0.00275054 -2.23304e-07 0 0 0
3078 3768 0.807755 -0.321759 0.493966 -0.00253316 -2.02296e-07 0 0 0
3078 3958 0.580455 0.625555 -0.521299 -0.00384812 -2.65514e-07 0 0 0
757 4801 0.772355 0.363685 0.52077 -0.00256213 -2.24095e-07 0 0 0
3541 4846 0.260413 -0.0563606 0.963851 -0.0237583 -1.51201e-06 0 0 0
4264 5316 0.147218 0.62544 0.766258 -0.00444889 -3.70313e-07 0 0 0
3541 3141 0.244109 0.674776 -0.696483 -0.0100699 -6.71445e-07 0 0 0
4264 2855 0.808685 -0.297947 -0.507205 -0.00178216 -1.22187e-07 0 0 0
4264 5305 0.91017 0.204606 0.360177 -0.00102075 -7.05342e-08 0 0 0
149 5174 0.115635 0.691427 0.713132 -0.0134192 -9.55744e-07 0 0 0
780 2112 0.739661 -0.395291 0.544653 -0.0173379 -1.16018e-06 0 0 0
149 1794 0.615643 0.0246868 -0.787638 -0.0122562 -9.40634e-07 0 0 0
149 1292 0.89794 -0.321212 0.300875 -0.0197874 -1.48367e-06 0 0 0
2925 4625 0.0623584 -0.255477 -0.964802 -0.00519533 -3.64535e-07 0 0 -1
780 1188 0.652887 0.756956 0.0275017 -0.00688651 -5.34962e-07 0 0 0
2925 1519 0.352553 -0.314326 0.881423 -0.00428788 -3.12627e-07 0 0 0
780 73 0.344081 -0.0169112 -0.938788 -0.000521508 -4.66262e-08 0 0 0
780 3387 -0.114448 0.836453 0.535956 -0.00807168 -6.38646e-07 0 0 0
3436 4258 0.892479 -0.371289 -0.256175 -0.0224858 -1.71989e-06 0 0 0
3436 4223 0.455566 -0.105586 0.883918 -0.0173198 -1.57148e-06 0 0 0
3436 2792 0.394766 0.918515 -0.022157 -0.00770622 -6.90862e-07 0 0 0
1748 2526 0.749724 0.251272 -0.61219 -0.00869975 -6.04102e-07 0 0 0
804 1870 0.671692 0.20977 0.710511 -0.00181802 -1.33368e-07 0 0 0
804 4006 0.789456 0.0735488 -0.609385 -0.00542775 -4.6656e-07 0 0 0
1748 3958 0.580179 -0.161976 0.79822 -0.00571894 -4.00712e-07 0 0 0
1748 33 0.215923 -0.948815 0.230493 -0.00628138 -4.052e-07 0 0 0
1748 4398 0.0856999 -0.452948 -0.887408 -0.00640174 -4.16297e-07 0 0 0
2520 4972 0.563204 0.344537 0.751063 -0.0185127 -1.20622e-06 0 1 0
826 4532 0.760221 -0.0920907 0.643104 -0.00717572 -5.31748e-07 0 0 0
2520 516 0.278408 0.289205 -0.915887 -0.013699 -1.09292e-06 0 0 0
2520 2555 0.0837943 -0.983931 -0.157664 -0.00433128 -3.31135e-07 0 0 0
3218 3973 0.573532 -0.696141 -0.431797 -0.0230402 -1.81206e-06 0 0 0
3218 3865 0.524867 0.317933 0.789578 -0.0105585 -8.53442e-07 0 0 0
3218 1530 0.0278225 0.66608 -0.745361 -0.0204734 -1.47645e-06 0 0 0
3535 592 0.10856 0.728788 0.676078 -0.00492436 -4.63545e-07 0 0 0
3535 4530 0.492348 -0.668797 -0.55705 -0.0157234 -1.35984e-06 0 0 -1
5306 14 0.515815 0.832057 0.204 -0.0032759 -2.75469e-07 0 1 0
3535 3540 0.64652 0.0735655 0.759342 -0.00740976 -6.9036e-07 0 0 0
3535 3051 0.708513 0.705608 0.0112624 -0.00850008 -7.09313e-07 0 0 0
5306 1086 0.423368 0.00684822 -0.905932 -0.0124065 -9.25522e-07 0 0 0
5306 4266 0.434754 -0.652038 0.621157 -0.00676783 -5.59928e-07 0 0 0
749 2743 0.867468 -0.495396 0.0456259 -0.0108788 -8.2559e-07 0 0 0
749 2281 0.111563 -0.913346 -0.391604 -0.0013602 -9.02653e-08 0 0 0
749 2213 0.0871702 0.697243 -0.711515 -0.0104679 -6.70505e-07 0 0 0
3428 1511 0.661313 -0.635978 -0.39774 -0.0298873 -2.78664e-06 0 0 0
3428 4370 0.347518 0.711655 -0.610556 -0.0025181 -2.24936e-07 0 1 0
3428 1086 0.209432 0.169424 0.963034 -0.0143822 -1.27149e-06 0 0 0
3506 720 -0.0270658 -0.260333 0.96514 -0.00936256 -7.9857e-07 0 0 0
3428 5480 0.149193 -0.0151934 -0.988691 -0.0063112 -5.55597e-07 0 0 0
3428 1567 0.0789781 0.977724 0.194468 -0.0356964 -2.31363e-06 0 1 0
3506 950 0.428636 0.250458 -0.868068 -0.00637061 -4.30819e-07 0 0 0
1681 1317 0.771821 -0.631792 0.0716266 -0.0165303 -1.24049e-06 0 0 0
3506 3241 0.543948 0.353738 0.760914 -0.00776554 -6.38667e-07 0 0 0
1681 209 0.37534 0.382108 -0.844461 -0.00880699 -6.13768e-07 0 0 0
3506 4097 0.960882 0.270677 -0.0586457 -0.0143353 -8.57641e-07 0 0 0
565 3533 0.0281395 0.261973 0.964665 -0.0189059 -1.31319e-06 0 0 0
565 5200 0.0586952 0.996714 0.0558237 -0.00580515 -4.29505e-07 0 0 0
565 633 0.239705 -0.133422 -0.961634 -0.0218561 -1.31941e-06 0 0 0
2875 2347 0.829401 0.451047 0.329622 -0.0101763 -8.37622e-07 0 0 0
2026 4767 0.676595 -0.628062 -0.384392 -0.00429119 -3.3602e-07 0 0 0
2026 5415 0.342476 0.187528 0.920621 -0.0294098 -2.12142e-06 0 0 0
565 1614 0.872191 0.0795705 0.48265 -0.00910132 -5.63176e-07 0 0 0
624 4133 0.765511 -0.614855 0.189592 -0.0110748 -9.33554e-07 0 0 0
2086 964 -0.0327299 0.757209 -0.652352 -0.00625671 -5.25985e-07 0 0 0
2086 5200 0.0584734 -0.408581 -0.910847 -0.0042301 -3.11215e-07 0 0 0
624 1681 0.0883963 0.860486 -0.501747 -0.00441821 -3.6569e-07 0 0 0
1270 3218 0.233313 0.35342 0.905903 -0.000783492 -6.67511e-08 0 0 0
2486 147 0.625278 -0.62625 -0.465659 -0.0116692 -8.90291e-07 0 0 0
2086 2822 0.91394 -0.173547 0.366871 -0.00302843 -1.91839e-07 0 0 0
2486 551 0.350438 0.329282 -0.876794 -0.00632978 -3.74611e-07 0 0 0
2486 3433 0.275885 0.350948 0.894831 -0.00951772 -6.48414e-07 0 0 0
2486 869 0.0974522 -0.977753 0.185746 -0.00247464 -1.87696e-07 0 0 0
1574 1215 0.341504 -0.885267 0.315716 -0.00768814 -5.35896e-07 0 0 0
1574 971 0.66811 0.0895361 0.738656 -0.00423445 -3.62121e-07 0 0 1
2931 2549 0.421485 -0.387928 0.819672 -0.0100049 -8.45521e-07 0 0 0
1574 2932 0.929319 -0.273228 -0.248419 -0.00209254 -1.54227e-07 0 0 0
291 3311 0.115126 0.189766 -0.975056 -0.00464133 -3.66455e-07 0 0 0
2931 4846 0.331158 -0.0105813 -0.943516 -0.0140277 -9.71508e-07 0 0 0
4854 3401 0.749946 0.652019 0.111589 -0.00630064 -5.00729e-07 0 0 0
291 4043 0.703707 0.709854 0.0300617 -0.00147505 -1.05469e-07 0 0 0
4854 745 0.39935 -0.91006 -0.110956 -0.0113761 -8.61071e-07 0 0 0
3687 2347 0.590763 -0.805296 -0.0499725 -0.00484175 -3.86405e-07 0 0 0
4625 5072 0.311486 0.882429 0.352555 -0.0197489 -1.68541e-06 0 0 0
4625 1870 0.585112 0.123245 -0.801532 -0.00696975 -4.56672e-07 0 0 0
3687 2557 0.477256 -0.433582 0.764352 -0.00828454 -6.55555e-07 0 0 0
4625 4865 0.742391 -0.663408 -0.0935163 -0.0122911 -9.93887e-07 0 0 0
3687 2039 0.09667 0.68512 -0.721987 -0.00650588 -4.90209e-07 0 0 0
4625 5233 0.948978 0.284915 0.135142 -0.00225569 -1.93711e-07 0 0 1
1609 4377 0.195975 0.763602 -0.615228 -0.00985657 -7.85592e-07 0 0 0
3687 3541 0.0152489 0.458279 0.888678 -0.0137807 -8.69224e-07 0 0 0
1609 3683 0.654061 -0.137635 0.743815 -0.0133458 -1.09376e-06 0 0 0
1045 4852 0.943784 0.215415 0.250733 -0.00144713 -1.37828e-07 0 0 0
1045 541 0.781183 -0.623064 0.0392987 -0.0362287 -3.12691e-06 0 0 0
4825 4167 0.186921 -0.387148 0.902872 -0.00661109 -5.46955e-07 0 0 0
4825 4444 0.455252 -0.00751758 -0.890331 -0.00796476 -6.84445e-07 0 0 0
1045 5031 0.308038 0.0407009 -0.950503 -0.0118921 -1.00378e-06 0 0 0
3311 62 -0.0759071 0.985275 -0.153203 -0.00265205 -2.265e-07 0 0 0
4682 5097 0.215398 -0.228278 0.94947 -0.0050925 -3.79867e-07 0 0 0
4682 3699 0.219593 0.342126 -0.913635 -0.00699689 -4.61396e-07 0 0 0
1008 1046 0.411766 0.910606 0.03529 -0.00818957 -6.13066e-07 0 0 0
1008 691 0.209327 -0.124587 0.969876 -0.0335056 -2.70608e-06 0 0 0
3311 929 0.795362 0.593709 0.122103 -0.00988756 -5.37409e-07 0 0 0
1008 1978 0.14899 -0.689605 -0.708694 -0.0161452 -1.20635e-06 0 0 -1
3311 4979 0.925411 -0.357046 -0.127014 -0.00519618 -2.87618e-07 0 0 0
66 1229 0.230233 0.049498 -0.971876 -0.00733713 -5.24868e-07 0 0 0
66 1127 0.184231 -0.383371 0.905033 -0.0119199 -8.27619e-07 0 0 0
5062 3512 0.828445 0.534273 0.168021 -0.00788236 -6.2746e-07 0 0 0
5062 306 0.748748 -0.662835 0.00517475 -0.00706947 -5.43635e-07 0 0 0
5062 4830 0.557527 0.121211 -0.821262 -0.0163098 -1.30746e-06 0 0 0
1829 4282 0.769156 0.203546 0.605779 -0.00237549 -1.53797e-07 0 0 0
814 4802 0.48137 -0.227704 -0.846424 -0.0160165 -1.41738e-06 0 0 0
814 4811 0.500035 -0.184066 0.846218 -0.0344601 -2.80155e-06 0 0 0
1829 806 0.460189 0.877223 -0.136767 -0.00456427 -2.81765e-07 0 0 0
814 15 0.961427 0.27455 -0.0167403 -0.0150125 -1.10165e-06 0 0 0
524 4162 0.634826 0.762343 0.125812 -0.00361182 -3.14356e-07 0 0 0
331 201 0.219118 -0.603913 -0.76634 -0.00742733 -6.81528e-07 0 0 0
524 4589 0.507494 -0.210245 0.835612 -0.00331827 -2.57686e-07 0 0 0
331 3961 0.289689 0.6482 -0.704214 -0.00162223 -1.31125e-07 0 0 0
331 4300 0.743364 -0.220456 0.631513 -0.000366919 -2.8286e-08 0 0 0
524 869 0.33002 0.402162 -0.854021 -0.00616448 -5.03425e-07 0 0 0
1374 4767 0.761285 0.109728 0.639066 -0.00274491 -2.12302e-07 0 0 0
3821 3864 0.252845 0.702142 -0.665631 -0.0103882 -7.40221e-07 0 0 0
1374 31 0.533843 -0.75483 0.381108 -0.0092949 -6.92743e-07 0 0 0
1374 2700 0.378576 -0.59348 -0.710255 -0.00117586 -7.91535e-08 0 0 0
3821 3445 0.905812 0.158202 0.393035 -0.00476684 -3.21545e-07 0 0 0
1374 1271 0.154646 0.358128 -0.920776 -0.0130886 -8.30089e-07 0 0 0
4381 4592 0.987503 0.105222 -0.117331 -0.00957449 -7.71532e-07 0 0 0
2935 4690 0.461114 0.590566 -0.662273 -0.00752441 -5.48879e-07 0 0 0
2935 1870 0.658037 -0.748524 -0.081851 -0.00906843 -7.20603e-07 0 0 0
181 2100 0.598403 0.791108 -0.126736 -0.00360118 -2.75309e-07 0 0 0
4381 898 0.466252 -0.329193 0.821122 -0.0187139 -1.64801e-06 0 0 0
181 2860 0.919375 -0.06312 0.388286 -0.00668269 -5.03905e-07 0 0 0
4381 5239 0.208776 0.866942 0.452574 -0.00987036 -7.58263e-07 0 0 0
4241 5504 0.89346 0.301528 0.332881 -0.00925379 -6.66205e-07 0 0 0
5174 2631 0.139728 0.314866 0.938795 -0.0081051 -5.92382e-07 0 0 0
376 2213 0.15881 -0.258122 -0.95297 -0.00577774 -3.35913e-07 0 0 0
4241 3615 0.630146 0.277637 -0.725144 -0.00376623 -3.00829e-07 0 0 0
5174 2950 0.972246 0.169408 -0.161368 -0.0207567 -1.56701e-06 0 0 0
669 1857 0.114425 -0.425805 0.89755 -0.0138668 -1.1774e-06 0 0 0
669 4492 0.683648 0.467367 -0.56053 -0.00398093 -3.46306e-07 0 0 0
4241 1127 0.243179 -0.966596 -0.0809663 -0.00346248 -2.61748e-07 0 0 0
3813 589 0.96231 -0.121445 -0.243333 -0.012025 -7.99044e-07 0 0 0
299 2553 0.0969826 0.0264584 0.994934 -0.00929745 -5.61067e-07 0 0 0
299 837 0.199281 -0.811008 0.550048 -0.0124901 -1.1274e-06 0 0 0
299 4772 0.464077 -0.815321 -0.346244 -0.00619863 -3.65654e-07 0 0 -1
299 3989 0.656936 0.730877 -0.185079 -0.0108469 -6.91436e-07 0 0 0
3813 2555 0.17435 0.635476 -0.752178 -0.0119962 -9.20987e-07 0 0 0
299 472 0.917168 0.0153312 0.398206 -0.00598884 -4.0214e-07 0 0 0
2259 1933 0.933368 -0.349498 -0.0817011 -0.00386467 -2.56844e-07 0 0 0
1900 2402 0.108124 -0.864088 0.491591 -0.0095286 -6.91947e-07 0 0 0
1900 2637 0.183467 0.508295 -0.841413 -0.0104964 -6.92316e-07 0 0 0
1900 4570 0.385696 -0.544391 -0.744901 -0.0119127 -8.62989e-07 0 0 0
1900 138 0.415821 0.764449 0.492657 -0.0146391 -1.01855e-06 0 0 0
2259 982 0.617399 0.700635 -0.357672 -0.00465259 -4.03856e-07 0 0 0
2259 3959 0.283387 -0.0535857 -0.957507 -0.0101347 -6.73628e-07 0 0 0
2259 2748 0.166775 -0.256036 0.952172 -0.0152739 -1.03584e-06 0 0 0
4855 1344 0.976173 -0.199781 -0.0846973 -0.00739299 -5.13397e-07 0 0 0
5066 1014 0.42196 -0.0119031 0.906536 -0.0238328 -1.81815e-06 0 0 0
4855 272 0.274802 -0.434094 -0.857931 -0.00988211 -7.65457e-07 0 0 0
2233 2031 0.910283 -0.0164066 0.413662 -0.00519991 -4.41072e-07 0 0 0
2233 3612 0.48752 0.86556 -0.114585 -0.00965565 -7.24059e-07 0 0 0
5066 1827 0.991955 0.0689958 -0.106134 -0.00573977 -4.493e-07 0 0 0
2233 5420 0.35833 -0.542309 -0.759934 -0.00347117 -3.13897e-07 0 0 0
4691 2387 0.467979 -0.855579 0.221314 -0.00858151 -6.33551e-07 0 0 0
2233 3403 0.230348 0.399541 -0.887303 -0.0079568 -5.69765e-07 0 0 0
4428 1626 0.437823 -0.456363 -0.774625 -0.00881824 -6.85328e-07 0 0 0
2233 272 0.213471 -0.580969 0.785433 -0.0143318 -9.27365e-07 0 0 0
972 551 0.584454 -0.805786 0.0955152 -0.00243072 -2.09349e-07 0 0 0
972 2782 0.519361 0.805874 0.284307 -0.000663712 -5.13972e-08 0 0 0
4586 2048 0.44422 -0.715882 -0.538685 -0.0074913 -6.18354e-07 0 0 0
972 3990 0.168018 -0.315918 0.933791 -0.00317006 -2.487e-07 0 0 0
4586 1088 0.636163 -0.313546 0.704972 -0.0125964 -9.74453e-07 0 0 0
4586 4095 0.650594 0.409807 -0.639363 -0.00766329 -5.56731e-07 0 0 0
972 4854 0.0770188 -0.571146 -0.817227 -0.00511403 -3.84639e-07 0 0 0
3193 1889 0.330011 -0.877505 -0.347961 -0.00457295 -3.28935e-07 0 0 0
3193 3235 0.579975 0.784169 0.220699 -0.010078 -7.10639e-07 0 0 0
948 4711 0.818235 0.42412 -0.38809 -0.0100876 -6.49433e-07 0 0 0
948 2679 0.585179 -0.51329 -0.627773 -0.0147433 -1.10795e-06 0 0 0
948 4266 0.420977 0.608122 0.673028 -0.00489538 -3.08336e-07 0 0 0
948 1978 0.107324 -0.324266 0.939858 -0.0165697 -1.29404e-06 0 0 0
2050 1908 0.666421 0.130291 -0.734103 -0.00993547 -6.76177e-07 0 0 0
2050 4912 0.304862 0.0242229 0.952088 -0.0147433 -1.27181e-06 0 0 0
5108 1219 0.937716 -0.270168 -0.2184 -0.0226843 -1.97885e-06 0 0 0
2593 1205 -0.0140406 0.285604 -0.958245 -0.00568705 -4.7361e-07 0 0 0
5108 2263 0.199701 -0.922723 -0.3297 -0.00957805 -7.22421e-07 0 0 0
2593 1641 0.253148 -0.967407 0.00636592 -0.000642325 -5.27857e-08 0 0 0
966 3712 0.606221 -0.549287 -0.575135 -0.00843216 -5.87046e-07 0 0 0
966 272 0.309074 0.844278 0.437799 -0.0111998 -8.92645e-07 0 0 0
2809 2203 0.942392 0.26838 -0.199674 -0.00336123 -2.55424e-07 0 0 0
2809 4972 0.561833 -0.82655 -0.0340482 -0.00351518 -2.0656e-07 0 0 0
964 176 0.122947 0.400447 0.908034 -0.00625384 -4.82231e-07 0 0 0
964 1991 0.494756 0.859174 -0.130522 -0.0117722 -8.94225e-07 0 0 0
2809 2451 0.482843 -0.285877 -0.82773 -0.00156147 -1.47562e-07 0 0 0
964 4062 0.944876 -0.00762791 0.32734 -0.00373355 -3.26753e-07 0 0 0
2809 1153 0.409519 -0.403847 0.818048 -0.033347 -2.0365e-06 0 0 0
3533 3501 0.117068 0.463816 0.878163 -0.0181086 -1.24323e-06 0 0 0
2809 2281 0.143017 0.689474 -0.710051 -0.00695219 -4.96048e-07 0 0 0
3353 790 0.739538 0.582832 0.336735 -0.00475405 -3.67285e-07 0 0 0
3353 4330 0.685267 -0.313614 -0.657309 -0.0169462 -1.44018e-06 0 0 0
376 5096 0.969219 0.235258 0.0725827 -0.00476796 -4.55828e-07 0 0 0
376 1080 0.769083 -0.585845 0.255533 -0.0071845 -6.86941e-07 0 0 0
376 2876 0.159354 0.935883 -0.314212 -0.0267705 -1.78225e-06 0 0 0
201 193 0.759272 0.645117 -0.0856164 -0.00944678 -6.96545e-07 0 0 0
376 749 0.0791118 -0.953953 -0.289335 -0.0113489 -7.3825e-07 0 0 0
201 3220 0.868552 -0.494714 -0.0295846 -0.0278872 -1.7596e-06 0 0 0
3055 3775 0.983734 0.122418 0.131461 -0.0155008 -9.73163e-07 0 0 0
3074 2289 0.0319178 -0.779278 0.625865 -0.00893989 -6.20689e-07 0 0 0
3074 592 0.0156927 -0.712896 -0.701094 -0.00491815 -4.56484e-07 0 0 0
3074 1292 0.669121 0.696067 -0.260324 -0.00470204 -2.80093e-07 0 0 0
3074 4311 0.740994 -0.245894 -0.624871 -0.0237152 -2.14756e-06 0 0 0
3448 3025 0.546106 -0.836943 -0.0359869 -0.00445899 -3.35318e-07 0 0 0
3448 745 0.523071 0.677651 0.5169 -0.0044055 -3.17955e-07 0 0 0
5256 4185 0.824303 0.136882 -0.549352 -0.00280667 -2.12115e-07 0 0 0
5427 1794 0.465019 0.57074 0.676766 -0.0145661 -1.00062e-06 0 0 0
5427 3653 0.590331 -0.319256 -0.74134 -0.0155911 -1.34702e-06 0 0 0
2993 1659 0.720895 -0.104806 0.685074 -0.00197469 -1.67006e-07 0 0 0
2993 2782 0.495325 -0.431297 -0.75408 -0.00208874 -1.39548e-07 0 0 0
2993 2865 0.276985 0.497744 -0.821907 -0.0079749 -6.5573e-07 0 0 0
3953 1834 0.0872203 0.908852 -0.407897 -0.000284591 -2.53799e-08 0 0 0
2745 961 0.550891 0.725869 -0.411866 -0.010646 -8.47062e-07 0 0 0
2416 31 0.74045 0.650927 -0.167417 -0.00087331 -6.10569e-08 0 0 0
2416 1076 0.673846 0.1178 0.729421 -0.0204406 -1.50108e-06 0 0 0
1857 4394 0.360953 -0.377809 0.852627 -0.0179418 -1.27457e-06 0 0 0
1857 158 0.672268 0.646687 -0.36035 -0.0111289 -7.73775e-07 0 0 0
2416 3055 0.0726569 -0.14285 -0.987074 -0.0260488 -1.93681e-06 0 0 0
5280 1661 0.764107 0.254679 -0.592688 -0.00954581 -7.91012e-07 0 0 0
276 5192 0.486154 -0.836009 -0.254448 -0.00125672 -8.76604e-08 0 0 0
5280 2352 0.442712 -0.724135 -0.528805 -0.00108878 -8.60009e-08 0 0 0
5280 749 0.283208 0.257756 0.923772 -0.0056233 -4.86517e-07 0 0 0
276 1582 0.95082 -0.00708592 0.309662 -0.00217859 -1.61362e-07 0 0 0
3027 4256 0.114926 -0.0648694 0.991254 -0.025864 -2.09609e-06 0 1 0
125 3958 0.863754 -0.390787 -0.318144 -0.0103176 -7.17813e-07 0 0 0
3027 2648 0.540907 -0.138931 -0.829528 -0.010898 -9.19211e-07 0 0 0
5210 3174 0.906347 -0.250559 -0.340228 -0.00268067 -2.17268e-07 0 0 0
5210 2700 0.678639 -0.202525 0.705997 -0.00192732 -1.67324e-07 0 0 0
62 4647 0.0714617 0.913669 0.400127 -0.00974626 -7.43963e-07 0 0 0
62 1832 0.543743 -0.403006 -0.736159 -0.00886025 -7.26504e-07 0 0 0
5210 1271 0.406443 0.834404 0.372256 -0.0011755 -1.09788e-07 0 0 0
5242 3218 0.211078 0.974331 -0.0782624 -0.0101262 -7.15373e-07 0 0 0
5053 1885 0.187574 -0.87223 0.451698 -0.00543746 -4.28464e-07 0 0 0
79 873 0.464921 -0.414441 0.78236 -0.00712829 -5.45253e-07 0 0 0
79 2263 0.290881 0.661998 0.690758 -0.0131205 -9.94267e-07 0 0 0
5053 3717 0.906699 -0.130803 0.400984 -0.0193216 -1.61973e-06 0 0 0
875 1717 0.259402 0.779702 0.569891 -0.00388358 -3.41123e-07 0 0 0
2638 806 0.618563 -0.165432 0.768123 -0.012566 -8.16894e-07 0 0 0
2638 4912 0.427581 -0.153688 -0.890817 -0.0111561 -9.41878e-07 0 0 0
554 3836 0.903106 -0.406051 -0.139719 -0.0239141 -1.78015e-06 0 0 0
4167 3560 0.458126 0.457414 0.762164 -0.00554059 -3.40396e-07 0 0 0
554 898 0.510234 0.44005 -0.73893 -0.0149957 -1.11164e-06 0 0 0
4167 4811 0.487496 -0.870203 -0.0713823 -0.00498903 -3.91268e-07 0 0 0
554 3813 0.146213 0.899466 0.411804 -0.0108924 -7.59025e-07 0 0 0
5032 660 0.499607 -0.847238 -0.180501 -0.00897502 -6.66464e-07 0 0 0
479 5119 0.984984 -0.146305 -0.0916567 -0.00903435 -6.70979e-07 0 0 0
2394 3549 0.0117757 -0.588861 -0.808149 -0.0213239 -1.73701e-06 0 0 0
479 3386 0.524017 0.839969 0.140919 -0.0087939 -4.98718e-07 0 0 0
2394 1794 0.404136 0.867531 -0.289937 -0.0152289 -9.46604e-07 0 0 0
4892 1659 0.893905 -0.182047 -0.409626 -0.010938 -8.63257e-07 0 0 0
4571 956 0.722844 -0.592168 -0.356136 -0.0105346 -8.2062e-07 0 0 0
2394 4311 0.731914 -0.412587 0.542286 -0.0137943 -1.24179e-06 0 0 0
2803 5327 0.521946 0.378713 -0.764297 -0.0261901 -2.41703e-06 0 1 0
2803 5069 0.534594 0.501428 0.680279 -0.0225106 -1.36858e-06 0 0 0
947 2837 0.441766 -0.884774 -0.148382 -0.0106853 -8.84188e-07 0 0 0
2803 3387 0.0990485 -0.737213 0.668361 -0.0194821 -1.53926e-06 0 0 0
947 3162 0.931016 0.09536 -0.352301 -0.00308772 -2.61728e-07 0 0 0
3407 5327 0.760805 0.51505 0.39484 -0.00919543 -7.34438e-07 0 1 0
4080 1122 0.813063 -0.565417 0.138679 -0.00491928 -3.49706e-07 0 0 0
4080 3329 0.748483 0.663137 -0.00468576 -0.00743345 -5.1343e-07 0 0 0
3138 1570 0.625018 0.740439 0.24719 -0.00300703 -2.51671e-07 0 0 0
4080 873 0.455628 -0.478199 -0.750819 -0.00721241 -5.54439e-07 0 0 0
1576 4616 0.688329 0.434076 -0.58119 -0.00420364 -3.48676e-07 0 0 0
1576 3300 0.611386 0.731549 0.301734 -0.00591038 -4.21355e-07 0 0 0
1576 4912 0.442268 -0.849096 0.28885 -0.00284447 -2.39283e-07 0 0 0
1576 2050 0.115949 -0.780833 -0.613886 -0.00742772 -4.83139e-07 0 0 0
832 5204 0.932762 0.166531 0.319722 -0.0151122 -1.16269e-06 0 0 0
2595 1339 0.744023 0.00809262 -0.668105 -0.00911091 -6.55179e-07 0 0 0
2376 176 0.0502235 -0.783864 -0.618898 -0.00100947 -7.17589e-08 0 0 0
2376 5192 0.470806 0.58313 -0.662043 -0.00164935 -1.14386e-07 0 0 0
2595 3959 0.481361 0.768922 0.420772 -0.0160075 -1.2729e-06 0 0 0
2976 831 0.851722 -0.0496526 -0.521636 -0.00592337 -4.51387e-07 0 0 0
2976 3034 0.661979 -0.399734 0.634031 -0.00461454 -3.47962e-07 0 0 0
4647 330 0.540681 0.250946 0.802926 -0.0130932 -8.84017e-07 0 0 0
4647 3152 0.604807 -0.253741 -0.754867 -0.00468806 -3.11228e-07 0 0 0
4647 3540 0.627885 0.650648 -0.427103 -0.0130159 -1.12472e-06 0 0 0
5008 800 -0.0336213 0.997213 -0.0665977 -0.0153786 -1.19874e-06 0 0 0
1610 2286 0.484383 -0.291258 -0.82495 -0.00379828 -2.51521e-07 0 0 0
5008 1327 0.732143 -0.138225 0.666979 -0.0145251 -9.882e-07 0 0 0
1610 1229 0.354937 0.907572 -0.224351 -0.00204428 -1.32946e-07 0 0 0
3288 4380 0.895578 0.285044 -0.3416 -0.00420204 -3.08978e-07 0 0 0
3288 2993 0.125957 -0.986439 0.105228 -0.00487378 -3.71854e-07 0 0 0
2553 3140 0.384443 -0.816246 0.431215 -0.0164864 -8.84063e-07 0 0 0
532 3105 0.684295 0.514662 -0.516588 -0.0164004 -1.21658e-06 0 0 0
2553 2340 0.55666 0.784087 -0.274475 -0.00563663 -3.91944e-07 0 0 0
532 4229 0.662455 0.559263 0.498376 -0.00741494 -4.62918e-07 0 0 0
3348 3164 0.724822 0.59524 0.346875 -0.0049799 -3.49902e-07 0 0 0
3348 2448 0.680956 -0.640883 -0.354357 -0.00386556 -2.76381e-07 0 0 0
3348 2595 -0.0243273 0.958963 -0.282487 -0.00864502 -6.33479e-07 0 0 0
48 5415 0.645742 0.683583 -0.340193 -0.00637992 -4.41266e-07 0 0 0
4377 497 0.803555 0.498568 -0.325162 -0.0108915 -6.91951e-07 0 0 0
48 3288 -0.0364014 -0.855979 0.515728 -0.00164389 -1.25129e-07 0 0 0
1115 1511 0.871321 0.487871 -0.0527506 -0.00808854 -7.65135e-07 0 0 0
1115 5504 0.794699 -0.553979 -0.248116 -0.011058 -8.17448e-07 0 0 0
1115 2937 0.74447 0.0851033 0.66221 -0.0134894 -1.13624e-06 0 0 0
720 3241 0.664654 0.71203 -0.226381 -0.00645019 -4.76792e-07 0 0 0
1115 4192 0.55283 0.270266 -0.788248 -0.019131 -1.65539e-06 0 0 0
1115 4241 0.0184712 -0.835003 -0.549936 -0.000267839 -2.16556e-08 0 0 0
1583 2515 0.929602 -0.340919 0.140051 -0.00630828 -5.39967e-07 0 0 0
5200 4300 0.547338 0.749246 -0.372895 -0.0047991 -3.6587e-07 0 0 0
1583 3289 0.600827 0.236454 -0.763608 -0.00941755 -7.4999e-07 0 0 0
1583 1203 0.521782 0.664229 0.535298 -0.00119812 -9.97487e-08 0 0 0
4268 3865 0.91405 -0.387305 0.12045 -0.00552693 -4.20973e-07 0 0 0
769 3227 0.0268582 -0.932784 -0.359434 -0.00536839 -4.65981e-07 0 0 0
4268 2039 0.494133 0.846408 0.198562 -0.0144158 -1.13246e-06 0 0 0
769 2048 0.298729 0.949115 0.0997026 -0.00412622 -3.55481e-07 0 0 0
769 5130 0.382407 -0.733581 0.561804 -0.000501547 -3.53333e-08 0 0 0
769 1612 0.727284 0.232652 0.645702 -0.0173237 -1.24178e-06 0 0 0
769 3236 0.92577 -0.309555 -0.217084 -0.0042922 -2.83904e-07 0 0 0
800 3148 0.497041 0.844233 -0.200552 -0.0142307 -1.19123e-06 0 0 0
800 4346 0.683003 -0.166479 0.711191 -0.0036179 -2.68611e-07 0 0 0
800 4336 0.869471 -0.442735 -0.219103 -0.00936415 -7.46961e-07 0 0 0
4113 4924 0.0224249 0.198526 -0.979839 -0.00438572 -3.43972e-07 0 0 0
4113 1414 0.363253 0.929628 -0.0619538 -0.00512643 -4.09549e-07 0 0 0
4268 3687 0.352427 0.0627874 0.933731 -0.0153767 -1.3206e-06 0 0 0
821 1153 0.742057 -0.135857 -0.656425 -0.0118094 -9.18452e-07 0 0 0
821 1482 0.649101 0.744654 -0.155427 -0.00644436 -5.31621e-07 0 0 0
4113 2239 0.891509 0.087405 -0.444492 -0.0204071 -1.5259e-06 0 0 0
1102 4000 0.745269 0.204543 -0.634615 -0.00650379 -5.04109e-07 0 0 0
1102 5108 0.190001 -0.981478 0.0245045 -0.0119402 -8.48484e-07 0 0 0
1102 5210 0.0357464 0.370068 0.928317 -0.00237212 -1.99545e-07 0 0 0
3339 1763 0.44796 0.34038 0.826724 -0.00063658 -5.19787e-08 0 0 0
3084 3477 0.939711 0.334463 0.0712617 -0.00594437 -5.08461e-07 0 0 0
3084 3055 0.104975 0.873807 0.474806 -0.00705608 -4.40244e-07 0 0 0
223 3067 0.813536 -0.0225658 -0.581076 -0.0170426 -1.38923e-06 0 0 0
902 5140 -0.115934 0.321516 0.93978 -0.01873 -1.67586e-06 0 0 0
902 4203 0.272327 -0.446847 -0.852154 -0.0270073 -1.48513e-06 0 0 0
902 2562 0.293949 0.955465 -0.0260668 -0.0157461 -9.7687e-07 0 0 0
902 2644 0.689799 -0.54059 0.481601 -0.0139157 -1.23634e-06 0 0 0
223 3699 0.394119 -0.0545223 0.917441 -0.00447141 -3.04465e-07 0 0 0
902 4546 0.985513 0.138689 -0.0976239 -0.0074863 -7.01714e-07 0 0 0
223 2993 0.0503192 0.814366 -0.578167 -0.00877942 -5.98572e-07 0 0 0
223 4892 -0.0521728 0.923323 0.380463 -0.00335294 -2.78004e-07 0 0 0
1312 4288 0.101423 0.359327 0.927684 -0.00748504 -4.78823e-07 0 0 0
2968 3326 0.622687 0.662217 0.416808 -0.00263546 -2.31771e-07 0 0 0
2968 3300 0.53622 0.242945 -0.80836 -0.00952335 -7.373e-07 0 0 0
2968 660 0.377057 -0.197872 0.904806 -0.0101676 -6.8157e-07 0 0 0
1312 5128 0.808303 -0.275477 -0.520345 -0.00636931 -4.16684e-07 0 0 0
2968 2638 -0.0137587 -0.998664 -0.0498143 -0.00444259 -3.02407e-07 0 0 0
4314 1380 0.768837 -0.555374 -0.316938 -0.0169198 -1.4538e-06 0 0 0
3044 19 0.436429 0.599047 0.671322 -0.00196658 -1.47798e-07 0 0 0
4314 2447 0.564776 0.805771 -0.178215 -0.000634734 -4.97281e-08 0 0 0
4551 306 0.839611 0.292493 0.457713 -0.0104442 -8.68574e-07 0 0 0
3044 2699 0.898975 -0.414969 -0.14016 -0.00322161 -2.19272e-07 0 0 0
4551 1700 0.212549 0.312826 -0.925723 -0.00275354 -2.42031e-07 0 0 0
492 3550 0.400752 -0.894508 0.198125 -0.00332776 -2.65568e-07 0 0 0
4551 5062 0.143284 0.885218 0.442559 -0.00324719 -2.51228e-07 0 0 0
4845 3712 0.805969 0.406051 -0.43074 -0.00425691 -3.13131e-07 0 0 0
492 2002 0.894016 -0.127089 -0.429632 -0.00395317 -3.62418e-07 0 0 0
3501 2598 0.62973 0.294611 0.71878 -0.0205875 -1.82249e-06 0 0 0
4845 5031 0.776838 0.006938 0.629662 -0.0106567 -7.85508e-07 0 0 0
3501 2822 0.789917 0.426679 -0.440427 -0.018316 -1.17708e-06 0 0 0
4845 1681 0.334506 -0.939057 0.0792339 -0.0188312 -1.42951e-06 0 0 0
4922 2615 0.531249 0.353209 0.770076 -0.0153898 -1.41837e-06 0 0 0
4922 3241 0.670885 -0.653292 0.350887 -0.00378832 -3.117e-07 0 0 0
4845 966 0.190147 0.969429 0.155088 -0.00828674 -6.06403e-07 0 0 0
176 3156 0.248919 -0.654894 0.71355 -0.00470066 -3.37758e-07 0 0 0
4807 993 0.798087 -0.300203 -0.522432 -0.00269373 -1.80629e-07 0 0 0
176 4062 0.814995 -0.351307 -0.460833 -0.00433384 -3.44963e-07 0 0 0
2869 3386 0.665398 -0.26119 -0.699303 -0.00661858 -4.31206e-07 0 0 -1
4256 3146 0.501606 -0.864782 -0.0233344 -0.00467509 -3.70016e-07 0 -1 0
2869 3959 0.438429 -0.263874 0.859157 -0.0107415 -6.84879e-07 0 0 0
4256 1638 0.984351 0.0935914 0.149309 -0.00878978 -7.87823e-07 0 -1 0
1921 4589 0.736376 0.666154 0.118275 -0.00761582 -5.86757e-07 0 0 0
1921 125 0.165992 -0.964853 0.203727 -0.0057295 -4.4098e-07 0 0 0
1740 883 0.166176 -0.964595 0.204799 -0.000741318 -5.65624e-08 0 0 0
1740 3233 0.699764 0.674251 -0.236042 -0.00472918 -3.73656e-07 0 0 0
1740 2710 0.764754 -0.179736 0.618746 -0.00510411 -3.86969e-07 0 0 0
2916 4133 0.830121 0.504796 -0.236812 -0.0172824 -1.09196e-06 0 0 0
2916 1779 0.628808 -0.43373 0.645352 -0.00695072 -4.27517e-07 0 0 0
4924 2618 0.691439 -0.0772273 -0.718295 -0.00804236 -6.14918e-07 0 0 0
4622 3207 0.619372 0.782339 0.0657525 -0.00898116 -7.68375e-07 0 1 0
1814 956 0.862335 0.474347 0.177124 -0.00186903 -1.5793e-07 0 0 0
1814 3813 0.32014 0.490554 -0.810473 -0.0174968 -1.50312e-06 0 0 0
3553 3512 0.793847 -0.383004 0.472351 -0.00326632 -2.00884e-07 0 0 0
3553 3094 0.77139 0.558462 -0.305087 -0.0172538 -9.23142e-07 0 0 0
3553 4830 0.558405 -0.734699 -0.38523 -0.000958449 -5.77354e-08 0 0 0
3553 2875 0.0939614 0.973072 0.210479 -0.00793842 -7.72792e-07 0 0 0
2861 3446 0.520482 0.524382 -0.673886 -0.00581814 -4.74592e-07 0 0 0
3553 5062 0.0846378 -0.929317 0.359452 -0.0208446 -1.74634e-06 0 0 0
2861 2435 0.630839 0.69502 0.344948 -0.0117239 -8.8601e-07 0 0 0
3553 5242 -0.01762 0.53963 -0.841718 -0.00873018 -6.98453e-07 0 0 0
350 4835 0.895791 -0.26576 -0.356271 -0.00776856 -6.28366e-07 0 0 0
350 1100 0.547663 0.247383 0.799292 -0.00433391 -3.73745e-07 0 0 0
2402 1471 0.959383 -0.0203889 -0.281371 -0.00971062 -7.19187e-07 0 0 0
350 3353 0.149912 0.988546 -0.0173934 -0.00417204 -2.92078e-07 0 0 0
5140 1414 0.333678 -0.85669 0.393372 -0.0208271 -1.75707e-06 0 0 0
4975 2940 0.920701 -0.365135 -0.13779 -0.0031994 -2.45229e-07 0 0 0
2765 2026 0.363947 -0.213506 0.906619 -0.029376 -2.18011e-06 0 0 0
2765 1374 0.291956 -0.951222 -0.0996947 -0.0125641 -9.2378e-07 0 0 0
2289 330 0.479631 -0.874234 -0.0752892 -0.0131563 -8.86236e-07 0 0 0
2289 2353 0.841447 0.540224 -0.0111705 -0.00359121 -2.61497e-07 0 0 0
5316 4394 0.346259 0.559528 0.753016 -0.00423807 -3.62143e-07 0 0 0
2765 554 0.124522 0.922208 0.366096 -0.00790906 -5.55966e-07 0 0 0
5316 5305 0.825414 -0.41127 -0.386715 -0.000702885 -5.803e-08 0 0 0
2270 3436 0.421468 0.155027 -0.893494 -3.43147e-05 -2.75789e-09 0 0 0
2406 2637 0.128998 -0.785263 -0.605576 -0.00840756 -7.07057e-07 0 0 0
2406 138 0.381315 -0.43821 0.813985 -0.00787635 -7.02129e-07 0 0 0
2270 1829 0.331198 0.891763 0.30833 -0.0055895 -4.38199e-07 0 0 0
2406 1949 0.965621 -0.220382 -0.137872 -0.00128142 -1.13685e-07 0 0 0
4201 2679 0.934312 0.2041 0.29224 -0.00537888 -3.96998e-07 0 0 0
322 1626 0.350321 0.666253 -0.658318 -0.00955017 -8.11924e-07 0 0 0
2411 2286 0.669729 0.576649 0.46791 -0.0197931 -1.66833e-06 0 0 0
322 2713 0.883264 -0.13702 0.448409 -0.0024518 -1.97861e-07 0 0 0
3413 4632 0.247535 -0.341791 -0.90659 -0.00476442 -3.26251e-07 0 0 0
3413 3653 0.47645 -0.783152 0.399584 -0.00375695 -3.21999e-07 0 0 1
3413 4865 0.560361 0.814658 0.149427 -0.00992054 -7.91736e-07 0 0 0
2411 3288 0.0905529 -0.0981847 -0.99104 -0.0146498 -1.06892e-06 0 0 0
3413 4800 0.980982 -0.120797 -0.151928 -0.00236329 -1.66014e-07 0 0 0
845 1380 0.648529 0.690797 -0.319703 -0.00521544 -3.31771e-07 0 1 0
5170 3664 0.0236821 0.938533 -0.344376 -0.00184826 -1.69486e-07 0 0 0
845 516 0.607948 0.41644 0.676001 -0.00521474 -4.15992e-07 0 0 0
845 5239 0.346435 -0.807043 0.478189 -0.0181668 -1.367e-06 0 0 0
4615 1058 0.748984 -0.469604 -0.467435 -0.00525413 -3.84886e-07 0 0 0
5170 1303 0.914921 -0.383688 0.125313 -0.0217904 -1.36448e-06 0 0 0
4615 5480 0.661361 0.277337 0.696912 -0.0072778 -5.55478e-07 0 0 0
4615 2270 -0.00176579 0.970378 0.241583 -0.00840215 -6.09114e-07 0 1 0
3006 2255 0.644725 0.31879 0.694767 -0.00354559 -3.11839e-07 0 0 0
3006 2727 0.553535 0.830971 -0.0555553 -0.00150896 -9.76369e-08 0 0 0
3006 4410 0.472636 -0.661767 0.581962 -0.00459212 -2.80145e-07 0 0 0
1171 883 -0.0294059 0.602735 0.797399 -0.00450311 -3.82205e-07 0 0 0
315 2549 0.67833 0.0656641 -0.731818 -0.00460277 -4.04112e-07 0 0 0
315 3305 0.491746 0.412356 0.766908 -0.00715851 -6.45548e-07 0 0 0
601 4933 0.3846 0.376585 0.842773 -0.00462684 -3.99283e-07 0 0 0
1171 2182 0.367062 -0.183299 0.911958 -0.00383937 -3.00994e-07 0 0 0
4371 3428 0.345685 0.683642 -0.642756 -0.0198007 -1.33039e-06 0 0 0
1171 3112 0.821525 -0.569338 -0.0308435 -0.00316377 -2.3222e-07 0 0 0
1171 3530 0.922377 0.30963 -0.230975 -0.00744285 -5.93134e-07 0 0 0
4697 4203 0.249327 0.253727 0.93459 -0.0133581 -8.0353e-07 0 0 0
4371 948 0.202969 -0.326624 0.923104 -0.029159 -1.82165e-06 0 0 0
4697 1788 0.611659 0.444582 -0.654386 -0.0130352 -9.58573e-07 0 0 0
501 4854 0.215388 -0.935967 0.278522 -0.00299256 -2.44734e-07 0 0 0
501 2416 0.0963799 0.934567 -0.342485 -0.00335977 -2.48221e-07 0 0 0
1205 686 0.308852 0.949277 0.0590147 -0.00147246 -1.15201e-07 0 0 0
4683 35 0.698231 0.714083 -0.0505786 -0.0189558 -1.53641e-06 0 0 0
1205 5204 0.787811 -0.413156 -0.456789 -0.0104598 -7.66692e-07 0 0 0
4683 5032 0.163007 -0.652455 -0.740088 -0.00943293 -7.40982e-07 0 0 0
1717 2631 -0.0758626 0.672189 -0.736482 -0.0100217 -7.67395e-07 0 0 0
1717 1600 0.162819 0.449988 0.878067 -0.0177305 -1.44467e-06 0 0 0
1717 2559 0.388948 -0.174866 -0.904512 -0.019738 -1.13132e-06 0 0 0
4339 241 0.979014 -0.0533534 0.196685 -0.0166753 -1.39496e-06 0 0 0
4339 97 0.653375 -0.60443 -0.455813 -0.00845663 -4.97055e-07 0 0 0
4339 845 -0.0651033 0.190831 0.979462 -0.013 -8.73585e-07 0 0 0
2273 3158 0.834526 0.54676 0.0679653 -0.0120577 -8.20051e-07 0 0 0
1717 3812 0.992526 0.0914055 0.0808499 -0.0182154 -1.41747e-06 0 0 0
3549 3051 0.677613 -0.300424 0.671257 -0.00896272 -6.55639e-07 0 0 0
3549 1395 0.877547 -0.309978 -0.365822 -0.00622105 -5.00921e-07 0 0 0
2273 3133 0.574586 -0.534519 0.619791 -0.00378459 -3.31527e-07 0 0 0
4288 2648 0.205923 -0.931285 0.300507 -0.00402133 -3.01187e-07 0 -1 0
2273 3433 0.517608 0.350854 -0.780373 -0.00724492 -5.0624e-07 0 0 0
4288 1478 0.415475 0.514879 0.749854 -0.00715774 -4.87491e-07 0 0 0
337 4344 0.454735 0.706643 0.5421 -0.00947218 -6.81705e-07 0 0 0
337 3348 0.112278 -0.0608505 -0.991812 -0.0129599 -9.08956e-07 0 0 0
4722 2020 0.950378 0.0766501 0.301508 -0.0118338 -9.14513e-07 0 0 0
4722 2392 0.440407 -0.873559 -0.207208 -0.000631776 -4.96444e-08 0 0 0
1375 2548 0.5788 0.815452 -0.00543622 -0.00200105 -1.59294e-07 0 0 0
1375 513 0.738878 -0.587545 -0.329923 -0.00108713 -8.62339e-08 0 0 0
5042 3300 0.867885 -0.227738 0.441487 -0.00542245 -4.09206e-07 0 0 0
5042 33 0.650427 0.451496 -0.610816 -0.00539677 -4.56387e-07 0 0 0
3537 3875 0.468572 0.741773 -0.479805 -0.000391167 -3.09343e-08 0 0 -1
3537 2625 0.544452 -0.635546 0.547407 -0.00505898 -4.24871e-07 0 0 -1
2631 444 0.362361 0.931036 0.0432028 -0.00342616 -2.48087e-07 0 0 0
5042 3078 0.453541 0.760361 0.464922 -0.00283488 -2.2376e-07 0 0 0
5042 1576 0.20324 -0.972593 0.112944 -0.00333916 -2.62161e-07 0 0 0
163 2809 0.364201 -0.244189 -0.898738 -0.00242241 -2.15548e-07 0 0 0
793 3819 0.975484 0.0282058 -0.218253 -0.0137435 -1.19882e-06 0 0 -1
3227 3354 0.445479 -0.802125 -0.397672 -0.00394516 -3.44525e-07 0 0 0
947 3664 0.261833 -0.238707 0.935127 -0.00131143 -1.07743e-07 0 0 0
192 1834 0.119646 -0.305495 0.944647 -0.000634011 -5.13393e-08 0 0 0
3385 749 0.350389 0.657546 -0.666979 -0.0103819 -6.72392e-07 0 0 0
3385 2809 0.286667 -0.917255 -0.276525 -0.00614354 -4.28155e-07 0 0 0
2637 330 0.418533 -0.0224936 -0.907923 -0.0122389 -8.32344e-07 0 0 0
5308 839 0.90004 -0.423976 0.100855 -0.00338735 -2.76222e-07 0 0 0
618 1215 0.144878 -0.429111 -0.891557 -0.0070864 -5.41181e-07 0 0 -1
618 442 0.17283 -0.984073 0.0415887 -0.00178572 -1.31262e-07 0 0 0
618 3902 0.251751 0.913304 0.320151 -0.00107414 -8.39571e-08 0 0 0
5308 3448 0.259525 -0.236999 0.936204 -0.00505914 -4.07188e-07 0 0 0
618 5101 0.867241 -0.172175 0.46717 -0.0024871 -1.77938e-07 0 0 0
5000 4651 0.999842 -0.0170356 -0.0050283 -0.00573576 -4.07071e-07 0 0 0
5000 2263 0.486066 -0.358448 0.797029 -0.0076844 -5.67084e-07 0 0 0
3961 193 0.816202 -0.520579 -0.250622 -0.00354968 -2.40217e-07 0 0 0
3303 2876 0.509386 0.363145 0.780161 -0.00883572 -6.31414e-07 0 0 0
1486 2916 0.205458 0.865038 -0.457708 -0.00971941 -8.97722e-07 0 0 0
4917 3305 0.678627 0.633322 -0.371981 -0.00328549 -2.71265e-07 0 0 0
633 1210 0.48979 -0.0107272 -0.871775 -0.0133944 -1.14279e-06 0 0 0
4917 4398 0.517124 -0.853259 -0.0673173 -0.00127398 -1.05698e-07 0 0 0
1025 14 0.805868 -0.507055 -0.30573 -0.0250147 -1.79449e-06 0 0 0
1025 793 -0.0236693 0.422608 0.906003 -0.0111217 -8.70686e-07 0 0 1
1885 288 0.0834448 -0.872958 0.480605 -0.00849902 -6.71792e-07 0 0 0
1885 686 0.338367 -0.761738 -0.552506 -0.00117596 -1.07363e-07 0 0 0
185 2557 0.752663 0.648793 0.112099 -0.0190613 -1.56543e-06 0 0 0
1885 3717 0.727488 0.685726 -0.0232394 -0.0040454 -3.39721e-07 0 0 0
185 2875 0.181284 -0.0835223 -0.979878 -0.000556149 -5.33701e-08 0 0 0
2188 1058 0.679524 -0.508594 0.528752 -0.00837126 -5.73554e-07 0 0 0
2188 3387 0.32703 -0.414 -0.849503 -0.0154475 -1.15223e-06 0 0 0
2188 3436 0.374048 0.883728 0.281271 -0.0060859 -3.7695e-07 0 1 0
2188 4615 -0.0155464 -0.075779 0.997003 -0.0179869 -1.37255e-06 0 0 0
298 5312 0.942182 0.326159 -0.0768992 -0.00419205 -2.88505e-07 0 0 0
1846 3146 0.38701 0.671672 -0.631728 -0.000374985 -2.99532e-08 0 0 0
1846 3445 0.790363 -0.493301 -0.36329 -0.0122753 -9.44589e-07 0 0 0
1846 101 0.890178 0.414474 0.189197 -0.00644774 -4.86847e-07 0 0 0
3719 2837 0.191433 -0.488606 0.851245 -0.0208165 -1.31362e-06 0 0 0
3719 5007 0.212005 -0.644688 -0.73446 -0.00713333 -4.60635e-07 0 0 0
3719 3162 0.649209 0.407555 0.642205 -0.0202869 -1.30736e-06 0 0 0
3719 5065 0.77193 0.184521 -0.608339 -0.0123348 -7.88032e-07 0 0 0
298 5242 0.186433 0.96156 0.201605 -0.00383436 -2.70934e-07 0 0 0
3234 2502 0.445201 -0.0671867 0.892906 -0.0112401 -1.04203e-06 0 0 0
3234 3252 0.568103 0.74216 -0.355609 -0.00273609 -2.53987e-07 0 0 0
1371 1530 0.459113 -0.691857 0.55727 -0.0163599 -1.15232e-06 0 0 0
1371 532 0.251677 -0.0210701 -0.967582 -0.0178046 -1.42314e-06 0 0 -1
3257 5289 0.752022 -0.24732 0.610979 -0.0371654 -2.83088e-06 0 1 0
4746 628 0.85914 0.445663 -0.251521 -0.00352813 -2.65319e-07 0 0 0
4746 2475 0.582485 -0.535425 -0.611581 -0.0178356 -1.62688e-06 0 0 0
3670 2180 -0.00113998 0.225941 -0.97414 -0.00141516 -1.14319e-07 0 0 -1
4746 2286 0.530202 -0.805121 0.265832 -0.00903847 -5.05147e-07 0 0 0
4746 1229 0.408639 0.32123 0.854298 -0.0107157 -6.18925e-07 0 0 0
3670 2009 0.651546 0.750219 -0.112517 -0.0138249 -9.73002e-07 0 0 -1
3359 4284 0.432368 0.878898 0.201486 -0.00160044 -1.28305e-07 0 0 0
336 3493 0.403943 0.74316 0.533425 -0.0213412 -1.51718e-06 0 0 0
336 5223 0.559875 -0.247648 -0.790703 -0.0183402 -1.21246e-06 0 0 0
3359 5062 0.268387 0.54955 -0.791178 -0.0377737 -2.87878e-06 0 0 0
5033 3550 0.304679 -0.530647 -0.790939 -0.01544 -1.26536e-06 0 0 0
5387 4303 0.887775 -0.455322 -0.0673591 -0.0265839 -1.84794e-06 0 0 0
5033 3215 0.879995 0.301509 0.367015 -0.00188341 -1.64371e-07 0 0 0
1654 1784 0.151702 0.57842 0.801509 -0.0057168 -5.13129e-07 0 0 0
1654 3673 0.211781 -0.527685 0.822616 -0.00106936 -8.8349e-08 0 0 0
5387 4761 0.753155 0.58535 -0.300205 -0.00443718 -2.89299e-07 0 0 0
2314 3436 0.463862 -0.855548 -0.229936 -0.0104393 -7.73901e-07 0 0 0
2314 2638 0.22189 0.975065 0.00375171 -0.00577482 -4.11337e-07 0 0 0
1654 3861 0.983502 -0.0521668 0.173215 -0.0111861 -1.02447e-06 0 0 0
1784 4434 0.0401706 -0.599802 0.79914 -0.0102841 -7.1881e-07 0 0 0
1784 3673 0.0405946 -0.998316 -0.0414285 -0.00361766 -2.60317e-07 0 0 0
3047 283 0.886831 0.26579 -0.378004 -0.0194599 -1.22316e-06 0 0 0
3047 1748 0.365976 -0.930024 0.0334101 -0.0132146 -8.11166e-07 0 0 0
3047 524 0.214931 0.901523 0.375581 -0.0059496 -5.18309e-07 0 0 0
1784 1451 0.870356 -0.0477143 0.490106 -0.0197704 -1.16232e-06 0 0 0
3047 1921 -0.00176753 0.106894 0.994269 -0.00390692 -3.19991e-07 0 0 0
980 103 0.233387 -0.247537 -0.940349 -0.0256563 -2.17153e-06 0 0 0
1786 3202 0.944059 -0.318484 -0.0855615 -0.00125417 -7.69365e-08 0 0 0
980 4289 0.591118 0.793964 -0.142128 -0.0038057 -2.8224e-07 0 0 0
980 5223 0.577596 -0.0616622 0.81399 -0.0213373 -1.47806e-06 0 0 0
980 179 0.939215 -0.199828 -0.279185 -7.7499e-05 -5.30662e-09 0 0 0
1786 1921 -0.00957761 -0.399241 -0.916796 -0.000252752 -2.09161e-08 0 0 0
4878 3077 0.477939 -0.872638 0.100388 -0.00335225 -2.05428e-07 0 0 0
4878 1461 0.659978 0.456573 -0.596632 -0.00163671 -1.01822e-07 0 0 0
1823 4616 0.853187 -0.129859 0.505182 -0.012709 -1.07079e-06 0 0 0
4739 288 0.0465882 0.335165 -0.941007 -0.0151528 -1.20735e-06 0 0 0
4282 4107 0.148337 -0.1917 -0.970179 -0.000427205 -2.56438e-08 0 0 0
4739 1789 0.66356 0.725725 -0.18169 -0.00512236 -4.13344e-07 0 0 0
5391 4410 0.66893 -0.179485 -0.721331 -0.0155886 -1.13302e-06 0 0 -1
5391 3943 0.624142 0.726438 0.287637 -0.00434463 -3.28353e-07 0 0 0
5391 5346 -0.0137497 0.870668 -0.491678 -0.0143449 -1.1909e-06 0 0 -1
4882 2906 0.860251 0.382497 0.337142 -0.0192977 -1.41373e-06 0 0 0
4882 1530 0.298605 -0.822515 -0.48405 -0.0131811 -1.05876e-06 0 0 0
4882 1371 -0.103712 -0.215619 -0.970954 -0.00706017 -5.6701e-07 0 0 0
1519 4786 0.916805 -0.263738 -0.29985 -0.0260393 -1.93636e-06 0 0 0
2180 183 0.563078 0.690516 -0.454018 -0.00054097 -4.49113e-08 0 0 0
3932 3149 0.57696 0.80316 -0.148497 -0.013112 -8.9075e-07 0 0 0
2180 1437 0.745678 -0.495965 -0.444952 -0.000910447 -8.04267e-08 0 0 0
3932 3353 0.262482 -0.946725 -0.186588 -0.0104473 -7.23428e-07 0 0 0
2754 3207 0.862529 -0.221466 0.454968 -0.0045917 -3.65081e-07 0 1 0
2754 784 0.837961 -0.0348426 -0.544617 -0.0314069 -2.37022e-06 0 0 0
188 4855 0.318907 -0.934405 0.158703 -0.00680861 -4.66715e-07 0 0 0
977 34 0.45086 -0.475397 0.755462 -0.00815096 -6.26021e-07 0 0 0
1215 1209 0.845236 -0.39602 -0.358809 -0.0224089 -1.32621e-06 0 0 0
1215 4880 0.888652 0.386955 0.246095 -0.0192782 -1.27401e-06 0 0 0
977 793 0.0312009 -0.122007 -0.992039 -0.0116045 -9.0807e-07 0 0 0
1045 2727 0.261823 0.419202 0.869321 -0.00136601 -9.03808e-08 0 0 0
2356 312 0.991424 0.130686 -0.000321341 -0.00180676 -1.68007e-07 0 0 0
2356 5099 0.51906 0.696376 -0.495618 -0.00403744 -3.53094e-07 0 0 0
662 513 0.501067 0.841698 0.201187 -0.0047934 -3.03468e-07 0 0 0
662 26 0.610899 -0.641437 -0.46407 -0.00831236 -6.69804e-07 0 0 0
662 2721 0.995828 0.0739676 -0.0534443 -0.0174357 -1.29498e-06 0 0 0
2356 48 0.102622 -0.915657 -0.388641 -0.00316449 -2.20325e-07 0 0 0
2612 3550 0.258355 0.871996 0.415783 -0.0169623 -1.40507e-06 0 0 0
2356 4746 0.0546246 -0.131651 0.98979 -0.00329678 -1.9493e-07 0 0 0
5509 272 0.479891 0.752517 -0.451025 -0.021901 -1.36528e-06 0 0 0
2612 1660 0.903519 -0.369454 -0.217156 -0.00690732 -5.69333e-07 0 0 0
5509 1045 0.37745 -0.854678 0.35645 -0.0168264 -1.02504e-06 0 0 0
883 2182 0.450822 -0.879736 0.151075 -0.00381226 -2.90656e-07 0 0 0
5509 966 0.21811 -0.03829 -0.975173 -0.00225169 -1.69726e-07 0 0 0
883 2012 0.788466 0.374722 -0.487755 -0.00320552 -2.40699e-07 0 0 0
5286 4807 0.234984 -0.971881 0.0151886 -0.00311975 -2.66919e-07 0 0 0
288 686 0.264904 -0.00582748 -0.964257 -0.00304851 -2.73194e-07 0 0 0
2074 4398 0.641132 0.630088 -0.438107 -0.00820846 -7.72124e-07 0 0 0
288 2819 0.764996 -0.601171 -0.231028 -0.0133732 -1.0466e-06 0 0 0
2074 1823 0.157537 -0.821626 0.547826 -0.0148638 -1.30707e-06 0 0 0
1527 4080 0.140896 0.304087 -0.942167 -0.00295243 -2.02422e-07 0 0 0
2119 2435 0.23013 -0.555137 -0.799289 -0.00539977 -4.89959e-07 0 0 0
1527 3084 0.104126 0.959737 -0.26089 -0.00866844 -5.67498e-07 0 0 0
2119 2726 0.503262 0.861509 0.0672993 -0.00251445 -2.31362e-07 0 0 0
1527 5308 -0.0796618 -0.906718 0.414146 -0.00992128 -9.16701e-07 0 0 0
2119 2261 0.819427 -0.217694 0.530234 -0.01435 -1.01438e-06 0 0 0
3237 873 0.561529 0.711066 0.423167 -0.00915329 -7.63463e-07 0 0 0
3237 3141 0.552632 -0.819291 0.152841 -0.00982274 -5.50309e-07 0 0 0
3864 3595 0.379429 0.236488 -0.894487 -0.00159179 -1.13039e-07 0 0 0
3864 1936 0.411254 -0.724882 -0.552644 -0.00243562 -1.73062e-07 0 0 0
829 4563 0.540541 0.826263 0.158445 -0.00129287 -8.93341e-08 0 0 0
3864 3552 0.990537 0.0277306 -0.134413 -0.00779608 -5.41091e-07 0 0 0
1658 3354 0.330488 0.256708 0.908228 -0.00927391 -7.5895e-07 0 0 0
1658 1478 0.490975 0.591907 -0.639211 -0.00639844 -5.23819e-07 0 0 0
829 1525 0.475104 0.0176708 0.879752 -0.000590626 -5.00049e-08 0 0 0
1658 2882 0.836452 -0.431546 -0.337811 -0.0077434 -6.00075e-07 0 0 0
1571 2317 0.378406 0.0726091 -0.922788 -0.000384264 -3.15646e-08 0 0 0
1571 5223 0.484521 0.83559 -0.2589 -0.02374 -1.56484e-06 0 0 0
1160 581 0.770688 0.404606 -0.492275 -0.00942788 -8.09158e-07 0 0 0
1571 1825 0.987771 0.0818143 0.132719 -0.000914831 -6.64893e-08 0 0 0
1160 4854 0.525652 -0.131053 0.840544 -0.0100486 -8.14934e-07 0 0 0
4444 2435 0.242025 0.710612 -0.660647 -0.00851408 -7.51879e-07 0 0 0
1160 501 0.256422 0.840343 0.477569 -0.000285342 -2.54843e-08 0 0 0
4481 3746 0.812806 -0.549428 -0.193586 -0.00542975 -3.74326e-07 0 0 0
4444 894 0.737394 0.140615 0.660664 -0.00640778 -5.77254e-07 0 0 0
4444 3082 0.797806 -0.583125 -0.153201 -0.00517089 -3.26452e-07 0 0 0
4481 2748 0.553863 0.7241 -0.410993 -0.00936803 -6.21841e-07 0 0 0
895 2916 0.270307 -0.904977 -0.328559 -0.00216123 -1.7793e-07 0 0 0
2730 3990 0.64056 -0.751922 0.155875 -0.00944797 -7.63393e-07 0 0 0
1877 97 0.872841 0.487518 0.021791 -0.0107531 -6.63823e-07 0 0 0
1889 3077 0.452962 0.830808 -0.323394 -0.00164903 -1.11751e-07 0 0 0
1889 2340 0.505838 -0.768078 -0.392664 -0.00609344 -4.0453e-07 0 0 0
1877 2259 0.325605 -0.886514 -0.328747 -0.000392998 -2.52399e-08 0 0 0
1877 4622 0.15104 0.292244 -0.944341 -0.00954865 -5.92936e-07 0 0 0
4570 3619 0.034577 -0.998686 -0.0378215 -0.0026307 -2.11391e-07 0 0 0
1796 2520 0.60809 0.524401 0.596011 -0.0105148 -9.12081e-07 0 0 0
4570 4043 0.176064 -0.576947 -0.797579 -0.00964651 -7.86982e-07 0 0 0
1501 209 0.927853 -0.351863 0.123617 -0.00319437 -2.31622e-07 0 0 0
1501 5097 0.754229 0.422445 -0.502671 -0.000807349 -5.75431e-08 0 0 0
1501 4845 0.200218 0.209134 0.957171 -0.0106044 -7.67828e-07 0 0 0
3513 5215 0.502508 0.503325 0.702957 -0.013157 -9.44545e-07 0 0 1
3513 3932 -0.0319162 0.596101 -0.802275 -0.0167382 -1.24805e-06 0 0 0
2871 954 0.761047 -0.555016 0.335805 -0.000362097 -2.57875e-08 0 0 0
194 380 0.776197 0.626216 0.0732894 -0.0146491 -1.29581e-06 0 0 0
2871 5256 0.279947 0.957486 -0.0696485 -0.00270965 -2.12353e-07 0 0 0
194 70 0.939389 -0.233938 -0.250641 -0.00729934 -4.56341e-07 0 0 0
3455 3872 0.886688 -0.351078 -0.300879 -0.0129423 -9.52083e-07 0 0 0
3482 5072 0.000857855 -0.816168 0.577815 -0.0105876 -8.58777e-07 0 -1 0
3482 1545 0.749184 -0.120771 0.651258 -0.0241799 -1.87105e-06 0 0 0
3482 4414 0.729542 -0.440838 -0.522906 -0.00671493 -4.89889e-07 0 -1 0
3455 1486 0.111272 0.822626 0.557589 -0.00937303 -7.76279e-07 0 0 0
4511 4344 0.556681 -0.22467 0.799769 -0.00577338 -3.7261e-07 0 0 0
4511 2259 0.384797 0.758171 0.526411 -0.00534641 -3.44085e-07 0 0 0
4511 2595 0.213523 -0.0788583 -0.97375 -0.00910332 -6.76754e-07 0 0 0
4511 337 0.123674 -0.949002 0.289999 -0.00634832 -4.52196e-07 0 0 0
442 4954 0.972804 0.157454 -0.169883 -0.0130783 -1.03362e-06 0 0 0
2343 2580 0.966708 0.255566 0.0126857 -0.0109616 -6.99249e-07 0 0 0
2343 1584 0.681758 -0.724799 0.0993612 -0.00694329 -4.46281e-07 0 0 0
3664 140 0.473855 0.846035 -0.244308 -0.00112776 -1.00926e-07 0 0 0
2343 697 0.519588 -0.053171 0.852761 -0.0166103 -1.10261e-06 0 0 1
466 2227 0.548617 0.832764 -0.0743229 -0.00414409 -2.98631e-07 0 0 0
466 79 0.290969 0.268982 0.918142 -0.0169178 -1.13265e-06 0 0 0
466 2976 0.241604 -0.96841 -0.0617152 -0.0100636 -7.26715e-07 0 0 0
3156 2699 0.658524 -0.00893417 0.752506 -0.00904239 -6.17379e-07 0 0 0
2357 3833 0.851793 0.515112 0.0954395 -0.00213503 -1.74145e-07 0 0 0
2357 4048 0.496091 -0.785883 -0.369163 -0.011035 -6.51125e-07 0 0 0
4434 2625 0.266975 0.849816 0.454464 -0.0126043 -8.70863e-07 0 0 0
2357 1530 0.422108 0.313965 0.850442 -0.00348503 -2.73719e-07 0 0 1
4434 4900 0.603953 -0.796789 0.0191771 -0.0235998 -2.04663e-06 0 0 0
2357 1371 0.0102113 0.936296 0.351062 -0.0148394 -1.16024e-06 0 0 1
692 4761 0.827524 -0.540485 0.151921 -0.0154214 -1.02313e-06 0 0 0
3790 4923 0.0324393 -0.781547 -0.623003 -0.0132644 -8.08931e-07 0 0 0
692 1610 0.242002 0.823011 -0.513894 -0.00117217 -7.32583e-08 0 0 0
692 4975 0.109313 -0.222072 -0.968883 -0.00121721 -9.12145e-08 0 0 0
3790 841 0.838307 -0.544417 -0.0291891 -0.00236989 -1.50451e-07 0 0 0
3790 4226 0.821971 0.298994 -0.484733 -0.00968804 -8.47805e-07 0 0 0
3419 3303 0.0113068 0.333014 0.942854 -0.00923736 -7.12753e-07 0 0 0
3419 185 0.107671 0.333995 -0.936405 -0.00487603 -2.69325e-07 0 0 0
2325 3096 0.910213 0.410151 0.0573406 -0.00909499 -7.02938e-07 0 0 0
2325 272 0.735903 -0.671312 0.0882423 -0.0166405 -1.55956e-06 0 0 0
3673 3861 0.745514 0.398255 -0.534417 -0.0183308 -1.34361e-06 0 0 0
2325 2233 0.53555 -0.026846 -0.844077 -0.00853024 -7.45749e-07 0 0 0
915 3615 0.89772 -0.440562 0.00215102 -0.0189838 -1.21982e-06 0 0 0
915 4615 0.11228 0.991707 0.0625411 -0.00744632 -5.67462e-07 0 0 0
3820 2026 0.519192 -0.596264 -0.612298 -0.00403306 -2.74883e-07 0 0 0
3820 2356 0.141484 -0.120164 0.98262 -0.000762548 -5.29151e-08 0 0 0
1227 3326 0.902501 -0.40975 0.132655 -0.00696711 -5.96008e-07 0 0 0
837 4772 0.335584 -0.140289 -0.931505 -0.00522875 -4.83783e-07 0 0 -1
1227 2963 0.66749 0.382392 0.638931 -0.0192343 -1.61204e-06 0 0 0
837 2532 0.98579 -0.160304 -0.0502148 -0.0106726 -8.50334e-07 0 0 0
3311 4878 0.152628 -0.803901 -0.574846 -0.00112957 -7.4308e-08 0 0 0
3902 971 0.13244 -0.384986 -0.91337 -0.00344121 -3.22752e-07 0 0 0
3902 193 0.507269 -0.443262 0.739051 -0.005722 -4.13956e-07 0 0 0
3902 604 0.662781 0.413815 -0.624083 -0.00601253 -5.24789e-07 0 0 -1
1227 5032 0.187327 -0.47058 0.862243 -0.00784479 -6.12328e-07 0 0 0
3902 5399 0.848158 0.401632 0.345428 -0.00338333 -3.09143e-07 0 0 0
1227 2968 0.225542 -0.9402 -0.255253 -0.00442337 -2.58608e-07 0 0 0
3008 4346 0.288868 -0.772524 -0.565475 -0.0113715 -9.00713e-07 0 0 0
3008 5426 0.440246 0.753559 0.488192 -0.0138527 -1.17264e-06 0 0 0
2986 1584 0.75547 0.327823 0.567272 -0.0103198 -7.30298e-07 0 0 0
2986 4855 0.413415 0.790544 -0.451807 -0.0101388 -6.97049e-07 0 0 0
2986 5509 0.137201 -0.559987 -0.817062 -0.0141531 -1.00288e-06 0 0 0
2897 5069 0.975868 -0.0483008 -0.212951 -0.00120672 -8.54423e-08 0 -1 0
2897 2518 0.541073 0.838682 0.0620696 -0.000885849 -5.99174e-08 0 0 0
2897 3436 0.565704 -0.026313 0.824189 -0.00698568 -4.96081e-07 0 0 0
2379 1709 0.749638 0.506067 -0.426544 -0.0103754 -9.07963e-07 0 0 0
2379 66 0.573088 -0.708306 0.412157 -0.00591701 -4.92488e-07 0 0 0
3777 1525 0.724442 -0.00403371 -0.689324 -2.54468e-05 -2.00875e-09 0 0 0
5072 5233 0.7108 -0.661042 -0.240389 -0.00409712 -3.16193e-07 0 0 1
5072 1545 0.780688 0.603282 0.163027 -0.0120483 -1.09198e-06 0 1 0
2714 3872 0.735403 0.672764 -0.0810544 -0.00590068 -4.81307e-07 0 0 0
1414 2387 -0.0091151 -0.0244663 0.999659 -0.00263204 -1.9915e-07 0 0 0
1414 2239 0.456559 -0.820911 -0.343014 -0.0054567 -3.91648e-07 0 0 0
2714 2019 0.525941 -0.850335 -0.017779 -0.00663976 -5.16559e-07 0 0 0
2714 4683 0.0903418 0.602109 -0.793287 -0.0128629 -1.09625e-06 0 0 0
2714 3932 0.0513425 -0.416482 0.907693 -0.00268412 -1.93626e-07 0 0 0
1414 1716 0.721439 -0.468651 0.509796 -0.0167863 -1.06667e-06 0 0 0
172 3386 0.991868 0.0156092 0.12631 -0.00950282 -7.73214e-07 0 0 -1
5018 3746 0.880723 0.147789 0.449983 -0.00618469 -4.28001e-07 0 0 0
4923 1327 0.34362 -0.451505 -0.823449 -0.00670056 -4.85696e-07 0 0 0
5018 1102 0.235794 -0.900146 0.36625 -0.0101051 -7.15177e-07 0 0 0
4923 5456 0.735553 -0.670138 0.0993783 -0.0210077 -1.69945e-06 0 0 0
5018 337 0.179743 -0.0139446 -0.983615 -0.00399931 -2.80809e-07 0 0 0
5018 4481 0.0699733 0.733273 0.676324 -0.00852211 -5.62009e-07 0 0 0
1626 1594 0.257225 0.903248 0.343481 -0.00789163 -5.49913e-07 0 0 0
1626 1342 0.424744 -0.160924 -0.890896 -0.0138342 -8.35064e-07 0 0 0
1626 1582 0.427996 -0.863841 -0.265704 -0.0077373 -6.45625e-07 0 0 0
1626 1660 0.4945 0.688907 -0.529979 -0.00654087 -5.11065e-07 0 0 0
4114 2931 0.645871 -0.299337 -0.702316 -0.00686997 -5.73406e-07 0 0 0
4114 829 0.198249 0.532489 0.822893 -0.00137196 -1.15487e-07 0 0 0
4343 4492 0.155825 -0.623785 0.765906 -0.00502801 -3.39634e-07 0 0 0
3392 238 0.846855 0.244598 0.472238 -0.0178237 -1.40239e-06 0 0 0
3392 4284 0.612486 -0.734634 0.291845 -0.00130676 -1.03297e-07 0 0 0
3392 3553 0.29956 -0.0187553 -0.953893 -0.00643609 -4.60851e-07 0 0 0
4343 63 0.911565 0.279992 -0.301087 -0.00318861 -2.04659e-07 0 0 0
4632 3560 0.145515 0.699044 -0.700116 -0.00319201 -1.86439e-07 0 0 0
4632 208 0.366242 0.895538 0.252742 -0.0114213 -9.24367e-07 0 0 0
4632 3912 0.472173 -0.711268 0.520721 -0.0116291 -7.48696e-07 0 0 0
4632 2670 0.582043 -0.242242 -0.776238 -0.0215132 -1.23899e-06 0 0 0
3392 185 0.225424 0.965826 0.127924 -0.00886412 -6.2411e-07 0 0 0
4961 479 0.504207 -0.458816 -0.731617 -0.00894183 -8.59794e-07 0 0 0
4961 2595 0.407306 -0.29174 0.865442 -0.0116236 -9.79578e-07 0 0 1
4529 3226 0.63952 0.154052 0.753181 -0.00505896 -4.40098e-07 0 0 0
2213 1661 0.312184 -0.735071 -0.60184 -0.000857283 -6.20089e-08 0 0 0
4961 2869 0.388488 0.887238 0.248768 -0.00106779 -9.75887e-08 0 0 1
4394 1216 0.279475 0.129069 0.951438 -0.0134174 -9.3591e-07 0 0 0
4394 4095 0.199477 -0.810392 0.550884 -0.00717428 -5.11748e-07 0 0 0
4394 156 0.640523 0.731115 0.234949 -0.00117331 -9.37201e-08 0 0 0
4394 1708 0.981504 -0.176866 0.0732624 -0.0104664 -7.00564e-07 0 0 0
4961 172 0.0775823 0.601215 -0.795313 -0.00335324 -2.83297e-07 0 0 1
767 2352 0.611058 -0.419808 0.671095 -0.000907776 -8.34787e-08 0 0 0
767 2447 0.616364 -0.756185 -0.219726 -0.0010707 -8.71383e-08 0 0 0
138 1949 0.511488 0.192397 -0.837474 -0.00309006 -1.81426e-07 0 0 0
138 1007 0.53399 0.84524 0.0205593 -0.00759761 -4.52463e-07 0 0 0
138 1887 0.773596 0.124222 0.621385 -0.00787958 -5.97318e-07 0 0 0
2837 3148 0.075314 -0.898307 0.432864 -0.0259209 -1.57886e-06 0 0 0
2794 1616 0.668297 -0.121057 -0.733979 -0.00814386 -6.72295e-07 0 0 0
2837 3162 0.453771 0.870983 -0.188362 -0.00498268 -3.06732e-07 0 0 0
2837 457 0.618224 0.214799 0.756082 -0.0132147 -8.77952e-07 0 0 0
2794 2050 0.456198 -0.426945 0.78077 -0.0137701 -9.49978e-07 0 0 0
2794 1823 0.176256 0.895259 0.409201 -0.0108744 -7.43538e-07 0 0 0
686 4161 0.0378757 0.821975 -0.568263 -0.0032346 -1.96084e-07 0 0 0
686 3683 0.0962105 -0.453943 -0.885821 -0.012489 -7.54629e-07 0 0 0
686 2819 0.400287 -0.515588 0.757588 -0.00508591 -4.44438e-07 0 0 0
686 2465 0.527717 0.433575 0.73043 -0.00753844 -6.06635e-07 0 0 0
5340 2520 0.647967 -0.672469 -0.357665 -0.00303003 -2.45805e-07 0 -1 0
686 1449 0.990926 0.13039 0.0326226 -0.000707637 -6.13838e-08 0 0 0
5340 2809 0.551182 0.672717 0.493609 -0.00658372 -5.80163e-07 0 0 0
5340 5286 0.10733 -0.17103 0.979402 -0.0162819 -1.30997e-06 0 -1 0
1448 3875 0.159716 -0.820751 0.548506 -0.012148 -1.00334e-06 0 0 0
1448 3912 0.59996 0.799778 0.0200859 -0.014652 -1.12523e-06 0 0 0
1448 380 0.82295 -0.380369 -0.421987 -0.0215573 -1.7534e-06 0 0 0
3072 4398 0.578448 -0.0139934 0.815599 -0.00780268 -5.10101e-07 0 0 0
4690 2387 0.00941185 0.997728 0.0667137 -0.0109516 -7.72944e-07 0 1 0
4690 4414 0.621264 -0.326788 0.712208 -0.0150501 -1.0651e-06 0 0 0
245 4660 0.0432021 0.998384 -0.0369252 -0.00115619 -8.48327e-08 0 0 0
4690 1716 0.78599 0.467158 -0.404949 -0.00627616 -4.49408e-07 0 1 0
3072 376 0.403743 -0.728945 -0.552839 -0.0076878 -4.99777e-07 0 0 0
3072 315 0.216 0.97457 -0.0596385 -0.00240022 -1.48684e-07 0 0 0
3332 5190 0.646815 0.669235 0.365725 -0.0197157 -1.2632e-06 0 0 0
3332 5306 0.474623 -0.0712808 -0.877298 -0.00654978 -5.35162e-07 0 -1 0
2240 4746 0.291562 0.758292 0.583082 -0.00607943 -5.1943e-07 0 0 0
1382 5329 0.967745 0.0916771 0.23466 -0.0175212 -1.31095e-06 0 0 -1
2049 4492 0.106141 -0.74576 -0.657706 -0.0101715 -6.874e-07 0 0 0
2049 158 0.231866 -0.929787 0.285894 -0.00253214 -1.75939e-07 0 0 0
2049 3265 0.563414 0.806094 0.181043 -0.00523023 -3.61722e-07 0 0 0
2049 2096 0.695643 0.0695374 -0.715014 -0.00906987 -5.86258e-07 0 0 0
1382 793 0.226493 -0.972072 -0.0614627 -0.00813365 -6.06034e-07 0 0 0
1382 3513 0.212701 0.548243 -0.808819 -0.00444539 -3.85509e-07 0 0 -1
4203 26 0.397817 0.401109 -0.825138 -0.0134153 -1.12009e-06 0 0 0
3424 806 0.92786 -0.346792 -0.137152 -0.0118627 -7.46419e-07 0 0 0
3424 660 0.74178 0.663478 0.0977709 -0.0102057 -6.40401e-07 0 0 0
4203 3721 0.748185 -0.192206 0.63504 -0.016203 -1.14144e-06 0 0 0
4203 388 0.969295 0.145147 -0.198492 -0.00184839 -1.37562e-07 0 0 0
2387 605 0.745109 0.551523 -0.375014 -0.0065549 -4.66576e-07 0 0 0
3424 2638 0.326009 -0.189024 -0.926276 -0.0116387 -7.41161e-07 0 0 0
2387 1209 0.856028 -0.0366291 0.51563 -0.0047713 -3.78718e-07 0 0 0
4161 4369 0.0238219 -0.586491 -0.809605 -0.00175831 -1.65428e-07 0 0 0
98 5062 0.603641 -0.0949421 0.791583 -0.00701468 -5.46027e-07 0 0 0
1595 5108 0.481734 -0.206198 -0.851713 -0.0211107 -1.43341e-06 0 0 0
1595 3055 0.458235 0.00093953 0.888831 -0.0277123 -1.93847e-06 0 0 0
4161 2440 0.883114 0.125819 0.451973 -0.0308003 -2.04945e-06 0 0 0
2278 2305 0.780311 -0.271523 0.563374 -0.000436575 -3.1509e-08 0 0 0
3550 1594 0.334853 -0.860822 0.383221 -0.00482429 -3.39487e-07 0 0 0
3550 2002 0.522972 0.626282 -0.578163 -0.0228802 -1.77572e-06 0 0 0
2278 34 0.600163 0.661611 0.449528 -0.00309686 -2.41015e-07 0 0 0
1433 4381 0.512991 -0.609613 0.604328 -0.0169525 -1.32265e-06 0 0 0
5007 961 0.104924 0.0341155 -0.993895 -0.0135116 -9.03896e-07 0 0 0
5007 709 0.318111 -0.517114 0.794606 -0.0120434 -8.18367e-07 0 0 0
5007 5065 0.573871 0.812925 0.0991218 -0.00233783 -1.55293e-07 0 0 0
5007 2358 0.918514 -0.299617 -0.257994 -0.00529374 -3.64634e-07 0 0 0
1433 4339 0.360013 0.741967 -0.565576 -0.000879149 -6.78845e-08 0 0 0
1135 3990 0.755778 0.309373 -0.577138 -0.0083099 -6.41649e-07 0 0 0
1135 2486 0.703891 -0.685398 -0.186457 -0.00797593 -6.96467e-07 0 0 0
1419 3419 0.259435 0.886463 0.383245 -0.00622866 -6.05148e-07 0 0 0
1419 3392 0.157245 0.258113 -0.953232 -0.0146889 -1.28985e-06 0 0 0
1419 767 0.204298 -0.951647 0.229414 -0.0101833 -9.51516e-07 0 0 0
2048 43 0.257615 0.31616 -0.913059 -0.00668783 -6.18077e-07 0 0 0
532 1779 0.519306 -0.383185 -0.763866 -0.000700736 -4.00808e-08 0 0 0
3972 5099 0.752454 -0.553058 -0.357687 -0.00789955 -6.63897e-07 0 0 0
3972 1814 0.201136 -0.17909 -0.963053 -0.0195957 -1.67868e-06 0 0 0
730 5393 0.90636 0.129709 -0.402103 -0.0241765 -1.46029e-06 0 0 0
730 1681 0.495972 0.733509 0.464733 -0.00176601 -1.19513e-07 0 0 0
730 5256 0.307242 -0.459784 -0.833187 -0.00135635 -1.14805e-07 0 0 0
5252 1978 0.804379 0.0301463 -0.593351 -0.00774315 -6.33596e-07 0 0 -1
1991 3140 0.229308 0.617805 -0.752153 -0.0111432 -9.46782e-07 0 0 0
1991 4062 0.508121 -0.74355 0.43468 -0.00761173 -6.31187e-07 0 0 0
1991 2835 0.657729 0.721632 0.215963 -0.0138816 -1.09051e-06 0 0 0
5252 2869 0.445949 -0.559998 0.698235 -0.00652622 -5.8509e-07 0 0 0
3574 156 0.43326 -0.875784 0.21281 -0.00970533 -8.34727e-07 0 0 0
3574 3112 0.516664 0.138334 0.844939 -0.0101517 -7.57942e-07 0 0 0
3562 1354 0.955803 -0.221402 -0.193445 -0.00602175 -5.01748e-07 0 0 0
3562 3497 0.704711 -0.0703893 0.705994 -0.0100928 -5.83664e-07 0 0 0
4768 1191 0.645248 0.60273 -0.469438 -0.00527515 -4.46739e-07 0 0 0
4768 188 0.195078 -0.23009 0.953417 -0.00817697 -5.53881e-07 0 0 0
19 2855 0.151385 0.587253 0.795121 -0.000507674 -3.61479e-08 0 0 0
19 5500 0.245819 -0.809158 0.533701 -0.0130155 -9.01048e-07 0 0 0
19 4316 0.246706 -0.010576 -0.969033 -0.00799267 -6.61023e-07 0 0 0
4768 2325 0.039945 -0.997676 0.0552043 -0.00653479 -5.37952e-07 0 0 0
19 1556 0.503312 0.862988 -0.0439227 -0.00513905 -3.63985e-07 0 0 0
19 2405 0.935535 -0.339122 -0.0988455 -0.00869642 -8.16379e-07 0 0 0
4768 3562 0.0890262 0.894407 0.438304 -0.00313188 -2.31364e-07 0 0 0
1641 950 0.106336 -0.742468 -0.661387 -0.00219 -1.64143e-07 0 0 0
1641 2863 0.0902572 0.255122 -0.962687 -0.0020238 -1.47001e-07 0 0 0
1641 3186 0.514047 0.535846 0.669795 -0.00675897 -4.78913e-07 0 0 0
5211 3433 0.908147 -0.387478 -0.158525 -0.014315 -9.24465e-07 0 0 0
2402 3131 0.364146 -0.0701123 0.928699 -0.00106499 -7.57016e-08 0 0 0
1600 3371 -0.00960351 -0.929288 0.369232 -0.00457058 -3.52785e-07 0 0 0
1600 1085 0.130989 0.637689 0.759075 -0.00301128 -2.24831e-07 0 0 0
5211 223 0.346767 0.736586 -0.580683 -0.0261657 -1.72978e-06 0 0 0
1600 3376 0.91328 0.224568 0.339836 -0.0141594 -1.12204e-06 0 0 0
5211 2273 0.3206 -0.706189 0.631278 -0.0078694 -5.41808e-07 0 0 0
5211 1135 -0.0790807 -0.0922905 -0.992587 -0.00778851 -6.42977e-07 0 0 0
3708 2213 0.766379 0.308439 0.563496 -0.0181274 -1.52634e-06 0 0 0
3708 1419 -0.0193587 0.0328227 -0.999274 -0.00306429 -2.51455e-07 0 0 0
4325 4266 0.95842 0.278729 -0.0611657 -0.00610698 -4.32913e-07 0 0 0
3242 1637 0.56788 -0.467397 -0.677534 -0.000919331 -6.56818e-08 0 0 0
3148 2113 0.50282 -0.588169 -0.633426 -0.00255805 -1.58727e-07 0 0 0
4325 1008 0.54474 -0.0659736 0.836006 -0.0224336 -1.73761e-06 0 0 1
3148 5163 0.792735 -0.555065 0.251942 -0.00983484 -8.12402e-07 0 0 0
4325 948 0.527958 -0.357628 -0.7703 -0.02305 -1.61498e-06 0 0 0
4325 3332 0.0970328 0.979661 0.175637 -0.00981745 -6.87405e-07 0 1 0
2648 1689 0.39049 -0.342344 0.854587 -0.0111703 -7.78564e-07 0 0 0
2648 3226 0.484649 -0.250769 -0.837992 -0.0226572 -1.7164e-06 0 0 0
5248 4080 0.495564 0.816273 0.296841 -0.00632716 -5.07695e-07 0 0 0
2648 3748 0.782817 0.615061 -0.0943217 -0.0122683 -8.7157e-07 0 1 0
5248 3237 0.3127 -0.413974 -0.854894 -0.00791172 -6.89874e-07 0 0 0
3371 2953 0.381035 0.569295 0.728502 -0.00226231 -1.85406e-07 0 0 0
3371 497 0.548493 -0.37542 -0.747138 -0.00536166 -4.44796e-07 0 0 0
3371 4623 0.852916 -0.454766 0.256364 -0.00102187 -7.81882e-08 0 0 0
1919 2615 0.162767 -0.318113 -0.933976 -0.0142866 -1.29758e-06 0 0 0
1919 103 0.0179573 0.0620778 0.99791 -0.0220858 -1.74507e-06 0 0 0
1345 4118 0.835505 -0.337711 0.433455 -0.00076389 -5.0491e-08 0 0 0
1345 2748 0.618346 -0.248307 -0.745648 -0.00934741 -6.55774e-07 0 0 0
1919 141 0.715537 0.492552 -0.495378 -0.00886481 -6.93626e-07 0 0 0
1345 4381 0.423366 0.844986 0.32674 -0.0160019 -1.35324e-06 0 0 0
1345 4481 0.0940014 -0.929935 -0.355506 -0.00855434 -5.93331e-07 0 0 0
1794 2344 0.024053 0.701061 -0.712696 -0.00349609 -2.62554e-07 0 0 0
2426 1229 0.735026 -0.599251 0.317229 -0.00794691 -5.50368e-07 0 0 0
2426 1709 0.711074 0.421296 0.562923 -0.00935702 -6.28951e-07 0 0 0
913 581 0.884614 -0.460368 0.0742941 -0.00616744 -4.67602e-07 0 0 0
913 3084 0.442061 -0.151617 -0.884078 -0.000804753 -6.36144e-08 0 0 0
1794 4786 0.611039 0.79153 -0.0105504 -0.019006 -1.47689e-06 0 0 0
5082 5215 0.817339 0.242075 -0.522835 -0.00540827 -3.75746e-07 0 0 1
5082 298 0.262044 0.132253 0.955951 -0.00684874 -4.71299e-07 0 0 1
1794 4225 0.976341 -0.0110895 -0.215951 -0.00950079 -6.38176e-07 0 0 0
1189 2555 0.832833 -0.272443 -0.481834 -0.00946589 -6.80192e-07 0 0 0
1189 1796 0.127095 0.247171 -0.9606 -0.00531784 -4.33648e-07 0 0 0
371 4314 0.350327 -0.672435 -0.651999 -0.00722316 -5.7768e-07 0 0 0
371 767 0.180459 0.84516 -0.503129 -0.00868916 -6.62461e-07 0 0 0
2197 2931 0.544272 -0.809442 0.220391 -0.00782369 -5.30771e-07 0 0 0
2562 776 0.516596 0.823294 -0.235194 -0.00948937 -5.69041e-07 0 0 0
2197 5308 0.166987 0.965096 -0.201756 -0.00573214 -5.07793e-07 0 0 0
3593 780 0.745512 0.56393 0.355238 -0.0156131 -1.2752e-06 0 0 0
2562 13 0.787654 -0.256692 -0.560098 -0.0147104 -1.22476e-06 0 0 0
5130 1612 0.389752 0.909891 0.1421 -0.00607131 -4.66138e-07 0 0 0
5130 1788 0.431372 -0.836495 -0.337926 -0.00832948 -5.76278e-07 0 0 0
5130 26 0.517889 -0.590972 0.6185 -0.00501579 -3.70696e-07 0 0 0
3593 4746 0.364064 -0.818859 0.443765 -0.0141482 -1.14407e-06 0 0 0
3593 3972 0.115645 0.527605 -0.841581 -0.0195417 -1.48796e-06 0 0 0
3619 2002 0.473092 -0.864053 0.172039 -0.00294971 -2.38423e-07 0 0 0
170 2782 0.926825 -0.0880921 0.365015 -0.0033194 -2.25402e-07 0 0 0
170 972 0.46813 -0.877194 0.106702 -0.00331085 -2.63589e-07 0 0 0
170 501 0.30016 -0.433514 -0.849688 -0.00187803 -1.18344e-07 0 0 0
2615 3241 0.064945 -0.896912 -0.437414 -0.00591052 -4.72036e-07 0 0 0
2615 3186 0.334997 0.211292 -0.918223 -0.0168097 -1.30209e-06 0 0 0
2615 141 0.451011 0.737376 0.502858 -0.0147825 -1.30411e-06 0 0 0
2615 5335 0.583911 -0.450225 0.675534 -0.00424597 -2.92838e-07 0 0 0
170 2730 0.0673525 -0.530177 0.845208 -0.00682682 -6.13663e-07 0 0 0
1832 2625 0.0380086 0.314616 -0.948458 -0.0106027 -7.87411e-07 0 0 -1
1832 3152 0.118843 0.935851 0.331753 -0.00167455 -1.10612e-07 0 0 0
4177 524 0.607291 -0.747579 -0.26893 -0.00421167 -3.37491e-07 0 0 0
1832 929 0.419349 0.0729238 0.904892 -0.00986707 -5.80137e-07 0 0 0
4177 2273 0.433006 0.677079 0.595038 -0.00454087 -3.739e-07 0 0 0
1552 3387 0.81974 0.358448 -0.4467 -0.00784017 -6.63258e-07 0 0 0
1832 146 0.939702 -0.336932 0.0586288 -0.00523732 -4.16403e-07 0 0 0
1552 2188 0.413746 0.770435 0.485021 -0.00506286 -4.62878e-07 0 0 0
2502 140 0.0679869 -0.847154 0.52698 -0.0058517 -4.03281e-07 0 0 0
2502 3971 0.148134 -0.568685 -0.809107 -0.00397484 -3.493e-07 0 0 0
4163 240 0.900778 -0.283479 0.328997 -0.00569293 -3.72722e-07 0 0 0
4163 185 0.313575 -0.687875 -0.654597 -0.00695063 -4.57617e-07 0 0 0
3733 3407 0.573321 -0.773584 0.269947 -0.0019075 -1.58393e-07 0 -1 0
3733 821 0.514925 0.631092 0.580151 -0.00879025 -7.33608e-07 0 0 0
2502 1680 0.82666 0.254509 0.501855 -0.0113174 -8.69054e-07 0 0 0
3733 5286 0.295756 0.038229 -0.954498 -0.017 -1.34402e-06 0 -1 0
3889 2595 0.5208 0.681815 0.513708 -0.00961408 -7.4184e-07 0 0 0
103 1313 0.227462 0.876381 -0.424521 -0.0101651 -9.48846e-07 0 0 0
103 1570 0.330303 -0.902397 -0.276729 -0.00926673 -7.43182e-07 0 0 0
103 179 0.777424 0.0298371 0.628269 -0.000294221 -2.51858e-08 0 0 0
3889 3348 0.525752 -0.329655 0.784164 -0.00214146 -1.72019e-07 0 0 0
2466 4801 0.136142 -0.262984 0.955147 -0.014109 -1.04136e-06 0 0 0
2466 1789 0.257144 -0.950429 0.174818 -0.00223384 -1.79842e-07 0 0 0
2466 3717 0.305054 0.149769 -0.940485 -0.0132475 -9.22375e-07 0 0 0
4879 801 0.643732 -0.385316 0.661166 -0.0158523 -9.38468e-07 0 0 0
4879 1681 0.510659 0.0336341 -0.859125 -0.00377904 -2.6541e-07 0 0 0
4879 624 0.469064 -0.749798 -0.46667 -0.0099025 -8.97096e-07 0 0 0
4879 895 0.0530723 -0.961298 0.270349 -0.00338046 -2.92367e-07 0 0 0
1484 5467 0.964886 0.20783 0.160627 -0.00738409 -5.6854e-07 0 0 0
1484 3497 0.717176 -0.679986 -0.152569 -0.0142147 -7.91239e-07 0 0 0
1484 948 0.415646 0.905086 -0.0897683 -0.0156754 -1.05743e-06 0 0 0
4082 2450 0.916772 -0.0716316 0.392936 -0.0132428 -9.89791e-07 0 0 0
4476 3989 0.294051 -0.587096 0.754223 -0.00669428 -4.63689e-07 0 0 1
4476 5426 0.299526 -0.272552 -0.91433 -0.00673235 -5.61789e-07 0 0 0
4476 1437 0.390574 0.668534 -0.632862 -0.00437159 -3.07778e-07 0 0 0
1484 4201 0.183609 0.31463 -0.931287 -0.00771143 -6.61591e-07 0 0 0
4476 1113 0.956881 -0.221123 -0.188373 -0.00659983 -4.56793e-07 0 0 0
1014 4006 0.184793 -0.861307 0.473288 -0.0111451 -9.34002e-07 0 0 0
1014 2239 0.429685 0.891177 -0.145516 -0.015591 -1.13066e-06 0 1 0
1014 5264 0.611998 0.0190971 0.790629 -0.0193844 -1.54677e-06 0 0 0
1014 2546 0.717899 -0.605814 -0.342944 -0.00236069 -1.74164e-07 0 0 0
950 2863 -0.0184017 0.964241 -0.264386 -0.00166697 -1.15092e-07 0 0 0
950 111 0.255815 -0.52204 -0.813654 -0.00179369 -1.20882e-07 0 0 0
1484 172 0.00150969 -0.152125 0.98836 -0.0144441 -1.18125e-06 0 0 1
3815 3403 0.77751 -0.622583 0.0887071 -0.00383749 -2.77105e-07 0 0 0
950 2878 0.778798 0.368269 -0.507791 -0.0068375 -4.51154e-07 0 0 0
2637 1949 0.778067 0.482786 0.401908 -0.000347923 -2.34838e-08 0 0 0
961 1216 0.103125 -0.87702 -0.469255 -0.0100826 -6.04383e-07 0 0 0
961 2182 0.0415891 0.961583 0.271346 -0.00434329 -3.39476e-07 0 0 0
961 3112 0.504459 0.55341 -0.662766 -0.0138293 -1.01247e-06 0 0 0
633 5289 0.50159 -0.813359 -0.29471 -0.00119397 -1.06549e-07 0 0 0
3927 3943 0.926445 -0.372189 -0.0563522 -0.0104713 -8.34593e-07 0 0 0
961 743 0.968384 -0.0972957 -0.229707 -0.0115189 -9.28671e-07 0 0 0
444 1320 0.231022 -0.0231791 -0.972672 -0.0429573 -2.93456e-06 0 0 0
444 3529 0.194831 0.662626 0.723165 -0.013651 -1.20494e-06 0 0 0
3927 466 0.235763 -0.46607 0.852757 -0.0118658 -8.64215e-07 0 0 0
1053 4048 0.889921 -0.187879 0.415624 -0.00998941 -8.96008e-07 0 0 0
444 597 0.972691 0.0457869 0.227541 -0.00846462 -5.39737e-07 0 0 0
3683 4369 -0.0412429 0.875991 -0.48056 -0.00378823 -3.48188e-07 0 0 0
3683 5204 0.318014 -0.827608 0.462527 -0.00827023 -5.89442e-07 0 0 0
1134 5190 0.908606 0.11432 -0.401705 -0.0148415 -1.11039e-06 0 0 -1
3683 1887 0.684444 -0.561671 -0.464825 -0.00563489 -4.188e-07 0 0 0
3683 1464 0.755714 0.644216 -0.117819 -0.000908884 -6.62603e-08 0 0 0
1134 1146 0.223378 -0.838519 0.496979 -0.00748348 -5.86972e-07 0 -1 0
1134 2278 0.159628 0.140255 0.977163 -0.00951059 -6.99905e-07 0 0 0
3056 1616 0.877121 -0.395216 0.272878 -0.00205451 -1.67212e-07 0 0 0
3354 1788 0.357975 0.0720451 0.930948 -0.00704889 -4.8954e-07 0 0 0
3056 3385 0.389644 -0.466416 -0.794124 -0.00774491 -5.45115e-07 0 0 0
3056 2794 0.185432 -0.254 0.949262 -0.017274 -1.19292e-06 0 0 0
2711 516 0.874039 -0.442675 -0.200238 -0.0158635 -1.35111e-06 0 -1 0
2711 1265 0.835332 0.522481 -0.17098 -0.00102241 -7.21646e-08 0 0 0
1763 2855 0.321012 -0.909391 0.2645 -0.000412428 -3.58824e-08 0 0 0
1763 2540 0.415746 0.857561 -0.302894 -0.0008503 -7.47223e-08 0 0 0
2711 4314 0.256923 0.402238 -0.878746 -0.0102063 -9.23823e-07 0 0 0
2711 5340 0.00788355 -0.0854913 0.996308 -0.0188071 -1.6271e-06 0 0 0
2711 371 -0.0503419 0.95553 -0.290566 -0.00664621 -5.20358e-07 0 0 0
5192 2835 0.564924 -0.277342 -0.777137 -0.00202415 -1.62964e-07 0 0 0
4617 1584 0.791106 0.0899987 -0.605022 -0.00684789 -4.15275e-07 0 0 0
4617 2671 0.73065 -0.677046 0.0880886 -0.00962781 -7.5307e-07 0 0 0
2863 5204 0.378881 0.734589 -0.562875 -0.00201836 -1.36408e-07 0 0 0
4617 5126 0.69453 -0.0654382 0.716482 -0.0117113 -1.05298e-06 0 0 1
3903 3535 0.577424 -0.810789 0.0959275 -6.52667e-05 -5.95302e-09 0 0 0
2100 3235 0.0794243 0.125761 -0.988876 -0.0051951 -4.14805e-07 0 0 0
5164 1025 0.398735 -0.908724 -0.123412 -0.0165214 -1.25816e-06 0 0 0
2100 2002 0.496811 0.291673 0.817377 -0.00433594 -3.9647e-07 0 0 0
5164 3513 0.357469 0.932667 -0.0484612 -0.0107887 -9.07673e-07 0 0 0
5164 1382 0.169618 0.450293 0.876622 -0.00962618 -7.22756e-07 0 0 1
3285 376 0.610182 0.72773 -0.313188 -0.0211488 -1.56054e-06 0 0 0
4772 2532 0.500364 0.00218512 0.865812 -0.0110937 -9.30859e-07 0 0 1
4772 604 0.496518 -0.715372 -0.491643 -0.0106543 -9.295e-07 0 0 0
4772 841 0.609034 0.381911 -0.695142 -0.0131119 -7.2881e-07 0 0 0
3285 3056 -0.00745896 -0.524856 0.851158 -0.0174588 -1.19666e-06 0 0 0
3131 111 0.347176 -0.672918 0.653185 -0.00117454 -9.48055e-08 0 0 0
4273 140 0.251266 -0.0715256 -0.965272 -0.0115221 -1.02821e-06 0 0 0
544 2273 0.44297 0.708102 -0.549881 -0.0172446 -1.26747e-06 0 0 0
4273 568 0.539917 -0.823108 -0.176016 -0.00410781 -3.28516e-07 0 0 0
933 4919 0.227854 -0.567813 0.790994 -0.0104113 -8.58668e-07 0 0 0
933 101 0.325602 -0.578528 -0.747856 -0.00918415 -7.19039e-07 0 0 0
933 3271 0.403632 0.361616 0.840426 -0.00973859 -6.05397e-07 0 1 0
933 4065 0.644312 0.682493 -0.345059 -0.0187552 -1.6899e-06 0 0 0
933 5489 0.912243 -0.386054 0.137021 -0.0143009 -1.03293e-06 0 0 0
544 1786 0.348878 -0.935614 0.0539473 -0.00101752 -7.14195e-08 0 0 0
4033 1801 0.82324 -0.272154 0.498205 -0.0134963 -9.19179e-07 0 0 0
1621 3215 0.383311 0.210245 -0.899372 -0.00489333 -3.03667e-07 0 0 0
1621 3265 0.424713 -0.166378 0.889908 -0.004972 -3.5347e-07 0 0 0
2480 4455 0.952383 -0.073273 -0.295968 -0.0185841 -1.03099e-06 0 0 0
2480 2050 0.466044 0.866462 0.179016 -0.0145146 -9.24589e-07 0 0 0
2480 821 0.289315 -0.135854 -0.947544 -0.0191213 -1.5498e-06 0 0 0
3560 4006 0.0258472 0.986653 -0.160775 -0.00475461 -4.45078e-07 0 0 0
2480 2897 0.079803 -0.616555 0.783257 -0.00385823 -2.84941e-07 0 0 0
1370 3959 0.90073 -0.424017 -0.0943126 -0.0066572 -4.83763e-07 0 0 0
1370 4622 0.458599 0.84283 0.281646 -0.00588737 -4.0845e-07 0 0 0
2786 3497 0.910452 0.33096 -0.248077 -0.00764508 -5.16768e-07 0 0 0
2786 479 0.531174 0.037193 0.846446 -0.0151601 -1.01628e-06 0 0 0
2786 188 0.283221 -0.716624 -0.637367 -0.009878 -6.84985e-07 0 0 0
2212 4801 0.0493298 0.48719 -0.871901 -0.00865639 -5.54296e-07 0 0 0
2212 4802 -0.0149711 -0.287575 0.957641 -0.00871207 -7.28512e-07 0 0 0
3747 2727 0.955883 -0.0807166 0.282439 -0.00707249 -4.51821e-07 0 0 0
3747 1045 0.648599 -0.487349 -0.584646 -0.021412 -1.31338e-06 0 0 0
3747 2986 0.157071 0.965162 -0.209261 -0.0120801 -8.52406e-07 0 0 0
2212 61 0.902548 0.0476236 -0.427948 -0.000432006 -2.7592e-08 0 0 0
4492 158 0.128395 -0.183484 0.974602 -0.0040939 -2.77031e-07 0 0 0
4492 2540 0.264327 -0.925132 -0.272512 -0.00759766 -5.0669e-07 0 0 0
2052 4410 0.785226 0.321781 0.529035 -0.000701215 -4.43255e-08 0 0 0
4492 681 0.763471 0.0253709 -0.645343 -0.00678248 -5.30668e-07 0 0 0
2052 801 0.696119 0.162424 -0.699312 -0.0213764 -1.27072e-06 0 0 0
43 4095 -0.0318917 0.67294 0.739009 -0.00311112 -2.34009e-07 0 0 0
43 5305 0.183445 0.58128 -0.792755 -0.00206936 -1.54495e-07 0 0 0
43 3322 0.651374 -0.679269 -0.33809 -0.00717866 -5.04876e-07 0 0 0
43 3847 0.690255 0.129975 0.711797 -0.0019048 -1.54533e-07 0 0 0
43 3103 0.919999 0.368379 -0.133786 -0.00378459 -2.79631e-07 0 0 0
1048 5066 0.912117 0.327099 -0.247082 -0.000528865 -3.6143e-08 0 0 0
3140 1623 0.395868 0.768936 0.502021 -0.00564088 -5.42647e-07 0 0 0
3140 2964 0.584963 -0.6448 -0.491987 -0.00257098 -1.45577e-07 0 0 0
3140 2168 0.883435 -0.299861 0.360036 -0.00710705 -5.05982e-07 0 0 0
3104 2213 0.921176 0.259064 -0.290379 -0.000121791 -1.06719e-08 0 0 0
5416 330 0.133794 0.962417 0.236332 -0.015396 -1.25902e-06 0 0 0
5416 4043 0.151826 -0.931968 0.329217 -0.011911 -9.47115e-07 0 0 0
5416 929 0.552083 -0.547955 -0.62845 -0.0126752 -1.1676e-06 0 0 0
3104 3708 0.172012 -0.0588472 -0.983336 -0.00142675 -1.09045e-07 0 0 0
3752 4768 0.22841 0.267889 0.935983 -0.00930997 -7.78641e-07 0 0 0
4946 4452 0.756394 0.0746477 0.649843 -0.00473766 -3.78867e-07 0 0 0
4136 4344 0.845803 -0.476309 -0.240307 -0.0128926 -8.93415e-07 0 0 0
3235 3919 0.405474 -0.891894 0.200291 -0.00158117 -1.21657e-07 0 0 0
4136 2259 0.668826 0.529736 -0.521585 -0.00117735 -8.15553e-08 0 0 0
3235 4979 0.624358 0.639916 -0.447978 -0.0134046 -1.01956e-06 0 0 0
1831 5462 0.780113 -0.608576 -0.145115 -0.010608 -8.06814e-07 0 0 0
3446 2435 0.0566917 0.111649 0.992129 -0.00518417 -4.27397e-07 0 0 0
1831 337 0.33001 0.881719 -0.337142 -0.0165834 -1.23538e-06 0 0 0
2528 697 0.729779 0.0304001 -0.683007 -0.0103306 -7.08214e-07 0 0 0
2528 3348 0.433454 0.646727 0.627584 -0.0113457 -7.89363e-07 0 0 0
2528 3889 -0.0354876 0.9967 -0.0729992 -0.00527829 -4.49673e-07 0 0 0
3446 3753 0.895261 0.324908 -0.304863 -0.00869468 -6.71761e-07 0 0 0
2528 4617 0.0688838 -0.701297 -0.709533 -0.013101 -7.86979e-07 0 0 -1
4990 2047 0.134716 -0.772769 -0.620225 -0.00646364 -5.03153e-07 0 0 0
3250 479 0.663806 0.720083 -0.202096 -0.0057734 -4.85601e-07 0 0 0
4990 3919 0.404472 0.667311 -0.625378 -0.0186693 -1.45204e-06 0 0 0
4990 1342 0.396171 -0.801831 0.447343 -0.00939079 -6.98411e-07 0 0 0
3250 2343 0.357022 -0.583677 -0.729285 -0.00857532 -6.76906e-07 0 0 0
3250 3889 0.081409 0.379131 0.921755 -0.01026 -7.79163e-07 0 0 1
4816 2463 0.758062 -0.549384 0.351453 -0.0160896 -1.39259e-06 0 -1 0
4816 2278 0.126052 0.0272555 -0.991649 -0.00982861 -6.79377e-07 0 0 0
4361 3541 0.886617 0.294635 0.356512 -0.00952851 -7.72095e-07 0 0 0
4361 4163 0.190182 -0.572315 0.797676 -0.00532809 -4.31464e-07 0 0 0
4361 1647 0.082046 0.780187 -0.620143 -0.00102047 -8.04909e-08 0 0 0
4213 2638 0.657074 -0.0396411 0.752783 -0.0116129 -9.28165e-07 0 0 0
1870 208 0.186228 -0.979254 -0.079886 -0.0168643 -1.35342e-06 0 0 0
4213 1576 0.645555 0.644963 -0.409 -0.0068123 -5.42453e-07 0 0 0
1870 4414 0.350396 0.923297 0.157306 -0.0146232 -9.73366e-07 0 0 0
5100 3218 0.744981 0.209991 -0.633172 -0.0089766 -6.16564e-07 0 0 0
5100 2875 0.709841 -0.333175 0.62058 -0.0107698 -9.42839e-07 0 0 0
5100 4268 0.459746 0.887978 -0.0113356 -0.0148783 -1.21751e-06 0 0 0
1955 2916 0.54004 -0.403751 0.738472 -0.0098732 -7.49151e-07 0 0 0
1313 4802 -0.0853574 0.924213 0.372217 -0.0116757 -1.02156e-06 0 0 0
1313 4289 0.165511 0.167759 0.971835 -0.0118801 -6.8397e-07 0 0 0
1955 730 0.253926 0.727457 -0.637438 -0.0120424 -9.22949e-07 0 0 0
279 3572 0.990359 0.0526592 -0.128129 -0.0081915 -5.1043e-07 0 0 0
1313 4517 0.562425 -0.826691 -0.0161042 -0.00982382 -6.71332e-07 0 0 0
1313 4641 0.614505 0.332928 -0.715222 -0.00788695 -6.32863e-07 0 0 0
1313 5432 0.962469 0.0114179 0.271151 -0.0195879 -1.57038e-06 0 0 0
279 4571 0.456097 -0.11856 -0.881997 -0.017049 -1.3895e-06 0 0 0
279 2803 0.517079 0.688664 0.508303 -0.0271257 -1.64953e-06 0 0 0
4801 3314 0.34916 0.389512 0.852272 -0.00986367 -6.98649e-07 0 0 0
279 3407 0.45105 0.715799 -0.53309 -0.00608659 -4.81117e-07 0 0 0
279 3972 0.138888 -0.887092 -0.440203 -0.00990819 -6.30842e-07 0 0 0
4801 3302 0.834423 -0.314909 -0.452295 -0.00202386 -1.66068e-07 0 0 0
1088 2548 0.0471771 0.429178 0.901987 -0.00581092 -5.08854e-07 0 0 0
1088 1612 0.239735 -0.829455 -0.504511 -0.0140898 -8.9681e-07 0 0 0
1088 513 0.247885 -0.822001 0.512706 -0.0100015 -6.19864e-07 0 0 0
1088 5134 0.537283 0.730889 -0.420866 -0.00042775 -3.19921e-08 0 0 0
401 2486 0.804308 -0.194332 0.561537 -0.00207451 -1.53987e-07 0 0 0
1088 1019 0.823911 0.0962754 0.558481 -0.0211934 -1.57976e-06 0 0 0
1386 1115 0.690952 0.59753 -0.406871 -0.0137119 -1.26411e-06 0 0 0
3493 3912 0.277706 0.39282 0.876682 -0.0228275 -1.48135e-06 0 0 0
3493 1149 0.238252 -0.161632 -0.957659 -0.00318668 -2.58476e-07 0 0 0
3493 2670 0.392662 0.816695 -0.422878 -0.0120671 -6.97243e-07 0 0 0
3493 380 0.436392 -0.687347 0.580617 -0.00663633 -6.15716e-07 0 0 0
1386 4201 0.561758 -0.0303745 0.826744 -0.00910578 -7.10055e-07 0 0 0
4278 5108 0.816872 -0.0610916 0.573574 -0.0131334 -1.11873e-06 0 0 0
4278 1831 0.175262 0.864862 -0.470422 -0.00281982 -2.55771e-07 0 0 0
4530 2625 0.105539 -0.875961 -0.470696 -0.0191649 -1.50663e-06 0 0 0
4530 3152 0.195114 -0.114574 0.974065 -0.00761838 -6.25793e-07 0 0 1
735 3932 0.430361 -0.897823 0.0932884 -0.00754001 -5.42135e-07 0 0 0
735 3455 0.321455 0.612315 -0.722314 -0.0128561 -9.57253e-07 0 0 0
735 2714 0.351532 -0.418029 -0.837661 -0.00517484 -3.96695e-07 0 0 0
735 1053 0.0799393 0.432233 0.898212 -0.011208 -8.7664e-07 0 0 0
4962 141 0.542007 -0.449296 0.710184 -0.0104621 -8.21947e-07 0 0 0
744 1045 0.913894 0.313762 -0.257587 -0.00789649 -7.17605e-07 0 0 0
4962 983 0.977362 0.142177 -0.156683 -0.0171751 -1.2649e-06 0 0 0
3146 1689 0.356328 0.398662 -0.845044 -0.0190888 -1.56047e-06 0 0 0
744 3006 0.621193 -0.121325 0.774209 -0.00565047 -5.01466e-07 0 0 0
3146 101 0.540105 -0.227298 0.810322 -0.0183554 -1.50583e-06 0 0 0
2047 1342 0.226398 0.00694542 0.97401 -0.011189 -6.8252e-07 0 0 0
2047 1623 0.371175 -0.910642 0.181548 -0.00401753 -3.85328e-07 0 0 0
744 4879 0.293337 -0.571999 -0.76601 -0.0145867 -1.33786e-06 0 0 0
2047 3010 0.511145 0.690734 -0.511485 -0.00458083 -4.40191e-07 0 0 0
744 3747 0.194347 0.890484 0.411422 -0.00163719 -1.43489e-07 0 0 0
2047 3364 0.877548 -0.350914 -0.326754 -0.0278152 -1.7152e-06 0 0 0
4668 702 0.582861 -0.711656 0.392198 -0.0190593 -1.31309e-06 0 0 0
4668 2546 0.573604 0.68346 0.451509 -0.00530826 -3.5065e-07 0 0 0
4227 1748 0.871342 0.487734 0.0536474 -0.00148238 -1.09111e-07 0 0 0
4668 2261 0.70773 0.469992 -0.527471 -0.00791248 -5.1591e-07 0 0 0
1085 2953 0.244549 -0.904554 0.349254 -0.00166816 -1.32103e-07 0 0 0
4227 2074 0.362135 -0.741502 -0.56483 -0.0151386 -1.24894e-06 0 0 0
1085 3376 0.786743 -0.431957 -0.440963 -0.00382921 -3.00303e-07 0 0 0
2961 1227 0.458748 0.454002 0.763828 -0.00979231 -9.0297e-07 0 0 0
3131 920 0.970915 0.237499 -0.0302927 -0.00138655 -1.02315e-07 0 0 0
3875 1147 0.7083 -0.409295 0.575142 -0.017315 -1.59711e-06 0 0 0
4760 2765 0.634488 -0.386401 -0.669417 -0.00455102 -3.81179e-07 0 0 0
3875 1520 0.810168 0.58465 0.0425642 -0.000799318 -6.87893e-08 0 0 0
2257 2227 0.918456 -0.380684 -0.107323 -0.0116819 -9.39501e-07 0 0 0
2257 5000 0.512574 -0.0562688 0.856797 -0.0139346 -1.01081e-06 0 0 0
5494 4314 0.611423 -0.711929 0.345425 -0.0122874 -9.51329e-07 0 0 0
5494 3359 0.537687 0.502212 -0.677257 -0.0385651 -3.06803e-06 0 0 0
5494 371 0.237907 -0.0165934 0.971146 -0.00976062 -7.41437e-07 0 0 0
408 4033 0.121404 -0.241496 -0.962778 -0.0118493 -8.07004e-07 0 0 0
2764 532 0.629522 0.699494 0.338247 -0.0169304 -1.23276e-06 0 0 0
2764 1486 0.425715 -0.035073 -0.904177 -0.0101565 -8.85619e-07 0 0 0
4033 3424 0.1888 0.446061 -0.874863 -0.0018474 -1.31105e-07 0 0 0
1216 156 0.287906 0.530618 -0.797217 -9.00298e-05 -7.87376e-09 0 0 0
1216 5134 0.422866 -0.840794 0.338008 -0.000298912 -2.37623e-08 0 0 0
2764 1053 0.0739465 -0.980916 0.179824 -0.0108258 -8.72646e-07 0 0 0
4806 1371 0.458657 -0.886917 0.0548812 -0.0288285 -2.04916e-06 0 0 1
1216 4277 0.922951 -0.0624446 0.379819 -0.0133184 -7.82272e-07 0 0 0
4806 2052 0.192306 0.415751 -0.888915 -0.0119399 -9.28665e-07 0 0 0
4095 3847 0.790763 -0.610265 -0.047656 -0.000423086 -3.13606e-08 0 0 0
58 4080 0.604072 -0.789374 0.109479 -0.0116288 -7.55451e-07 0 0 0
58 3084 0.557119 -0.067587 0.827677 -0.00710816 -4.6886e-07 0 0 0
4369 1007 0.548055 -0.552018 -0.62842 -0.00411635 -3.99003e-07 0 0 0
4369 4623 0.748915 0.588037 -0.305514 -0.0042394 -3.49663e-07 0 0 0
58 1595 0.22281 0.860468 0.458203 -0.0105296 -7.1914e-07 0 0 0
1975 554 0.758603 0.104508 0.643117 -0.0210877 -1.76007e-06 0 0 0
3252 1570 -0.0275959 0.721167 -0.692211 -0.0112383 -1.01953e-06 0 0 0
2617 5215 0.864508 -0.42595 0.266821 -0.0106066 -7.49183e-07 0 0 1
3252 3657 0.432339 -0.871279 -0.232284 -0.00953527 -6.62105e-07 0 0 0
2617 4048 0.792245 0.58967 -0.156959 -0.00375344 -2.23832e-07 0 0 0
4518 2074 0.307658 0.404423 0.861272 -0.0153894 -1.34396e-06 0 0 0
3252 2198 0.691028 0.574236 0.439015 -0.0026356 -2.36855e-07 0 0 0
4518 3285 0.0843605 -0.556969 -0.826238 -0.0171922 -1.19204e-06 0 0 0
2559 1292 0.143196 -0.382155 -0.912936 -0.0184973 -1.04246e-06 0 0 0
2329 5509 0.519705 0.846221 0.11755 -0.00838177 -6.97114e-07 0 0 0
3581 1271 0.820279 -0.541943 -0.18287 -0.0145456 -8.76024e-07 0 0 0
3581 2765 0.447182 -0.0463309 0.893242 -0.0294142 -2.19483e-06 0 0 0
2559 914 0.892442 0.267556 -0.363264 -0.00239479 -2.00868e-07 0 0 0
3581 1345 0.207337 0.740608 -0.639149 -0.0142141 -8.44013e-07 0 0 0
330 3042 0.97382 0.215375 0.0727172 -0.0146941 -1.0982e-06 0 0 0
3359 1203 0.518038 -0.854775 -0.0315545 -0.00174913 -1.15669e-07 0 0 0
2115 2555 0.796327 0.581027 0.168138 -0.0122143 -1.00777e-06 0 0 0
4802 3082 0.740471 0.650069 -0.170626 -0.0206275 -1.74121e-06 0 0 0
3814 2671 0.912527 0.405461 0.0538155 -0.0128978 -9.86874e-07 0 0 -1
3814 5346 0.374624 -0.90173 0.21573 -0.0143446 -1.29197e-06 0 0 -1
3814 4617 0.149253 0.988261 -0.0326145 -0.00497127 -2.97995e-07 0 0 -1
3814 3747 0.1026 -0.109147 -0.988716 -0.00159322 -9.54484e-08 0 0 -1
864 1877 0.508899 0.666254 -0.545093 -0.0142595 -1.21689e-06 0 0 0
2344 2708 0.954844 0.231729 -0.185945 -0.0153234 -1.09846e-06 0 0 0
864 1345 0.367786 -0.299391 0.880397 -0.0135506 -1.17022e-06 0 0 0
864 4136 0.181378 -0.904786 -0.38531 -0.0142401 -1.14644e-06 0 0 0
2163 1127 0.902072 0.0825139 -0.423623 -0.00746541 -4.76307e-07 0 0 0
2163 1191 0.854126 -0.165179 0.493138 -0.00322827 -2.84853e-07 0 0 0
2163 3815 0.193444 -0.542019 -0.817799 -0.0080637 -5.16749e-07 0 0 0
2163 3752 0.0158476 -0.998932 0.0433949 -0.0104939 -9.13858e-07 0 0 0
3465 2392 0.955698 -0.164502 0.244091 -0.00882853 -6.33583e-07 0 0 0
3465 4722 0.546865 0.70071 0.458196 -0.0100837 -7.9536e-07 0 0 0
3465 2528 0.185781 0.777525 -0.600783 -0.0150825 -1.17133e-06 0 0 0
4300 359 0.546699 0.837319 0.00417431 -0.00470877 -3.73861e-07 0 0 0
3465 2257 0.0324388 -0.847281 0.530153 -0.0281774 -2.00186e-06 0 0 0
2842 2871 0.262129 0.749404 0.608015 -0.000429769 -3.59968e-08 0 0 0
2625 1451 0.65306 -0.23571 -0.71969 -0.0206079 -1.50993e-06 0 0 0
4598 2976 0.624401 0.488994 0.609104 -0.00853744 -6.20693e-07 0 0 0
4598 5391 0.461606 0.699683 -0.545311 -0.0206001 -1.42983e-06 0 0 0
4811 1149 0.342578 -0.872172 0.349222 -0.0110527 -7.91908e-07 0 0 0
4811 2670 0.505545 0.302287 0.808113 -0.028247 -2.26899e-06 0 0 0
4598 4882 0.518215 -0.842918 0.144716 -0.024834 -1.76865e-06 0 0 0
4598 4806 0.0269446 -0.325779 -0.945062 -0.0196803 -1.38297e-06 0 0 -1
4811 2234 0.900627 -0.246437 -0.357966 -0.00371187 -2.72406e-07 0 0 0
4021 966 0.902758 -0.324646 0.282192 -0.00412363 -3.45591e-07 0 0 0
3335 1700 0.881832 -0.387061 0.269363 -0.00419513 -3.60421e-07 0 0 0
3335 298 0.47328 0.877414 0.0784325 -0.00518818 -3.57172e-07 0 0 0
3335 98 0.235936 0.319806 0.917637 -0.00357617 -2.94573e-07 0 0 0
1148 4950 0.985959 0.149289 -0.0748235 -3.19683e-05 -2.18728e-09 0 0 0
1015 4033 0.230625 0.594096 0.770624 -0.0111944 -8.66663e-07 0 0 0
2476 3448 0.842418 0.349767 -0.409873 -0.00492644 -3.88453e-07 0 0 0
3595 3552 0.620578 -0.207776 0.756117 -0.00716858 -5.10743e-07 0 0 0
3595 1922 0.864814 -0.248839 -0.436092 -0.00792261 -6.44882e-07 0 0 0
3457 5100 0.200491 0.291557 0.935306 -0.00693873 -5.60377e-07 0 0 0
3521 5306 0.777009 -0.625983 0.0663548 -0.00486338 -4.09082e-07 0 -1 0
3521 1025 0.432199 0.703748 0.563864 -0.0136681 -9.81867e-07 0 0 0
1467 1567 0.877343 -0.406448 -0.255086 -0.0319928 -2.05906e-06 0 0 0
1936 2953 0.124457 -0.156668 -0.979778 -0.00420088 -2.7898e-07 0 0 0
1936 3717 0.132124 -0.614581 0.777711 -0.00198105 -1.40964e-07 0 0 0
1467 1801 0.819786 0.517657 -0.244914 -0.00475649 -3.49809e-07 0 0 0
1467 408 -0.0269046 0.985892 0.165206 -0.00900411 -6.8195e-07 0 0 0
3294 125 0.846677 0.210106 0.48887 -0.00279466 -2.22919e-07 0 0 0
3294 4227 0.145401 -0.566549 -0.811098 -0.0122073 -9.69721e-07 0 0 0
892 821 0.648552 -0.756325 -0.085744 -0.00147641 -1.07334e-07 0 0 0
4043 3198 0.485867 -0.871167 -0.0707201 -0.0164894 -1.30148e-06 0 0 0
892 163 0.55665 -0.144544 -0.818076 -0.00238372 -1.87969e-07 0 0 0
892 2794 0.376784 0.867219 0.325523 -0.006639 -4.45544e-07 0 0 0
4681 3436 0.982445 0.185203 0.0223934 -0.0185691 -1.39038e-06 0 0 0
4681 2897 0.433109 0.226247 -0.872484 -0.000219706 -1.54202e-08 0 0 0
2934 1823 0.661266 0.536333 -0.524475 -0.00786535 -6.76352e-07 0 0 0
4914 2865 0.874358 -0.419712 0.2436 -0.0136918 -1.25519e-06 0 0 0
4914 3288 0.500167 0.0382488 0.865084 -0.012273 -1.04315e-06 0 0 0
4914 48 0.509253 0.76958 0.385239 -0.00712541 -5.18343e-07 0 0 0
971 4880 0.757493 -0.647688 -0.0818819 -0.00144615 -1.26096e-07 0 0 -1
2115 1189 0.070373 0.810192 0.581924 -0.00202031 -1.62493e-07 0 0 0
2182 5065 0.449725 -0.152682 0.88002 -0.00807109 -6.25549e-07 0 0 0
100 2809 0.68857 -0.234982 0.686043 -0.0278407 -1.57853e-06 0 0 0
100 371 0.171512 0.109875 -0.979036 -0.0152812 -1.18912e-06 0 0 0
100 2711 0.199058 -0.762598 -0.615484 -0.00356737 -1.99621e-07 0 0 0
140 3162 0.25181 -0.450782 -0.856381 -0.0119165 -7.89568e-07 0 0 0
1642 4163 0.199075 -0.469603 -0.860141 -0.00880435 -5.75836e-07 0 0 0
140 763 0.720308 0.424331 0.548726 -0.00719065 -4.57956e-07 0 0 0
4003 4682 0.730632 -0.13707 -0.668871 -0.0034939 -2.36979e-07 0 0 0
3671 4316 0.0955915 -0.995164 0.0226013 -0.00595775 -4.78267e-07 0 0 0
3671 2713 0.147061 0.766774 0.624844 -0.002348 -2.1358e-07 0 0 0
3671 1582 0.189838 0.650553 -0.735352 -0.0089721 -7.21983e-07 0 0 0
4003 1501 0.31244 -0.725161 0.613614 -0.00252407 -2.06089e-07 0 0 0
5493 1115 0.828835 -0.0712431 0.554939 -0.0140637 -1.25613e-06 0 0 0
3241 3233 0.0718456 -0.374149 0.924581 -0.00296097 -2.15028e-07 0 0 0
5493 915 0.556838 -0.185443 -0.809656 -0.0101022 -8.37946e-07 0 0 0
2060 2416 0.834569 -0.0962386 -0.542432 -0.0139524 -9.77634e-07 0 0 0
3241 1905 0.900792 0.380561 0.20916 -0.0110597 -8.17485e-07 0 0 0
2060 170 0.375449 -0.571456 0.72971 -0.00960573 -7.10541e-07 0 0 0
2060 4914 0.152005 0.629819 0.761724 -0.011901 -9.6366e-07 0 0 0
1917 4551 0.657428 0.3505 0.667037 -0.0107949 -6.92535e-07 0 0 0
1917 977 0.495654 0.160952 -0.853476 -0.00766662 -5.33183e-07 0 0 0
1478 1118 0.660132 -0.195562 0.725246 -0.0162618 -1.06483e-06 0 0 0
1917 4816 0.205313 -0.878093 0.432203 -0.0122218 -7.9665e-07 0 0 0
1478 4214 0.665262 0.2252 -0.711837 -0.0114169 -9.20871e-07 0 0 0
3152 3540 -0.0459219 0.91278 0.405863 -0.00107805 -9.52868e-08 0 0 0
4212 780 0.958432 -0.263566 -0.109271 -0.00273247 -1.91751e-07 0 0 0
4212 2426 0.333547 -0.71784 0.611107 -0.012885 -8.37435e-07 0 0 0
3152 3554 0.80194 0.111727 0.586864 -0.00800093 -5.28668e-07 0 0 0
4212 1552 0.236148 0.311035 0.920593 -0.0150799 -1.33107e-06 0 0 0
4212 279 0.223378 0.558863 -0.798608 -0.025553 -1.71889e-06 0 0 0
2686 2233 0.722628 0.0295293 0.690606 -0.0121652 -7.67671e-07 0 0 0
158 1766 0.876382 0.0751136 -0.475723 -0.00733876 -5.21453e-07 0 0 0
3653 3912 0.360689 -0.44374 -0.820365 -0.0172559 -1.50792e-06 0 0 -1
2686 5387 0.456507 -0.750499 -0.477863 -0.0157387 -1.08147e-06 0 0 0
2686 692 0.365285 0.298161 -0.881854 -0.00520437 -3.37178e-07 0 0 0
2686 3815 0.216309 0.956303 -0.196709 -0.00141795 -8.75211e-08 0 0 0
1320 5289 -0.00302523 0.100059 -0.994977 -0.0476849 -4.32681e-06 0 1 0
2686 3752 0.0528998 0.721095 0.690814 -0.0113848 -1.05652e-06 0 0 0
1320 2950 0.190733 -0.980127 -0.0545216 -0.00202977 -1.65484e-07 0 0 0
3068 2876 0.86967 -0.482972 0.102039 -0.0106491 -7.18022e-07 0 0 0
3068 4114 0.234836 0.950133 0.20518 -0.000550592 -5.1041e-08 0 0 0
1320 4364 0.645353 -0.388295 -0.657835 -0.0124142 -8.61099e-07 0 0 0
1320 5283 0.783671 0.492135 0.379028 -0.0192002 -1.37714e-06 0 0 0
1320 5468 0.797208 -0.515507 0.314184 -0.0115313 -1.06189e-06 0 0 0
2435 4919 0.274441 0.954235 -0.118818 -0.0140565 -1.08848e-06 0 0 0
2435 3314 0.393781 -0.85851 -0.328477 -0.00401258 -3.23127e-07 0 0 0
2435 2698 0.801756 0.0229189 0.597212 -0.00753237 -5.76095e-07 0 0 0
3068 1642 0.00802719 0.363386 -0.931604 -0.00901925 -5.07146e-07 0 0 0
3398 4325 0.418645 -0.373556 -0.827763 -0.00677834 -5.07266e-07 0 0 -1
4346 1327 0.148427 -0.985156 0.0862343 -0.00832313 -6.43138e-07 0 0 0
4346 4336 0.167156 -0.271044 -0.947942 -0.00808652 -6.46611e-07 0 0 0
5430 4917 0.70044 0.033113 -0.712943 -0.00281663 -2.19729e-07 0 0 0
4346 1984 0.881786 0.29025 0.371765 -0.00371193 -2.9746e-07 0 0 0
5430 3047 0.702724 0.657159 0.272619 -0.00525427 -4.46099e-07 0 0 0
5430 4227 0.212367 -0.938841 0.271069 -0.00806303 -6.40245e-07 0 0 0
187 3428 0.786229 0.039247 0.616688 -0.0230615 -1.25719e-06 0 0 0
183 1266 0.802038 -0.391591 -0.45099 -0.000427898 -3.16797e-08 0 0 0
183 1309 0.85268 0.521285 0.0346268 -0.000377885 -2.85999e-08 0 0 0
187 4615 0.474208 -0.204841 -0.856252 -0.011952 -9.74012e-07 0 0 0
4532 4336 0.132222 0.367916 0.92041 -0.0106824 -8.70414e-07 0 0 0
4532 2113 0.414261 0.904127 0.104604 -0.00441171 -3.41186e-07 0 0 0
4532 776 0.439191 -0.545795 -0.713596 -0.0132118 -1.04653e-06 0 0 0
1636 4339 0.557889 0.0998417 0.823888 -0.0253076 -1.42803e-06 0 0 0
1636 2754 0.420529 0.123861 -0.898785 -0.0233911 -1.85564e-06 0 0 0
1636 4816 0.146416 0.940404 -0.306924 -0.00867003 -5.36464e-07 0 1 0
1682 5256 0.82542 -0.554112 0.107902 -0.000131859 -1.02929e-08 0 0 0
1682 730 0.437265 -0.049457 0.897972 -0.0154597 -1.1361e-06 0 0 0
2855 1033 0.956822 -0.141321 -0.254008 -0.00162964 -1.19559e-07 0 0 0
1682 544 0.287528 0.135949 -0.948075 -0.0135163 -9.297e-07 0 0 0
846 4855 0.972685 0.00550791 -0.232064 -0.00423174 -3.20457e-07 0 0 0
846 2343 0.57401 0.370762 0.730102 -0.0164955 -1.30392e-06 0 0 0
846 2986 0.534402 -0.811222 0.237346 -0.000618597 -4.73689e-08 0 0 0
2317 2198 0.927254 -0.357657 -0.110817 -0.000354166 -2.7176e-08 0 0 0
640 2314 0.666465 -0.63129 -0.396607 -0.00683718 -5.1351e-07 0 0 0
2344 4865 0.100367 -0.221153 -0.970061 -0.0024862 -1.94865e-07 0 0 -1
640 3424 0.508323 0.59778 0.619893 -0.00665023 -5.27254e-07 0 0 0
4006 3848 0.90562 -0.42308 0.0292487 -0.0099227 -8.17101e-07 0 0 0
640 1015 0.104427 -0.46733 0.877894 -0.00802849 -5.9859e-07 0 0 0
2618 2726 0.293581 -0.605781 -0.739486 -0.00594609 -4.52901e-07 0 -1 0
926 3218 0.855426 -0.490327 0.166813 -0.00915501 -6.65394e-07 0 0 0
2618 3721 0.738757 0.615633 -0.274289 -0.0024853 -2.05874e-07 0 0 0
926 4268 0.593219 0.110287 0.797451 -0.018631 -1.61898e-06 0 0 0
3233 5335 0.503262 0.803767 0.317312 -0.00481394 -3.44595e-07 0 0 0
926 4882 0.527529 0.849371 -0.0167875 -0.0209369 -1.23614e-06 0 0 0
926 3457 -0.030538 -0.996394 -0.0791579 -0.00373034 -3.19785e-07 0 0 0
3233 3714 0.873883 -0.448757 -0.186937 -0.0100736 -7.11541e-07 0 0 0
709 2113 0.240486 -0.817838 0.522788 -0.0143412 -9.09721e-07 0 0 0
2068 2714 0.546272 0.837603 0.00293255 -0.00765498 -5.93523e-07 0 0 0
709 1710 0.554084 0.832294 0.0166866 -0.00657902 -5.32113e-07 0 0 0
2068 408 0.199446 -0.974379 0.103952 -0.0089483 -6.50011e-07 0 0 0
3899 4339 0.838486 -0.108632 -0.533985 -0.013893 -1.35197e-06 0 -1 0
3658 1583 0.860048 0.492695 -0.13255 -0.00800708 -6.15904e-07 0 0 0
4103 3813 0.790557 -0.341265 -0.508485 -0.00691551 -4.37746e-07 0 0 0
2548 4817 0.659912 0.301227 0.688315 -0.0074129 -5.7572e-07 0 0 0
4103 4571 0.66724 0.173668 0.724314 -0.012498 -1.01977e-06 0 0 0
4103 4807 0.598254 0.799427 0.0548505 -0.00141474 -9.97732e-08 0 0 0
4103 1189 0.255264 0.496299 -0.829775 -0.00630539 -4.8396e-07 0 0 0
265 3078 0.892773 -0.388612 -0.227898 -0.00209376 -1.37196e-07 0 0 0
265 125 0.69321 0.564203 -0.44848 -0.00585522 -4.39312e-07 0 0 0
265 1227 0.428867 -0.460564 0.777145 -0.00870443 -5.10281e-07 0 0 0
111 4503 0.71284 0.0475041 0.699716 -0.00719245 -5.97028e-07 0 0 0
111 4130 0.982007 0.0472046 -0.182849 -0.00260308 -1.51873e-07 0 0 0
265 2961 0.0330964 -0.991211 0.12808 -0.00549572 -5.01819e-07 0 0 0
265 3294 -0.0484951 0.398278 -0.915982 -0.00978008 -8.5464e-07 0 0 0
94 3265 0.193056 -0.0527429 -0.979769 -0.00932287 -6.7889e-07 0 0 0
464 5387 0.697743 0.220282 -0.681638 -0.0112539 -8.79694e-07 0 0 0
94 4452 0.364528 0.827406 -0.427223 -0.00575928 -4.24385e-07 0 0 0
94 3530 0.36402 -0.148245 0.919518 -0.0190541 -1.53501e-06 0 0 0
464 4021 0.103548 -0.268918 0.957581 -0.00912132 -7.4331e-07 0 0 0
94 2207 0.971467 -0.203463 -0.121882 -0.00143706 -9.69203e-08 0 0 0
464 4003 0.190924 -0.801074 -0.567299 -0.00582257 -4.98643e-07 0 0 0
2883 4371 0.718838 -0.479496 -0.503345 -0.00238069 -1.74184e-07 0 0 0
1594 63 0.585398 0.544156 0.601002 -0.00649562 -4.32582e-07 0 0 0
3417 4268 0.743376 -0.662443 -0.0925331 -0.00607944 -4.85781e-07 0 0 0
4778 5340 0.50466 0.715547 0.483023 -0.000699535 -5.21074e-08 0 1 0
4778 1189 0.422369 -0.808959 0.408887 -0.001953 -1.49627e-07 0 0 0
3540 1950 0.886394 0.455297 0.083725 -0.0133372 -1.18378e-06 0 0 0
2035 554 0.78622 -0.33413 -0.519822 -0.0185127 -1.25122e-06 0 0 0
2035 1814 0.669222 0.127194 0.732095 -0.00745775 -6.2262e-07 0 0 0
4058 1887 0.516378 0.8471 -0.1256 -0.00215179 -1.54408e-07 0 0 0
2035 4760 0.100583 -0.950551 -0.293829 -0.00314124 -2.71685e-07 0 0 0
4058 920 0.635648 -0.771791 0.0170043 -0.00191154 -1.25519e-07 0 0 0
802 2595 0.876812 0.348574 -0.331205 -0.00905804 -6.84669e-07 0 0 0
823 4551 0.783223 -0.424171 -0.454577 -0.00570791 -4.15037e-07 0 0 0
3077 3919 0.178371 -0.208286 0.961666 -0.00599924 -3.91368e-07 0 0 0
3077 4792 0.593112 -0.000354475 -0.80512 -0.00574518 -3.9706e-07 0 0 -1
2044 1501 0.418218 0.438997 0.795221 -0.00785097 -6.20843e-07 0 0 0
2044 544 0.218233 -0.809763 -0.544663 -0.00438012 -3.14439e-07 0 0 0
2044 1682 -0.0456693 -0.94382 0.327289 -0.00241133 -1.7921e-07 0 0 0
4573 1610 0.892723 -0.0339718 -0.449323 -0.00258202 -2.09708e-07 0 0 0
4573 3815 0.450968 -0.153858 0.879179 -0.00783416 -6.49397e-07 0 0 0
4294 2259 0.978543 -0.193697 0.0702514 -0.00440228 -3.24943e-07 0 0 0
4294 1370 0.32708 0.212623 -0.920766 -0.00224939 -1.61205e-07 0 0 0
4479 3424 0.495748 -0.866695 -0.0554453 -0.00366849 -2.5985e-07 0 0 0
2369 5280 0.962228 0.0997198 0.253323 -0.0101063 -7.88486e-07 0 0 0
1570 5335 0.52294 -0.08706 -0.847912 -0.00439513 -3.59132e-07 0 0 0
1570 4517 0.585478 0.781972 -0.213859 -0.00131549 -1.08106e-07 0 0 0
4865 208 0.123142 -0.250343 -0.960294 -0.0106017 -8.00054e-07 0 0 0
796 279 0.382678 -0.442893 -0.810804 -0.0171969 -1.49055e-06 0 0 0
951 1370 0.332001 0.748735 0.573734 -0.00189974 -1.37168e-07 0 0 0
4865 4567 0.495323 -0.579328 0.647329 -0.006885 -5.30996e-07 0 0 1
4865 5091 0.817306 0.493917 -0.296745 -0.00781824 -6.0402e-07 0 0 0
951 802 -0.0121349 -0.940095 0.340697 -0.00338625 -2.57087e-07 0 0 0
5366 1345 0.48244 -0.751351 -0.450248 -0.0088597 -6.78981e-07 0 0 0
5366 2115 0.29358 0.167087 0.941219 -0.00946823 -7.61154e-07 0 0 0
4289 2234 0.569302 0.522747 0.634532 -0.0115526 -8.67916e-07 0 0 0
5095 2730 0.635393 0.631228 0.444777 -0.00206838 -1.69272e-07 0 0 0
5095 401 0.311452 -0.917454 0.247538 -0.0013384 -1.05758e-07 0 0 0
5403 3348 0.904709 0.376306 -0.19974 -0.00217608 -1.76935e-07 0 0 0
5403 4722 0.793813 -0.574155 0.200519 -0.00474631 -3.61963e-07 0 0 0
5403 2528 0.391235 -0.334467 -0.857361 -0.0109262 -9.41478e-07 0 0 0
2953 984 0.8929 -0.205806 -0.400467 -0.0029798 -2.52401e-07 0 0 0
5113 1576 0.880606 -0.375254 -0.289339 -0.00165799 -1.23013e-07 0 0 0
3989 472 0.258629 -0.751957 0.606359 -0.00666143 -4.32247e-07 0 0 0
5113 2961 0.194513 0.851314 0.487268 -0.0115932 -9.51669e-07 0 0 0
3989 2779 0.736033 0.67407 0.0623402 -0.0120748 -7.73881e-07 0 0 -1
5113 2934 0.0684233 -0.388304 -0.918988 -0.0128144 -1.02443e-06 0 0 0
4068 915 0.677565 -0.123813 0.724967 -0.0134621 -1.19918e-06 0 0 0
5223 1149 0.127019 0.914428 0.384301 -0.0112692 -8.45136e-07 0 0 0
5223 1825 0.484723 -0.778563 0.398602 -0.00497153 -3.62857e-07 0 0 0
5223 3652 0.893217 0.436739 0.106876 -0.0267661 -2.19307e-06 0 0 0
4068 1552 0.458779 0.261072 -0.849331 -0.0146226 -1.1644e-06 0 0 0
5093 2932 0.180779 -0.973774 0.138142 -0.00146307 -1.199e-07 0 0 0
5093 506 0.445605 -0.432293 -0.783938 -0.00182785 -1.6333e-07 0 0 0
5093 5456 0.521002 0.673017 0.524981 -0.00179888 -1.45142e-07 0 0 0
2153 4573 -0.0168823 -0.810596 -0.585362 -0.00453325 -3.48186e-07 0 0 0
3023 5032 0.857967 0.0105296 -0.513598 -0.00494309 -3.50911e-07 0 0 0
3023 4683 0.730245 0.654332 0.196448 -0.00790103 -6.28279e-07 0 0 0
3023 4479 0.0231977 -0.673644 -0.738691 -0.00470281 -3.2241e-07 0 0 0
1789 2465 0.298999 0.107241 -0.948208 -0.00367213 -2.86475e-07 0 0 0
1789 3145 0.810249 -0.502173 -0.302191 -0.00151215 -1.18124e-07 0 0 0
4983 532 0.75226 -0.369533 0.545481 -0.00564699 -3.60855e-07 0 0 0
1789 3302 0.848058 0.31545 0.425781 -0.00506164 -3.93095e-07 0 0 0
1612 513 -0.00380122 0.0473052 0.998873 -0.0200759 -1.29984e-06 0 0 0
1612 3236 0.123698 -0.5179 -0.84645 -0.0193173 -1.38827e-06 0 0 0
4983 895 0.490152 0.529764 -0.692171 -0.0033065 -2.69398e-07 0 0 0
4983 2052 0.317223 0.774267 0.547614 -0.000657159 -4.24611e-08 0 0 0
1166 185 0.645934 0.346468 0.680242 -0.0147709 -9.65839e-07 0 0 0
1166 3392 0.462063 -0.650319 0.602978 -0.00988606 -6.55157e-07 0 0 0
1166 5100 0.245726 0.589888 -0.769188 -0.0110248 -7.24134e-07 0 0 0
3223 2518 0.987929 -0.0988231 -0.119294 -0.0193881 -1.36781e-06 0 0 0
3223 2480 0.343227 -0.217377 -0.913752 -0.0088189 -5.7013e-07 0 0 0
3061 1374 0.786304 0.602389 -0.137307 -0.0122482 -7.99763e-07 0 0 0
3061 2416 0.68428 -0.635931 0.356864 -0.00376175 -3.00579e-07 0 0 0
1292 2891 0.686019 -0.726595 0.0379021 -0.0209068 -1.65739e-06 0 0 0
1292 1124 0.727291 0.61555 -0.303556 -0.012599 -7.20658e-07 0 0 0
3061 2060 -0.0425957 -0.553719 0.831614 -0.0130101 -1.04334e-06 0 0 0
1513 691 0.983605 -0.0931152 -0.154438 -0.0266588 -2.58825e-06 0 0 0
1513 4622 0.594237 -0.12177 0.795018 -0.00868657 -5.75578e-07 0 0 0
1513 1146 0.391024 0.851527 -0.349287 -0.00748323 -6.87966e-07 0 0 0
1327 2564 0.77916 0.453777 -0.432431 -0.00497147 -3.44969e-07 0 0 0
1327 4794 0.846749 -0.486672 0.214865 -0.0181673 -1.41193e-06 0 0 0
3051 4311 0.106268 0.525831 0.843925 -0.01484 -1.19225e-06 0 0 0
1513 3398 -0.0610895 0.39485 -0.916712 -0.00641438 -5.46749e-07 0 0 0
3779 926 0.241388 -0.257376 0.935676 -0.00918414 -8.67316e-07 0 0 1
3051 5451 0.967433 0.0765342 -0.24128 -0.0112101 -9.15339e-07 0 0 0
2821 35 0.0741889 -0.310922 -0.947536 -0.000957171 -7.28152e-08 0 0 0
2710 3657 0.509588 -0.0989473 0.85471 -0.00444884 -3.64105e-07 0 0 0
945 4361 0.331449 -0.338359 -0.880713 -0.00276742 -2.05872e-07 0 0 0
945 1642 0.248782 -0.321278 0.913722 -0.00179261 -1.50623e-07 0 0 0
4016 172 0.672854 -0.128372 -0.728552 -0.0111141 -9.19922e-07 0 0 1
4016 4961 0.632174 -0.77188 0.0675112 -0.00791105 -6.31694e-07 0 0 0
3529 5128 0.302774 0.255627 0.918141 -0.013426 -1.2542e-06 0 1 0
4016 951 0.109897 -0.402576 0.908766 -0.00667169 -5.54305e-07 0 0 1
1607 4746 0.753765 0.639185 -0.15258 -0.004677 -3.62922e-07 0 0 0
2380 2343 0.741915 -0.485704 0.462227 -0.00681075 -6.14557e-07 0 0 0
2380 2786 0.479821 0.877358 -0.00375624 -0.00238266 -2.14265e-07 0 0 0
3717 2440 0.681831 -0.296209 -0.668855 -0.00507592 -3.67275e-07 0 0 0
3717 4971 0.711145 -0.257751 0.654093 -0.00598472 -4.56419e-07 0 0 0
3717 1239 0.751222 0.64852 0.122836 -0.0132929 -1.0619e-06 0 0 0
3165 2656 0.468982 0.581774 -0.664526 -0.0154708 -1.18197e-06 0 0 0
4043 929 0.406093 0.246815 -0.87987 -0.00206729 -1.68471e-07 0 0 0
2340 3010 0.42087 0.588688 0.690156 -0.00720217 -6.28994e-07 0 0 0
2534 4746 0.61917 -0.048753 -0.783742 -0.0150745 -8.84081e-07 0 0 0
2534 2426 0.370629 0.897925 -0.237412 -0.00476433 -3.28149e-07 0 0 0
2340 2046 0.927981 -0.18038 -0.32606 -0.0145379 -1.00364e-06 0 0 0
2540 900 0.034676 -0.335863 0.941272 -0.00181612 -1.38012e-07 0 0 0
2540 2713 0.0523576 -0.561193 -0.826027 -0.006542 -5.65248e-07 0 0 0
2534 4573 -0.0648103 -0.643505 0.762693 -0.00660534 -5.58522e-07 0 0 0
2587 315 0.889647 0.344824 -0.299372 -0.00058746 -5.06385e-08 0 0 0
2540 1355 0.923317 0.109282 -0.368161 -0.0016845 -1.12209e-07 0 0 0
3014 845 0.910439 -0.394755 -0.123567 -0.0148908 -1.28927e-06 0 0 0
3971 3162 0.191597 -0.83653 0.51333 -0.00403425 -3.39719e-07 0 0 0
3971 3657 0.479337 0.479711 -0.734924 -0.0118298 -9.45e-07 0 0 0
3014 3899 0.100876 -0.573055 -0.813285 -0.0178972 -1.43346e-06 0 1 0
3620 4481 0.668894 0.686725 -0.284586 -0.00639749 -4.6716e-07 0 0 0
3971 1896 0.876688 -0.395986 -0.273154 -0.00372293 -2.91578e-07 0 0 0
2802 2357 0.590502 0.723051 -0.358476 -0.0122705 -8.22991e-07 0 0 -1
2802 2617 0.274176 -0.759941 -0.589336 -0.0109362 -7.31306e-07 0 0 -1
2802 3457 0.122571 -0.0114174 0.992394 -0.0147012 -1.19129e-06 0 0 0
3002 1115 0.869544 -0.271363 -0.412619 -0.019616 -1.46278e-06 0 0 0
3159 3458 0.881934 0.251249 0.398832 -0.0133984 -9.54128e-07 0 0 0
3002 4371 0.787654 0.0852404 0.610193 -0.0171053 -1.17418e-06 0 0 0
2860 1660 0.265639 -0.816421 0.512731 -0.00500401 -3.9061e-07 0 0 0
1234 5248 0.510916 0.314985 -0.799843 -0.00709903 -5.36431e-07 0 0 0
3397 315 0.901708 -0.348679 0.255628 -0.00440106 -3.76964e-07 0 0 0
2860 1986 0.898856 0.349543 -0.264345 -0.00430802 -3.67865e-07 0 0 0
3397 4114 0.625536 0.422676 -0.655782 -0.00609273 -4.69339e-07 0 0 0
3397 3068 0.284768 -0.597915 -0.749269 -0.00971256 -8.87263e-07 0 0 0
4759 2887 0.814954 0.445875 -0.370197 -0.0149809 -1.02425e-06 0 0 0
3397 2587 0.0143547 -0.78069 0.624754 -0.000520655 -3.98904e-08 0 0 0
4717 1583 0.711138 -0.655819 -0.253345 -0.00630184 -5.58006e-07 0 0 0
5500 4214 0.490844 -0.870007 -0.0464742 -0.00864629 -7.03523e-07 0 0 0
4717 5494 0.146348 0.360488 0.921212 -0.0115197 -9.6421e-07 0 0 0
4717 823 -0.00598518 0.893525 -0.448974 -0.00472313 -3.55217e-07 0 0 0
2957 4975 0.807507 -0.567329 -0.161461 -0.00252348 -1.79165e-07 0 0 0
5500 4557 0.985593 -0.123556 0.115501 -0.00929116 -8.23607e-07 0 0 0
2957 4573 0.050706 0.639357 0.767236 -0.00683145 -5.27092e-07 0 0 0
2009 4900 0.127566 0.863233 -0.488422 -0.016332 -1.36196e-06 0 0 0
2009 4792 0.632833 -0.535378 0.559369 -0.00797801 -5.80266e-07 0 0 0
2009 4132 0.692658 -0.282282 -0.663733 -0.00337604 -2.48376e-07 0 0 0
2957 1607 0.0281956 0.52879 -0.848284 -0.0141841 -9.85888e-07 0 0 0
5305 900 0.0480924 0.868801 -0.49282 -0.00181612 -1.33396e-07 0 0 0
5305 268 0.750787 0.6339 0.185713 -0.000458196 -3.85703e-08 0 0 0
2957 3093 -0.0369542 -0.999282 -0.00841396 -0.00945177 -7.90716e-07 0 0 0
5305 4642 0.908306 -0.330952 -0.255834 -0.00211857 -1.5891e-07 0 0 0
265 2842 0.204203 0.640874 0.739988 -0.000429769 -3.91575e-08 0 0 0
557 2325 0.487336 0.853303 -0.18541 -0.00622264 -5.44945e-07 0 0 0
1210 1545 0.282859 -0.155139 -0.946532 -0.0122352 -1.04506e-06 0 0 -1
557 4021 0.100734 -0.518976 -0.848832 -0.00777068 -7.02625e-07 0 0 0
1210 3680 0.861333 -0.353132 0.365243 -0.00331401 -2.81676e-07 0 0 0
513 776 0.222105 0.515179 0.827804 -0.0189047 -1.198e-06 0 0 0
513 2721 0.479633 -0.83414 -0.272328 -0.0044463 -3.21939e-07 0 0 0
513 13 0.460887 -0.626435 0.62862 -0.0118945 -9.70671e-07 0 0 0
1772 4314 0.987289 0.0766579 -0.139225 -0.00468291 -3.73531e-07 0 0 0
1772 5494 0.352095 0.79864 -0.488061 -0.0154765 -1.2521e-06 0 0 0
5426 1437 0.136008 0.973425 0.184241 -0.0104312 -9.22444e-07 0 0 0
5426 1303 0.460506 -0.118183 -0.879754 -0.0072249 -6.59576e-07 0 0 0
1772 3014 0.0361419 -0.998597 0.0387087 -0.0200424 -1.57992e-06 0 -1 0
5426 1113 0.737951 0.0243241 0.674416 -0.00587042 -5.10737e-07 0 0 0
3225 730 0.480795 -0.784259 -0.39214 -0.0163929 -1.01259e-06 0 0 0
1689 2882 0.130389 0.991278 -0.019152 -0.0051243 -4.14761e-07 0 1 0
3225 4879 0.432309 -0.0999812 0.896165 -0.0170269 -1.09165e-06 0 0 0
1689 3552 0.394652 -0.892501 -0.218383 -0.00125979 -8.85065e-08 0 0 0
1689 2221 0.635463 -0.0509034 -0.770451 -0.0114746 -8.09547e-07 0 0 0
4389 223 0.83443 -0.433468 0.340341 -0.0125493 -8.53451e-07 0 0 0
4389 2730 0.602456 -0.473404 -0.6426 -0.0110489 -9.74842e-07 0 0 0
2598 2699 0.220528 0.974639 -0.0380336 -0.00985446 -8.27672e-07 0 0 0
2598 5370 0.370996 -0.384452 0.845316 -0.0185956 -1.46963e-06 0 0 0
2598 5262 0.938813 0.0989335 -0.329913 -0.00335315 -2.66393e-07 0 0 0
2258 3303 0.890838 -0.422984 0.16581 -0.00205127 -1.69149e-07 0 0 0
2258 3068 0.327579 0.511033 0.794693 -0.00172451 -1.61694e-07 0 0 0
4316 1643 0.487185 -0.539146 -0.687003 -0.00855619 -6.79208e-07 0 0 0
1445 5211 0.412198 -0.0253658 -0.910741 -0.0306387 -2.07066e-06 0 0 0
1445 4003 0.161077 0.425296 0.890605 -0.00684212 -3.95251e-07 0 0 0
1445 2044 0.0800805 -0.63006 0.772406 -0.0190999 -1.1104e-06 0 0 0
5246 829 0.793041 -0.0427659 -0.607665 -0.00112521 -9.77422e-08 0 0 0
495 4080 0.947037 0.121977 -0.297057 -0.00360207 -2.57169e-07 0 0 0
3565 4854 0.994849 -0.0528465 -0.0864994 -0.00651456 -5.45698e-07 0 0 0
1437 4132 0.524436 0.669897 0.525552 -0.0169607 -1.14594e-06 0 0 0
3565 5095 -0.0167247 0.276282 0.960931 -0.00481724 -4.08079e-07 0 0 0
488 3553 0.853744 -0.00319696 0.520684 -0.0184761 -1.40297e-06 0 0 0
5289 2215 0.14094 -0.277704 -0.950272 -0.0222311 -1.92012e-06 0 -1 0
488 298 0.759831 -0.3486 -0.548757 -0.00235076 -1.58521e-07 0 0 0
5289 4364 0.76623 -0.567558 0.30128 -0.00757578 -6.32279e-07 0 -1 0
5289 3680 0.865309 0.450708 -0.219323 -0.00885278 -7.84023e-07 0 0 0
4062 2822 0.101923 -0.784613 0.61155 -0.00244597 -1.39603e-07 0 0 0
4062 359 0.103635 0.260335 -0.95994 -0.0126514 -1.1677e-06 0 0 0
4062 1643 0.316779 0.208547 0.925289 -0.0137067 -8.46711e-07 0 0 0
2138 4683 0.666075 -0.729181 -0.156968 -0.00327144 -2.86528e-07 0 0 0
2138 3455 0.51037 -0.335637 0.791751 -0.0148963 -1.23933e-06 0 0 0
4062 250 0.836155 -0.548197 -0.0180523 -0.0124768 -7.49065e-07 0 0 0
4062 4980 0.895018 0.321103 -0.309574 -0.00172546 -1.46831e-07 0 0 0
208 4800 0.35066 -0.713254 0.606883 -0.00197419 -1.46056e-07 0 0 0
4696 2278 0.682337 -0.624577 0.379894 -0.00307936 -2.61663e-07 0 0 0
208 4779 0.716809 -0.418822 -0.55747 -0.0139973 -1.06041e-06 0 0 0
3839 3455 0.741134 -0.31013 -0.595433 -0.00325461 -2.4429e-07 0 0 0
4336 2113 0.309719 0.603227 -0.734977 -0.00162872 -1.44567e-07 0 0 0
4030 3927 0.535462 0.684912 0.494142 -0.00123217 -9.56732e-08 0 0 0
4336 2564 0.825954 -0.247008 0.506742 -0.00971074 -8.33585e-07 0 0 0
833 2976 0.709479 0.524093 -0.471132 -0.00668857 -5.42076e-07 0 0 0
2002 3198 0.119662 0.413218 -0.902736 -0.0127179 -7.49131e-07 0 0 0
2002 3440 0.384462 0.699514 0.602386 -0.0030365 -2.0503e-07 0 0 0
2002 4317 0.363661 -0.891373 0.270565 -0.00240725 -1.92769e-07 0 0 0
2002 2423 0.370483 -0.305842 0.877042 -0.00283455 -2.66119e-07 0 0 0
2002 1986 0.561243 -0.60158 -0.568426 -0.00583547 -3.5907e-07 0 0 0
2002 366 0.986924 0.106009 -0.121423 -0.013788 -1.0055e-06 0 0 0
3919 3010 0.226548 -0.831485 -0.507256 -0.00629221 -6.04408e-07 0 0 0
833 3237 0.565242 0.51487 0.644523 -0.0121076 -6.75478e-07 0 0 0
3919 2775 0.50039 0.864649 -0.0446268 -0.0173992 -1.64354e-06 0 0 0
833 1647 0.256486 -0.620841 0.740791 -0.000884119 -6.38013e-08 0 0 0
833 4598 0.14461 0.0827005 -0.986027 -0.00684129 -4.96515e-07 0 0 0
833 3417 0.0217713 -0.999145 -0.0351371 -0.00994681 -7.57963e-07 0 0 0
3695 4879 0.643256 0.628404 0.437413 -4.885e-05 -4.55545e-09 0 0 0
2215 1545 0.127502 0.819804 -0.558269 -0.0171957 -1.05567e-06 0 1 -1
2215 4786 0.313538 -0.83732 0.447871 -0.00221876 -1.63745e-07 0 0 0
2215 2708 0.621551 -0.636758 -0.456305 -0.017673 -1.06782e-06 0 0 0
3695 3225 0.17405 0.786562 -0.592475 -0.00704769 -6.18323e-07 0 0 0
4686 730 0.645865 0.738261 0.1945 -0.00904426 -7.0327e-07 0 0 0
90 1877 0.742562 -0.533635 -0.404766 -0.00147272 -1.06999e-07 0 0 0
90 1433 0.605185 -0.100899 0.789665 -0.0212278 -1.45249e-06 0 0 0
3162 2027 0.612852 0.761255 0.211904 -0.0160672 -9.46736e-07 0 0 0
90 1636 0.288222 0.551807 -0.782583 -0.0222328 -1.67811e-06 0 0 0
3162 4706 0.837171 -0.485107 0.252617 -0.00679772 -4.02956e-07 0 0 0
3226 5128 0.0589577 0.460091 -0.885912 -0.00502609 -2.9538e-07 0 1 0
1516 2188 0.827299 -0.280937 0.486468 -0.0126363 -9.12143e-07 0 0 0
1516 2897 0.676005 0.73398 -0.0655093 -0.00663521 -4.57208e-07 0 1 0
1516 4681 0.249233 0.518095 0.818206 -0.00733631 -5.08096e-07 0 1 0
3226 3564 0.633378 -0.420737 -0.649471 -0.019702 -1.38672e-06 0 0 0
1516 796 0.100845 -0.302122 -0.94792 -0.0210701 -1.68308e-06 0 0 0
1788 26 0.0733111 0.268586 0.960462 -0.00639118 -4.75812e-07 0 0 0
3807 4241 0.991562 0.1235 0.0394077 -0.0107373 -8.10871e-07 0 0 0
1788 4065 0.457289 -0.880311 -0.126253 -0.00403518 -3.23337e-07 0 -1 0
1788 3810 0.606576 0.169687 -0.776706 -0.0185754 -1.49262e-06 0 0 0
3807 2163 0.267873 -0.883412 0.384484 -0.0108008 -6.8825e-07 0 0 0
3807 2153 0.0606135 -0.61536 -0.785912 -0.00453325 -3.35226e-07 0 0 0
3648 1921 0.734378 0.357724 -0.576822 -0.00829185 -6.99871e-07 0 0 0
3648 1786 0.673806 0.678779 0.291966 -0.00024392 -1.49604e-08 0 0 0
2932 4880 0.438237 -0.267026 0.85828 -0.000634652 -4.76527e-08 0 0 0
3648 265 0.151341 -0.986371 0.0645595 -0.0168464 -9.7915e-07 0 0 0
2932 5323 0.974467 -0.117186 -0.191526 -0.00267631 -2.04253e-07 0 0 0
2495 915 0.821536 0.553161 0.138173 -0.00788685 -6.99152e-07 0 0 0
2495 2379 0.78129 -0.232238 -0.579355 -0.00221197 -1.7342e-07 0 0 0
2495 3807 0.136754 -0.407276 0.903009 -0.00670303 -5.98521e-07 0 0 0
2239 1716 0.298039 0.342377 0.891039 -0.0145105 -1.02005e-06 0 0 0
2239 4196 0.749647 -0.628583 -0.207155 -0.00243851 -2.00696e-07 0 0 0
2239 1930 0.790871 0.280989 -0.543662 -0.0346797 -2.79786e-06 0 0 0
4797 2754 0.891505 -0.435873 0.123423 -0.0208089 -1.61484e-06 0 -1 0
1342 1660 0.03698 0.893416 0.447706 -0.00666064 -5.02243e-07 0 0 0
4797 2278 0.70362 0.615559 -0.354973 -0.00176105 -1.42429e-07 0 0 0
1342 2977 0.284825 -0.955905 -0.0715578 -0.0165886 -1.23054e-06 0 0 0
944 3407 0.925567 0.227197 0.302832 -0.00418249 -3.18317e-07 0 0 0
944 279 0.415087 -0.469905 0.779033 -0.0128443 -8.40443e-07 0 0 0
1342 4490 0.979477 0.0691273 -0.189329 -0.00701847 -6.33841e-07 0 0 0
461 5387 0.84684 -0.207932 0.489517 -0.0136896 -9.90964e-07 0 0 0
461 3093 0.0554403 0.415613 -0.90785 -0.0157766 -1.30513e-06 0 0 0
5204 2428 0.627605 0.777993 -0.0289525 -0.00651511 -4.44395e-07 0 0 0
5204 3922 0.758715 0.0338081 0.650544 -0.0156821 -1.33633e-06 0 0 0
5204 1059 0.849075 -0.395732 -0.349954 -0.0193621 -1.42755e-06 0 0 0
3723 3104 0.460605 -0.820213 0.339255 -0.00113307 -8.89777e-08 0 0 0
3723 2258 0.0243588 0.984202 -0.175366 -0.00173186 -1.41119e-07 0 0 0
4672 4177 0.424086 0.729311 -0.536895 -0.00218679 -1.73238e-07 0 0 0
4672 544 0.387396 0.653857 0.649919 -0.0114186 -8.09076e-07 0 0 0
4311 1950 0.697373 -0.710511 0.0940488 -0.0058882 -5.17592e-07 0 0 0
4311 2891 0.860227 0.315859 0.400304 -0.0278364 -2.27205e-06 0 0 0
4672 3648 0.0160684 -0.930029 0.367135 -0.0155529 -9.26053e-07 0 0 0
3445 1674 0.497385 -0.614709 0.612161 -0.0118031 -8.38195e-07 0 0 0
3445 1239 0.599711 -0.207202 -0.772925 -0.0125132 -1.0199e-06 0 0 0
525 2986 0.796306 -0.29251 -0.529466 -0.0195305 -1.57521e-06 0 0 0
525 4617 0.620678 -0.0288961 0.783533 -0.0218408 -1.92771e-06 0 0 0
2983 185 0.955416 -0.228748 -0.186694 -0.00170092 -1.54109e-07 0 0 0
4418 5308 0.945406 0.223426 0.237251 -0.0043308 -3.45707e-07 0 0 0
4919 4671 0.721318 0.0997771 0.68538 -0.0104599 -7.6284e-07 0 0 0
4418 1234 0.139788 0.420546 -0.896437 -0.00866379 -6.40824e-07 0 0 0
410 2968 0.866542 0.499049 0.0074698 -0.00681777 -4.38576e-07 0 0 0
410 5113 0.0959374 0.471835 -0.876452 -0.00663485 -5.03919e-07 0 0 0
497 4623 0.235307 -0.0435654 0.970944 -0.00367939 -2.92887e-07 0 0 0
497 3528 0.366077 -0.15915 -0.916875 -0.00828974 -5.63454e-07 0 0 0
497 3812 0.35413 0.826795 -0.437038 -0.00733823 -5.42361e-07 0 0 0
497 5502 0.767411 -0.633818 -0.0967237 -0.00286214 -2.48986e-07 0 0 0
5392 3562 0.706068 -0.296018 0.643305 -0.0044129 -3.5915e-07 0 0 0
2819 1687 0.389038 -0.524736 0.757167 -0.00434326 -3.39876e-07 0 0 0
5392 1386 0.44029 0.896663 -0.0462594 -0.00980396 -7.67404e-07 0 0 0
5392 2163 0.42217 -0.568506 -0.706097 -0.0168911 -1.3018e-06 0 0 0
3692 3237 0.830739 -0.398018 0.389172 -0.0108623 -8.4884e-07 0 0 0
2819 5508 0.968584 -0.0654737 -0.239912 -0.013702 -1.09319e-06 0 0 0
2279 2803 0.856558 -0.332788 0.394411 -0.0153279 -8.71979e-07 0 0 0
2279 3733 0.37448 0.215221 -0.901912 -0.0137186 -1.30007e-06 0 1 0
1614 1143 0.3561 0.146046 0.922965 -0.0110856 -9.28294e-07 0 0 0
2279 796 0.0377537 -0.741673 0.669699 -0.00775196 -6.90956e-07 0 0 0
1614 5283 0.664532 -0.593055 -0.454624 -0.00415506 -2.81079e-07 0 -1 0
4960 501 0.975995 -0.131198 -0.173843 -0.00262655 -1.96819e-07 0 0 0
4960 2060 0.301079 0.953586 -0.0050234 -0.0127103 -8.97462e-07 0 0 0
4960 3565 0.188679 -0.965565 0.17912 -0.000159677 -1.22572e-08 0 0 0
637 913 0.661259 -0.65725 -0.361607 -0.00310406 -2.2824e-07 0 0 0
637 3061 0.317933 0.94435 -0.0843892 -0.00514836 -4.25121e-07 0 0 0
3970 2325 0.796202 -0.229967 -0.559622 -0.0199468 -1.58741e-06 0 0 0
3970 846 0.285276 -0.473254 0.833456 -0.0072372 -5.33587e-07 0 0 0
1398 1025 0.86345 0.354395 -0.358968 -0.00733148 -5.01861e-07 0 0 0
3912 1634 0.609979 0.33121 0.719879 -0.0256569 -2.29523e-06 0 0 0
1398 1134 0.521217 -0.362602 0.772563 -0.0140014 -1.03278e-06 0 0 1
1390 376 0.994193 -0.0139268 0.106711 -0.00271187 -1.69471e-07 0 0 0
3912 1411 0.925488 -0.376552 0.0410002 -0.0140125 -9.61456e-07 0 0 0
1793 2228 -0.0161964 -0.743388 -0.668664 -0.000256675 -2.19583e-08 0 0 0
4296 5000 0.819953 0.281567 -0.498394 -0.00532199 -3.82424e-07 0 0 0
4296 4278 0.358559 0.93302 0.0301639 -0.00547215 -4.82063e-07 0 0 0
4296 58 0.381972 0.173825 0.90768 -0.00847499 -5.61171e-07 0 0 0
3217 1484 0.72922 0.531603 -0.430856 -0.0133662 -1.23161e-06 0 0 0
3217 2786 0.64003 -0.671137 -0.374082 -0.00554448 -4.66938e-07 0 0 0
1461 1381 0.493896 0.396969 -0.773616 -0.00645374 -5.64853e-07 0 0 0
1461 146 0.546956 0.707845 0.446984 -0.00269265 -2.09853e-07 0 0 0
4432 3285 0.40671 0.600535 0.688437 -0.0224979 -1.65834e-06 0 0 0
4432 3104 0.343292 0.848037 -0.403712 -0.00199316 -1.77565e-07 0 0 0
1461 939 0.989949 0.119605 -0.0754642 -0.0123351 -1.00915e-06 0 0 0
4432 100 0.269862 -0.914434 -0.301636 -0.0135167 -7.54803e-07 0 0 0
4432 2369 0.080911 0.0273008 -0.996347 -0.0106393 -9.32576e-07 0 0 0
5128 1143 0.293973 0.403083 -0.866663 -0.00562509 -4.88118e-07 0 0 0
231 1160 0.575975 0.814475 0.0698805 -0.00484068 -4.75346e-07 0 0 0
5128 3509 0.630497 0.253799 0.733525 -0.0131068 -1.04924e-06 0 0 0
231 4418 -0.118062 -0.642614 -0.757039 -0.00441213 -3.84685e-07 0 0 0
849 3353 0.967428 0.0474262 -0.248665 -0.0140824 -1.06341e-06 0 0 0
5020 3376 0.192584 -0.483335 0.85399 -0.0154103 -1.40514e-06 0 0 0
849 3513 0.688238 0.280176 0.669201 -0.00672891 -3.89567e-07 0 0 0
5020 597 0.465181 0.474115 -0.747544 -0.0149177 -9.88641e-07 0 0 0
849 408 0.328858 -0.355513 -0.874907 -0.0130519 -9.68657e-07 0 0 0
1278 5210 0.895778 0.241195 -0.373371 -0.00424163 -4.0171e-07 0 0 0
1278 1595 0.53676 -0.783195 -0.313837 -0.0122433 -9.03166e-07 0 0 0
5020 5026 0.780449 -0.56689 0.263696 -0.00358925 -3.40352e-07 0 0 0
1278 3061 0.196833 -0.0118384 0.980366 -0.00504946 -2.86783e-07 0 0 0
1278 3620 0.0595532 0.812893 -0.579361 -0.00697107 -5.54983e-07 0 0 0
1149 5058 0.906216 0.35529 0.229218 -0.0110445 -8.08501e-07 0 0 0
3186 1687 0.302465 0.928289 -0.216322 -0.00469551 -3.52105e-07 0 0 0
3186 422 0.46452 -0.215743 -0.85888 -0.0115684 -8.88086e-07 0 0 0
4587 1527 0.984719 0.170098 -0.037346 -0.00250609 -2.38653e-07 0 0 0
3186 110 0.928585 0.122717 0.350242 -0.00312733 -2.35161e-07 0 0 0
2713 1556 0.266196 -0.873933 0.40667 -0.00793703 -6.79987e-07 0 0 0
2713 1289 0.539184 0.389469 -0.746722 -0.0043241 -3.58343e-07 0 0 0
4587 1098 0.22899 0.973126 0.0242917 -0.00128328 -1.04101e-07 0 0 0
4587 1234 0.239776 -0.638854 -0.731008 -0.00566973 -4.70351e-07 0 0 0
1647 3141 0.950337 0.286588 0.121355 -0.00086132 -6.24332e-08 0 0 0
929 3554 0.435273 0.898817 -0.0516303 -0.00667857 -3.91003e-07 0 0 0
4587 495 0.228166 0.430352 -0.873349 -0.00436625 -3.70489e-07 0 0 0
929 274 0.744286 -0.359651 0.562752 -0.00718902 -4.68565e-07 0 0 0
929 4735 0.949426 0.0638765 -0.307426 -0.0118169 -6.70174e-07 0 0 0
4587 231 0.201796 -0.244142 0.948511 -0.00363693 -3.5758e-07 0 0 0
2468 3419 0.797217 0.207837 0.566788 -0.00187878 -1.41937e-07 0 0 0
2822 1143 0.228476 -0.973525 0.00698252 -0.00843481 -7.5938e-07 0 0 0
2822 5262 0.480928 -0.116877 0.868935 -0.00483142 -4.30874e-07 0 0 0
2822 250 0.71588 0.267069 -0.645128 -0.0214766 -1.31347e-06 0 0 0
2468 2983 0.0167023 0.939539 -0.342035 -0.00127494 -1.03116e-07 0 0 0
1904 2916 0.928977 0.334169 -0.159162 -0.0110969 -7.1761e-07 0 0 0
1904 3839 0.0423129 -0.942138 0.332544 -0.00803729 -6.51739e-07 0 0 0
4999 1135 0.753262 0.657 -0.0307677 -0.00345998 -2.65314e-07 0 0 0
1584 2120 0.196035 -0.635683 -0.746644 -0.000103314 -6.47341e-09 0 0 0
1395 1520 0.242553 -0.421867 -0.873611 -0.00790561 -5.48148e-07 0 0 -1
478 3061 0.389262 -0.760944 0.519075 -0.00881368 -8.24108e-07 0 0 0
478 1278 0.163945 -0.760473 -0.628334 -0.00685962 -6.30422e-07 0 0 0
1395 5451 0.603432 0.107721 0.790105 -0.00652516 -5.89554e-07 0 0 0
1395 5193 0.894343 -0.445928 -0.0360423 -0.00296188 -2.48984e-07 0 0 0
4253 2314 0.9618 0.271089 0.0380959 -0.00087206 -6.39966e-08 0 0 0
3215 5379 0.0612365 0.995685 -0.06973 -0.00340421 -2.4596e-07 0 0 0
4253 4681 0.393612 -0.886622 -0.24284 -0.00393961 -2.87998e-07 0 0 0
4253 3223 0.310609 0.317939 -0.895788 -0.0111447 -8.67456e-07 0 0 0
3215 2423 0.400428 -0.419437 -0.814696 -0.00309403 -2.68479e-07 0 0 0
4035 350 0.966459 0.240466 -0.0901801 -0.0106899 -7.15423e-07 0 0 0
4035 1467 0.427849 -0.263414 -0.864615 -0.0192514 -1.37736e-06 0 0 0
473 5042 0.926816 -0.18052 0.329278 -0.00947448 -7.33432e-07 0 0 0
2947 3465 0.500112 0.326839 0.801913 -0.0145546 -1.10746e-06 0 0 0
1315 3288 0.970711 -0.208947 -0.118577 -0.00173026 -1.3668e-07 0 0 0
2012 3714 0.666348 0.731021 -0.146931 -0.00320551 -2.4412e-07 0 0 0
1315 2240 0.660918 0.662966 0.351657 -0.00614664 -4.99115e-07 0 0 0
2353 3528 0.211074 0.708531 0.673374 -0.00334061 -2.47188e-07 0 0 0
1315 4914 0.37279 -0.215265 -0.902601 -0.00751593 -4.9039e-07 0 0 0
2137 1796 0.666481 0.240709 0.705594 -0.0118644 -1.08515e-06 0 0 0
2353 2891 0.474967 0.244955 -0.845224 -0.00306561 -2.50676e-07 0 0 0
2137 1433 0.574169 -0.381976 -0.724171 -0.0107878 -8.13818e-07 0 0 0
2137 3899 0.14825 0.514689 -0.844462 -0.00855698 -8.13917e-07 0 1 0
2353 2292 0.928343 -0.283246 -0.240729 -0.000940858 -8.78944e-08 0 0 0
2137 5366 0.154811 -0.985337 -0.0717238 -0.00638253 -4.99496e-07 0 0 0
1582 2977 0.361702 -0.289536 -0.886194 -0.0120387 -8.90875e-07 0 0 0
1582 1289 0.46724 0.474856 0.745787 -0.00479933 -3.53182e-07 0 0 0
2137 3014 0.0626015 0.985449 -0.158024 -0.00110106 -1.01045e-07 0 0 0
5233 5091 0.615555 -0.55784 -0.556692 -0.00335535 -2.6038e-07 0 0 -1
5233 2708 0.731382 -0.465687 0.498213 -0.000190034 -1.69644e-08 0 0 0
5233 4504 0.881629 0.416838 -0.221307 -0.00125174 -1.11177e-07 0 0 0
4345 2480 0.695069 0.630788 -0.344944 -0.0279284 -2.34565e-06 0 0 0
1949 3122 0.524256 -0.397481 0.753104 -0.00156926 -1.24781e-07 0 0 0
1949 1701 0.768911 0.487881 -0.413216 -0.00395466 -2.34265e-07 0 0 0
4345 1516 0.170638 -0.780964 0.600814 -0.00765152 -5.71352e-07 0 -1 0
2699 1643 0.328475 0.479357 -0.813831 -0.0150109 -1.06561e-06 0 0 0
4345 2279 0.205429 -0.242209 -0.948227 -0.0106613 -8.83567e-07 0 -1 0
2161 4103 0.390154 0.814935 -0.428556 -0.0036165 -2.74391e-07 0 0 0
2699 715 0.728422 -0.212201 0.651439 -0.020944 -1.44941e-06 0 0 0
2161 2035 0.346939 -0.12239 -0.929868 -0.0308 -2.19912e-06 0 0 0
1007 1887 0.170744 -0.796436 0.580118 -0.00139838 -1.09243e-07 0 0 0
1007 1464 0.242119 0.3519 0.904182 -0.00282298 -2.16288e-07 0 0 0
1007 5502 0.575887 0.49911 -0.64749 -0.00795728 -7.47937e-07 0 0 0
1007 2069 0.878715 0.421218 0.224577 -0.000628263 -5.13147e-08 0 0 0
373 793 0.979416 -0.162934 -0.119147 -0.0112004 -8.8569e-07 0 0 1
373 4696 0.122124 -0.581715 0.804172 -0.0101621 -8.59792e-07 0 0 1
469 4892 0.92139 -0.382512 0.0687331 -0.0118903 -1.02275e-06 0 0 0
469 2411 0.823601 0.553776 -0.122528 -0.0153397 -1.29151e-06 0 0 0
469 3093 0.0652656 0.0503148 0.996599 -0.0116864 -1.10105e-06 0 0 0
2644 1930 0.785722 -0.618476 0.0113157 -0.0139161 -1.06818e-06 0 0 0
568 457 0.218308 -0.654398 -0.723951 -0.00653679 -5.64375e-07 0 0 0
568 1266 0.639844 0.359497 0.679236 -0.00504506 -4.11597e-07 0 0 0
469 4389 0.112841 -0.784226 -0.610129 -0.017334 -1.22132e-06 0 0 0
4956 2137 0.176734 0.0482758 -0.983074 -0.00962392 -8.64139e-07 0 0 0
2726 3271 0.187722 0.396651 -0.89857 -0.0103009 -8.93005e-07 0 1 0
2726 1827 0.138811 -0.302375 0.943028 -0.00820916 -6.42949e-07 0 0 0
2726 4671 0.699317 -0.58746 -0.407242 -0.0044175 -3.54887e-07 0 0 0
3404 3820 0.873172 0.0411131 -0.485675 -0.0035418 -2.57615e-07 0 0 0
2267 3047 0.884128 0.089553 -0.458582 -0.0228043 -1.41264e-06 0 0 0
2267 3294 0.333549 -0.912607 0.236417 -0.00541203 -4.57309e-07 0 0 0
2267 5430 0.270601 -0.562237 -0.781451 -0.00844897 -7.12919e-07 0 0 0
3417 1647 0.26509 0.406769 0.874223 -0.000829564 -5.70565e-08 0 0 0
4900 1309 0.720803 -0.0421757 -0.691856 -0.0147627 -1.44376e-06 0 0 0
4900 1381 0.67973 0.65482 0.330422 -0.00346606 -2.77774e-07 0 0 1
4900 4362 0.815076 -0.357359 0.45601 -0.00722173 -5.95293e-07 0 0 1
1545 4954 0.223734 0.972239 -0.0685162 -0.00672969 -5.60062e-07 0 0 1
2267 3648 0.180901 -0.146611 0.972512 -0.00831217 -5.31134e-07 0 0 0
1545 4423 0.659856 0.506581 0.554947 -0.00885335 -6.58135e-07 0 0 1
1545 3317 0.806543 0.339737 -0.483804 -0.0229439 -1.42331e-06 0 0 0
2267 3827 -0.0368777 0.712106 -0.701103 -0.000283306 -2.4346e-08 0 0 0
26 2721 0.442069 0.778935 0.444788 -0.00180339 -1.33625e-07 0 0 0
4375 2794 0.854417 0.254763 -0.452844 -0.0135147 -9.79144e-07 0 0 0
26 351 0.68183 -0.675839 -0.279911 -0.0173002 -1.28423e-06 0 0 0
4375 2934 0.411491 0.728494 0.547696 -0.00866836 -6.93188e-07 0 0 0
706 1595 0.697012 0.376721 -0.610127 -0.00322111 -2.26206e-07 0 0 0
1638 2882 -0.165997 0.38318 -0.908635 -0.00932586 -8.78191e-07 0 1 0
706 913 0.644616 -0.398233 0.652596 -0.00328272 -2.60886e-07 0 0 0
1638 4065 0.180418 0.26263 0.947879 -0.0144546 -1.32643e-06 0 0 0
706 1098 0.165881 -0.977677 0.128964 -0.00128328 -1.07034e-07 0 0 0
3031 1189 0.59497 -0.561203 -0.575379 -0.0105084 -8.10509e-07 0 0 0
3031 4778 0.228256 0.156506 -0.96094 -0.00693167 -5.87374e-07 0 0 0
3031 944 0.108767 -0.266384 0.95771 -0.0149834 -9.86254e-07 0 0 0
1638 5155 0.993227 0.0488699 -0.105409 -0.00935906 -5.02454e-07 0 0 0
4240 1160 0.924305 -0.362948 0.118021 -0.00805229 -6.84044e-07 0 0 0
4414 4504 0.703169 -0.421674 0.572489 -0.015341 -1.01129e-06 0 0 1
4414 1508 0.812154 0.354032 -0.463753 -0.0172227 -1.21859e-06 0 1 0
3671 1556 0.366569 -0.0513543 0.928972 -0.00376027 -2.58912e-07 0 0 0
4240 4960 0.107935 0.62999 0.769066 -0.00818363 -5.85549e-07 0 0 0
193 5101 -0.00762256 -0.677518 -0.735467 -8.85055e-05 -6.5017e-09 0 0 0
193 2964 0.343563 0.774495 0.531151 -0.00494497 -3.57426e-07 0 0 0
4778 1796 0.575314 -0.596265 -0.559894 -0.00189117 -1.49667e-07 0 0 0
193 267 0.535892 -0.261276 0.802841 -0.00886231 -6.42303e-07 0 0 0
4152 744 0.584263 0.630505 -0.51098 -0.00060092 -4.77664e-08 0 0 0
193 211 0.950488 0.28019 -0.134409 -0.00751206 -6.55228e-07 0 0 0
3314 3082 0.276013 -0.56291 0.779069 -0.0107135 -7.47052e-07 0 0 0
5019 3972 0.868223 0.465713 -0.171171 -0.00638075 -5.2032e-07 0 0 0
5019 2161 0.0836281 0.309586 -0.947187 -0.0224065 -1.71614e-06 0 0 0
5019 3404 0.0524881 -0.755131 -0.65347 -0.00442005 -3.37856e-07 0 0 0
3314 1081 0.881872 0.107157 -0.459151 -0.00593851 -4.24781e-07 0 0 0
101 3753 0.496017 -0.672485 0.549301 -0.0164412 -1.21496e-06 0 0 0
5472 3392 0.738386 0.457093 0.495835 -0.0159972 -1.07818e-06 0 0 0
5472 823 0.26885 -0.953273 -0.137805 -0.00765252 -5.67239e-07 0 0 0
3192 4617 0.776983 -0.626771 -0.0587781 -0.0045327 -3.87899e-07 0 0 0
2882 3748 0.296287 0.0316304 -0.954575 -0.0118388 -9.85276e-07 0 0 0
2882 1118 0.435461 0.777621 0.45352 -0.00218795 -1.84523e-07 0 0 0
2941 3562 0.833276 -0.398942 -0.382749 -0.00447197 -3.44705e-07 0 0 0
2941 1484 0.770917 0.295794 0.564086 -0.0163994 -1.30427e-06 0 0 0
1660 4317 0.41249 0.877488 0.244679 -0.00730509 -5.08482e-07 0 0 0
1322 5082 0.902004 -0.37908 0.206608 -0.00135424 -1.14592e-07 0 0 0
1660 3674 0.911199 -0.350572 0.21637 -0.00569777 -4.38337e-07 0 0 0
1322 2617 0.701839 0.353832 -0.618244 -0.000846118 -7.84668e-08 0 0 0
225 1135 0.755081 -0.49168 -0.433708 -0.00650177 -5.32787e-07 0 0 0
3236 2926 0.662557 -0.206913 -0.719865 -0.0234839 -1.6927e-06 0 0 0
3236 1242 0.740621 0.668982 0.062799 -0.00175768 -1.25053e-07 0 0 0
225 5211 0.769943 -0.367874 0.521399 -0.0154828 -1.00466e-06 0 0 0
5065 673 0.208946 0.77716 -0.593602 -0.0040849 -2.51786e-07 0 0 0
5065 1710 0.305305 -0.561813 0.768866 -0.00293884 -2.32027e-07 0 0 0
225 4389 0.267989 0.856608 -0.440913 -0.0034977 -2.27544e-07 0 0 0
5065 1896 0.476898 0.681304 0.555332 -0.00195949 -1.37819e-07 0 0 0
5065 254 0.926292 0.273397 -0.259301 -0.00985208 -8.09879e-07 0 0 0
1915 2476 0.504006 -0.731971 -0.458473 -0.00219066 -1.75914e-07 0 0 0
5101 3220 0.16959 -0.630353 0.757558 -0.00186224 -1.44156e-07 0 0 0
1915 231 0.250193 0.320302 -0.913679 -0.00394422 -3.17962e-07 0 0 0
5101 1034 0.545037 0.782574 -0.300852 -0.00178747 -1.37028e-07 0 0 -1
3518 3061 0.479346 -0.822035 -0.307386 -0.0018277 -1.60836e-07 0 0 0
3518 478 0.117462 -0.0904302 -0.988952 -0.00757964 -5.96612e-07 0 0 0
2516 3072 0.901575 -0.13469 0.411121 -0.00861983 -6.33609e-07 0 0 0
2516 3068 0.518386 0.584403 -0.624299 -0.0065294 -5.13917e-07 0 0 0
2516 2587 0.306014 0.636628 0.707856 -0.00174795 -1.40543e-07 0 0 0
2516 1390 0.223116 -0.919756 -0.322905 -0.00216732 -1.61636e-07 0 0 0
3265 4207 0.894756 0.443828 0.0492795 -0.0040191 -2.85903e-07 0 0 0
22 2270 0.930993 -0.304203 -0.201773 -0.00607454 -4.94033e-07 0 0 0
22 1015 0.373734 0.887897 0.268257 -0.00713449 -6.06878e-07 0 0 0
2465 4971 0.496377 0.755713 0.42721 -0.00467321 -3.48066e-07 0 0 0
22 4253 0.00452215 0.464857 -0.885374 -0.00546476 -4.41915e-07 0 0 0
4259 1642 0.474599 -0.851342 0.223544 -0.00664655 -4.53043e-07 0 0 0
4259 945 0.274846 -0.627632 -0.72838 -0.00319259 -2.49284e-07 0 0 0
5264 3588 0.673569 -0.184141 0.715819 -0.0193842 -1.84653e-06 0 0 0
4259 4418 0.131355 0.945906 0.29666 -0.00631254 -4.97155e-07 0 0 0
4996 401 0.703387 0.694359 0.152028 -0.00182685 -1.39064e-07 0 0 0
4996 1915 0.0546728 0.0940577 -0.994064 -0.00543637 -4.08547e-07 0 0 0
2950 1124 0.693615 -0.448572 -0.563633 -0.013293 -1.08062e-06 0 0 0
2950 914 0.692886 -0.528723 0.490267 -0.00180085 -1.33314e-07 0 0 0
2950 5468 0.693546 0.578871 0.428837 -0.0121936 -9.72324e-07 0 0 0
2670 702 0.0924585 0.663538 -0.742407 -0.0151849 -8.76331e-07 0 0 0
2670 4779 0.371681 0.736049 0.565761 -0.0124872 -8.63705e-07 0 0 0
4519 1831 0.66463 0.698016 0.266536 -0.00517956 -3.54588e-07 0 0 0
2670 5058 0.614845 -0.73756 -0.279232 -0.015799 -1.17975e-06 0 0 0
2670 2470 0.939481 0.336475 -0.0645009 -0.0123552 -8.59597e-07 0 0 0
1471 5379 -0.0104877 -0.662636 0.748868 -0.00169975 -1.20866e-07 0 0 0
1471 3440 0.349519 -0.919212 -0.181343 -0.00345224 -2.18763e-07 0 0 0
1471 3344 0.605778 0.462025 -0.647739 -0.00446842 -2.89482e-07 0 0 0
1471 1838 0.768412 0.577672 0.275387 -0.00709556 -6.06726e-07 0 0 0
1471 1927 0.830319 -0.326487 0.451638 -0.000143495 -1.0648e-08 0 0 0
2113 4817 0.140776 -0.490522 -0.859983 -0.0127258 -1.09248e-06 0 0 0
2113 5163 0.247782 0.0901767 0.96461 -0.0164281 -1.33399e-06 0 0 0
4519 4278 0.579809 -0.114047 0.806731 -0.0134642 -1.15112e-06 0 0 0
4534 1595 0.793799 -0.0306893 0.607405 -0.0136252 -9.40606e-07 0 0 0
2113 659 0.929453 0.171564 0.326623 -0.00390108 -2.97258e-07 0 0 0
4534 4278 0.555082 -0.190008 -0.809803 -0.00676964 -5.86626e-07 0 0 0
1330 4213 0.777781 0.0688161 0.624756 -0.0078186 -6.20705e-07 0 0 0
3271 351 0.470447 0.6902 -0.54982 -0.0059289 -4.32519e-07 0 0 0
1330 4375 0.137425 0.0569017 -0.988876 -0.0192435 -1.56449e-06 0 0 0
3271 4150 0.75895 0.219884 0.6129 -0.00580923 -4.67424e-07 0 0 0
3271 2192 0.931653 -0.355881 -0.0732917 -0.000563785 -4.19332e-08 0 -1 0
600 4760 0.705149 0.202484 -0.679533 -0.00393847 -3.13198e-07 0 0 0
600 3404 0.155973 0.218757 0.963233 -0.00434566 -3.46964e-07 0 0 0
2439 2528 0.795514 -0.558274 0.235556 -0.0031594 -2.72073e-07 0 0 0
2439 3192 0.0826358 -0.807898 -0.5835 -0.000925145 -7.0552e-08 0 0 -1
776 4817 0.101816 0.9948 0.00266182 -0.00969915 -8.53019e-07 0 0 0
776 1019 0.309979 0.399461 -0.862753 -0.00370587 -2.84146e-07 0 0 0
758 279 0.723854 0.488184 0.487558 -0.0210566 -1.62231e-06 0 0 0
776 2901 0.645258 -0.654133 0.394655 -0.0111265 -6.49762e-07 0 0 0
776 155 0.862862 -0.216268 -0.456834 -0.00489352 -3.48229e-07 0 0 0
758 2161 0.132455 -0.678741 -0.722334 -0.0147113 -1.03891e-06 0 0 0
3198 4979 0.0715495 0.00781877 -0.997406 -0.00345638 -2.01129e-07 0 0 0
1866 4845 0.961358 -0.257626 -0.097053 -0.0274673 -2.27639e-06 0 0 0
3198 2775 0.369729 -0.771242 -0.518157 -0.0174043 -1.58964e-06 0 0 0
3198 274 0.703079 0.681316 -0.203688 -0.00702197 -4.45206e-07 0 0 0
1866 2329 0.425971 -0.167842 0.889032 -0.0048863 -4.24995e-07 0 0 0
1866 4021 0.376352 0.90332 -0.205842 -0.0050969 -4.87424e-07 0 0 0
472 2532 0.0695639 -0.99495 0.0723507 -0.0115415 -8.95194e-07 0 0 0
1866 3225 0.241178 -0.967073 -0.0812532 -0.0285238 -1.82388e-06 0 0 0
1758 3056 0.815245 0.259976 -0.517483 -0.00550052 -4.08719e-07 0 0 0
1758 4375 0.133337 -0.271032 0.953291 -0.00627273 -4.5845e-07 0 0 0
472 2046 0.683938 0.721404 0.108649 -0.00879288 -6.06226e-07 0 0 0
1358 5018 0.838718 -0.38822 0.381887 -0.012437 -8.53469e-07 0 0 0
156 1708 0.436167 -0.887886 -0.146348 -0.0057102 -4.77177e-07 0 0 0
1358 4136 0.626274 0.749102 0.215935 -0.00753454 -5.31798e-07 0 0 0
4172 2379 0.900095 -0.0366423 0.434151 -0.0100975 -8.52086e-07 0 0 0
156 247 0.930888 -0.0146939 0.365009 -0.00537052 -4.18051e-07 0 0 0
4172 2426 0.808166 0.0136832 -0.588796 -0.0033821 -2.20033e-07 0 0 0
4172 2495 0.192284 0.175131 0.965586 -0.0129089 -1.10891e-06 0 0 0
294 3747 0.878535 -0.465653 -0.106508 -0.0138211 -1.25091e-06 0 0 0
297 4511 0.956969 -0.27463 0.0937484 -0.00493855 -3.24975e-07 0 0 0
297 951 0.409886 0.189342 -0.892269 -0.00415659 -3.0364e-07 0 0 0
2373 4325 0.956765 -0.133535 0.258396 -0.0303859 -2.31705e-06 0 0 0
191 1467 0.542688 0.770709 0.333912 -0.00295241 -1.94402e-07 0 0 0
2894 4914 0.635939 -0.0816543 0.767407 -0.022489 -1.88284e-06 0 0 0
2894 2060 0.556738 -0.830677 -0.00429808 -0.00724224 -5.2502e-07 0 0 0
2894 3518 0.0654849 0.765632 -0.639936 -0.0204342 -1.53931e-06 0 0 0
107 3521 0.68341 -0.234499 0.691347 -0.00898811 -7.44477e-07 0 0 0
107 1467 0.67818 0.523114 -0.516163 -0.00818885 -7.07229e-07 0 0 0
3861 763 0.24203 -0.881605 -0.405209 -0.00382307 -2.566e-07 0 0 0
107 191 0.096341 -0.333244 -0.937906 -0.00901735 -7.30413e-07 0 0 0
3861 1309 0.398626 -0.646258 0.650729 -0.010724 -5.99995e-07 0 0 0
3861 3458 0.468535 0.638837 -0.610215 -0.0145467 -9.6691e-07 0 0 0
3861 186 0.82419 0.193202 0.532338 -0.0112642 -8.72789e-07 0 0 0
3861 4984 0.940399 -0.137521 -0.311027 -0.00588592 -3.83072e-07 0 0 0
5379 920 0.347372 0.861886 0.369439 -0.00129245 -9.03128e-08 0 0 0
5385 4983 0.481512 -0.224736 0.847136 -0.0107904 -8.02192e-07 0 0 0
5385 3695 0.283431 0.730686 -0.6211 -0.00707844 -5.77164e-07 0 0 0
5379 1927 0.87659 0.359414 -0.320018 -0.00126454 -9.00378e-08 0 0 0
5385 1904 0.246517 -0.968976 0.0177224 -0.001801 -1.31597e-07 0 0 0
3792 5100 0.816568 0.50408 0.281283 -0.00801969 -6.52924e-07 0 0 0
2835 2977 0.278569 0.849434 0.448176 -0.0129211 -1.04481e-06 0 0 0
2835 5235 0.461875 -0.392253 0.795493 -0.00333206 -2.67347e-07 0 0 0
2835 2168 0.70153 -0.335319 -0.628822 -0.015565 -1.29853e-06 0 0 0
1827 2546 0.1337 -0.694014 0.707438 -0.00173721 -1.31182e-07 0 0 0
3792 3457 0.665652 0.228921 -0.710283 -0.00915835 -6.89698e-07 0 0 0
1827 4196 0.597897 0.215545 0.772049 -0.00876218 -6.98287e-07 0 1 0
2809 1515 0.554361 0.617698 0.557794 -0.000817151 -5.03768e-08 0 0 0
3792 488 0.427933 -0.90211 0.0554205 -0.0204423 -1.61917e-06 0 0 0
141 4517 0.254663 -0.421059 0.87055 -0.00192854 -1.60872e-07 0 0 0
141 4641 0.298122 0.948182 0.109879 -0.00780808 -6.15103e-07 0 0 0
1579 3385 0.902672 0.285755 -0.321757 -0.00251702 -1.76061e-07 0 0 0
141 4472 0.987903 -0.120451 0.0976709 -0.0146625 -1.24641e-06 0 0 0
457 1303 0.127341 -0.812672 0.568638 -0.00861741 -5.92072e-07 0 0 0
1579 3056 0.57624 0.718263 0.38993 -0.00723024 -5.59641e-07 0 0 0
457 5408 0.6207 0.724323 0.300145 -0.00434557 -3.32962e-07 0 0 0
1579 1758 -0.123248 0.50823 0.852357 -0.00145437 -1.23424e-07 0 0 0
457 4706 0.745631 0.162416 -0.646262 -0.00189121 -1.31454e-07 0 0 0
457 670 0.9041 -0.40463 0.137394 -0.000173468 -1.51114e-08 0 0 0
506 605 -0.0203863 -0.991704 0.126919 -0.00875363 -6.24506e-07 0 0 0
506 632 0.0980898 -0.408901 -0.907292 -0.0119745 -7.6408e-07 0 0 0
506 4794 0.435216 0.768966 0.468271 -0.0177537 -1.46661e-06 0 0 0
242 1382 0.864429 -0.257053 -0.432072 -0.0218769 -1.78611e-06 0 0 0
242 5082 0.788307 0.614803 0.024278 -0.00471691 -3.38032e-07 0 0 -1
242 373 0.114161 -0.929381 -0.351026 -0.00544605 -3.72196e-07 0 0 -1
4097 4452 0.0234146 -0.951769 -0.30592 -0.00496818 -3.60913e-07 0 0 0
4097 422 0.190433 0.871566 -0.451783 -0.0133463 -7.89957e-07 0 0 0
543 1682 0.535877 -0.688842 -0.488193 -0.00853239 -5.97193e-07 0 0 0
4097 5116 0.653418 -0.420657 0.629358 -0.00907634 -6.45993e-07 0 0 0
543 2044 0.537893 0.322392 -0.778932 -0.0163556 -1.24941e-06 0 0 0
1556 1033 0.558571 -0.453616 0.694428 -0.00941618 -6.91278e-07 0 0 0
543 3225 0.433323 0.150691 0.888551 -0.0145173 -1.0781e-06 0 0 0
1556 1018 0.797297 -0.457351 -0.393889 -0.00287108 -2.00098e-07 0 0 0
3454 1955 0.732701 0.679067 0.0449116 -0.00436504 -3.09796e-07 0 0 0
15 702 0.103685 0.548899 0.829433 -0.0158537 -1.14689e-06 0 0 0
15 894 0.0287795 0.982792 -0.18246 -0.00668351 -5.46727e-07 0 0 0
15 3082 0.171832 0.102232 -0.979807 -0.01195 -8.42041e-07 0 0 0
15 2234 0.341023 -0.740589 0.578992 -0.0127365 -8.83336e-07 0 0 0
15 4206 0.754477 -0.550362 -0.357583 -0.0143488 -1.06053e-06 0 0 0
3454 2138 0.410553 -0.910464 -0.0500197 -0.00140804 -1.04768e-07 0 0 0
1435 1227 0.99017 -0.0347034 0.135496 -0.0138874 -1.01871e-06 0 0 0
1435 265 0.534398 0.464517 -0.706147 -0.0116771 -8.47641e-07 0 0 0
3160 3932 0.916741 -0.118937 -0.381367 -0.00700472 -5.20963e-07 0 0 0
3160 735 0.542262 0.694462 -0.472942 -0.00533268 -4.22246e-07 0 0 0
3220 1669 0.409217 -0.0592153 0.910514 -0.014708 -1.07965e-06 0 0 0
3220 4423 0.590542 -0.478068 -0.650163 -0.0219992 -1.58769e-06 0 0 0
3160 2617 0.553461 0.204031 0.807498 -0.0187 -1.09572e-06 0 0 0
3160 849 0.185409 -0.941521 -0.281359 -0.00257525 -1.48684e-07 0 0 0
1555 2257 0.531993 0.785061 -0.317273 -0.0187039 -1.4944e-06 0 0 0
4979 146 0.306637 0.682598 -0.663351 -0.00955111 -7.78784e-07 0 0 0
1555 3692 0.17056 -0.886796 0.429537 -0.00852225 -6.54978e-07 0 0 0
1555 4296 0.182614 0.428403 0.884943 -0.00947459 -6.08872e-07 0 0 0
1497 3332 0.995532 0.000107458 0.0944209 -0.0176781 -1.27364e-06 0 1 0
1390 3723 -0.0276626 0.160807 -0.986598 -0.00088044 -6.6713e-08 0 0 0
4979 2975 0.968241 0.0818227 -0.236249 -0.0100567 -5.72204e-07 0 0 0
3112 3530 0.0868009 0.972325 -0.216908 -0.0102362 -7.50765e-07 0 0 0
1497 2373 0.00908109 -0.936885 -0.349521 -0.0015326 -1.16401e-07 0 0 0
3112 743 0.487199 -0.722736 0.490195 -0.0072719 -5.40742e-07 0 0 0
3112 332 0.947399 0.315284 -0.0550554 -0.0145354 -1.07585e-06 0 0 0
605 1716 0.0681614 -0.991532 -0.110535 -0.0042574 -2.98556e-07 0 0 0
1109 2197 0.918604 -0.236497 -0.316601 -0.00435139 -3.27572e-07 0 0 0
1109 2476 0.64053 0.19538 0.742663 -0.00157188 -1.26119e-07 0 0 0
605 5323 0.708885 0.448704 0.544194 -0.00175713 -1.24582e-07 0 0 0
1109 4418 0.293174 0.542669 -0.787121 -0.00515701 -3.86928e-07 0 0 0
359 2964 0.312283 0.38753 -0.867352 -0.0153386 -1.42001e-06 0 0 0
3328 730 0.986594 -0.0269733 -0.16095 -0.00834058 -6.68769e-07 0 0 0
3328 3225 0.475376 0.837789 0.268565 -0.00614226 -4.83329e-07 0 0 0
1066 1831 0.720833 -0.215438 -0.658777 -0.00802883 -5.20688e-07 0 0 0
1066 4534 0.0842982 -0.868603 0.488285 -0.00529187 -3.37113e-07 0 0 0
632 4546 -0.0313486 -0.395167 -0.918074 -0.0118883 -1.11729e-06 0 0 0
5282 1975 0.610008 0.777686 -0.151968 -0.00708915 -6.15626e-07 0 0 0
632 2901 0.512252 0.625726 -0.588273 -0.00190699 -1.14406e-07 0 0 0
5282 3581 0.640524 -0.0101453 -0.767871 -0.0181259 -1.16479e-06 0 0 0
5282 3518 0.0440863 -0.874142 0.483665 -0.0165522 -1.34025e-06 0 0 0
4578 1552 0.967094 0.23447 0.0987601 -0.00083181 -6.8346e-08 0 0 0
4578 4172 0.136252 -0.868165 0.477206 -0.00387901 -3.08262e-07 0 0 0
5229 3814 0.755598 -0.629415 0.181408 -0.00948984 -7.72562e-07 0 0 1
5229 525 0.345312 0.589095 -0.730566 -0.00727269 -5.62115e-07 0 0 0
5229 2947 0.2384 0.225259 0.944682 -0.0200007 -1.49914e-06 0 0 1
5229 294 0.0287844 -0.351201 -0.935858 -0.0115942 -9.42073e-07 0 0 0
179 445 0.888824 0.00231089 0.458242 -0.00034839 -2.44157e-08 0 0 0
1147 1451 0.0788483 -0.925898 -0.369453 -0.00795512 -4.63939e-07 0 0 0
1635 2711 0.935768 0.352534 0.00757579 -0.0171823 -1.50239e-06 0 0 0
1635 4778 0.596158 -0.407356 0.691851 -0.00683256 -5.1112e-07 0 -1 0
1147 756 0.434547 -0.467189 0.770002 -0.0155726 -9.43319e-07 0 0 1
1635 3014 0.487311 -0.148505 -0.860508 -0.0192973 -1.52067e-06 0 -1 0
542 2871 0.852132 0.396681 -0.341343 -0.00239383 -1.81217e-07 0 0 0
1147 4942 0.847007 0.407283 -0.341614 -0.00308891 -2.64451e-07 0 0 0
542 2138 0.301627 -0.491559 0.81694 -0.0162447 -9.53889e-07 0 0 0
542 4686 0.204082 0.96089 0.187193 -0.00904421 -7.31666e-07 0 0 0
542 3454 -0.0736636 0.35509 0.931925 -0.00151564 -1.1587e-07 0 0 0
367 1682 0.421391 0.847104 0.323797 -0.0135341 -1.01725e-06 0 0 0
702 4435 0.810182 0.44552 0.380942 -0.0178495 -1.56919e-06 0 0 0
367 3648 0.295721 -0.606341 -0.738173 -0.0142287 -8.34338e-07 0 0 0
1876 4983 0.385722 0.37343 -0.843664 -0.00928411 -5.88838e-07 0 0 0
1876 3779 0.280922 -0.48458 0.828411 -0.00830587 -7.97609e-07 0 0 0
1652 1370 0.908599 -0.116735 0.401024 -0.00484772 -3.85305e-07 0 0 0
1427 802 0.601884 0.447284 -0.661568 -0.00964405 -7.34646e-07 0 0 0
1427 5403 0.57997 -0.652478 -0.487758 -0.0157178 -1.18561e-06 0 0 0
1427 1358 0.194922 0.268456 0.943364 -0.00577149 -4.89333e-07 0 0 0
2096 63 0.193323 0.0970974 -0.976319 -0.00944329 -6.24245e-07 0 0 0
1859 5509 0.982323 0.0410991 -0.182625 -0.0101593 -6.0435e-07 0 0 0
706 637 0.0325808 0.207764 0.977636 -0.00193357 -1.49014e-07 0 0 0
2096 777 0.633855 0.0978098 0.767242 -0.000582262 -3.91225e-08 0 0 0
1859 557 0.379317 0.719544 -0.581699 -0.0141918 -8.69337e-07 0 0 0
5370 3748 0.128361 -0.594897 0.793487 -0.0128881 -1.03072e-06 0 0 0
5370 4214 0.2423 0.630881 0.737075 -0.00662655 -4.9747e-07 0 0 0
5370 3509 0.643869 -0.696916 -0.315817 -0.000913579 -7.023e-08 0 0 0
5370 748 0.963006 0.104164 0.248534 -0.00350089 -2.7314e-07 0 0 0
1716 1209 0.117955 0.391347 0.912652 -0.0331005 -2.20185e-06 0 0 0
1859 294 -0.0638131 0.0774633 0.994951 -0.0188885 -1.72622e-06 0 0 0
4885 2883 0.624342 -0.125235 0.771047 -0.00121398 -9.30863e-08 0 -1 0
1716 4220 0.716746 -0.605557 -0.345798 -0.0223281 -1.72885e-06 0 0 0
1716 2378 0.826077 0.560525 0.0583857 -0.00209105 -1.68896e-07 0 0 0
4885 3002 0.524278 -0.726924 -0.443525 -0.00612792 -4.78703e-07 0 -1 0
4885 191 0.173229 0.901152 -0.397387 -0.0033356 -2.71177e-07 0 0 0
1303 1984 0.230158 -0.946332 0.226901 -0.0187458 -1.24976e-06 0 0 0
1303 1001 0.565417 0.722753 0.397407 -0.00497857 -2.89599e-07 0 0 0
1303 670 0.704138 0.510732 -0.493298 -0.00871041 -8.1363e-07 0 0 0
1303 1850 0.719502 -0.185286 0.669318 -0.00670004 -5.18248e-07 0 0 0
1303 1348 0.778425 -0.333035 -0.53211 -0.011642 -1.02706e-06 0 0 0
1623 2977 0.1988 -0.0519287 0.978663 -0.00659601 -5.52251e-07 0 0 0
2660 1386 0.804559 -0.291533 0.51739 -0.00561459 -4.43102e-07 0 0 0
4800 4567 0.0158141 0.377996 0.925672 -0.00167498 -1.16266e-07 0 0 1
2660 5493 0.628372 0.486471 -0.607038 -0.00424703 -3.24397e-07 0 0 0
2660 3002 0.500575 0.694862 0.516324 -0.0028853 -2.12683e-07 0 0 0
2660 3807 0.451677 -0.663741 -0.596185 -0.00629756 -4.88769e-07 0 0 0
4487 2052 0.729929 -0.278643 -0.624149 -0.00905161 -5.59165e-07 0 0 0
4800 1137 0.971707 -0.211582 -0.104974 -0.00220504 -1.56745e-07 0 0 0
4487 4806 0.619713 -0.750145 0.230732 -0.0206258 -1.52603e-06 0 0 0
4487 4030 0.277337 0.786845 0.551325 -0.00123216 -1.05211e-07 0 0 1
4142 2325 0.860343 0.0271109 0.508995 -0.0122857 -1.12394e-06 0 0 0
2546 2237 0.792639 0.213566 0.571063 -0.00604284 -4.06962e-07 0 0 0
4142 3752 0.621126 0.686153 -0.378677 -0.00083612 -7.80066e-08 0 0 0
4142 557 0.352464 -0.706197 0.614047 -0.00744979 -4.67978e-07 0 0 0
380 1520 0.172862 0.162882 0.971385 -0.0079683 -6.76268e-07 0 0 0
380 70 0.273599 -0.893746 -0.355475 -0.016664 -1.46337e-06 0 0 0
380 621 0.666534 0.464127 -0.583368 -0.0222085 -1.83473e-06 0 0 0
3175 466 0.844532 0.485165 0.226675 -0.0060132 -4.44519e-07 0 0 0
380 3844 0.956133 -0.210555 0.203656 -0.00525534 -4.30645e-07 0 0 0
3175 4598 0.50707 -0.783341 -0.359524 -0.0300105 -2.1668e-06 0 0 0
3175 3692 0.18093 0.0799791 0.980239 -0.00730141 -5.7945e-07 0 0 0
3175 1555 0.0142542 0.85731 0.514604 -0.014082 -8.21884e-07 0 0 0
1276 5494 0.649953 -0.539019 -0.535742 -0.0175618 -1.41516e-06 0 0 0
1276 2369 0.447958 0.466186 0.762892 -0.0124436 -1.02489e-06 0 0 0
1864 2356 0.900933 0.214534 -0.377219 -0.0050816 -3.06882e-07 0 0 0
1864 1607 0.299883 -0.532053 0.791827 -0.0137862 -1.09406e-06 0 0 0
5134 4277 0.602435 0.794216 0.0793298 -0.000195216 -1.50968e-08 0 0 0
1864 3404 0.0606471 0.315921 -0.946845 -0.00459146 -3.72451e-07 0 0 0
2655 1370 0.634102 -0.650668 -0.417787 -0.00227533 -1.69335e-07 0 0 0
5335 4517 0.0609942 0.808322 0.585573 -0.00468449 -3.05907e-07 0 0 0
2655 1636 0.461139 0.811624 0.358632 -0.0163871 -9.30095e-07 0 0 0
2655 1513 0.396812 0.235676 -0.887128 -0.0181626 -9.86765e-07 0 0 0
5335 830 0.964791 0.0749718 0.252105 -0.00828754 -6.72173e-07 0 0 0
2655 1652 -0.14136 -0.583438 -0.799761 -0.0229261 -2.04332e-06 0 0 0
2579 4136 0.918188 -0.373107 -0.133124 -0.0052015 -4.14794e-07 0 0 0
2532 2964 0.223562 -0.774622 0.591591 -0.0169569 -1.41875e-06 0 0 0
2532 5399 0.19445 -0.86047 -0.470936 -0.0034908 -2.75608e-07 0 0 0
2532 4102 0.593741 0.0439492 -0.803455 -0.00396166 -3.05351e-07 0 0 -1
2532 1833 0.67742 0.297101 0.672929 -0.0108565 -8.78415e-07 0 0 0
5280 2281 0.414726 -0.752523 0.511578 -0.000774161 -6.53026e-08 0 0 0
4022 4598 0.624342 0.726295 -0.287563 -0.0152809 -1.02588e-06 0 0 0
4022 3417 0.498027 -0.433228 0.751188 -0.00578571 -4.08286e-07 0 0 0
4567 4225 0.530124 -0.0436999 0.846793 -0.00863883 -6.27471e-07 0 0 0
4022 833 0.421918 0.574159 0.70166 -0.00446887 -2.9788e-07 0 0 0
3092 3927 0.853093 -0.436686 0.285549 -0.015546 -1.13551e-06 0 0 0
3092 2947 0.211644 0.972793 -0.0942401 -0.00870603 -6.88917e-07 0 0 0
604 1034 0.41682 -0.791176 0.447551 -0.00665462 -5.51315e-07 0 0 0
604 4910 0.475462 -0.553872 -0.683492 -0.0103376 -8.02406e-07 0 0 0
5188 488 0.447199 0.391727 0.804092 -0.0016697 -1.14856e-07 0 0 0
5188 242 0.125114 -0.702938 -0.70016 -0.0106254 -7.59652e-07 0 0 0
894 2261 0.188039 0.977601 0.0945401 -0.00865463 -7.23018e-07 0 0 0
439 3562 0.797239 0.548368 -0.252393 -0.00851929 -4.92747e-07 0 0 0
439 2786 0.667555 0.171354 0.724574 -0.0115231 -7.78809e-07 0 0 0
894 3897 0.918123 0.155995 0.364301 -0.000740338 -6.89678e-08 0 0 0
439 3970 0.167481 -0.963657 -0.208123 -0.0156962 -1.29258e-06 0 0 0
439 2941 0.0571086 0.993479 0.0986768 -0.00622962 -4.89375e-07 0 0 0
5456 4910 0.442613 -0.858287 0.259686 -0.0166943 -1.25216e-06 0 0 0
5456 4794 0.453255 -0.278703 -0.84669 -0.0106826 -7.99226e-07 0 0 0
5456 713 0.757996 0.554838 -0.342923 -0.00444861 -3.41526e-07 0 0 0
3657 673 0.0868335 -0.658552 -0.747509 -0.00556665 -3.63235e-07 0 0 0
835 2052 0.947721 0.189855 0.256476 -0.00578886 -5.16125e-07 0 0 0
835 4152 0.257434 0.961805 -0.0930546 -0.00581522 -4.46418e-07 0 0 0
3657 1896 0.360305 -0.821554 0.441848 -0.00155269 -1.04921e-07 0 0 0
3657 4621 0.920589 0.127299 0.369203 -0.0113453 -7.4591e-07 0 0 0
912 3424 0.914815 -0.0234172 -0.403193 -0.0249647 -1.56082e-06 0 0 0
1209 4880 -0.0169789 0.789436 0.613598 -0.0154934 -1.05259e-06 0 0 0
912 4033 0.76838 -0.463756 0.441048 -0.00954608 -6.877e-07 0 0 0
1209 1508 0.465595 -0.817152 -0.339831 -0.00298432 -2.29073e-07 0 0 0
1209 3317 0.581769 -0.477584 0.658376 -0.0298309 -1.88019e-06 0 0 0
4773 2714 0.969312 0.0189388 -0.245105 -0.00631566 -3.87021e-07 0 0 0
4773 2068 0.501454 -0.822382 -0.268761 -0.00358119 -2.7601e-07 0 0 0
4773 3160 0.115852 -0.252191 0.960718 -0.00192092 -1.2147e-07 0 0 0
4452 4207 0.722955 -0.455913 -0.519114 -0.004432 -3.18903e-07 0 0 0
4452 3854 0.864533 -0.185873 0.466942 -0.000182667 -1.48227e-08 0 0 0
4151 2258 0.507075 -0.410575 0.757828 -0.00287277 -2.25171e-07 0 0 0
4421 1053 0.877504 0.230047 -0.42079 -0.0146467 -1.18381e-06 0 0 0
3748 1629 0.651949 0.019995 0.757999 -0.00687571 -4.58082e-07 0 0 0
4421 2802 0.508467 0.152356 0.847496 -0.0114826 -7.70757e-07 0 0 1
3748 2864 0.928932 -0.324223 -0.178787 -0.0130609 -9.22262e-07 0 -1 0
3352 4879 0.917829 -0.371912 0.138825 -0.00749088 -5.39124e-07 0 0 0
3352 2329 0.729132 0.664985 0.161744 -0.00644557 -5.07487e-07 0 0 0
3418 4103 0.715212 -0.0289893 0.698306 -0.0105979 -8.87287e-07 0 0 0
3418 4956 0.28345 0.472755 -0.834361 -0.00486195 -3.78082e-07 0 0 0
2610 3023 0.66609 0.639755 -0.383454 -0.007711 -6.24767e-07 0 0 0
1164 864 0.773688 -0.446343 0.44965 -0.0134175 -1.05746e-06 0 0 0
3552 57 0.957448 -0.135732 0.254696 -0.0135731 -9.54989e-07 0 0 0
4623 1464 0.184232 -0.737712 0.649492 -0.00171295 -1.30535e-07 0 0 0
4623 984 0.507008 0.856099 0.100187 -0.00667811 -5.27515e-07 0 0 0
1164 4294 0.60814 -0.539555 -0.582276 -0.00540646 -3.78069e-07 0 0 0
1164 90 0.454098 0.837327 0.304431 -0.014228 -1.00305e-06 0 0 0
1164 2655 0.174869 0.385646 -0.905924 -0.0253025 -2.01832e-06 0 0 0
1164 2579 0.0157578 -0.981308 0.191799 -0.00454455 -3.55031e-07 0 0 0
3542 2476 0.724521 0.650392 -0.228168 -0.00378147 -3.07031e-07 0 0 0
3542 3397 0.489878 -0.827715 0.273692 -0.00406854 -3.27807e-07 0 0 0
3530 1934 0.704096 0.395662 0.589662 -0.021109 -1.56954e-06 0 0 0
2939 3839 0.535139 0.703471 -0.467712 -0.00914046 -7.07471e-07 0 0 0
1451 1381 0.183939 -0.773665 0.606307 -0.0132515 -1.16866e-06 0 0 1
1451 2854 0.651136 0.589245 -0.478344 -0.0136321 -8.0012e-07 0 0 0
1451 186 0.723769 -0.358412 -0.58966 -0.0205835 -1.54349e-06 0 0 0
1451 1139 0.868188 -0.0078652 0.496173 -0.00176397 -1.43107e-07 0 0 0
2939 3160 0.262365 -0.940702 0.215046 -0.00650662 -5.84287e-07 0 0 0
3082 4206 0.56329 -0.61758 0.548908 -0.00429959 -2.73613e-07 0 0 0
3082 3629 0.605884 0.758861 0.238818 -0.00651723 -5.67396e-07 0 0 0
2939 4421 0.0946464 -0.0524047 0.994131 -0.00723952 -5.96973e-07 0 0 0
3082 3197 0.915664 0.128581 -0.380824 -0.0206629 -1.28326e-06 0 0 0
1687 983 0.280274 0.210914 0.936462 -0.000783865 -5.96901e-08 0 0 0
1687 3145 0.275513 0.954434 -0.114666 -0.00125912 -9.28727e-08 0 0 0
2510 4481 0.939095 -0.29685 -0.173152 -0.00561012 -4.04588e-07 0 0 0
2510 1345 0.806828 0.568534 0.160616 -0.00629311 -3.84319e-07 0 0 0
2510 3581 0.610633 -0.143905 0.778729 -0.0242476 -1.49062e-06 0 0 0
2510 3620 0.36152 -0.928959 0.0796086 -7.02736e-05 -5.65175e-09 0 0 0
2510 2579 -0.111611 0.449492 -0.886284 -0.00850937 -7.57042e-07 0 0 0
4429 461 0.530056 0.748959 -0.397619 -0.0114918 -9.23524e-07 0 0 0
4745 5100 0.799378 -0.593151 -0.0957409 -0.0115403 -7.53633e-07 0 0 0
4745 3417 0.570359 0.821031 -0.0244487 -0.0079971 -5.62269e-07 0 0 0
4517 3702 0.953905 0.141013 0.264917 -0.00755775 -4.88912e-07 0 0 0
841 4226 -0.155934 0.890731 -0.426947 -0.00720019 -6.6413e-07 0 0 0
764 3250 0.934235 0.0819797 0.347108 -0.0135165 -9.89796e-07 0 0 0
764 3192 0.261371 -0.820329 0.50867 -0.00400003 -3.00475e-07 0 0 0
841 713 0.488696 -0.347018 -0.800471 -0.00972833 -7.05676e-07 0 0 0
841 654 0.754224 0.652627 -0.0722852 -0.00594679 -4.57829e-07 0 0 0
3740 4816 0.918289 0.380886 -0.108029 -0.00785001 -5.95862e-07 0 0 0
3740 1636 0.728591 -0.646355 0.226673 -0.0199453 -1.56905e-06 0 -1 0
2710 673 0.58978 -0.807173 0.0251279 -0.000787561 -6.62073e-08 0 0 0
1787 439 0.133516 0.116625 0.984161 -0.00742037 -5.09741e-07 0 0 0
353 5095 0.675471 -0.394804 -0.622791 -0.00316771 -2.39989e-07 0 0 0
353 4389 0.614006 0.65522 0.440094 -0.00393275 -3.10194e-07 0 0 0
353 225 0.327372 -0.258444 0.908864 -0.00724366 -5.72631e-07 0 0 0
1643 5235 0.104582 0.803856 -0.585558 -0.00778132 -5.88503e-07 0 0 0
2024 2480 0.925704 -0.317388 -0.205759 -0.0110399 -8.05091e-07 0 0 0
2024 3223 0.605894 -0.097715 0.789521 -0.0129645 -8.88867e-07 0 0 0
2024 4375 0.266084 0.872006 -0.410858 -0.000317543 -2.30802e-08 0 0 0
1643 1604 0.904934 0.158009 -0.39513 -0.00328901 -2.03495e-07 0 0 0
4226 1113 0.314309 0.797294 0.515297 -0.0182039 -1.57192e-06 0 0 0
4226 1984 0.327159 -0.443161 -0.834611 -0.015951 -1.36089e-06 0 0 0
1981 944 0.566213 0.257195 -0.783105 -0.0033689 -2.86861e-07 0 0 0
673 403 0.251577 -0.903699 -0.346464 -0.000109633 -7.74211e-09 0 0 0
673 1934 0.531779 0.181507 -0.827204 -0.00785379 -5.34522e-07 0 0 0
2802 1270 0.898655 0.165966 0.406046 -0.00106292 -9.32216e-08 0 0 0
1981 758 0.272306 -0.851537 -0.448034 -0.00099575 -8.00315e-08 0 0 0
1454 4177 0.945659 0.205478 0.252007 -0.00515574 -3.95716e-07 0 0 0
1454 4672 0.462485 -0.49791 0.733617 -0.00992368 -6.37491e-07 0 0 0
4786 1124 0.449192 -0.45859 0.766761 -0.00439688 -3.41559e-07 0 0 0
4786 4225 0.44269 -0.866067 -0.232281 -0.00909034 -6.55235e-07 0 0 0
4786 4624 0.670765 0.726781 -0.147861 -0.031409 -2.40182e-06 0 0 0
4880 4954 0.00794348 -0.832121 0.554537 -0.0154454 -1.21022e-06 0 0 1
4880 1034 0.23161 0.615572 0.753278 -0.0159343 -1.02647e-06 0 0 0
4880 4910 0.274146 0.922912 -0.270327 -0.0197273 -1.4103e-06 0 0 0
1454 3827 0.297596 -0.772383 -0.561125 -0.000126125 -1.07765e-08 0 0 0
3251 2686 0.833321 0.535011 0.139066 -0.0163375 -1.46989e-06 0 0 0
3251 464 0.769414 -0.559503 0.308153 -0.00487448 -3.80282e-07 0 0 0
719 1134 0.809923 0.497428 -0.310789 -0.0058224 -4.6235e-07 0 0 0
2977 4420 0.9029 -0.406075 0.140974 -0.0128689 -9.94803e-07 0 0 0
719 3398 0.548101 -0.685675 -0.478994 -0.00178483 -1.4599e-07 0 -1 0
1825 3458 0.434912 -0.577218 0.691137 -0.00513247 -3.83147e-07 0 0 0
719 4797 0.33222 0.0742809 0.940272 -0.00668789 -5.84063e-07 0 0 0
4250 3839 0.585147 0.380097 0.716331 -0.000734959 -5.51609e-08 0 0 0
4250 4773 0.189061 -0.964841 0.182586 -0.00459794 -3.83213e-07 0 0 0
1663 692 0.995173 -0.0334018 -0.0922739 -0.0137276 -8.81851e-07 0 0 0
2964 267 0.177355 -0.951707 0.250596 -0.00542168 -3.01781e-07 0 0 0
1663 4573 0.484693 0.849896 -0.206757 -0.00615385 -5.25806e-07 0 0 0
1836 4518 0.872915 -0.475401 -0.109603 -0.00670334 -4.8326e-07 0 0 0
4007 100 0.83734 -0.0479161 -0.544579 -0.0102282 -8.60447e-07 0 0 0
2964 2824 0.659113 0.316901 -0.682015 -0.00521192 -4.89887e-07 0 0 0
2964 2407 0.941773 0.189711 0.277622 -0.00479909 -2.82894e-07 0 0 0
4007 1579 0.32836 0.355785 0.874984 -0.0059079 -5.10645e-07 0 0 0
3947 3031 0.369472 -0.747193 -0.552442 -0.0130592 -9.15307e-07 0 -1 0
1887 3122 0.329396 -0.340471 -0.880669 -0.00241641 -1.75851e-07 0 0 0
1887 1059 0.507244 -0.665853 0.547123 -0.00471982 -3.6334e-07 0 0 0
1887 1615 0.875744 0.463278 0.135817 -0.00748584 -5.48239e-07 0 0 0
4546 3721 0.152041 -0.95938 -0.237642 -0.0186384 -1.58141e-06 0 0 0
4546 13 0.127428 0.816862 -0.562583 -0.0159823 -1.26175e-06 0 0 0
4546 936 0.988537 0.114733 -0.098133 -0.0054476 -4.95147e-07 0 0 0
4243 495 0.500621 0.092472 0.860713 -0.00199752 -1.44411e-07 0 0 0
4243 4296 0.403544 0.791402 -0.459168 -0.00100552 -6.3287e-08 0 0 0
4817 50 0.542598 0.833363 -0.105323 -0.00704438 -6.19298e-07 0 0 0
4817 1694 0.782983 0.0541518 0.619682 -0.00357438 -2.84717e-07 0 0 0
4002 3747 0.89459 0.446831 0.00717684 -0.016906 -1.07456e-06 0 0 0
2261 2698 0.0315599 -0.330766 -0.943185 -0.00401755 -3.15729e-07 0 0 0
4002 744 0.811383 -0.411301 -0.415317 -0.0178277 -1.52054e-06 0 0 0
2261 3897 0.696442 -0.668954 0.25975 -0.0039393 -2.8022e-07 0 0 0
2261 4193 0.710919 0.477451 0.516367 -0.0182353 -1.35e-06 0 0 0
2261 5221 0.833985 -0.081895 -0.545676 -0.00871357 -7.0414e-07 0 0 0
4002 4152 0.256467 -0.964713 0.0596095 -0.0056208 -4.29254e-07 0 0 0
3376 1922 0.30107 0.319357 0.898537 -0.0183688 -1.71578e-06 0 0 0
4002 294 0.119666 0.985868 0.117232 -0.00694259 -6.14904e-07 0 0 0
3376 984 0.449202 -0.797456 0.402843 -0.0060664 -4.67617e-07 0 0 0
3376 5026 0.698172 -0.0955471 -0.709525 -0.000555946 -4.42335e-08 0 0 0
5440 1278 0.568013 0.464506 -0.679408 -0.00413589 -3.74993e-07 0 0 0
3010 4307 0.987201 0.148807 -0.0573707 -0.00323526 -2.57648e-07 0 0 0
5440 706 0.45763 -0.784397 -0.418683 -0.00357531 -3.07399e-07 0 0 0
384 945 0.634513 0.716694 0.289383 -0.00235832 -1.7607e-07 0 0 0
3528 4522 0.725346 0.297052 -0.620993 -0.00650526 -5.67752e-07 0 0 0
384 2983 0.484169 -0.814447 -0.319775 -0.00191589 -1.52707e-07 0 0 0
384 4151 0.0698276 -0.306346 0.949356 -0.00539949 -4.24955e-07 0 0 0
3555 4389 0.433478 -0.40095 0.807054 -0.0116014 -8.22545e-07 0 0 0
2878 920 0.0064685 -0.0395756 -0.999196 -0.00237979 -1.65749e-07 0 0 0
2878 4503 0.177963 -0.911423 0.370994 -0.00841576 -6.83231e-07 0 0 0
2878 1059 0.353144 0.754987 -0.552526 -0.00928764 -5.38505e-07 0 0 0
4240 3565 0.28512 -0.373519 0.882718 -0.00161759 -1.18398e-07 0 0 0
4904 2439 0.0690926 -0.92341 0.377545 -0.00244256 -2.22889e-07 0 0 0
2878 3757 0.848535 0.472212 0.238757 -0.000615589 -4.22534e-08 0 0 0
1298 3521 0.843417 0.521926 0.127441 -0.00717975 -5.27773e-07 0 0 0
681 3867 0.308336 -0.238349 -0.920934 -0.00630319 -4.89575e-07 0 0 0
681 1355 0.530376 -0.845769 -0.0581108 -0.00134929 -1.11464e-07 0 0 0
1298 2883 0.720921 -0.570519 -0.393421 -0.00202552 -1.41464e-07 0 -1 0
3322 2186 0.289927 -0.158402 -0.943849 -0.00686261 -4.8626e-07 0 0 0
3322 2926 0.386887 -0.909209 0.15381 -0.00308185 -2.22103e-07 0 0 0
364 1419 0.902851 0.144458 -0.404959 -0.00632521 -6.10038e-07 0 0 0
364 3708 0.894271 0.113363 0.43293 -0.0159906 -1.37682e-06 0 0 0
364 2468 0.282897 0.757625 -0.588195 -0.00179381 -1.34632e-07 0 0 0
364 1276 0.0672848 -0.997316 -0.0288657 -0.00546885 -3.60577e-07 0 0 0
4641 61 0.244204 0.934051 -0.260601 -0.0122713 -9.3086e-07 0 0 0
5063 3648 0.522945 0.562552 -0.640362 -0.00812798 -5.28102e-07 0 0 0
4641 4584 0.744654 0.40074 0.533759 -0.00453821 -3.33052e-07 0 0 0
5063 1435 0.178094 -0.977299 0.114757 -0.0066343 -4.63781e-07 0 0 0
5063 542 0.227143 0.338677 0.913074 -0.00953954 -6.38831e-07 0 0 0
1995 4213 0.867491 0.340048 -0.363079 -0.00848285 -6.84396e-07 0 0 0
70 3458 0.316336 -0.801201 -0.507946 -0.0167557 -1.04601e-06 0 0 0
70 2854 0.61696 -0.294201 0.729936 -0.00538131 -3.44467e-07 0 0 0
1995 640 0.649721 -0.0977088 0.753867 -0.0135872 -1.07395e-06 0 0 0
70 4037 0.81204 0.428196 -0.396534 -0.0136684 -1.16272e-06 0 0 0
1995 3223 0.620927 -0.582785 -0.524224 -0.0185317 -1.15623e-06 0 0 0
1995 410 0.469641 0.790733 0.392656 -0.00843252 -5.27671e-07 0 0 0
3812 5026 0.595862 0.548242 0.586838 -0.0143456 -1.19534e-06 0 0 0
1995 1330 0.178612 0.28536 -0.94163 -0.0127222 -1.10897e-06 0 0 0
3812 937 0.892949 -0.348979 -0.284352 -0.0165014 -1.31373e-06 0 0 0
63 2423 0.00597417 0.658825 -0.752273 -0.0040495 -3.55666e-07 0 0 0
3601 464 0.760179 -0.125408 -0.637496 -0.00739019 -5.52696e-07 0 0 0
3601 4142 0.275114 0.897986 0.343414 -0.0038798 -3.05655e-07 0 0 0
1220 833 0.682778 -0.333233 -0.650208 -0.0136369 -1.15524e-06 0 0 0
63 5125 0.953577 0.281201 -0.107782 -0.0105857 -9.64253e-07 0 0 0
422 3922 0.191732 0.736422 -0.648785 -0.0192456 -1.76563e-06 0 0 0
1220 3692 0.562868 0.746323 -0.35522 -0.00477271 -3.52184e-07 0 0 0
4920 1386 0.84007 -0.0946807 -0.534152 -0.00392726 -3.37321e-07 0 0 0
4920 2941 0.278361 -0.764592 0.581303 -0.0172456 -1.28209e-06 0 0 0
422 4299 0.934392 -0.0994469 0.342085 -0.0110708 -6.68483e-07 0 0 0
4920 2660 0.0997302 0.167827 -0.980759 -0.0178306 -1.37723e-06 0 0 0
1118 3810 0.0951758 0.116781 0.988587 -0.0195756 -1.61663e-06 0 0 0
1118 2926 0.354612 0.856103 0.37595 -0.0102668 -7.15939e-07 0 0 0
1118 1629 0.513667 -0.66943 -0.536666 -0.0185298 -1.20019e-06 0 0 0
3331 892 0.811412 0.474355 0.341464 -0.00607381 -4.06874e-07 0 1 0
3331 1579 0.324403 0.708001 -0.627294 -0.00569885 -4.22785e-07 0 1 0
3331 3947 0.0544956 -0.633812 -0.771565 -0.0130593 -8.67397e-07 0 1 0
2450 1019 0.102739 -0.991648 0.0779646 -0.00845541 -6.06213e-07 0 0 0
2450 50 0.395037 0.417114 0.818512 -0.014779 -1.03863e-06 0 0 0
2450 4277 0.413522 0.478367 -0.774703 -0.00575488 -4.08767e-07 0 0 0
5461 2802 0.64089 0.456782 -0.616937 -0.00431242 -2.80866e-07 0 0 1
2450 1824 0.772129 -0.45462 -0.444003 -0.00354007 -2.4299e-07 0 0 0
5461 5188 0.152298 -0.965789 0.209898 -0.00764578 -5.35905e-07 0 0 1
3721 1930 0.262316 -0.374243 0.889456 -0.0203369 -1.68509e-06 0 0 0
3721 3772 0.345329 -0.9233 0.16812 -0.00210133 -1.84833e-07 0 0 0
3721 4150 0.52838 -0.513081 -0.676433 -0.0214109 -1.64339e-06 0 0 0
5089 3814 0.939478 0.302575 0.160717 -0.00642409 -4.95768e-07 0 0 1
5089 3092 0.222285 0.239371 0.94514 -0.0190499 -1.38393e-06 0 0 1
5089 4002 0.113747 -0.294892 -0.948736 -0.0147499 -1.10323e-06 0 0 0
4954 4423 0.504699 -0.494862 0.707383 -0.0137901 -1.04192e-06 0 0 0
1726 5252 0.958812 -0.133382 -0.250778 -0.00981902 -9.31737e-07 0 0 0
4954 1479 0.892584 0.415498 0.175088 -0.0137484 -1.13047e-06 0 0 -1
1726 1513 0.58038 0.411159 0.702927 -0.0106518 -6.0157e-07 0 0 0
1726 4016 0.493346 -0.861633 0.119155 -0.00491819 -4.66403e-07 0 0 -1
2288 3807 0.69921 -0.661012 0.272339 -0.0109403 -9.20112e-07 0 0 0
2288 2495 0.644547 -0.296677 -0.704657 -0.00450197 -3.57023e-07 0 0 0
2288 2660 0.257889 0.0215697 0.965934 -0.0102932 -7.93939e-07 0 0 0
3238 2115 0.871307 0.401436 -0.282264 -0.013471 -9.16056e-07 0 0 0
4214 715 0.424296 0.468822 -0.774712 -0.00555012 -4.58643e-07 0 0 0
4214 4557 0.522777 0.8339 0.17696 -0.000238685 -1.94861e-08 0 0 0
4214 748 0.732187 -0.502423 -0.459863 -0.0105315 -8.22093e-07 0 0 0
3238 2035 0.713945 -0.142171 0.685617 -0.019057 -1.2655e-06 0 0 0
3238 3418 0.0825658 0.874102 0.478673 -0.00188313 -1.51882e-07 0 0 0
1464 2428 0.167165 -0.78891 0.591334 -0.00209 -1.4312e-07 0 0 0
1464 2814 0.570608 0.817511 0.0779864 -0.00301099 -2.20948e-07 0 0 0
64 4375 0.462327 -0.88215 -0.0898046 -0.00132694 -1.01349e-07 0 0 0
5052 4519 0.337877 -0.918283 0.206387 -0.00713249 -4.76141e-07 0 0 0
5052 1427 0.162323 0.958941 -0.232557 -0.00450545 -3.64299e-07 0 0 0
4065 351 0.314495 0.467211 0.826321 -0.016678 -1.33204e-06 0 1 0
4065 616 0.83946 0.440485 -0.318245 -0.00954864 -7.48144e-07 0 1 0
121 2686 0.725641 -0.657143 -0.20398 -0.0121861 -7.55369e-07 0 0 0
479 1339 0.514438 0.201099 0.833614 -0.000573316 -4.68325e-08 0 0 1
121 4142 0.217989 -0.628408 0.746715 -0.0194288 -1.20573e-06 0 0 0
3847 1242 0.47113 -0.879473 -0.0675487 -0.00129559 -1.05935e-07 0 0 0
3847 5297 0.681913 0.609734 0.404004 -0.00192364 -1.43187e-07 0 0 0
121 1787 0.0875088 0.377608 0.921821 -0.00764531 -5.01955e-07 0 0 0
1143 1811 0.770828 0.00210121 0.63704 -0.0107581 -9.72381e-07 0 0 0
3159 2903 0.726468 0.00332432 -0.687193 -0.000406734 -3.10311e-08 0 0 0
5163 1984 0.170984 -0.159661 0.972251 -0.0177757 -1.41427e-06 0 0 0
5163 2564 0.236924 -0.941386 0.240123 -0.0101073 -7.94085e-07 0 0 0
601 4076 0.957539 -0.156851 0.241901 -0.00876281 -6.24682e-07 1 0 0
5110 98 0.993378 0.0137808 0.114061 -0.00536531 -4.79545e-07 0 0 0
5110 488 0.488539 0.863399 -0.125983 -0.0244986 -1.81454e-06 0 0 0
5110 5472 0.3041 0.404437 0.862527 -0.0104981 -6.46433e-07 0 0 0
5110 5188 0.0852717 0.511795 -0.854865 -0.0109347 -8.30184e-07 0 0 0
2721 13 -0.0398093 0.254813 0.966171 -0.0193926 -1.49525e-06 0 0 0
906 3397 0.787054 -0.287076 -0.546015 -0.0144605 -1.12031e-06 0 0 0
435 5211 0.599733 0.7978 0.0619314 -0.000278505 -2.33986e-08 0 0 0
2721 4838 0.850859 -0.423455 -0.311007 -0.0265678 -1.872e-06 0 0 0
1289 3867 0.218569 0.943093 0.250607 -0.0037982 -2.68899e-07 0 0 0
3937 1445 0.746219 -0.237011 -0.622079 -0.00868445 -7.18197e-07 0 0 0
3937 4429 0.136593 0.955538 0.261322 -0.00181861 -1.43122e-07 0 0 0
973 3593 0.94709 -0.0751723 -0.31204 -0.0210017 -1.6949e-06 0 0 0
973 4212 0.654475 0.739875 0.155715 -0.0211152 -1.46322e-06 0 0 0
1289 392 0.959583 0.2142 0.182537 -0.00221158 -1.78185e-07 0 0 0
13 2901 0.52071 0.432585 0.736024 -0.0245698 -2.07059e-06 0 0 0
973 5019 0.257257 -0.0095203 -0.966296 -0.0286665 -2.47586e-06 0 0 0
973 1864 0.204069 -0.861596 -0.464766 -0.00409158 -2.32341e-07 0 0 0
5438 926 0.844975 0.533875 0.0315447 -0.0260085 -1.98355e-06 0 0 0
1708 268 0.0500365 -0.14 -0.988886 -0.000400862 -3.66524e-08 0 0 0
1708 3103 0.140757 -0.89299 -0.427501 -0.0063451 -4.65054e-07 0 0 0
5438 3792 0.289051 -0.717848 0.633359 -0.0130523 -1.01881e-06 0 0 0
5438 5461 0.0740854 -0.926627 -0.368611 -0.00910339 -6.56178e-07 0 0 -1
1708 2624 0.944076 0.0900755 0.317187 -0.00995405 -7.37623e-07 0 0 0
4515 4253 0.586493 -0.542075 -0.601814 -0.00625344 -4.93678e-07 0 0 0
5399 1034 0.234955 -0.783062 -0.575855 -0.00409661 -3.55629e-07 0 0 -1
4515 437 0.0313912 -0.0743345 0.996739 -0.00595182 -4.64407e-07 0 0 0
3651 3779 0.648035 0.594549 0.475985 -0.00288717 -2.57836e-07 0 0 0
5399 2824 0.858065 0.320347 0.401377 -0.00359164 -2.83239e-07 0 0 0
3651 4421 0.173857 -0.838019 -0.517202 -0.0044583 -2.99423e-07 0 0 0
435 4177 0.523977 -0.838727 0.148274 -7.82086e-05 -6.18173e-09 0 0 0
148 2983 0.653833 -0.0172939 0.756442 -0.00225337 -1.73159e-07 0 0 0
1729 1398 0.618404 -0.10277 -0.779112 -0.00591611 -4.40474e-07 0 0 -1
1729 373 0.53277 0.830927 -0.160367 -0.00304631 -2.25626e-07 0 0 -1
866 58 0.990611 0.0747785 0.114443 -0.012171 -8.23613e-07 0 0 0
866 4296 0.577735 -0.103532 -0.809631 -0.00545078 -3.78921e-07 0 0 0
866 4243 0.161708 -0.927425 -0.337245 -0.00257553 -1.77752e-07 0 0 0
4236 4681 0.870619 0.358012 -0.337416 -0.0158548 -1.11728e-06 0 1 0
4957 3217 0.610076 0.788208 0.0808402 -0.00978118 -7.59335e-07 0 0 0
2358 4638 0.810758 0.0947236 -0.577667 -0.00412778 -3.76773e-07 0 0 0
2358 2583 0.923937 -0.164239 0.345493 -0.00318309 -2.36303e-07 0 0 0
4060 1975 0.802978 -0.0783911 0.590831 -0.0194738 -1.81165e-06 0 0 0
2394 592 0.00190085 -0.88395 0.467577 -0.000345961 -3.18819e-08 0 0 0
4060 3238 -0.00471278 0.442199 0.896905 -0.023914 -1.60639e-06 0 0 0
3430 5366 0.664315 0.268944 0.697391 -0.00740475 -5.76391e-07 0 0 0
3430 1164 0.119829 0.200482 -0.972341 -0.0230804 -1.77987e-06 0 0 0
3440 1064 0.706439 -0.697474 0.12031 -0.000762164 -6.23821e-08 0 0 0
3430 4060 0.0257053 -0.416807 0.908632 -0.0278373 -1.62201e-06 0 0 0
2698 785 0.176348 0.106616 -0.978537 -0.00993563 -7.33555e-07 0 0 0
484 4068 0.908771 0.0508511 -0.414185 -0.0153353 -1.21197e-06 0 0 0
2698 3629 0.605882 -0.76048 0.233618 -0.00433812 -3.41617e-07 0 0 0
2698 5221 0.85856 0.270022 0.435848 -0.00768267 -5.80162e-07 0 0 0
4792 2779 0.206772 -0.953554 -0.219042 -0.0110494 -7.902e-07 0 0 0
4057 1772 0.828409 -0.471366 0.302578 -0.0121712 -9.71428e-07 0 0 0
4792 1882 0.264022 -0.505605 0.821374 -0.00232877 -1.82168e-07 0 0 1
4792 1940 0.654583 0.731669 0.190215 -0.00827538 -6.53016e-07 0 0 0
4057 1276 0.389039 0.842972 0.371548 -0.00369377 -3.11757e-07 0 0 0
2818 2534 0.835091 -0.110462 -0.538907 -0.0122418 -9.77773e-07 0 0 0
2818 4172 0.449627 0.866312 -0.217575 -0.0102978 -7.75216e-07 0 0 0
731 1166 0.817825 0.416761 0.396828 -0.0217718 -1.53042e-06 0 0 0
731 488 0.726798 -0.276326 -0.628815 -0.00280839 -1.89335e-07 0 0 0
731 5472 0.511495 -0.70785 0.487157 -0.00702657 -5.0435e-07 0 0 0
106 4696 0.573464 0.324835 -0.752078 -0.00712018 -6.42236e-07 0 0 0
106 4797 0.536846 -0.841938 -0.0541892 -0.0167494 -1.43184e-06 0 0 0
763 1680 0.074697 0.785767 -0.613996 -0.00519349 -3.67865e-07 0 0 0
106 3740 0.119685 -0.657264 0.744097 -0.00892924 -6.82584e-07 0 0 0
1136 5493 0.752313 -0.539693 0.377831 -0.0151241 -1.29259e-06 0 0 0
763 2287 0.858021 -0.385255 0.339675 -0.0109211 -7.37498e-07 0 0 0
1136 187 0.769983 0.416042 0.483772 -0.0147319 -8.77085e-07 0 0 0
1136 2288 -0.0394402 -0.997363 0.0609277 -0.017559 -1.5144e-06 0 0 0
1674 4971 0.0526371 -0.459793 -0.886465 -0.00769468 -5.85881e-07 0 0 0
1674 3753 0.0634734 0.880773 0.469266 -0.00805972 -5.95495e-07 0 0 0
1674 3302 0.0921369 -0.995573 0.0185892 -0.00618686 -4.6467e-07 0 0 0
1674 1081 0.526332 -0.0742394 0.847032 -0.0072835 -5.5764e-07 0 0 0
1136 4236 -0.0241817 0.729223 -0.683849 -0.0155114 -1.08219e-06 0 0 0
1136 484 -0.117705 -0.64863 -0.751947 -0.00361562 -3.18967e-07 0 0 0
4445 1866 0.39479 -0.342079 0.852715 -0.00891305 -5.53826e-07 0 0 0
4445 4429 0.111171 0.51107 -0.852319 -0.0110543 -9.6688e-07 0 0 0
4317 2423 -0.0105213 0.724157 0.689555 -0.00267079 -2.16211e-07 0 0 0
4317 1986 0.25575 0.254679 -0.932594 -0.00300442 -2.28235e-07 0 0 0
4445 3601 0.0486155 0.854602 0.517003 -0.00187146 -1.42278e-07 0 0 0
4317 5132 0.925065 0.370565 0.0832875 -0.00302037 -2.52759e-07 0 0 0
3445 1730 0.656887 0.710353 -0.252781 -0.000556739 -4.34249e-08 0 0 0
3088 1682 0.961202 0.157279 -0.226613 -0.00342264 -2.51657e-07 0 0 0
3088 543 0.421642 0.865134 0.271589 -0.00657368 -4.78436e-07 0 0 0
1922 2221 -0.105749 0.794098 0.598519 -0.00658188 -5.05288e-07 0 0 0
1922 3564 0.0712238 0.486912 -0.870542 -0.0142403 -1.05095e-06 0 0 0
3088 367 0.437803 -0.722521 -0.535063 -0.00107547 -8.75915e-08 0 0 0
1922 5015 0.157733 -0.606796 0.77905 -0.0263529 -2.36646e-06 0 0 0
1855 2516 0.480308 0.295903 0.825679 -0.00545455 -3.79101e-07 0 0 0
3539 4361 0.893105 -0.0746094 0.443618 -0.0134276 -1.17221e-06 0 0 0
3539 4745 0.15411 -0.504705 -0.849425 -0.00627118 -4.19525e-07 0 0 0
3539 384 0.0500493 -0.405313 0.912807 -0.00594171 -4.70071e-07 0 0 0
2958 1513 0.827169 -0.467502 -0.311822 -0.0205876 -1.50622e-06 0 0 0
1922 5180 0.951024 0.299217 -0.0776033 -0.00334729 -3.10066e-07 0 0 0
1710 4706 0.505396 0.24216 0.828211 -0.00798592 -6.52001e-07 0 0 0
1710 3587 0.761173 0.0475661 -0.646802 -0.00348593 -2.51854e-07 0 0 0
2958 4797 0.671946 0.730811 0.120012 -0.0120795 -9.75205e-07 0 1 0
5175 1322 0.566676 -0.206314 0.797692 -0.000670108 -5.36288e-08 0 0 0
2440 1449 -0.0239522 -0.981418 0.19038 -0.0122818 -1.02621e-06 0 0 0
5175 3160 0.532446 -0.0597519 -0.844352 -0.000374808 -3.34234e-08 0 0 0
2440 5015 0.264112 0.962751 -0.0579348 -0.00447124 -3.65859e-07 0 0 0
2440 2814 0.433139 -0.12576 -0.892511 -0.00261743 -1.99348e-07 0 0 0
5175 4421 0.390558 0.906032 -0.163003 -0.0136642 -1.11466e-06 0 0 0
2826 5392 0.815016 0.281337 -0.506555 -0.0161687 -1.3391e-06 0 0 0
2440 1534 0.773491 0.396145 0.494753 -0.0269905 -1.89257e-06 0 0 0
2826 439 0.496865 -0.698001 0.515675 -0.0110651 -1.06392e-06 0 0 0
4113 1014 0.466257 -0.830986 -0.303424 -0.000550603 -4.03666e-08 0 -1 0
5235 4420 0.75831 0.635437 -0.145553 -0.00780689 -6.22992e-07 0 0 0
2796 121 0.162077 -0.647635 0.744513 -0.0273544 -1.84676e-06 0 0 0
2796 2818 -0.00120461 0.604851 -0.796338 -0.0283951 -2.12132e-06 0 0 0
3950 1234 0.674199 0.30072 0.674554 -0.00753027 -6.00213e-07 0 0 0
2221 2864 0.733421 0.591678 -0.33468 -0.00562841 -4.14279e-07 0 0 0
3950 1220 0.0587959 -0.106045 -0.992622 -0.00992585 -8.00556e-07 0 0 0
2221 2073 0.945536 -0.182288 0.269691 -0.00151344 -1.25108e-07 0 0 0
1113 2779 0.120698 0.33433 0.934695 -0.00450789 -2.88842e-07 0 0 0
5513 4103 0.950915 0.0325621 -0.307734 -0.00245325 -1.86602e-07 0 0 0
5513 758 0.484506 -0.182639 0.85551 -0.0112776 -7.96853e-07 0 0 0
260 5164 0.991187 0.0651421 0.115348 -0.0110304 -9.36909e-07 0 0 0
1113 4298 0.583122 0.795727 0.163667 -0.0209023 -1.35052e-06 0 0 0
260 849 0.518923 0.605044 -0.603855 -0.0190456 -1.11119e-06 0 0 0
260 4035 0.468311 -0.406554 -0.784473 -0.0187377 -1.33818e-06 0 0 0
260 373 0.427743 -0.216666 0.877549 -0.0125514 -9.12482e-07 0 0 0
1027 2516 0.595442 -0.0990428 -0.79727 -0.00532833 -4.25605e-07 0 0 0
1027 1836 0.306933 -0.866966 0.392635 -0.0057512 -4.61742e-07 0 0 0
3862 1390 0.544368 0.579188 -0.606799 -0.00234258 -1.45723e-07 0 0 0
2423 1064 0.849928 0.511509 -0.126415 -0.00495184 -3.86584e-07 0 0 0
281 5430 0.749316 -0.142169 0.646772 -0.0145504 -1.31289e-06 0 0 0
281 2587 0.637626 -0.283174 -0.716411 -0.00215499 -1.971e-07 0 0 0
281 906 -0.0285438 0.612391 -0.790039 -0.00769639 -7.13628e-07 0 0 0
281 1027 -0.155212 -0.755249 -0.636796 -0.00677499 -6.1564e-07 0 0 0
1649 100 0.773779 0.18992 0.604314 -0.0197875 -1.12845e-06 0 0 0
1649 1772 0.573653 -0.316563 -0.755454 -0.013098 -1.27212e-06 0 0 0
2234 5058 0.334806 -0.24486 0.909917 -0.0238597 -1.63697e-06 0 0 0
2234 4206 0.453466 0.113541 -0.884012 -0.00751583 -5.77149e-07 0 0 0
1649 1635 0.192922 -0.981186 -0.00743372 -0.00776752 -6.97066e-07 0 0 0
163 821 0.112103 -0.65014 0.751499 -6.15925e-05 -4.71856e-09 0 0 0
1649 1276 0.230116 0.771666 -0.59294 -0.0110532 -7.41437e-07 0 0 0
4132 1266 -0.00153445 0.0409226 -0.999161 -0.00436483 -3.28405e-07 0 0 0
4132 1309 0.162014 0.881724 -0.443073 -0.0112038 -8.06309e-07 0 0 0
4132 4362 0.153469 0.754082 0.638598 -0.0106823 -8.17977e-07 0 0 1
1649 4057 -0.105844 0.0699519 -0.991919 -0.0225816 -2.072e-06 0 0 0
4132 4298 0.618921 -0.781114 0.0824527 -0.00939993 -6.14945e-07 0 0 0
4132 774 0.895973 0.0924617 0.434376 -0.00129405 -9.52852e-08 0 0 0
3129 849 0.76553 -0.549527 0.334641 -0.0111609 -9.58691e-07 0 0 0
3129 3160 0.550526 0.521736 0.6517 -0.0159373 -1.37778e-06 0 0 0
4415 2258 0.902428 -0.393072 -0.176401 -0.00100523 -7.91207e-08 0 0 0
1950 2891 0.0964188 0.959366 0.26518 -0.00834857 -6.29161e-07 0 0 0
4415 4151 0.392847 0.0154374 -0.919474 -0.00320239 -2.42476e-07 0 0 0
1950 2874 0.793436 0.428987 -0.431774 -0.00557309 -3.66215e-07 0 0 0
1950 5025 0.843283 -0.537093 -0.0201049 -0.0130212 -1.17194e-06 0 0 0
4415 1855 0.110186 -0.790564 0.602385 -0.000670952 -5.2405e-08 0 0 0
2301 187 0.939595 0.0117516 -0.342087 -0.00686677 -4.98087e-07 0 0 0
1019 155 0.613646 -0.665693 0.424607 -0.00621352 -4.43746e-07 0 0 0
1019 1438 0.680423 0.446842 0.580824 -0.0147147 -1.04608e-06 0 0 0
1019 1824 0.694183 0.486087 -0.530876 -0.00591066 -4.40617e-07 0 0 0
2301 191 0.468951 0.738455 0.48453 -0.005149 -3.46932e-07 0 1 0
2301 1136 0.126932 -0.445266 -0.886356 -0.00538589 -3.77288e-07 0 0 0
1736 4717 0.804837 0.469785 0.362683 -0.0107483 -7.21007e-07 0 0 0
983 2492 0.66358 0.689136 -0.291124 -0.00811225 -5.64799e-07 0 0 0
983 4541 0.980082 -0.186931 0.0670539 -0.0109981 -8.16368e-07 0 0 0
1984 2564 0.0594359 -0.723044 -0.68824 -0.0039089 -2.55569e-07 0 0 0
1984 713 0.378958 -0.858676 0.345059 -0.0272702 -1.83609e-06 0 0 0
1736 3740 0.252113 -0.692044 -0.676398 -0.0176367 -1.2918e-06 0 0 0
5361 3068 0.876698 -0.480486 0.0231156 -0.00117589 -7.51328e-08 0 0 0
5361 3542 0.258569 0.802144 0.538244 -0.0027685 -2.00985e-07 0 0 0
5361 4415 -0.112508 -0.751184 -0.650434 -0.00314438 -2.62978e-07 0 0 0
3848 3923 0.110854 0.150043 0.982445 -0.00961832 -7.20643e-07 0 0 0
4434 3673 0.000130772 -0.421952 -0.906618 -0.000146886 -9.87175e-09 0 0 0
3848 4435 0.691817 -0.537115 -0.482594 -0.0122065 -9.4549e-07 0 0 0
3848 44 0.880717 -0.206959 0.426035 -0.00111927 -8.7354e-08 0 0 0
3020 3465 0.852862 -0.475027 0.216741 -0.0216718 -1.76215e-06 0 0 0
3020 2947 0.437759 -0.76598 -0.470788 -0.0075196 -6.63954e-07 0 0 0
3145 222 0.653874 0.518947 -0.550584 -0.00167208 -1.40764e-07 0 0 0
3145 2492 0.69591 0.0160479 0.71795 -0.00104189 -7.98705e-08 0 0 0
958 3454 0.570286 0.658319 -0.491315 -0.00212471 -1.83162e-07 0 0 0
958 4250 0.340099 -0.906583 0.249879 -0.00342809 -2.80911e-07 0 0 0
4971 222 0.666946 -0.643357 -0.375865 -0.00604731 -5.23615e-07 0 0 0
4971 1123 0.712192 0.683465 0.160181 -0.00650099 -5.08917e-07 0 0 0
1702 3335 0.860048 0.506864 0.0583704 -0.00728144 -5.1006e-07 0 0 0
267 1669 0.000756653 -0.993639 0.112608 -0.00146001 -1.12056e-07 0 0 0
1702 1917 0.791534 -0.416435 0.447277 -0.0151987 -1.03648e-06 0 0 0
1702 242 0.334313 0.611721 -0.71696 -0.0140027 -9.28723e-07 0 0 0
267 2848 0.628474 -0.527834 0.571325 -0.0110413 -7.84222e-07 0 0 0
267 4968 0.824329 0.395967 0.404588 -0.00208036 -1.77743e-07 0 0 0
1702 5110 0.133874 0.715606 0.685555 -0.0230323 -1.2885e-06 0 0 0
5091 2708 0.196717 0.0185987 0.980284 -0.0148633 -1.30279e-06 0 0 1
5091 3923 0.105073 -0.0441593 -0.993484 -0.00970375 -7.72108e-07 0 0 0
5091 4504 0.343085 0.901415 0.264092 -0.00909891 -7.92918e-07 0 0 1
5091 2431 0.43632 -0.803296 -0.405389 -0.00970561 -7.7084e-07 0 0 0
1702 106 0.0382124 -0.963461 0.26511 -0.000415322 -2.54222e-08 0 0 0
3267 461 0.773924 0.382125 0.504997 -0.00332592 -2.33206e-07 0 0 0
3753 785 0.0575646 -0.103676 0.992944 -0.00992696 -7.37894e-07 0 0 0
3753 5489 0.202229 0.860733 0.467164 -0.00477376 -3.63041e-07 0 0 0
2801 2380 0.978353 -0.0133459 0.206512 -0.00832654 -6.82834e-07 0 0 0
2801 439 0.517167 0.595342 -0.614904 -0.00854708 -7.51881e-07 0 0 0
3753 76 0.981541 -0.0666206 -0.179276 -0.0159447 -1.3597e-06 0 0 0
4388 4022 0.448366 0.624181 0.639818 -0.00941289 -6.90048e-07 0 0 0
2576 4212 0.897824 -0.432267 0.0840049 -0.00360443 -2.39457e-07 0 0 0
2576 4578 0.337603 -0.37496 0.863382 -0.00430478 -3.54054e-07 0 0 0
2576 1981 0.205959 0.415127 -0.886143 -0.0032606 -2.84437e-07 0 0 0
4354 2060 0.969566 0.182489 -0.163217 -0.00727991 -5.32093e-07 0 0 0
1449 2428 0.0765219 -0.792828 -0.604622 -0.00634498 -5.1269e-07 0 0 0
1449 5508 0.3173 -0.770934 0.552251 -0.00896888 -7.10985e-07 0 0 0
1449 222 0.676004 0.304266 0.671149 -0.00258925 -2.35594e-07 0 0 0
1449 4804 0.869011 0.0571592 -0.491481 -0.00030093 -2.65413e-08 0 0 0
4354 3555 0.317325 -0.00529095 0.948302 -0.0098995 -6.93703e-07 0 0 0
4779 2431 0.307485 0.407132 0.860056 -0.00961368 -8.31338e-07 0 0 0
6 846 0.921708 0.189184 0.33862 -0.0142221 -1.12471e-06 0 0 0
4779 2470 0.604115 -0.42727 -0.67267 -0.0113018 -7.38156e-07 0 0 0
6 3970 0.649291 0.624343 -0.4343 -0.00988234 -7.59237e-07 0 0 0
3771 22 0.711818 -0.0544184 -0.700252 -0.00640315 -5.94168e-07 0 0 0
1905 110 0.34562 0.875669 -0.337269 -0.00151697 -1.05684e-07 0 0 0
3771 191 0.637668 -0.310303 0.705047 -0.00750139 -6.62742e-07 0 0 0
1905 4235 0.994827 0.0974697 0.0286322 -0.0107867 -8.10564e-07 0 0 0
3810 2926 0.293973 0.813294 -0.502128 -0.00736265 -6.6337e-07 0 0 0
3810 877 0.524956 0.584338 0.618846 -0.00650805 -5.95426e-07 0 0 0
3810 616 0.691484 -0.634993 0.344433 -0.012815 -1.00763e-06 0 0 0
436 3093 0.944604 0.0276743 0.327045 -0.00490226 -4.00981e-07 0 0 0
4364 1124 0.198224 -0.977744 0.0687337 -0.0127592 -8.83359e-07 0 0 0
4364 4624 0.366223 0.0739741 -0.927582 -0.0106509 -8.51894e-07 0 0 0
436 469 0.727492 -0.0252766 -0.68565 -0.0164621 -1.34225e-06 0 0 0
436 3267 0.0489346 -0.754398 0.654591 -0.00345997 -2.51948e-07 0 0 0
61 3302 -0.053675 0.166866 -0.984517 -0.00573124 -4.52532e-07 0 0 0
61 1081 0.377873 0.922189 -0.0823378 -0.0100215 -6.63192e-07 0 0 0
1691 1866 0.606924 -0.738773 -0.293016 -0.0445375 -3.56285e-06 0 0 0
1691 3601 0.253646 0.519331 -0.816063 -0.00829085 -5.86233e-07 0 0 0
1562 2369 0.984783 -0.0434044 -0.168279 -0.00741038 -5.75715e-07 0 0 0
2607 1278 0.791794 0.114482 0.599964 -0.00745196 -6.14579e-07 0 0 0
1034 211 0.341561 0.127061 0.931231 -0.00796636 -7.28147e-07 0 0 1
2607 4534 0.620461 -0.710644 -0.331683 -0.003044 -2.344e-07 0 0 0
2473 5110 0.311226 0.482975 -0.818458 -0.0239854 -1.87054e-06 0 0 0
1034 2013 0.619593 0.774987 0.124499 -0.00123408 -1.12485e-07 0 0 0
1168 1445 0.838042 0.527397 -0.139779 -0.00338357 -2.2992e-07 0 0 0
1168 3937 0.152563 0.849448 0.505136 -0.00129194 -1.00262e-07 0 0 0
1034 4736 0.969597 -0.0746288 0.233049 -0.0111977 -7.87711e-07 0 0 0
1266 1309 0.170621 0.88431 0.434608 -0.0141191 -1.18169e-06 0 0 0
1266 1001 0.423618 -0.89025 -0.167338 -0.014306 -1.18988e-06 0 0 0
4999 435 0.195873 -0.100006 0.975517 -0.00027242 -2.1237e-08 0 0 0
4280 3002 0.998846 0.0310747 0.0366093 -0.0220973 -1.74067e-06 0 0 0
4280 2301 0.130729 0.876013 -0.464232 -0.00400926 -3.19955e-07 0 0 0
3554 195 0.582249 -0.33237 0.741968 -0.00858201 -5.49175e-07 0 0 0
3554 418 0.704349 -0.032887 -0.709092 -0.00395637 -3.12411e-07 0 0 0
3554 5025 0.715122 0.668427 -0.204465 -0.00803506 -7.59975e-07 0 0 0
3153 1398 0.673259 -0.0273126 0.738902 -0.0155338 -1.0469e-06 0 0 0
2428 1615 0.631671 -0.00762508 -0.775199 -0.00175693 -1.25274e-07 0 0 0
3153 4035 0.634634 0.635677 -0.439494 -0.00527062 -3.55978e-07 0 0 0
3153 107 0.429831 -0.17874 -0.885041 -0.00356058 -2.89368e-07 0 0 0
1362 4519 0.618567 -0.182103 -0.764338 -0.000865938 -6.31501e-08 0 0 0
3302 2492 0.669334 -0.741388 0.0483268 -0.00561278 -4.36123e-07 0 0 0
1362 4534 0.626474 -0.105998 0.772202 -0.00328503 -2.42614e-07 0 0 0
2198 1683 0.292743 0.0234224 -0.955904 -0.000493411 -3.95361e-08 0 0 0
1362 1066 0.534105 0.80603 0.255045 -0.00034316 -2.54903e-08 0 0 0
2198 4864 0.847947 0.072497 0.525099 -0.00280619 -2.11856e-07 0 0 0
1640 5282 0.58357 -0.499793 -0.640042 -0.0191286 -1.5789e-06 0 0 0
1640 3238 0.331779 0.866162 -0.373747 -0.00990238 -8.15149e-07 0 0 0
2539 3192 0.753958 0.628675 -0.190565 -0.00298341 -2.43657e-07 0 0 0
2539 5229 0.590405 -0.684914 -0.426984 -0.00790152 -6.49113e-07 0 0 0
4533 2279 0.932734 0.168236 0.31891 -0.0119987 -1.12261e-06 0 0 0
2903 1680 0.0356191 -0.712829 0.700433 -0.000452961 -3.46206e-08 0 0 0
28 3031 0.870714 0.491616 0.0130615 -0.000484217 -4.33463e-08 0 0 0
368 1390 0.688762 0.588347 0.423621 -0.00179059 -1.09621e-07 0 0 0
1680 2027 0.142968 -0.790181 -0.595965 -0.00574904 -4.32171e-07 0 0 0
1680 3458 0.177563 0.905843 0.384603 -0.0108198 -7.67531e-07 0 0 0
1680 4984 0.70475 0.0407467 0.708285 -0.00426017 -3.04787e-07 0 0 0
1680 3639 0.863887 0.44135 -0.242711 -0.00336222 -2.38185e-07 0 0 0
368 1562 -0.0299573 -0.730179 -0.682599 -0.00179057 -1.32372e-07 0 0 0
597 5283 0.105956 0.458586 -0.882311 -0.0262801 -1.74864e-06 0 0 0
597 428 0.286633 0.286913 0.914069 -0.0125746 -1.08038e-06 0 0 0
3576 1027 0.124187 0.810133 0.572941 -0.00070074 -5.37515e-08 0 0 0
597 1485 0.800832 -0.397151 -0.448263 -0.00954795 -6.02113e-07 0 0 0
3576 3862 0.250629 -0.959066 0.131826 -0.000937764 -8.2585e-08 0 0 0
2773 2279 0.806248 -0.559578 -0.191928 -0.0137671 -9.98459e-07 0 -1 0
1309 186 0.366302 0.908572 -0.200796 -0.0176869 -1.39522e-06 0 0 0
2773 2024 0.37069 0.667702 0.645571 -0.00689881 -4.60657e-07 0 0 0
2773 3331 0.276127 0.427798 -0.860664 -0.00211327 -1.40802e-07 0 -1 0
1309 5161 0.604697 0.462751 0.648231 -0.00605648 -5.37411e-07 0 0 0
2890 4519 0.44236 0.473085 0.761911 -0.015256 -1.0839e-06 0 0 0
1309 2351 0.910942 -0.242659 0.333618 -0.00440106 -4.02209e-07 0 0 0
2890 3092 0.319886 -0.51212 -0.797124 -0.0142606 -1.03312e-06 0 0 0
1239 5015 0.286939 0.0447695 -0.956902 -0.016531 -1.2654e-06 0 0 0
1239 1123 0.696936 -0.191768 0.691018 -0.0149657 -1.22656e-06 0 0 0
1239 57 0.722178 0.654994 -0.222356 -0.00389636 -3.22512e-07 0 0 0
2499 4057 0.188952 -0.43091 0.882391 -0.0246081 -1.88565e-06 0 0 0
2499 2473 0.0706256 0.533991 -0.842535 -0.0289946 -2.20394e-06 0 0 0
2779 2046 0.134235 -0.761025 0.634682 -0.00611049 -4.46585e-07 0 0 1
2779 4298 0.437056 0.423932 -0.793261 -0.00850697 -5.72697e-07 0 0 0
2779 129 0.685387 0.704182 0.1854 -0.0034487 -2.61459e-07 0 0 1
3802 2764 0.99103 0.133474 0.00667902 -0.0106725 -7.77622e-07 0 0 0
1766 777 0.234463 0.936779 0.259753 -0.00466926 -2.83409e-07 0 0 0
1766 4607 0.432445 -0.762155 0.48178 -0.000847192 -6.4834e-08 0 0 0
3802 3651 0.138668 -0.118193 0.983261 -0.0045321 -3.11348e-07 0 0 0
1766 1304 0.614281 0.0741151 0.785599 -0.00234176 -1.93319e-07 0 0 0
1766 1199 0.893092 -0.259978 -0.367149 -0.00621968 -3.94101e-07 0 0 0
4374 2495 0.812135 0.567448 -0.135793 -0.00413911 -3.50132e-07 0 0 0
2564 2887 0.143569 -0.409171 -0.901092 -0.00824157 -5.62803e-07 0 0 0
4374 2288 0.204757 0.831741 0.516024 -0.00628149 -5.02893e-07 0 0 0
2564 4652 0.795491 -0.530875 0.292174 -0.0153441 -1.04949e-06 0 0 0
2564 4765 0.863386 0.500816 0.0612262 -0.00693684 -4.84385e-07 0 0 0
4374 2818 0.136499 -0.505816 -0.851774 -0.0143084 -1.06034e-06 0 0 0
1381 4362 0.151344 -0.979565 0.132464 -0.00791572 -6.22487e-07 0 0 0
20 4960 0.664625 0.273089 -0.695483 -0.0130435 -1.01039e-06 0 0 0
20 353 0.258501 -0.0801896 0.962677 -0.0034113 -2.84248e-07 0 0 0
1381 5161 0.928603 -0.12227 -0.350351 -0.00807119 -6.258e-07 0 0 -1
4478 973 0.353379 0.66131 -0.661659 -0.0369106 -2.91383e-06 0 0 0
4478 2818 0.186648 -0.0791488 0.979233 -0.0255243 -1.83514e-06 0 0 0
785 1081 0.430557 -0.788153 -0.439813 -6.15122e-05 -5.15701e-09 0 0 0
1533 1859 0.600482 0.626683 0.496678 -0.00844454 -7.22823e-07 0 0 0
1533 3352 0.519854 -0.853939 0.0232348 -0.00517168 -4.16274e-07 0 0 0
3714 1934 0.32035 -0.942277 0.0974177 -0.00678534 -4.56056e-07 0 0 0
3714 5116 0.32684 0.281954 -0.902041 -0.0092708 -6.18527e-07 0 0 0
3714 986 0.629005 0.478923 0.612361 -0.0068638 -5.63292e-07 0 0 0
2465 3145 0.499612 -0.594951 0.629621 -0.000252955 -1.83932e-08 0 0 0
347 3294 0.898225 0.426889 0.104678 -0.004707 -4.24453e-07 0 0 0
753 4479 0.81415 -0.206789 0.542585 -0.00402327 -3.02455e-07 0 0 0
753 410 0.661886 -0.662662 -0.350408 -0.00683936 -4.36461e-07 0 0 0
2708 4666 0.672229 -0.186889 -0.716367 -0.015796 -1.09709e-06 0 0 -1
2708 1925 0.76982 -0.240524 0.591207 -0.0231054 -1.36463e-06 0 0 0
3923 2431 0.310819 -0.72315 0.616803 -0.000553537 -4.59528e-08 0 0 0
3923 3588 0.296218 0.929545 0.219547 -0.00436065 -3.69044e-07 0 0 0
753 1435 0.393404 0.894045 -0.214282 -0.0124228 -9.26871e-07 0 0 0
1543 478 0.668887 -0.565386 0.482627 -0.0152361 -1.32008e-06 0 0 0
1543 5282 0.467955 0.361684 0.806352 -0.0102148 -6.42943e-07 0 0 0
1543 2510 0.426438 0.474456 -0.770092 -0.00178144 -1.16967e-07 0 0 0
268 4607 0.616952 0.706635 -0.346463 -0.000316596 -2.62874e-08 0 0 0
2797 3692 0.929444 -0.266066 -0.255621 -0.00219793 -1.74811e-07 0 0 0
3867 3674 0.370909 -0.0673455 -0.926224 -0.00528635 -3.85387e-07 0 0 0
3867 1474 0.506456 0.788291 -0.349429 -0.00620821 -4.16898e-07 0 0 0
2797 4243 0.458077 0.343182 0.819995 -0.00441727 -3.71421e-07 0 0 0
1055 758 0.735194 0.275101 -0.619524 -0.0153446 -1.28583e-06 0 0 0
1055 2576 0.211846 0.627986 0.748836 -0.00839975 -7.66073e-07 0 0 0
602 4956 0.633138 -0.67828 -0.372924 -0.00644485 -5.46484e-07 0 0 0
2027 4188 0.64111 -0.603135 0.474559 -0.00415008 -3.86645e-07 0 0 0
602 3031 0.662218 0.00323677 0.749304 -0.0134588 -8.80377e-07 0 0 0
3357 3899 0.813451 -0.00988361 0.58155 -0.0151023 -1.48618e-06 0 1 0
2027 4154 0.86353 0.485223 -0.137384 -0.0110562 -9.37962e-07 0 0 0
3357 3658 0.813196 0.531749 -0.236548 -0.00800707 -7.49569e-07 0 1 0
4671 2192 0.530508 0.583899 -0.614511 -0.0056487 -3.90235e-07 0 0 0
3357 90 0.651463 -0.754324 -0.081187 -0.00608981 -4.72267e-07 0 0 0
4671 953 0.824027 0.243866 0.511379 -0.00803167 -6.01019e-07 0 0 0
1719 1315 0.832539 0.2673 -0.485211 -0.00833679 -6.66424e-07 0 0 0
3042 1701 0.185573 0.723532 0.664879 -0.00453222 -2.65585e-07 0 0 0
3042 2292 0.342878 0.903055 -0.258701 -0.0097736 -9.10084e-07 0 0 0
3042 195 0.469864 -0.867663 -0.162446 -0.0062382 -4.11833e-07 0 0 0
3042 168 0.462427 -0.414488 0.783812 -0.00299185 -2.94388e-07 0 0 0
3042 2948 0.91775 0.358529 0.170854 -0.0068353 -4.43993e-07 0 0 0
1719 469 0.812958 -0.414997 0.408505 -0.0187663 -1.58129e-06 0 0 0
2775 3585 0.423099 -0.0711637 -0.903285 -0.0156519 -1.28741e-06 0 0 0
2775 5021 0.801643 0.340654 0.491246 -0.00724308 -6.13757e-07 0 0 0
3894 4672 0.901798 0.383526 0.199168 -0.0019793 -1.4975e-07 0 0 0
3894 2267 0.747646 -0.487746 -0.450699 -0.0236217 -1.73597e-06 0 0 0
2093 4487 0.443666 0.350112 -0.824974 -0.00991306 -5.9061e-07 0 0 -1
2093 3175 0.464551 0.689144 0.556123 -0.00615466 -3.85626e-07 0 0 0
2093 4022 0.423917 -0.753078 0.503158 -0.00493399 -3.11372e-07 0 0 0
1871 3565 0.918286 0.302234 -0.255746 -0.0053245 -3.7166e-07 0 0 0
146 756 0.155653 0.871251 -0.465504 -0.00877186 -7.19952e-07 0 0 0
146 939 0.476213 -0.659142 -0.582026 -0.00420024 -3.12944e-07 0 0 0
146 4735 0.624172 0.487476 0.610554 -0.00681687 -5.48823e-07 0 0 0
1871 20 0.0825734 0.964861 0.249451 -0.0103319 -7.28495e-07 0 0 0
3680 4423 0.108934 0.699054 -0.706723 -0.00560281 -4.14075e-07 0 0 0
3680 4624 0.204185 -0.903356 -0.377169 -0.00504909 -4.28187e-07 0 -1 0
3680 1976 0.497942 -0.161257 -0.852086 -0.00576342 -3.32475e-07 0 0 0
4772 4102 0.991943 0.0403912 0.120074 -0.000270064 -1.89718e-08 0 0 0
3680 2328 0.762544 0.0531778 0.644747 -0.00713538 -5.87317e-07 0 -1 0
2695 5063 0.434474 -0.788078 0.436079 -0.00192474 -1.56774e-07 0 0 0
4327 5385 0.598387 -0.15811 0.785451 -0.00728396 -5.09518e-07 0 0 0
1613 544 0.671367 -0.381486 0.635402 -7.98945e-05 -5.88226e-09 0 0 0
4327 3328 0.554749 0.459458 -0.693651 -0.0102232 -7.54793e-07 0 0 0
2405 1018 0.468416 0.799891 -0.375181 -0.00409958 -3.78727e-07 0 0 0
4977 912 0.568009 -0.161516 -0.807018 -0.0333842 -2.67247e-06 0 0 0
2405 2715 0.985459 -0.160955 0.054451 -0.00646206 -5.60436e-07 0 0 0
403 743 -0.00403067 -0.904431 -0.426602 -0.00062727 -4.69063e-08 0 0 0
4977 2610 0.475501 0.869353 -0.134626 -0.00593022 -4.65324e-07 0 0 0
403 254 0.469647 0.376258 0.798663 -0.000555135 -4.26779e-08 0 0 0
3962 1435 0.434162 0.346445 0.831552 -0.00924715 -6.8464e-07 0 0 0
2355 4016 0.929327 0.0796892 -0.360557 -0.0110918 -9.73632e-07 0 0 -1
2355 1652 0.461536 0.573489 0.676828 -0.0269186 -2.19124e-06 0 0 0
1827 2261 0.278815 -0.904258 -0.323387 -0.00162352 -1.23885e-07 0 0 0
1217 4253 0.591475 0.435368 0.678684 -0.00172169 -1.42494e-07 0 0 0
1896 3154 0.78594 -0.524721 0.327058 -0.0060017 -4.96615e-07 0 0 0
1217 4345 0.567812 -0.128148 -0.813122 -0.0202937 -1.70277e-06 0 0 0
1217 4236 0.131323 -0.652328 0.746473 -0.0151224 -1.08439e-06 0 -1 0
5362 3175 0.587322 -0.776692 0.227603 -0.0151522 -1.20028e-06 0 0 0
4910 5 0.691141 0.691072 0.211527 -0.00957523 -7.25998e-07 0 0 0
4910 1819 0.729372 0.124467 -0.672699 -0.0106541 -8.08774e-07 0 0 0
4910 4528 0.87143 -0.439851 0.217117 -0.00915828 -7.038e-07 0 0 0
5362 3092 0.538571 0.579013 -0.612115 -0.00493648 -3.51501e-07 0 0 0
388 4150 0.291809 -0.91257 0.286467 -0.000394786 -2.98693e-08 0 0 0
4025 3620 0.993011 0.0394744 0.11122 -0.00505633 -3.65136e-07 0 0 0
388 4838 0.613013 0.57491 -0.541935 -0.00173532 -1.1854e-07 0 0 0
4025 2607 0.0639636 -0.99329 0.0963563 -0.00768245 -5.73665e-07 0 0 0
4025 1543 0.0799484 0.480534 0.873324 -0.00338271 -2.36898e-07 0 0 0
1986 5021 0.557876 0.702992 -0.441108 -0.00942142 -6.49556e-07 0 0 0
1986 5150 0.591972 -0.742949 0.312402 -0.00286612 -2.49556e-07 0 0 0
1986 700 0.75413 -0.376419 -0.538143 -0.00239689 -1.99649e-07 0 0 0
1174 1467 0.925475 -0.341017 0.164936 -0.0156974 -8.81161e-07 0 0 0
3103 4642 0.0789398 -0.0929763 -0.992534 -0.0073124 -5.50243e-07 0 0 0
1613 435 0.22426 0.489734 -0.842537 -0.000282307 -2.23806e-08 0 0 0
3103 2936 0.915364 0.0764037 0.395312 -0.00595774 -4.29663e-07 0 0 0
1174 437 0.120183 -0.135357 -0.983481 -0.0059518 -5.19439e-07 0 0 0
393 1904 0.941807 -0.0549906 -0.331624 -0.00833093 -7.17259e-07 0 0 0
351 5136 0.891965 0.337662 -0.300638 -0.0200322 -1.66779e-06 0 0 0
4828 242 0.751322 -0.437962 0.493664 -0.0244758 -2.20107e-06 0 0 0
756 1139 0.436354 -0.474429 -0.764534 -0.00230981 -1.9571e-07 0 0 -1
756 418 0.562713 0.497601 0.660112 -0.0130264 -1.05876e-06 0 0 0
4828 5175 0.244596 0.860535 -0.446825 -0.0131985 -1.06791e-06 0 0 -1
3349 2373 0.694759 0.706473 -0.134933 -0.0112601 -8.57301e-07 0 0 0
3983 3088 0.217724 -0.824516 0.522274 -0.00286079 -2.05992e-07 0 0 0
3983 1491 0.0730452 -0.464036 -0.882799 -0.00198248 -1.62363e-07 0 0 0
3983 1168 0.147149 0.53975 -0.828865 -0.0025532 -1.91473e-07 0 0 0
1017 4999 0.725582 0.668795 0.162002 -0.00356378 -2.88806e-07 0 0 0
1017 4996 0.590749 0.109001 -0.799459 -0.00543931 -4.38321e-07 0 0 0
1017 1454 0.396556 -0.355465 0.846397 -0.0147008 -9.27532e-07 0 0 0
3122 1404 0.79977 -0.434473 -0.414248 -0.00313494 -2.37063e-07 0 0 0
1669 2848 0.699597 0.496574 0.513788 -0.0018824 -1.32321e-07 0 0 0
1669 204 0.708002 -0.513889 0.484409 -0.0137771 -9.50052e-07 0 0 0
3265 777 0.789106 -0.607202 -0.0928331 -0.00372908 -2.68161e-07 0 0 0
743 4277 0.209974 -0.969198 0.128706 -0.00108605 -8.83076e-08 0 0 0
743 247 0.318791 -0.406083 -0.856428 -0.0101058 -7.53167e-07 0 0 0
28 5513 0.261191 -0.70772 0.656439 -0.00682526 -5.53221e-07 0 0 0
743 4638 0.85419 -0.196509 0.481398 -0.0116349 -9.13906e-07 0 0 0
28 602 0.153153 0.511501 -0.845524 -0.0124038 -1.06041e-06 0 0 0
5433 5246 0.841568 0.134077 -0.523246 -0.00112521 -1.03901e-07 0 0 0
1634 5491 0.475127 0.648427 0.594808 -0.0178799 -1.45967e-06 0 0 0
1634 1137 0.625531 0.54176 -0.561433 -0.00210049 -1.87224e-07 0 0 0
1634 4901 0.695493 -0.411788 0.58883 -0.0111675 -9.23494e-07 0 0 0
4794 713 0.334487 0.823973 0.457369 -0.004003 -3.16033e-07 0 0 0
4794 797 0.598362 -0.572746 -0.56029 -0.00394204 -2.99528e-07 0 0 0
4794 1819 0.765894 -0.485966 0.421003 -0.0147538 -1.09885e-06 0 0 0
4794 4652 0.841836 0.39989 -0.362492 -0.00795084 -6.21339e-07 0 0 0
5433 3827 0.679213 -0.072026 0.730398 -0.000308816 -2.75729e-08 0 0 0
5433 906 0.174776 -0.528265 -0.830896 -0.0116868 -1.05181e-06 0 0 0
5433 1017 -0.0249727 0.943409 0.330691 -0.0103074 -6.47314e-07 0 0 0
518 2894 0.641645 0.138539 0.754386 -0.00671139 -4.92086e-07 0 0 0
518 5440 0.385663 -0.554635 -0.737322 -0.00600317 -4.86244e-07 0 0 0
3564 428 0.219883 0.453096 -0.863919 -0.0103968 -8.67547e-07 0 0 0
2225 3217 0.708981 -0.477147 -0.519304 -0.0122873 -1.07955e-06 0 0 0
2225 4904 0.386976 -0.80312 0.453044 -0.0023106 -1.40859e-07 0 0 1
3564 2443 0.847569 -0.291906 -0.443191 -0.0239677 -1.62365e-06 0 0 0
2225 1726 0.322089 0.779293 0.53755 -0.0133281 -7.95597e-07 0 0 1
2225 2355 0.00139848 -0.0417449 0.999127 -0.0214529 -1.41313e-06 0 0 1
4805 4345 0.768576 0.579635 0.270766 -0.0155867 -1.18944e-06 0 1 0
2186 4557 0.172427 -0.740486 -0.649576 -0.00430262 -3.67008e-07 0 0 0
4805 2576 0.172748 -0.981814 -0.0787343 -0.00762601 -5.13522e-07 0 0 0
2634 3792 0.692241 -0.357849 -0.626695 -0.0142652 -1.08227e-06 0 0 0
2186 47 0.822925 0.306158 -0.478604 -0.00346414 -2.49577e-07 0 0 0
4503 4130 0.388066 0.00514703 -0.921617 -0.0061011 -4.96566e-07 0 0 0
4503 4207 0.377608 -0.901116 0.213076 -0.00723645 -5.77971e-07 0 0 0
4503 3261 0.646099 0.2783 0.710707 -0.0119407 -9.8818e-07 0 0 0
2634 4745 0.569654 0.799087 -0.192234 -0.0152988 -1.22259e-06 0 0 0
2634 148 0.338246 0.212539 0.916743 -0.00182056 -1.36354e-07 0 0 0
2891 2816 0.559905 0.561229 -0.609531 -0.00434161 -3.24839e-07 0 0 0
2634 731 0.317145 -0.940761 0.119947 -0.015094 -1.15662e-06 0 0 0
2891 4164 0.988458 0.0154203 0.150705 -0.0393976 -2.80812e-06 0 0 0
1124 4225 -0.036535 -0.3317 -0.942677 -0.0185914 -1.24348e-06 0 0 0
1865 3352 0.622227 0.766938 0.15697 -0.00484478 -3.94851e-07 0 0 0
1865 4327 0.118414 -0.920818 -0.371581 -0.000616587 -4.91304e-08 0 0 0
1124 4453 0.322775 -0.687484 0.650525 -0.00199881 -1.90695e-07 0 0 0
1107 1915 0.803026 0.263213 0.534666 -0.000467219 -3.47427e-08 0 0 0
1124 1969 0.609183 0.676287 0.414164 -0.00475609 -2.87836e-07 0 0 0
328 3023 0.881362 -0.470757 0.0398596 -0.00393035 -3.01128e-07 0 0 0
4754 410 0.849749 0.339317 -0.403472 -0.00164881 -1.0076e-07 0 0 0
1124 4883 0.935065 -0.325103 0.141283 -0.0239409 -1.61881e-06 0 0 0
4754 912 0.519746 0.0346471 0.853618 -0.022122 -1.35949e-06 0 0 0
4754 1995 0.389692 -0.450239 -0.803384 -0.0265321 -1.65407e-06 0 0 0
5262 1488 0.633129 0.370543 -0.679592 -0.00284699 -2.2784e-07 0 0 0
5262 1960 0.882887 0.0352765 0.468258 -0.00541214 -4.21555e-07 0 0 0
5489 3498 0.320907 0.0642767 -0.944927 -0.0105653 -7.11791e-07 0 0 0
5489 2192 0.432024 0.485668 0.759922 -0.00450617 -3.17882e-07 0 0 0
5489 3892 0.572768 0.802651 -0.166397 -0.000140954 -9.29513e-09 0 0 0
4754 4515 0.255309 -0.966786 0.011922 -0.00260298 -2.24156e-07 0 0 0
5489 1201 0.906461 -0.276657 0.319044 -0.0123433 -8.31248e-07 0 0 0
4754 753 0.147161 0.988541 -0.033628 -0.0168892 -1.08104e-06 0 0 0
4196 4220 0.361537 0.372626 0.854659 -0.0195561 -1.55272e-06 0 0 0
2236 5392 0.906274 -0.278638 0.31785 -0.00418646 -3.17995e-07 0 0 0
4196 4193 0.487708 -0.675514 -0.553011 -0.0136571 -1.09626e-06 0 -1 0
4196 104 0.894402 0.317407 -0.315114 -0.00509036 -4.62419e-07 0 0 0
2887 2901 0.123976 -0.840701 -0.527117 -0.0108817 -6.30548e-07 0 0 0
2887 1694 0.179947 0.833384 -0.52258 -0.00759082 -7.01635e-07 0 0 0
3454 1904 0.252285 -0.121228 0.960029 -0.000947187 -6.70557e-08 0 0 0
2236 2826 0.180122 -0.557141 0.810648 -0.0121958 -1.07003e-06 0 0 0
2887 861 0.748901 -0.519357 0.411601 -0.00435044 -3.4636e-07 0 0 0
2887 2033 0.89182 0.446198 0.0745947 -0.0131439 -9.02398e-07 0 0 0
1006 1454 0.635283 -0.491867 -0.595384 -0.00533052 -4.61849e-07 0 0 0
1006 1491 0.224581 -0.297124 0.928052 -0.00204983 -1.60618e-07 0 0 0
2926 1347 0.51468 0.0807314 -0.853573 -0.0182659 -1.27452e-06 0 0 0
3974 4022 0.682212 0.632975 -0.365964 -0.0136241 -1.05938e-06 0 0 0
2926 2122 0.825118 0.554897 -0.106158 -0.00367817 -2.36343e-07 0 0 0
3974 4745 0.610853 -0.660952 0.435891 -0.0105062 -8.14431e-07 0 0 0
978 2373 0.85291 -0.229622 0.468848 -0.0243651 -1.97652e-06 0 0 0
978 1298 0.598622 0.761446 -0.248702 -0.00676024 -5.71025e-07 0 1 0
5298 106 0.334008 -0.669105 -0.66388 -0.0133216 -8.64795e-07 0 0 0
5298 1736 0.227108 -0.691028 0.686224 -0.00618412 -3.9839e-07 0 0 0
2168 4980 0.22921 -0.799701 0.554924 -0.00577637 -4.54054e-07 0 0 0
5298 2473 0.145928 0.735339 0.661802 -0.00645325 -4.71818e-07 0 0 0
2168 2407 0.750166 -0.20554 -0.628493 -0.0210224 -1.43307e-06 0 0 0
345 802 0.962161 -0.171557 0.211696 -0.00268015 -2.31549e-07 0 0 0
5283 204 0.61641 0.708108 -0.344416 -0.0300544 -2.1175e-06 0 1 0
345 4904 0.411465 0.0474303 -0.910191 -0.000421044 -2.37603e-08 0 0 0
345 2355 0.0384743 0.864127 -0.501801 -0.00991071 -6.71389e-07 0 0 0
4362 939 0.411737 0.658515 0.629944 -0.00428001 -3.16036e-07 0 0 0
4362 1940 0.448128 -0.311055 0.838109 -0.0135425 -1.02072e-06 0 0 -1
2705 4418 0.908459 -0.219106 -0.355943 -0.00446169 -3.53475e-07 0 0 0
2705 1107 -0.00717404 -0.122346 0.992462 -0.0078638 -6.1685e-07 0 0 0
4376 231 0.949227 -0.262031 -0.174093 -0.000592255 -4.57669e-08 0 0 0
3922 5508 0.158106 0.857334 0.489879 -0.0014469 -1.20877e-07 0 0 0
4376 1871 0.154019 0.181735 0.971211 -0.00818915 -5.61418e-07 0 0 0
3922 1844 0.884691 0.408834 -0.224001 -0.0158057 -1.49833e-06 0 0 0
4376 1107 0.0361231 -0.942659 0.331798 -0.00678624 -5.11344e-07 0 0 0
4376 2705 0.0405153 -0.75803 -0.65096 -0.00519562 -3.65856e-07 0 0 0
1357 4587 0.76325 -0.585535 -0.273126 -0.00644456 -6.05206e-07 0 0 0
3458 3639 0.66 -0.447304 -0.603588 -0.0230883 -1.44498e-06 0 0 0
3458 2978 0.84961 0.488798 0.198091 -0.0135458 -1.20742e-06 0 0 0
3364 1833 0.0958085 -0.896202 -0.433178 -0.0152123 -8.97074e-07 0 0 0
1357 4240 0.694599 0.319885 0.644364 -0.0127258 -9.51249e-07 0 0 0
1357 4376 -0.0805542 -0.512542 0.854875 -0.00627779 -4.64389e-07 0 0 0
3364 5114 0.804567 0.0562777 -0.591189 -0.0167237 -1.08634e-06 0 0 0
3364 762 0.788464 0.597435 0.146275 -0.0021631 -1.95813e-07 0 0 0
3780 2579 0.728216 -0.36964 0.577121 -0.00597915 -4.55596e-07 0 0 0
5451 1409 0.456239 0.879554 -0.13502 -0.00663274 -5.73862e-07 0 0 0
5451 4024 0.656712 -0.753752 0.0242529 -0.0124245 -9.87239e-07 0 0 0
3780 1164 0.68572 0.630829 0.363102 -0.00975256 -7.71773e-07 0 0 0
1930 3772 0.0870765 -0.594333 -0.799491 -0.00456781 -3.68363e-07 0 0 0
1930 3964 0.591859 0.780255 0.202248 -0.00952309 -8.01134e-07 0 0 0
1930 104 0.861478 -0.507663 -0.0115756 -0.0347949 -3.0941e-06 0 0 0
4225 5491 0.258192 -0.496798 -0.82857 -0.0197243 -1.57847e-06 0 0 -1
4225 1409 0.292257 -0.955408 0.0422078 -0.00859604 -5.80484e-07 0 0 0
887 706 0.864962 0.398048 0.305611 -0.00296455 -2.12067e-07 0 0 0
4225 1925 0.721847 0.689401 -0.0605321 -0.0195191 -1.26649e-06 0 0 0
3344 1838 0.108348 0.0741659 0.991343 -0.00368635 -3.1256e-07 0 0 0
3344 4019 0.543009 -0.564217 -0.621933 -0.00489081 -3.28747e-07 0 0 0
3344 168 0.509538 0.739707 -0.439551 -0.00353691 -3.14372e-07 0 0 0
887 866 0.393468 -0.144455 -0.907918 -0.0132642 -9.08408e-07 0 0 0
887 1357 0.0873763 -0.755448 0.649356 -0.00745894 -5.53493e-07 0 0 0
5432 4206 0.266882 0.808337 0.524753 -0.00572303 -4.68598e-07 0 0 0
3684 944 0.984388 -0.0753286 0.15908 -0.00415886 -2.7399e-07 0 0 0
5432 4584 0.367926 0.753646 -0.544654 -0.0115587 -8.48076e-07 0 0 0
5432 3702 0.610362 -0.791625 -0.0280694 -0.0187563 -1.40822e-06 0 0 0
3684 4533 0.114121 0.476618 0.871672 -0.0130037 -1.1209e-06 0 0 0
3684 28 0.0300301 -0.297335 -0.954301 -0.013953 -1.17099e-06 0 0 0
820 1516 0.893944 0.404191 -0.193634 -0.0188699 -1.38578e-06 0 0 0
3652 3230 0.68894 0.503704 -0.521195 -0.022212 -1.88528e-06 0 0 0
3652 4851 0.838884 0.0940511 0.536123 -0.00967173 -7.65866e-07 0 0 0
820 4578 0.546376 -0.799046 -0.250995 -0.000346806 -2.90498e-08 0 0 0
3560 3848 0.793934 0.59384 -0.130469 -9.8037e-05 -8.14053e-09 0 0 0
1771 5019 0.847494 -0.161168 0.505745 -0.00972292 -7.52658e-07 0 0 0
914 5357 0.997367 -0.0435936 -0.0579567 -0.00349132 -2.84682e-07 0 0 0
3075 22 0.849901 0.524561 -0.0500399 -0.00735159 -5.74334e-07 0 0 0
3075 4236 0.423262 -0.1542 -0.892789 -0.00509318 -3.69445e-07 0 -1 0
3075 1136 0.421445 -0.897472 -0.130108 -0.0173737 -1.3439e-06 0 -1 0
203 2161 0.78896 0.048164 0.612554 -0.00518045 -3.87586e-07 0 0 0
203 3238 0.385174 0.0709441 -0.920113 -0.0189998 -1.22142e-06 0 0 0
1033 4642 -0.00171173 0.350831 0.936437 -0.00734138 -5.42443e-07 0 0 0
203 5513 0.221147 0.842788 0.490716 -0.0103001 -7.72058e-07 0 0 0
1033 47 0.762148 -0.610997 0.21404 -0.00756135 -5.38991e-07 0 0 0
203 1640 0.0944246 -0.767597 -0.633939 -0.00744894 -6.29376e-07 0 0 0
203 1771 -0.0530354 -0.0823924 0.995188 -0.0101563 -7.39005e-07 0 0 0
715 4557 0.040015 0.27812 0.959712 -0.025438 -2.28066e-06 0 0 0
715 748 0.258335 -0.908998 0.327087 -0.00152276 -1.1138e-07 0 0 0
715 5434 0.413553 0.475391 -0.776516 -0.00500155 -3.16825e-07 0 0 0
715 1960 0.680461 -0.554761 -0.478762 -0.00891483 -6.43001e-07 0 0 0
5307 1836 0.590457 0.452203 -0.668485 -0.00464337 -3.52346e-07 0 0 0
1272 1635 0.647585 0.720961 0.246677 -0.0152736 -1.21842e-06 0 1 0
5468 1485 0.815397 0.192264 0.546042 -0.0157432 -1.35233e-06 0 0 0
5468 1969 0.838214 -0.207338 -0.50439 -0.00707865 -6.26111e-07 0 0 0
1272 602 0.180376 0.153683 0.971517 -0.00848487 -5.66568e-07 0 0 0
984 9 0.389011 -0.587456 -0.709624 -0.0033139 -2.69601e-07 0 0 0
591 1322 0.959175 -0.108121 -0.261329 -0.00100797 -7.9725e-08 0 0 -1
984 3811 0.794675 0.125073 0.594011 -0.00982855 -7.89189e-07 0 0 0
591 5461 0.585944 0.657846 0.473189 -0.00418605 -3.59293e-07 0 0 -1
50 1438 0.317245 -0.922146 -0.221364 -0.00175554 -1.26134e-07 0 0 0
50 1383 0.435079 0.749301 0.499253 -0.0168459 -1.01824e-06 0 0 0
50 2583 0.698873 0.586382 -0.409552 -0.0021856 -1.56987e-07 0 0 0
591 4828 0.14091 -0.768604 -0.624013 -0.008676 -6.95499e-07 0 0 0
2280 5113 0.957671 0.244983 0.151163 -0.00558354 -4.48301e-07 0 0 0
2280 1330 0.577849 -0.771314 -0.266767 -0.00276868 -2.58923e-07 0 0 0
2280 3962 0.111489 0.956796 0.268538 -0.00445733 -2.53161e-07 0 0 0
588 4259 0.762899 -0.591934 0.259999 -0.003939 -2.51402e-07 0 0 0
588 3950 0.329396 0.349493 -0.877128 -0.00495389 -3.29662e-07 0 0 0
4097 3261 0.926936 -0.238596 -0.289588 -0.00159445 -9.49602e-08 0 0 0
588 2705 0.0314351 0.495715 0.867916 -0.00881702 -5.65583e-07 0 0 0
1882 4307 0.478744 -0.561373 0.67503 -0.00232877 -1.77942e-07 0 0 0
338 637 0.880509 0.435487 -0.187232 -0.00621629 -4.81802e-07 0 0 0
338 4240 0.774492 -0.623713 -0.105568 -0.00230572 -1.67217e-07 0 0 0
338 4354 0.215551 0.638868 0.738502 -0.0140502 -9.31458e-07 0 0 0
4102 2013 0.455779 -0.885657 -0.0887534 -0.00135603 -1.19295e-07 0 0 0
2241 3175 0.764549 0.550278 -0.335647 -0.0109472 -9.07569e-07 0 0 0
4102 1587 0.718008 0.361123 -0.595025 -0.00439007 -3.41178e-07 0 0 0
4504 3588 0.0185286 -0.111092 -0.993637 -0.0211913 -1.96402e-06 0 0 -1
5244 835 0.609113 0.756331 0.238631 -0.00849715 -6.87049e-07 0 0 0
4504 1976 0.416768 0.334256 0.845327 -0.0318532 -1.90995e-06 0 1 0
5244 393 0.0753716 -0.703902 -0.706287 -0.00496881 -4.22578e-07 0 0 0
1183 542 0.784872 -0.332484 0.522905 -0.00779318 -6.30142e-07 0 0 0
1183 367 0.776274 0.550019 -0.308021 -0.0122407 -9.72199e-07 0 0 0
4504 3532 0.974268 -0.213606 0.0719322 -0.00976591 -8.26113e-07 0 0 -1
1059 3757 0.466954 -0.330295 0.82028 -0.000790014 -5.47692e-08 0 0 0
1059 2144 0.450228 0.0570471 -0.891089 -0.0139123 -1.23871e-06 0 0 0
1183 2695 0.176736 0.0294672 -0.983817 -0.000849645 -6.49187e-08 0 0 0
1059 3883 0.974234 -0.218138 0.0573136 -0.0133931 -9.97124e-07 0 0 0
1602 4389 0.95629 -0.247352 -0.155967 -0.00388586 -2.70391e-07 0 0 0
1602 1719 0.0650272 0.995207 0.073035 -0.00154368 -1.28581e-07 0 0 0
273 1220 0.370851 0.815191 0.444896 -0.00160098 -1.3197e-07 0 0 0
4642 1296 0.967373 -0.00723073 -0.253252 -0.00292071 -2.33627e-07 0 0 0
273 3539 0.321788 -0.728067 0.605286 -0.0142658 -8.21634e-07 0 0 0
273 3974 -0.0409669 -0.760282 -0.6483 -0.00326735 -2.67821e-07 0 0 0
4277 1824 0.321135 -0.886226 0.333879 -0.0123424 -7.80543e-07 0 0 0
273 2241 -0.103333 0.828812 -0.549903 -0.0136963 -1.10476e-06 0 0 0
4277 4328 0.907945 0.268728 -0.321591 -0.0128628 -1.0399e-06 0 0 0
2584 4487 0.647225 -0.653183 0.393003 -0.0238972 -1.47751e-06 0 0 0
621 5058 0.0713534 0.461897 -0.884058 -0.0192391 -1.34212e-06 0 0 0
2584 4002 0.509476 0.548761 -0.662794 -0.0177806 -1.1164e-06 0 0 0
2584 5089 0.427387 0.872881 0.235413 -0.00932886 -7.05586e-07 0 0 0
4073 1758 0.857078 -0.368309 0.360231 -0.00218972 -1.58653e-07 0 0 0
4073 3862 0.441782 0.535773 -0.719566 -0.00259609 -2.11951e-07 0 0 0
374 1497 0.661385 0.630716 -0.405914 -0.00503346 -3.72421e-07 0 0 -1
621 1125 0.963878 0.0212058 0.265497 -0.0178942 -1.39513e-06 0 0 0
3509 748 0.320804 0.77315 0.547106 -0.00793383 -5.74365e-07 0 0 0
3509 1811 0.425508 0.137141 -0.894503 -0.0130486 -1.08689e-06 0 0 0
3509 2864 0.516398 -0.267242 0.813582 -0.0165511 -1.31793e-06 0 -1 0
374 1726 0.47724 -0.801226 0.360942 -0.0179206 -1.1167e-06 0 0 0
3901 4773 0.809818 0.490187 0.322354 -0.00477861 -3.96845e-07 0 0 0
3901 2610 0.759286 -0.104491 -0.642313 -0.00564528 -4.37458e-07 0 0 0
3901 3129 0.41233 -0.378706 0.828593 -0.00232481 -1.73882e-07 0 0 0
2620 3238 0.432956 -0.623296 0.651191 -0.016941 -1.11591e-06 0 0 0
2770 1866 0.722362 0.492138 0.485792 -0.00295888 -1.7229e-07 0 0 0
2770 543 0.654061 -0.641725 -0.400491 -0.0097563 -7.49325e-07 0 0 0
2770 4445 0.350599 0.862918 -0.363942 -0.00770069 -4.68455e-07 0 0 0
3453 1876 0.882773 -0.131056 -0.451151 -0.00391861 -3.4934e-07 0 0 0
3453 4388 0.40397 -0.368422 0.837301 -0.00422954 -3.36253e-07 0 0 1
967 2939 0.761447 -0.441123 0.474983 -0.00408989 -3.17327e-07 0 0 0
967 4250 0.69628 -0.121965 -0.707332 -0.00180745 -1.35795e-07 0 0 0
1683 830 0.398985 0.125393 -0.908343 -0.000505856 -4.07288e-08 0 0 0
967 3802 0.408225 0.528176 0.744569 -0.00974877 -8.46262e-07 0 0 0
1117 542 0.896338 0.421627 0.137143 -0.00607672 -5.5181e-07 0 0 0
1683 4457 0.910428 0.208202 0.357454 -0.000195786 -1.45388e-08 0 0 0
1117 1183 0.0993984 0.880534 -0.463443 -0.0053884 -4.25312e-07 0 0 0
5406 4057 0.484373 0.532615 0.694049 -0.0136581 -1.06613e-06 0 0 0
5406 1736 0.433513 -0.113323 -0.893994 -0.018132 -1.37208e-06 0 0 0
1242 2552 0.868246 -0.354241 0.347366 -0.00237309 -1.75809e-07 0 0 0
5406 2499 0.294495 0.94064 -0.168729 -0.00199675 -1.50234e-07 0 0 0
175 1865 0.148904 0.577084 -0.802996 -0.00450601 -3.58156e-07 0 0 0
175 5244 0.100044 -0.730655 0.675377 -0.00544723 -3.87467e-07 0 0 0
341 4142 0.7968 0.208129 0.567267 -0.0027938 -2.11214e-07 0 0 0
5502 1439 0.64268 0.27315 -0.715787 -0.0099947 -7.93978e-07 0 0 0
341 3601 0.591348 -0.764408 0.256882 -0.00555077 -3.9347e-07 0 0 0
5508 4483 0.4 -0.622462 0.672712 -0.0139242 -9.79612e-07 0 0 0
1333 1555 0.942366 -0.180338 -0.281822 -0.0160945 -1.43079e-06 0 0 0
5508 1844 0.708797 -0.329757 -0.623592 -0.011738 -9.3272e-07 0 0 0
1755 2655 0.714024 -0.620751 -0.323787 -0.0109943 -7.1289e-07 0 0 0
1755 3357 0.301356 0.431159 0.850462 -0.00745145 -4.86428e-07 0 0 0
2090 2510 0.711705 0.297182 0.636521 -0.0182479 -1.25112e-06 0 0 0
5408 2287 0.659106 0.508178 0.554377 -0.00434556 -3.65268e-07 0 0 0
2090 4025 0.226589 -0.693979 0.683411 -0.0123983 -8.53869e-07 0 0 0
1698 600 0.995488 -0.0133159 -0.0939538 -0.00338532 -2.61219e-07 0 0 0
1698 1640 0.369623 0.403778 -0.836865 -0.0179687 -1.3503e-06 0 0 0
1355 392 0.424241 -0.099804 -0.900033 -0.00314194 -2.74682e-07 0 0 0
1355 1199 0.711064 0.353558 0.60777 -0.00310407 -1.9621e-07 0 0 0
1447 3092 0.799366 -0.589329 0.117067 -6.23592e-05 -4.39157e-09 0 0 1
1447 2539 0.288036 0.818067 -0.497797 -0.00216588 -1.83935e-07 0 0 0
1447 2890 0.397819 -0.0120451 0.917385 -0.000415993 -3.23717e-08 0 0 1
4727 4920 0.579946 -0.459514 -0.672688 -0.0136646 -8.86475e-07 0 0 0
4727 978 0.052256 0.827945 0.55837 -0.0111075 -9.76017e-07 0 0 0
1618 3765 0.110052 0.944666 -0.309021 -0.00483805 -4.03125e-07 0 0 0
3772 953 0.751614 -0.539335 -0.37973 -0.00538692 -5.03418e-07 0 -1 0
5269 5362 0.359205 -0.282725 0.889404 -0.00272949 -2.30393e-07 0 0 0
5269 1447 0.069789 0.993372 0.0913312 -0.00256199 -2.17149e-07 0 0 -1
287 2137 0.864138 0.191222 0.465509 -0.00420246 -2.40494e-07 0 0 0
287 3357 0.2668 0.617782 -0.739705 -0.00812818 -4.63948e-07 0 0 0
287 2620 0.0270395 -0.345848 0.937901 -0.0114437 -6.66164e-07 0 0 0
1833 2407 0.571409 -0.787497 0.230956 -0.0107125 -6.38431e-07 0 0 0
3393 2267 0.88232 -0.12519 0.453695 -0.00766452 -4.85909e-07 0 0 0
1833 4928 0.980238 0.0285177 -0.195756 -0.00808647 -4.79236e-07 0 0 0
3393 281 0.389555 -0.459344 -0.798279 -0.00457104 -2.78419e-07 0 0 0
3393 3894 0.207024 0.341036 0.916971 -0.0070056 -5.30629e-07 0 0 0
5015 1534 0.563949 -0.571107 0.596489 -0.0154643 -1.21826e-06 0 0 0
5015 1060 0.929095 0.280489 -0.241057 -0.0151188 -1.21735e-06 0 0 0
3393 5433 0.220325 0.54974 -0.805756 -0.0110472 -6.5506e-07 0 0 0
1541 4002 0.783904 -0.456019 0.421356 -0.0193536 -1.6683e-06 0 0 0
2046 1791 0.756537 0.168495 -0.631871 -0.0134826 -1.09884e-06 0 0 -1
2046 5114 0.81566 -0.324203 0.479156 -0.0105135 -7.29745e-07 0 0 0
2408 1066 0.966081 -0.253469 -0.0494172 -0.00659388 -5.75854e-07 0 0 0
5058 4851 0.647144 -0.762359 -0.00367698 -0.0165414 -1.17481e-06 0 0 0
5058 346 0.865073 0.317037 0.388763 -0.0212157 -1.54468e-06 0 0 0
2408 4025 0.368223 0.532847 0.761896 -0.000736983 -6.21305e-08 0 0 0
3347 525 0.902207 -0.428062 -0.0527775 -0.0285961 -2.61128e-06 0 0 0
3347 6 0.243423 -0.119884 -0.962483 -0.0241287 -1.63789e-06 0 0 0
5515 3129 0.40311 0.851335 0.335755 -0.00643979 -5.05682e-07 0 0 0
5515 4977 0.26836 0.281419 -0.921296 -0.0271619 -2.03419e-06 0 0 0
5515 1174 0.361175 -0.720156 -0.592392 -0.0121291 -9.37505e-07 0 0 0
2901 3742 0.571655 0.813328 -0.108203 -0.00115764 -9.77687e-08 0 0 0
2930 2024 0.707393 -0.277624 -0.650016 -0.00620198 -4.17688e-07 0 0 0
2930 1995 0.651581 0.240966 0.71929 -0.00906624 -6.29841e-07 0 0 0
2901 1384 0.977303 0.00606598 0.211761 -0.0292688 -1.85698e-06 0 0 0
67 4172 0.847189 -0.165975 0.5047 -0.0169907 -1.09828e-06 0 0 0
4423 1976 0.431063 -0.876147 -0.215756 -0.0156437 -1.15391e-06 0 0 0
4423 1504 0.59048 0.108275 0.799756 -0.0129045 -9.22452e-07 0 0 0
4423 0 0.894799 -0.0244741 -0.445797 -0.0188892 -1.62567e-06 0 0 0
67 973 0.57186 -0.217149 -0.791089 -0.0203155 -1.38594e-06 0 0 0
777 4207 0.0908939 0.986866 0.133542 -0.00129833 -7.76358e-08 0 0 0
1340 4375 0.825725 0.416771 0.380107 -0.0195131 -1.53869e-06 0 0 0
1340 2024 0.56317 -0.375392 0.736152 -0.0148848 -1.0651e-06 0 0 0
777 3976 0.671643 0.587204 -0.45176 -0.00418284 -3.87622e-07 0 0 0
1340 3331 0.476407 -0.596813 -0.645639 -0.00697823 -5.03554e-07 0 -1 0
777 2811 0.951459 -0.198461 -0.235242 -0.00184091 -1.57978e-07 0 0 0
4246 364 0.664822 -0.407891 0.625809 -0.00786911 -5.55691e-07 0 0 0
1170 4142 0.775847 0.461257 -0.43047 -0.00807175 -5.41487e-07 0 0 0
1170 6 0.377749 0.123654 0.917614 -0.0223968 -1.41259e-06 0 0 0
1870 3923 0.857718 -0.368988 -0.358005 -7.51453e-05 -5.82501e-09 0 0 0
1170 1691 0.337549 -0.937932 -0.0796493 -0.012726 -9.4782e-07 0 0 0
5323 4254 0.849924 -0.495655 -0.178762 -0.00392104 -2.6922e-07 0 0 0
383 1663 0.834831 -0.500332 0.229621 -0.011759 -1.07708e-06 0 0 0
2527 3153 0.430896 -0.696965 0.573209 -0.0162491 -1.20159e-06 0 0 0
1001 670 0.0281253 -0.341916 -0.93931 -0.0114105 -1.09982e-06 0 0 0
1001 1850 0.0772379 -0.973969 0.213115 -0.00333314 -2.65331e-07 0 0 0
2527 5515 0.0367234 0.919385 -0.391642 -0.0102745 -7.23247e-07 0 0 0
1001 3795 0.727855 -0.412104 0.548085 -0.00623046 -3.88543e-07 0 0 0
1664 3020 0.606563 0.3157 -0.729668 -0.00606662 -5.75401e-07 0 0 0
1664 2890 0.519598 -0.809817 -0.272422 -0.00346049 -3.26398e-07 0 0 0
110 4483 0.241909 0.548248 -0.800565 -0.00644235 -4.87037e-07 0 0 0
1030 297 0.922161 -0.37901 0.0772681 -0.00619414 -4.29344e-07 0 0 0
110 4541 0.527579 0.755625 0.38819 -0.00192926 -1.51695e-07 0 0 0
110 4235 0.648532 -0.686816 0.328162 -0.00539302 -3.56107e-07 0 0 0
4206 4584 0.061636 -0.129328 -0.989684 -0.0106587 -8.01034e-07 0 0 0
1030 3780 0.133216 0.287129 0.948584 -0.0118792 -9.53309e-07 0 0 0
1692 2660 0.90555 -0.308987 0.290699 -0.0102028 -7.57838e-07 0 0 0
4206 3230 0.316633 -0.599414 0.73515 -0.00764247 -4.933e-07 0 0 0
1692 4280 0.419131 0.399156 0.815478 -0.0146307 -1.09898e-06 0 0 0
4206 4020 0.786996 0.19049 0.586814 -0.00316319 -2.2534e-07 0 0 0
4206 919 0.88751 -0.35323 -0.295896 -0.00716395 -4.50389e-07 0 0 0
4706 670 0.0180017 -0.551145 0.834215 -0.0152337 -1.43932e-06 0 0 0
4706 1383 0.278925 -0.749228 -0.600715 -0.0164667 -1.02171e-06 0 0 0
4706 4188 0.378333 0.822119 0.425422 -0.0182143 -1.6989e-06 0 0 0
4706 3154 0.378965 0.540024 -0.751505 -0.00733162 -6.70383e-07 0 0 0
734 4060 0.662072 0.497935 -0.560108 -0.00265906 -2.34611e-07 0 0 0
734 1640 0.412859 0.203022 0.887879 -0.00390848 -2.94401e-07 0 0 0
3968 2516 0.900103 -0.424766 0.0968962 -0.00427443 -3.11433e-07 0 0 0
1701 1439 0.303974 0.939038 0.160645 -0.00527955 -4.53457e-07 0 0 0
3968 1027 0.376508 -0.350278 0.85764 -0.00740688 -6.24013e-07 0 0 0
671 260 0.586367 -0.68129 0.438198 -0.00517085 -4.41865e-07 0 0 0
5282 4760 0.615869 0.303872 0.726889 -0.00221522 -1.96104e-07 0 0 0
671 5515 0.0750002 -0.253092 -0.964531 -0.0195763 -1.4937e-06 0 0 0
2260 5052 0.616187 -0.513486 0.597199 -0.00296353 -1.98002e-07 0 0 0
2260 3020 0.501976 -0.726152 -0.469812 -0.0156882 -1.16341e-06 0 0 0
2260 345 0.268139 0.879945 -0.392171 -0.00931757 -6.8234e-07 0 0 0
2061 3542 0.657119 -0.505006 -0.55961 -0.00625035 -4.58981e-07 0 0 0
2061 5433 0.250794 -0.45297 0.855524 -0.00865565 -5.18105e-07 0 0 0
2061 1107 0.144372 0.482518 -0.863906 -0.0110437 -8.95176e-07 0 0 0
3427 4885 0.973698 0.201988 -0.105417 -0.00532811 -4.23343e-07 0 1 0
3427 4280 0.47015 -0.620589 -0.627558 -0.0131884 -1.04493e-06 0 0 0
1508 1145 0.853911 0.498718 -0.148718 -0.0186296 -1.42462e-06 0 0 0
455 3160 0.968321 0.203376 -0.144888 -0.0103679 -8.50999e-07 0 0 0
4557 1347 0.601026 -0.0983151 0.79316 -0.0273099 -2.40279e-06 0 0 0
455 5175 0.521246 0.305755 0.796754 -0.00954222 -7.44366e-07 0 0 0
455 671 -0.00102228 -0.967696 -0.252116 -0.0126458 -9.34095e-07 0 0 0
250 4980 -0.0325216 0.95416 -0.297525 -0.0035816 -2.9676e-07 0 0 0
4703 2941 0.886773 0.376464 -0.268156 -0.0154933 -1.16442e-06 0 0 0
250 1488 0.250394 -0.0801898 0.964817 -0.00817119 -5.63511e-07 0 0 0
4703 439 0.736695 -0.589821 -0.330745 -0.012276 -7.58152e-07 0 0 0
250 2848 0.340102 -0.397803 -0.852105 -0.0200035 -1.3773e-06 0 0 0
250 4358 0.758696 0.58918 -0.277934 -0.0147341 -1.36385e-06 0 0 0
4703 2826 0.356679 0.0288097 -0.933783 -0.0150058 -1.3813e-06 0 0 0
3007 3328 0.914403 -0.386338 -0.120872 -0.0035787 -2.62208e-07 0 0 0
3007 1865 0.244501 0.0600875 0.967786 -0.00529547 -4.18051e-07 0 0 0
1838 2144 0.537111 0.710462 0.454703 -0.00888027 -6.88306e-07 0 0 0
682 3430 0.684874 0.559702 0.466563 -0.00993069 -8.86348e-07 0 0 0
682 2090 0.157491 -0.972537 -0.171371 -0.0139809 -1.17572e-06 0 0 0
1934 332 0.230984 -0.892204 -0.388096 -0.00982088 -6.91741e-07 0 0 0
4245 2705 0.281934 -0.514486 0.809826 -0.00228982 -1.83282e-07 0 0 0
1934 3015 0.652021 -0.494012 0.57517 -0.00354677 -2.70902e-07 0 0 0
1934 2733 0.764397 0.598619 0.239484 -0.0247338 -1.64816e-06 0 0 0
1629 2864 0.311333 -0.340466 -0.887217 -0.0207443 -1.4228e-06 0 -1 0
4245 1357 0.311475 0.791951 0.525164 -0.00481576 -4.05667e-07 0 0 0
1629 5155 0.419322 -0.347769 0.838585 -0.0166693 -1.19177e-06 0 -1 0
2483 4432 0.975639 0.16504 -0.144534 -0.0112497 -6.60802e-07 0 0 0
2483 4007 0.570003 -0.820632 0.0407427 -0.000843696 -6.98097e-08 0 0 0
1629 2484 0.975577 -0.0921814 -0.199379 -0.00830364 -6.82767e-07 0 -1 0
2207 4207 0.0715219 0.588624 -0.805237 -0.0010454 -6.88784e-08 0 0 0
2207 3854 0.124639 0.985743 0.113027 -0.000256864 -2.15025e-08 0 0 0
3823 1855 0.623209 0.637938 0.452378 -0.00572196 -4.69851e-07 0 0 0
2207 2175 0.714338 -0.677479 0.175336 -0.0023314 -1.97343e-07 0 0 0
802 3889 0.370039 -0.337826 -0.865416 -0.00119293 -9.01927e-08 0 0 0
4413 3740 0.829532 0.228021 0.509787 -0.0255667 -1.87373e-06 0 1 0
2431 1137 0.352224 -0.910125 0.218198 -0.00714194 -6.27568e-07 0 0 0
2431 4666 0.582419 0.545798 0.602405 -0.00242087 -2.08427e-07 0 0 0
4413 2958 0.570759 -0.664091 -0.482926 -0.0126244 -9.57086e-07 0 0 0
4413 1755 0.162333 -0.737039 0.656065 -0.0129078 -1.01901e-06 0 0 0
1081 3197 0.30141 -0.508636 0.8065 -0.0244758 -1.55811e-06 0 0 0
752 4534 0.96957 0.166541 -0.179436 -0.0112274 -7.62899e-07 0 0 0
1081 76 0.474986 0.694991 -0.539793 -0.0321764 -1.94105e-06 0 0 0
752 866 0.575665 -0.805055 -0.143164 -0.00517952 -3.4622e-07 0 0 0
877 4838 0.198274 -0.17754 0.963933 -0.00289146 -2.04569e-07 0 0 0
752 2607 0.396263 0.905965 0.149007 -0.00462104 -3.47116e-07 0 0 0
877 5136 0.399917 -0.813695 0.421861 -0.00102908 -9.78646e-08 0 0 0
4741 1995 0.765083 0.628159 -0.141645 -0.0249933 -1.92974e-06 0 0 0
877 2552 0.686336 0.725185 0.0552269 -0.00570483 -4.36097e-07 0 0 0
4741 1217 0.452645 -0.740242 -0.497145 -0.00882802 -7.33089e-07 0 0 0
4286 1635 0.942491 -0.209844 -0.260145 -0.0140088 -1.06714e-06 0 1 0
3588 5027 0.698715 0.258967 -0.666884 -0.0139032 -1.15308e-06 0 1 0
4286 602 0.430632 -0.722889 0.540359 -0.0143223 -1.09323e-06 0 0 0
4902 2288 0.767871 0.569965 -0.292427 -0.014125 -1.12922e-06 0 0 0
5116 3854 0.138758 -0.785651 -0.602909 -0.000259686 -2.12156e-08 0 0 0
5116 3261 0.351579 0.155838 -0.923096 -0.0116247 -8.48805e-07 0 0 0
4902 4374 0.509618 -0.315612 -0.800424 -0.00919946 -7.85377e-07 0 0 0
5116 4202 0.858432 -0.0667014 0.508572 -0.00974229 -8.3183e-07 0 0 0
3674 4490 -0.0371475 -0.484625 -0.873933 -0.000854463 -7.88299e-08 0 0 0
4902 2236 0.367679 -0.302967 0.879217 -0.0171273 -1.4817e-06 0 0 0
3674 5380 0.0967902 -0.993837 -0.0540388 -0.0105663 -7.76923e-07 0 0 0
4902 1692 0.0750051 0.90985 0.408102 -0.0149634 -1.21105e-06 0 0 0
3674 5150 0.276143 0.716226 -0.64091 -0.00386731 -3.44061e-07 0 0 0
3674 2139 0.845313 0.532712 0.0407888 -0.00248617 -1.566e-07 0 0 0
3191 3352 0.644834 0.175889 -0.743809 -0.00375405 -2.69619e-07 0 0 0
3191 4002 0.572592 0.678255 0.460553 -0.00416812 -2.76477e-07 0 0 0
713 5 0.392565 -0.551788 0.735815 -0.024878 -1.77101e-06 0 0 0
713 4652 0.476227 -0.408271 -0.778795 -0.0130208 -8.81053e-07 0 0 0
585 439 0.718351 0.581425 0.381989 -0.00616453 -3.47748e-07 0 0 0
585 1170 -0.00417947 -0.963238 -0.268619 -0.00299182 -2.00304e-07 0 0 0
2626 1276 0.784011 -0.423527 0.453818 -0.0122596 -7.71918e-07 0 0 0
2626 364 0.671301 0.584754 0.455432 -0.0115348 -7.24197e-07 0 0 0
274 4019 0.310937 0.40861 0.858112 -0.0087915 -6.05585e-07 0 0 0
274 4301 0.878927 -0.426819 -0.212867 -0.00428425 -2.65529e-07 0 0 0
3182 1663 0.849003 0.161008 -0.50326 -0.00950692 -7.81266e-07 0 0 0
247 5368 0.530359 0.511031 -0.676437 -0.00257293 -2.17383e-07 0 0 0
247 2624 0.565474 -0.808385 -0.163561 -0.0115809 -8.01514e-07 0 0 0
3182 341 0.155302 -0.423211 0.892622 -0.0116633 -8.68503e-07 0 0 0
49 473 0.974451 0.120323 0.189653 -0.00947453 -6.62584e-07 0 0 0
49 64 0.526608 -0.791426 -0.310369 -0.00132694 -1.13772e-07 0 0 0
428 1811 0.289768 0.920974 0.260464 -0.00611486 -5.76555e-07 0 1 0
49 347 0.366912 0.915101 0.167231 -0.00179907 -1.03798e-07 0 0 0
49 3962 0.324807 0.223007 0.919113 -0.0069007 -3.94102e-07 0 0 0
49 5307 0.0950718 0.0159559 -0.995343 -0.00564005 -4.74114e-07 0 0 0
4445 4003 0.821332 -0.0726158 -0.565809 -0.00204605 -1.27513e-07 0 0 0
4774 3950 0.572686 0.699382 0.427662 -0.00205506 -1.46872e-07 0 0 0
852 719 0.856952 -0.293467 0.423687 -0.00738149 -5.96946e-07 0 0 0
852 1729 0.681823 0.719737 0.130753 -0.00206428 -1.48711e-07 0 0 0
1018 4046 0.0457623 0.854741 -0.517033 -0.000810364 -5.53769e-08 0 0 0
4781 1736 0.664934 0.154396 0.73077 -0.000984135 -8.52708e-08 0 0 0
1607 2240 0.54327 -0.113825 -0.831806 -0.000349499 -2.65551e-08 0 0 0
1018 3940 0.48048 -0.343485 -0.806943 -0.00304867 -2.81399e-07 0 0 0
1018 716 0.847567 0.499077 -0.180421 -0.00364152 -2.74947e-07 0 0 0
4781 4413 0.121948 -0.850024 -0.512434 -0.00112793 -9.14086e-08 0 -1 0
4130 4215 0.0372604 -0.566909 -0.822938 -0.00784439 -6.0527e-07 0 0 0
1266 2287 0.881228 0.293426 -0.370592 -0.000560858 -4.64988e-08 0 0 0
323 5472 0.960816 0.099159 -0.258842 -0.00505128 -3.02278e-07 0 0 0
323 2473 0.377941 -0.838184 -0.393203 -0.00586565 -4.44105e-07 0 0 0
323 4246 0.0514953 0.619761 0.783099 -0.00105536 -7.19047e-08 0 0 0
4130 3090 0.891455 0.446747 -0.0756585 -0.00417801 -3.16932e-07 0 0 0
323 2626 0.0188474 -0.41587 0.909229 -0.0102669 -6.22185e-07 0 0 0
2846 4478 0.404191 0.829153 0.38618 -0.0173828 -1.25232e-06 0 0 0
3867 1355 0.229642 -0.593636 0.771272 -0.000582646 -4.12567e-08 0 0 0
5026 3764 0.555301 -0.0891593 0.826856 -0.00597073 -4.79791e-07 0 0 0
5026 2443 0.706475 0.696978 0.122939 -0.0128714 -1.13964e-06 0 0 0
3690 3950 0.676816 -0.706362 0.207298 -0.00058586 -4.85571e-08 0 0 0
4679 3555 0.781007 -0.570449 -0.254196 -0.00491684 -3.46532e-07 0 0 0
4207 3976 0.574489 -0.544627 -0.611018 -0.00528624 -4.8436e-07 0 0 0
4679 1719 0.389496 0.228699 0.892183 -0.00923496 -7.15059e-07 0 0 0
4763 2894 0.887429 0.0394006 -0.459257 -0.0200925 -1.58967e-06 0 0 0
4207 1073 0.905443 0.208177 0.369912 -0.00616724 -3.71885e-07 0 0 0
3585 1940 0.135958 0.104517 -0.985186 -0.0147999 -1.1439e-06 0 0 -1
4763 4354 0.436002 -0.85205 -0.289678 -0.00817219 -5.50162e-07 0 0 0
3585 413 0.874631 -0.114674 0.471031 -0.00346018 -2.62054e-07 0 0 0
4763 4679 -0.0456379 -0.265395 0.963059 -0.01151 -7.78448e-07 0 0 0
4150 2192 0.212237 -0.632815 -0.744647 -0.013554 -1.00959e-06 0 -1 0
3632 4421 0.801915 0.0693553 -0.593399 -0.0107171 -7.40347e-07 0 0 0
4150 3939 0.708849 0.549477 0.442275 -0.00749003 -5.77722e-07 0 0 0
4150 3369 0.954587 -0.167124 -0.246644 -0.0118762 -8.9896e-07 0 0 0
3632 591 0.154012 -0.881846 0.445677 -0.00215125 -1.91966e-07 0 0 1
1411 3844 0.0283956 -0.964418 -0.262853 -0.00450118 -3.30616e-07 0 0 0
1411 759 0.601878 -0.364147 0.710732 -0.00535007 -4.20208e-07 0 0 0
1411 1125 0.738213 -0.277332 -0.614921 -0.0115152 -8.39603e-07 0 0 0
3480 1358 0.923948 0.118451 0.363716 -0.00997675 -6.06736e-07 0 0 0
3480 1427 0.833788 -0.135662 -0.535157 -0.0202701 -1.72386e-06 0 0 0
3480 2090 0.120764 0.426711 0.896289 -0.0254626 -1.66915e-06 0 0 0
4987 4052 0.789387 -0.316369 -0.526098 -0.0320144 -1.91545e-06 1 0 0
1927 856 0.871978 0.09163 -0.480892 -0.00385817 -2.76129e-07 0 0 0
4624 1976 0.358729 0.726651 -0.585911 -0.0301905 -2.54399e-06 0 1 0
4624 1925 0.612507 -0.773656 -0.162147 -0.016318 -1.377e-06 0 0 0
4624 4244 0.847004 0.165688 0.505106 -0.0151377 -1.2597e-06 0 0 0
3480 2260 0.0543915 -0.498162 -0.865376 -0.0220985 -1.5517e-06 0 0 0
4178 347 0.62974 -0.51928 0.577733 -0.00429072 -4.16252e-07 0 0 0
4220 5027 0.550354 -0.592927 0.587833 -0.0144069 -1.04967e-06 0 0 0
4220 3788 0.770662 0.621873 -0.13912 -0.00336724 -2.69328e-07 0 0 0
4178 3393 0.286641 0.957522 -0.0314398 -0.00232725 -2.17235e-07 0 0 0
4827 1871 0.428947 0.432273 -0.793187 -0.00881451 -5.90077e-07 0 0 0
2814 4804 0.412193 -0.729606 0.545684 -0.0031599 -2.5287e-07 0 0 0
2814 3811 0.460427 0.881556 -0.104241 -0.00565429 -4.72007e-07 0 0 0
4827 1017 0.403706 -0.553359 0.72857 -0.00576926 -3.85756e-07 0 0 0
3216 328 0.473532 -0.868789 -0.144822 -0.00262653 -2.17883e-07 0 0 0
3216 1117 0.192643 0.052129 -0.979883 -0.00246735 -1.93119e-07 0 0 0
5203 5440 0.818169 0.568485 0.0861604 -0.00443307 -3.57128e-07 0 0 0
5203 887 0.312902 -0.677274 -0.665877 -0.0115782 -8.08971e-07 0 0 0
3317 0 0.625528 0.141956 0.767179 -0.0140173 -1.28837e-06 0 0 1
3317 5060 0.714389 0.584613 -0.384546 -0.0142819 -9.87098e-07 0 0 0
3317 1096 0.866655 -0.474478 0.154206 -0.0247275 -2.10486e-06 0 -1 1
4980 1604 0.448429 0.0817156 0.890075 -0.00347587 -2.96367e-07 0 0 0
5203 338 0.326365 -0.464716 0.823119 -0.0066926 -4.95954e-07 0 0 0
4980 419 0.815892 0.576008 -0.0503436 -0.00188954 -1.56077e-07 0 0 0
2521 107 0.926978 0.373125 0.0385876 -0.0100525 -8.20329e-07 0 0 0
4472 3702 0.253892 -0.132066 0.958174 -0.00664436 -4.38817e-07 0 0 0
2521 1298 0.707095 -0.398568 0.58409 -0.00546494 -3.96728e-07 0 0 0
3885 2610 0.767785 -0.0402084 0.639445 -0.000562925 -4.91908e-08 0 0 0
4472 5498 0.733125 0.673612 0.0936759 -0.00699882 -4.55004e-07 0 0 0
4472 1246 0.865973 -0.481293 0.135824 -0.00956415 -5.96709e-07 0 0 0
3885 753 0.438509 0.100068 -0.893138 -0.010444 -6.47474e-07 0 0 0
3885 328 0.352643 0.913191 0.204266 -6.55482e-05 -4.08439e-09 0 0 0
1365 1543 0.377482 0.258726 -0.889139 -0.00174869 -1.12384e-07 0 0 0
1365 518 0.279143 -0.941066 0.190981 -0.00259577 -1.95488e-07 0 0 0
5193 1218 0.929206 -0.367594 -0.0380879 -0.00296188 -2.35658e-07 0 0 0
1838 1927 0.105678 -0.972335 0.208318 -0.000690199 -5.58086e-08 0 0 0
3498 5155 0.324176 0.743964 -0.584318 -0.011059 -7.52096e-07 0 0 0
3498 76 0.462667 -0.838247 0.288585 -0.00676515 -4.6172e-07 0 0 0
2519 4236 0.741408 0.670502 -0.0272263 -0.00893609 -6.59758e-07 0 0 0
2519 1136 0.717885 -0.1299 0.683935 -0.0106418 -8.41769e-07 0 0 0
3629 3897 0.216118 0.218259 0.95166 -0.0119773 -1.12535e-06 0 0 0
2519 820 0.387634 0.0771538 -0.918579 -0.013041 -1.02171e-06 0 0 0
3629 3197 0.4113 -0.622047 -0.666251 -0.00611069 -5.27773e-07 0 0 0
3629 2729 0.564184 0.486977 -0.666746 -0.0102144 -8.98809e-07 0 0 0
620 1864 0.767284 0.0254829 0.640801 -0.0138514 -7.51323e-07 0 0 0
211 1420 0.258228 -0.966016 0.0114911 -0.00316134 -2.66654e-07 0 0 0
620 1698 0.000168192 0.181049 -0.983474 -0.020803 -1.85287e-06 0 0 0
3917 4429 0.868726 -0.484469 -0.102977 -0.00600638 -4.92335e-07 0 0 0
3917 3251 0.829035 0.33293 0.449287 -0.0195281 -1.58803e-06 0 0 0
211 3030 0.938536 0.268985 0.216328 -0.0101352 -8.56328e-07 0 0 0
4858 4073 0.313455 -0.10419 -0.94387 -0.00185319 -1.49976e-07 0 0 0
1663 2957 0.42319 0.263036 -0.867019 -0.00408233 -3.07952e-07 0 0 0
2237 5027 0.454442 0.458991 0.76342 -0.00510117 -3.87675e-07 0 1 0
2237 3239 0.618362 -0.596106 -0.512139 -0.00283502 -2.22305e-07 0 0 0
3134 436 0.489639 -0.135176 -0.861383 -0.02019 -1.51826e-06 0 0 0
2854 3844 -0.084572 0.958421 -0.272539 -0.00659841 -5.17932e-07 0 0 0
2854 186 0.0187457 -0.997245 -0.0717756 -0.0115133 -8.61717e-07 0 0 0
2854 4942 0.0290443 0.79062 0.611618 -0.00542725 -4.63341e-07 0 0 0
3134 3182 0.0138633 0.359579 0.933012 -0.0180481 -1.3852e-06 0 0 0
2854 1213 0.690739 0.515514 -0.507075 -0.010313 -7.5261e-07 0 0 0
2854 4077 0.830041 -0.546086 0.113239 -0.0085298 -5.2267e-07 0 0 0
1694 659 0.150035 0.680182 0.717525 -0.00614526 -5.09459e-07 0 0 0
1694 1438 0.229128 -0.210325 -0.950402 -0.00566928 -4.83797e-07 0 0 0
3134 3917 -0.0163743 -0.703721 0.710287 -0.00572413 -3.93094e-07 0 0 0
3578 1164 0.872887 -0.290034 -0.392363 -0.0135782 -9.83091e-07 0 0 0
3578 3430 0.674219 -0.45542 0.581397 -0.0101102 -6.95083e-07 0 0 0
3578 287 0.226854 0.544243 0.807674 -0.00461019 -3.21794e-07 0 0 0
3688 2355 0.567192 0.610657 0.552622 -0.0114546 -9.77159e-07 0 0 1
1798 1109 0.908105 0.311864 -0.279439 -0.00800989 -6.01548e-07 0 0 0
1798 5361 0.525487 -0.849929 0.0385314 -0.00121423 -7.36542e-08 0 0 0
4574 225 0.998393 0.0479576 -0.0301942 -0.0158296 -1.06699e-06 0 0 0
3897 4435 -0.0670393 -0.0398348 0.996955 -0.0122584 -1.13351e-06 0 0 0
3897 5221 0.00500486 0.641032 -0.767498 -0.00573383 -5.16426e-07 0 0 0
5318 353 0.934291 -0.310973 0.174347 -0.0054337 -4.0808e-07 0 0 0
3897 4803 0.446296 -0.60892 0.655771 -0.00858824 -8.48307e-07 0 0 0
5318 20 0.57499 -0.197149 -0.794052 -0.00894461 -7.06123e-07 0 0 0
5318 1602 0.376654 0.586605 0.716956 -0.00296043 -2.38308e-07 0 0 0
5002 1136 0.987268 0.0872331 -0.133015 -0.000658301 -5.4858e-08 0 0 0
5297 1824 0.174287 -0.110186 0.978511 -0.00218412 -1.57714e-07 0 0 0
5297 2624 0.470774 0.732755 -0.491368 -0.00185526 -1.27652e-07 0 0 0
2084 1497 0.952712 -0.124544 0.27718 -0.0132188 -9.53978e-07 0 -1 0
2084 3153 0.506067 0.790907 -0.344039 -0.0145636 -9.15435e-07 0 0 0
2084 978 0.243157 -0.844209 -0.477689 -0.017498 -1.54935e-06 0 -1 0
2084 374 0.256913 -0.718589 0.64624 -0.00954703 -6.09358e-07 0 -1 1
4454 2468 0.525339 0.120398 0.842332 -0.00114103 -9.40647e-08 0 0 0
292 260 0.497242 -0.12458 -0.858621 -0.0223917 -1.25062e-06 0 0 -1
5491 3626 0.942576 -0.132892 -0.306416 -0.0114421 -8.50827e-07 0 0 1
292 4828 0.237327 0.955632 -0.174482 -0.00662023 -6.48757e-07 0 0 0
4488 2958 0.718189 -0.412005 0.560765 -0.00660142 -5.05808e-07 0 -1 0
4488 852 0.100824 0.570662 -0.814972 -0.00594888 -4.36154e-07 0 0 0
3245 5438 0.725806 -0.273353 0.631256 -0.0187414 -1.36095e-06 0 0 0
3245 3651 0.731118 -0.0151513 -0.682082 -0.00621161 -3.97435e-07 0 0 -1
3245 4388 0.548224 0.825762 0.132542 -0.00672255 -4.85947e-07 0 0 0
748 5310 0.877243 -0.129843 0.462153 -0.0155322 -1.1312e-06 0 -1 0
1409 2816 0.114682 0.397667 0.910335 -0.0100198 -7.77027e-07 0 0 0
1409 4901 0.15431 -0.437255 -0.886 -0.00750381 -5.67874e-07 0 0 -1
1409 2874 0.322823 -0.638366 0.698766 -0.00370066 -2.4622e-07 0 0 0
1409 4569 0.912776 -0.304925 -0.271772 -0.00151639 -1.01791e-07 0 0 0
545 3539 0.773211 0.232231 0.590096 -0.00329169 -2.83822e-07 0 0 0
9 2069 0.0526975 -0.894101 0.444754 -0.000821393 -5.92063e-08 0 0 0
5325 5438 0.795989 -0.24421 -0.553862 -0.00691944 -4.84139e-07 0 0 0
5325 2634 0.442697 -0.61581 0.651765 -0.0198895 -1.50774e-06 0 0 0
9 4959 0.859216 -0.334495 -0.387119 -0.00313975 -2.4666e-07 0 0 0
5325 3974 0.388135 0.921473 -0.0154505 -0.0166898 -1.22743e-06 0 0 0
5325 545 -0.032595 0.579297 0.814465 -0.00286001 -2.16271e-07 0 0 0
3849 4773 0.90524 -0.0895648 -0.415353 -0.00569742 -3.56046e-07 0 0 0
4490 3132 0.94239 -0.234984 -0.238083 -0.00732342 -6.01712e-07 0 0 0
4584 3197 0.271034 0.96193 0.0350919 -0.0138917 -9.84051e-07 0 0 0
3849 3901 0.180762 -0.593983 -0.783906 -0.00706657 -5.82111e-07 0 0 0
4584 5498 0.744844 -0.549499 -0.378496 -0.0137228 -1.02282e-06 0 0 0
3849 967 0.174398 0.984675 0.000878928 -0.0131132 -1.06783e-06 0 0 0
3849 455 0.0987998 -0.598482 0.795021 -0.0112752 -8.8062e-07 0 0 0
445 3230 0.223104 0.9565 0.187969 -0.00252987 -1.56205e-07 0 0 0
445 4864 0.164152 -0.911381 0.377411 -0.00199054 -1.66716e-07 0 0 0
445 4457 0.613821 -0.601997 -0.510709 -0.00160571 -1.06703e-07 0 0 0
4396 2634 0.435848 0.480526 -0.761006 -0.0223888 -1.7106e-06 0 0 0
2646 1602 0.346856 0.312964 -0.884163 -0.00179136 -1.20513e-07 0 0 0
4099 1649 0.648929 0.0896993 -0.755543 -0.0386679 -2.59246e-06 0 0 0
4099 4286 0.100114 -0.756942 -0.645768 -0.017812 -1.36812e-06 0 -1 0
3097 5461 0.867768 -0.378957 -0.321512 -0.000921382 -6.56372e-08 0 0 -1
3097 5438 0.824933 0.5633 0.0466893 -0.00745927 -5.20203e-07 0 0 0
1811 3769 0.322277 -0.690354 0.647726 -0.00281516 -1.65914e-07 0 -1 0
3097 3245 0.066847 0.809885 -0.582767 -0.00887406 -6.37226e-07 0 0 0
1811 891 0.640745 0.48362 -0.596287 -0.0119116 -8.83634e-07 0 0 0
3097 5325 0.0270795 0.801755 0.597039 -0.000242623 -1.67665e-08 0 0 0
1811 2264 0.936296 -0.241523 -0.254985 -0.00409654 -3.87392e-07 0 0 0
2965 1691 0.712457 -0.237333 0.660362 -0.0223524 -1.7692e-06 0 0 0
1000 2288 0.900606 -0.126779 0.415736 -0.00888801 -6.75958e-07 0 0 0
920 1927 0.50442 -0.522652 -0.68731 -0.00293106 -2.13632e-07 0 0 0
1000 484 0.817506 0.272185 -0.507543 -0.0108469 -8.40786e-07 0 0 0
4046 5380 0.0392556 0.495717 -0.867596 -0.000810363 -5.56776e-08 0 0 0
4658 383 0.346883 0.315014 0.883424 -0.000249017 -2.13057e-08 0 0 0
2605 2439 0.920883 0.299388 0.249681 -0.00132775 -1.19675e-07 0 0 0
2605 3020 0.534377 -0.437322 0.723319 -0.019808 -1.08076e-06 0 0 0
2605 2539 0.375108 -0.922783 -0.0881232 -0.00955588 -9.2318e-07 0 0 -1
670 1348 0.100572 -0.993423 -0.0547396 -0.00787058 -6.28192e-07 0 0 0
670 196 0.801729 -0.218593 -0.556279 -0.0048648 -4.41374e-07 0 0 0
2605 3347 0.209341 -0.462843 -0.861367 -0.0224028 -1.23234e-06 0 0 -1
3706 2280 0.467126 0.510068 0.722235 -0.00819564 -6.44005e-07 0 0 0
1850 654 0.164128 -0.667051 0.726708 -0.00907755 -6.34152e-07 0 0 0
3706 1340 0.328739 -0.594796 -0.733586 -0.00544263 -4.22224e-07 0 0 0
3706 4858 0.0329678 0.542875 -0.839166 -0.00116618 -9.5908e-08 0 0 0
1850 1140 0.796704 -0.00256778 -0.604364 -0.00407244 -3.17964e-07 0 0 0
1752 6 0.561086 0.804834 0.193457 -0.016559 -1.05567e-06 0 0 0
1752 1691 0.535382 -0.190317 -0.822888 -0.0359642 -2.74312e-06 0 0 0
1752 1541 0.132641 -0.797701 0.588285 -0.0176737 -1.5565e-06 0 0 0
1752 1170 0.193269 0.685468 -0.701983 -0.00412468 -2.66591e-07 0 0 0
222 570 0.714437 -0.669174 -0.204416 -0.00636429 -5.97952e-07 0 0 0
222 3774 0.836348 -0.0940788 0.540066 -0.00236413 -1.92025e-07 0 0 0
2315 764 0.944537 -0.159216 0.287227 -0.0155251 -1.17517e-06 0 0 0
2315 4957 0.742064 0.605253 -0.288114 -0.00974211 -7.58055e-07 0 0 0
2315 2801 0.601718 -0.191251 -0.775473 -0.00737386 -5.90499e-07 0 0 0
195 4 0.867216 0.491494 -0.0798168 -0.00126614 -7.83004e-08 0 0 0
2315 3347 0.326114 -0.943579 -0.0575241 -0.0226595 -1.63959e-06 0 0 0
4193 3504 0.999304 -0.0194721 -0.0318228 -0.0128284 -9.42886e-07 0 0 0
5436 4488 0.589382 0.210946 0.779827 -0.000846382 -6.29333e-08 0 1 0
939 2975 0.376304 -0.0272676 0.926095 -0.0107561 -9.08482e-07 0 0 0
939 4144 0.71097 -0.591704 -0.380011 -0.0107283 -8.87033e-07 0 0 0
939 5338 0.761051 0.635389 0.130697 -0.0051483 -4.07948e-07 0 0 0
2315 2605 0.0989092 -0.443568 0.890766 -0.00916196 -6.56697e-07 0 0 1
2378 52 0.241012 0.840455 -0.485333 -0.00161082 -1.33356e-07 0 0 0
2807 3454 0.995526 -0.0941853 -0.00758738 -0.00239183 -1.73867e-07 0 0 0
2807 958 0.536748 -0.714097 0.449407 -0.00289893 -2.6837e-07 0 0 0
2378 4254 0.778786 0.432773 0.454092 -0.00162189 -1.27146e-07 0 0 0
2807 4327 0.454033 0.871294 0.186282 -0.0133394 -9.76994e-07 0 0 0
155 4208 0.463584 -0.880168 -0.101952 -0.00809018 -6.30537e-07 0 0 0
2807 3216 0.0102088 -0.957997 -0.286596 -0.00394923 -3.11891e-07 0 0 0
1360 2773 0.588551 -0.0721539 -0.805234 -0.00978865 -6.53333e-07 0 0 0
1360 1217 0.585053 -0.263793 0.766894 -0.00840907 -6.22398e-07 0 0 0
155 2706 0.991251 0.0988782 0.0874377 -0.00157396 -1.06473e-07 0 0 0
1334 2607 0.697216 0.234181 -0.677531 -0.00420693 -3.14462e-07 0 0 0
1334 5203 0.148659 -0.713804 0.684386 -0.00573055 -4.37506e-07 0 0 0
2191 3088 0.657248 0.63039 -0.413078 -0.0104203 -8.06992e-07 0 0 0
332 5148 0.447308 -0.87513 0.184562 -0.00157702 -1.43676e-07 0 0 0
2191 1183 0.295235 -0.704715 -0.645146 -0.00535026 -4.0547e-07 0 0 0
332 863 0.93224 -0.251239 -0.260398 -0.0148918 -9.23905e-07 0 0 0
4861 384 0.89045 0.161208 -0.425571 -0.00254666 -1.82885e-07 0 0 0
4215 1064 0.115642 -0.378466 -0.918363 -0.00776111 -5.98341e-07 0 0 0
5034 148 0.80239 -0.532667 -0.269141 -0.000729531 -5.74182e-08 0 0 0
4215 2829 0.906173 -0.390838 -0.161542 -0.00144947 -1.14831e-07 0 0 0
659 1348 0.0114547 0.516564 0.856172 -0.0086915 -6.80567e-07 0 0 0
5034 3539 0.752727 0.603999 -0.261893 -0.00718463 -5.36181e-07 0 0 0
136 3937 0.839517 -0.337378 -0.425896 -0.00887858 -6.69985e-07 0 0 0
659 5296 0.646009 0.0741744 -0.759717 -0.00522041 -3.71452e-07 0 0 0
136 4445 0.769716 0.0238946 0.637939 -0.00350643 -2.50601e-07 0 0 0
136 3917 0.115047 0.99035 -0.0772759 -0.00115295 -7.75036e-08 0 0 0
2596 2355 0.560297 -0.584397 -0.586981 -0.00955717 -6.47991e-07 0 0 0
2596 1030 0.231476 -0.698836 0.676792 -0.00559565 -3.84549e-07 0 0 0
2064 3684 0.494852 -0.854231 0.159409 -0.0052223 -4.20531e-07 0 0 0
5414 281 0.804559 0.175344 0.567397 -0.00831429 -7.08222e-07 0 0 0
2069 2319 0.938646 -0.304818 0.161335 -0.000281103 -2.00121e-08 0 0 0
5414 3968 0.332762 -0.26683 -0.904473 -0.00796564 -6.29163e-07 0 0 0
3559 294 0.927268 -0.017053 -0.374009 -0.023116 -2.2139e-06 0 0 0
3559 5229 0.873344 0.271128 0.404673 -0.01304 -1.11675e-06 0 0 0
3559 5089 0.673699 -0.611018 0.415676 -0.0152509 -1.23618e-06 0 0 0
4740 1533 0.725092 0.295752 0.62191 -0.00739256 -5.92578e-07 0 0 0
4522 4453 0.111242 -0.00707938 -0.993768 -0.00697754 -5.57688e-07 0 0 0
4740 2770 0.506057 -0.326224 -0.798426 -0.00925133 -8.6051e-07 0 0 0
909 4007 0.721919 0.218683 -0.656514 -0.00984108 -8.51758e-07 0 0 0
909 4099 -0.0285362 -0.12897 -0.991238 -0.0383156 -2.57397e-06 0 0 0
909 2064 -0.143941 -0.948528 0.282091 -0.00571925 -5.15832e-07 0 -1 0
4522 851 0.902769 0.0831948 0.422004 -0.00370153 -2.96528e-07 0 0 0
2399 1435 0.957888 -0.0439158 -0.283763 -0.0127846 -9.49493e-07 0 0 0
2399 753 0.511891 -0.856785 -0.0623413 -0.0158373 -8.84503e-07 0 0 0
2399 1117 0.176962 0.872039 0.456325 -0.0154437 -1.38399e-06 0 0 0
4799 1729 0.726408 -0.282926 -0.626326 -0.00594724 -4.6396e-07 0 0 0
254 3015 0.528957 0.329395 -0.782115 -0.00296397 -2.18693e-07 0 0 0
254 4698 0.534576 -0.742633 -0.403392 -0.00397142 -3.25549e-07 0 0 0
254 4342 0.575128 0.597015 0.559285 -0.00719899 -5.48642e-07 0 0 0
4799 106 0.718711 -0.308811 0.622969 -0.00994553 -6.0054e-07 0 0 0
4799 1702 0.655964 0.677022 0.333695 -0.0336641 -2.10315e-06 0 0 0
4799 292 0.155012 0.774293 -0.613549 -0.00463723 -2.93487e-07 0 0 0
453 2510 0.932706 -0.183243 -0.310616 -0.0123357 -7.65192e-07 0 0 0
453 4060 0.740448 0.394456 0.544188 -0.0221589 -1.36898e-06 0 0 0
731 3792 0.340262 0.606912 -0.718248 -0.000977755 -7.77974e-08 0 0 0
453 1543 0.544874 -0.690788 0.475314 -0.0186359 -1.16992e-06 0 0 0
5107 3771 0.716568 -0.678219 -0.16294 -0.00574886 -4.72852e-07 0 0 0
4607 4927 0.777376 -0.628533 -0.0251605 -0.000805144 -5.89178e-08 0 0 0
5107 1174 0.670858 0.359847 0.648429 -0.0158219 -1.30776e-06 0 0 0
3115 4774 0.241639 0.889685 -0.38739 -0.000913138 -6.41164e-08 0 0 0
1940 4144 0.682291 0.425421 -0.594556 -0.00977253 -8.02555e-07 0 0 1
1940 1738 0.911283 0.019514 0.411317 -0.0098308 -7.32151e-07 0 0 1
3115 5034 0.0690764 -0.914941 -0.397632 -0.0027348 -1.91971e-07 0 0 0
186 4984 0.178582 -0.359998 -0.915702 -0.0218464 -1.59224e-06 0 0 0
2367 5063 0.763598 0.293157 0.575306 -0.00392323 -2.6308e-07 0 0 0
2367 347 0.525018 -0.177748 -0.832323 -0.00260364 -1.43738e-07 0 0 0
186 4077 0.884253 0.423649 0.196515 -0.0376047 -2.75577e-06 0 0 0
1474 5132 0.168699 0.755746 -0.632762 -0.00574083 -4.89873e-07 0 0 0
1474 5125 0.257732 0.700962 0.665002 -0.00539034 -4.61236e-07 0 0 0
1474 3278 0.618367 -0.387377 0.683785 -0.00279711 -2.12143e-07 0 0 0
2367 3962 0.485251 -0.86789 -0.106291 -0.003535 -2.01484e-07 0 0 0
3355 484 0.831024 -0.0302505 0.555414 -0.0122099 -9.86027e-07 0 0 0
3355 67 0.348312 -0.627708 -0.696176 -0.0282201 -1.95062e-06 0 0 0
3355 2519 0.147074 0.796215 0.586865 -0.00695916 -5.06708e-07 0 0 0
3570 3349 0.658107 0.223401 -0.719018 -0.00478808 -3.67171e-07 0 0 0
1739 3974 0.478805 -0.797508 0.367051 -0.0124127 -9.39661e-07 0 0 0
5380 4420 0.155196 -0.84671 -0.508916 -0.0102375 -7.69233e-07 0 0 0
5380 3720 0.868274 -0.0383246 0.494603 -0.00227988 -1.66554e-07 0 0 0
3608 121 0.887204 -0.0352353 -0.46003 -0.00830695 -5.52969e-07 0 0 0
4298 774 0.244386 0.906103 0.345331 -0.0138193 -1.02565e-06 0 0 0
4298 2717 0.56459 0.594176 -0.572881 -0.0116079 -8.45266e-07 0 0 0
4298 3795 0.623368 -0.55503 -0.550776 -0.00500302 -3.30802e-07 0 0 0
4298 5474 0.797831 -0.384324 0.4645 -0.0168308 -1.1044e-06 0 0 1
2192 3892 0.155253 0.337055 -0.928596 -0.0025444 -1.79976e-07 0 0 0
2192 1201 0.505579 -0.756507 -0.414834 -0.0105507 -7.63864e-07 0 0 0
2192 3369 0.712529 0.477864 0.513759 -0.000857549 -6.67813e-08 0 1 0
616 3892 0.165588 -0.744095 0.647228 -0.00288709 -2.13326e-07 0 -1 0
616 5155 0.263024 -0.56692 -0.780653 -0.0109116 -9.00074e-07 0 -1 0
3825 4057 0.772499 -0.427954 -0.469149 -0.0075118 -6.28855e-07 0 0 0
3825 1649 0.744293 -0.42271 0.517054 -0.00890514 -6.09723e-07 0 0 0
616 2813 0.980394 -0.0626254 0.18683 -0.0178982 -1.36947e-06 0 0 0
4435 2470 0.101931 -0.899331 0.425222 -0.00993003 -8.18419e-07 0 0 0
3825 2626 0.251444 0.802603 -0.540929 -0.00798235 -5.12694e-07 0 0 0
4435 3239 0.581475 0.757522 -0.296728 -0.0105638 -8.12588e-07 0 0 0
3500 2826 0.759991 -0.638722 -0.120204 -0.00795525 -6.93877e-07 0 0 0
4435 899 0.965098 -0.0100829 0.261696 -0.0165653 -1.27665e-06 0 0 0
366 1064 0.024275 0.00672286 0.999683 -0.00635807 -5.06204e-07 0 0 0
3500 2236 0.525297 -0.0716558 -0.847897 -0.00559149 -3.67255e-07 0 0 0
366 5132 0.129162 -0.825965 0.548724 -0.00316528 -2.73577e-07 0 0 0
742 5110 0.89698 0.404453 0.17845 -0.0127917 -8.88955e-07 0 0 0
366 1336 0.590506 -0.751732 -0.293599 -0.00021137 -1.40824e-08 0 0 0
366 4770 0.739157 0.478315 -0.474196 -0.0185977 -1.50747e-06 0 0 0
742 1702 0.745482 -0.365561 -0.557334 -0.00560238 -3.93062e-07 0 0 0
1137 1200 0.35576 0.439488 -0.824794 -0.00257735 -1.83496e-07 0 0 0
742 5298 0.495353 -0.77493 0.392568 -0.0122481 -7.98768e-07 0 0 0
1137 1768 0.546735 -0.800585 0.245244 -0.00940014 -8.01995e-07 0 0 0
3980 2225 0.620301 0.714133 0.324408 -0.0130183 -9.33814e-07 0 0 0
3980 4703 0.36044 0.122024 -0.924767 -0.041091 -2.90681e-06 0 0 0
1348 4765 0.463293 -0.874503 0.143538 -0.00802797 -7.15699e-07 0 0 0
3980 3688 0.130596 0.142843 0.981092 -0.00634375 -5.25827e-07 0 0 0
1348 1140 0.797939 0.136328 0.587118 -0.01086 -9.6799e-07 0 0 0
3980 2315 0.117663 -0.992621 0.0293033 -0.00328565 -2.22568e-07 0 0 0
4985 3802 0.718979 -0.569642 -0.398218 -0.00697988 -5.24143e-07 0 0 0
2492 1761 0.527464 -0.369983 -0.764784 -0.00809962 -7.05966e-07 0 0 0
2492 1646 0.736755 0.645748 0.200504 -0.00846817 -6.98717e-07 0 0 0
4985 5244 0.484516 0.68663 -0.542018 -0.010706 -7.41522e-07 0 0 0
4985 3453 0.382609 0.461165 0.800585 -0.00630516 -5.07595e-07 0 0 0
1241 2958 0.845406 0.486557 -0.220344 -0.0229441 -1.60867e-06 0 0 0
1241 2596 0.107307 -0.922923 -0.369729 -0.00612292 -4.28564e-07 0 0 0
1438 4456 0.839078 0.0110066 0.543899 -0.0101401 -7.17212e-07 0 0 0
1438 750 0.885844 -0.0427266 -0.462011 -0.00505073 -3.5084e-07 0 0 0
1180 3632 0.324731 -0.781535 0.532685 -0.00741599 -6.1655e-07 0 0 0
1180 4985 0.0544633 0.967282 -0.247788 -0.00741605 -5.79472e-07 0 0 0
1824 1606 0.476807 -0.869313 0.130194 -0.00949415 -7.68176e-07 0 0 0
1405 1719 0.581378 -0.767433 0.270271 -0.0172898 -1.37285e-06 0 0 0
1824 750 0.805445 -0.0978615 0.584536 -0.0101443 -6.35917e-07 0 0 0
1405 2846 0.205788 0.386144 0.899191 -0.0182952 -1.26106e-06 0 0 0
5434 1488 0.0289554 -0.714622 -0.698912 -0.00717172 -4.83527e-07 0 0 0
1405 620 0.243736 0.715273 -0.654963 -0.0122549 -8.05465e-07 0 0 0
1535 364 0.893146 -0.0866679 -0.441338 -0.00869792 -5.24131e-07 0 0 0
5434 2715 0.269755 0.254698 0.928634 -0.00423149 -2.76226e-07 0 0 0
5434 3940 0.32039 0.910316 -0.262061 -0.00208354 -1.85048e-07 0 0 0
1535 1562 0.621647 -0.707832 0.335453 -0.0051366 -3.8778e-07 0 0 0
1535 3823 0.179411 0.741211 0.646852 -0.00503355 -4.51907e-07 0 0 0
731 4454 0.0879712 0.0834248 0.992623 -0.00109704 -9.04667e-08 0 0 0
4718 2770 0.553098 -0.818185 0.157019 -0.00255404 -2.16211e-07 0 0 0
4718 2965 0.155644 0.84201 0.516522 -0.0052471 -4.06719e-07 0 0 0
1123 1534 0.121845 -0.313742 -0.941658 -0.015512 -1.07232e-06 0 0 0
1123 76 0.348461 0.467604 0.812356 -0.0281473 -2.06392e-06 0 0 0
1123 1526 0.706977 -0.553614 0.440107 -0.00674684 -5.27348e-07 0 0 0
4718 136 0.169716 0.120308 -0.978122 -0.00186942 -1.44912e-07 0 0 0
3816 2796 0.89848 0.367773 -0.239743 -0.00652588 -4.91678e-07 0 0 0
3816 383 0.367559 -0.224791 -0.902424 -0.00306492 -2.47309e-07 0 0 0
1615 2319 0.740197 0.558188 -0.37488 -0.00474871 -3.63576e-07 0 0 0
3816 3182 0.310287 -0.949335 -0.0498437 -0.00590544 -4.28397e-07 0 0 0
1615 3610 0.908585 -0.358939 0.213627 -0.00577719 -3.74439e-07 0 0 0
4942 759 0.478488 0.877515 0.0318767 -0.00726914 -5.47068e-07 0 0 0
4942 2265 0.511853 -0.696183 0.503325 -0.00166811 -1.26697e-07 0 0 0
4197 2280 0.677802 0.302045 -0.670339 -0.00651479 -6.09897e-07 0 0 0
460 1491 0.599748 0.799719 -0.0273976 -0.000615095 -5.66925e-08 0 0 0
2470 346 0.465668 -0.872839 0.145962 -0.0137838 -1.03078e-06 0 0 0
2470 4803 0.474311 0.277728 -0.835402 -0.00845641 -7.42603e-07 0 0 0
4987 4783 -0.140406 -0.531194 0.835535 -0.0192262 -1.69273e-06 0 0 0
460 3894 0.558191 -0.339586 -0.757036 -0.0240113 -1.83887e-06 0 0 0
2470 2395 0.992139 -0.0494541 0.114957 -0.00906402 -7.5338e-07 0 0 0
460 2695 0.528785 -0.842307 0.104435 -0.00237036 -2.02656e-07 0 0 0
4735 2975 0.141516 -0.972563 -0.184649 -0.00909265 -5.12034e-07 0 0 0
4735 418 0.108145 0.905481 -0.410375 -0.00789247 -6.29579e-07 0 0 0
2684 1220 0.968284 -0.242593 -0.0597919 -0.0140491 -1.07569e-06 0 0 0
2684 2797 0.649133 0.742585 -0.164905 -0.00333125 -2.75752e-07 0 0 0
5300 1640 0.777993 -0.58317 0.233752 -0.00882712 -6.85622e-07 0 0 0
4735 1042 0.663376 0.714832 0.221242 -0.0122918 -1.11721e-06 0 0 0
3431 2818 0.839379 0.41847 0.346881 -0.006833 -5.21228e-07 0 0 0
4735 2872 0.969942 -0.240673 0.0359012 -0.00555206 -3.55096e-07 0 0 0
2292 4164 0.523075 0.631891 -0.571932 -0.0096898 -7.89063e-07 0 0 0
3431 4478 0.659344 0.489638 -0.570544 -0.0166376 -1.23324e-06 0 0 0
3431 383 0.300316 -0.763787 0.571349 -0.00556082 -4.81211e-07 0 0 0
5217 5175 0.997102 0.0272223 -0.0710396 -0.00442521 -3.46042e-07 0 0 -1
2824 2013 0.108938 -0.346146 -0.931834 -0.00123474 -9.84964e-08 0 0 -1
5217 3632 0.392757 0.818238 0.419796 -0.00811583 -7.18782e-07 0 0 -1
2851 281 0.968893 0.0147503 -0.247039 -0.00359011 -3.29585e-07 0 0 0
2851 4178 0.315412 -0.456176 0.832117 -0.0026066 -2.10716e-07 0 0 0
2824 1869 0.941611 0.162384 -0.294958 -0.00640535 -5.38376e-07 0 0 0
2851 5414 0.173928 -0.191903 -0.965879 -0.00450899 -3.53766e-07 0 0 0
2958 719 0.272042 0.56542 -0.778649 -0.00130032 -9.18118e-08 0 1 0
5002 1692 0.420901 -0.687032 0.592308 -0.0268739 -1.96173e-06 0 0 0
4483 114 0.890978 -0.113934 0.439519 -0.0092609 -7.24038e-07 0 0 0
936 3964 -0.0338662 -0.563776 0.825233 -0.00620503 -4.13204e-07 0 0 0
936 4208 0.263562 0.700501 -0.663199 -0.00807472 -6.81717e-07 0 0 0
936 3939 0.318357 -0.89301 -0.318091 -0.00447515 -3.05302e-07 0 0 0
5002 2519 0.291671 0.24502 -0.924604 -0.0110171 -8.19424e-07 0 0 0
40 866 0.771561 0.381828 0.508823 -0.0163516 -1.19412e-06 0 0 0
40 1333 0.266724 0.0108183 -0.963712 -0.00788685 -7.08741e-07 0 0 0
40 3690 0.130674 -0.943685 0.303945 -0.00195982 -1.6672e-07 0 0 0
2454 3349 0.656383 0.678445 0.32996 -0.00823619 -6.69793e-07 0 0 0
2454 2225 0.669442 -0.311759 0.67428 -0.0162157 -1.10944e-06 0 0 0
4098 1362 0.651064 0.528473 0.544822 -0.00303392 -2.33715e-07 0 0 0
1420 1479 0.112356 -0.295411 -0.948741 -0.00698035 -5.44827e-07 0 0 -1
4098 1333 0.319293 -0.932803 -0.167125 -0.0133232 -1.16403e-06 0 0 0
1420 1321 0.580971 -0.219657 0.783724 -0.00723942 -5.23446e-07 0 0 0
2864 2073 0.089146 -0.793804 0.601604 -0.00124161 -1.12125e-07 0 0 0
2864 3769 0.273239 -0.352351 -0.895092 -0.0237657 -1.38258e-06 0 0 0
264 1027 0.928791 0.338005 -0.151988 -0.00710811 -5.58787e-07 0 0 0
264 5414 0.158402 0.984004 -0.0815137 -0.00423815 -3.13054e-07 0 0 0
2864 2484 0.582057 0.278464 0.763981 -0.00742691 -6.5138e-07 0 0 0
425 4515 0.800828 0.564544 -0.199911 -0.00223515 -2.02933e-07 0 0 0
2864 4001 0.991592 -0.106615 -0.0733319 -0.00899552 -5.8898e-07 0 0 0
4420 419 0.398729 -0.714203 -0.575264 -0.013719 -8.43617e-07 0 0 0
4420 2497 0.556067 -0.102905 0.824743 -0.00561015 -4.72679e-07 0 0 0
425 3075 0.420418 -0.880937 0.217251 -0.00311297 -2.4653e-07 0 0 0
4420 4953 0.925921 -0.370426 0.0738511 -0.00542185 -4.68987e-07 0 0 0
425 4741 0.223218 0.397383 -0.89009 -0.00892691 -7.35126e-07 0 0 0
425 5107 -0.00713887 0.253439 0.967325 -0.0091455 -7.37555e-07 0 0 0
4307 762 0.494413 -0.774031 0.395516 -0.000945694 -7.48588e-08 0 0 0
4307 2735 0.858393 0.395468 0.326752 -0.00279789 -2.17205e-07 0 0 0
4307 1262 0.868953 -0.297122 -0.395777 -0.0009261 -7.07881e-08 0 0 0
2843 3684 0.740138 0.365384 -0.564527 -0.00308792 -2.72336e-07 0 0 0
5249 2301 0.897887 0.426024 -0.110917 -0.00760916 -5.43777e-07 0 0 0
57 1060 0.441985 -0.30927 -0.842022 -0.0199387 -1.30188e-06 0 0 0
57 2569 0.589587 0.277234 0.758636 -0.0220856 -1.4705e-06 0 0 0
1620 5110 0.856029 -0.491069 -0.161445 -0.0052637 -2.96811e-07 0 0 0
1359 264 0.24016 0.402293 0.88345 -0.00103092 -8.21584e-08 0 0 0
1620 731 0.768819 0.579757 0.269815 -0.0241966 -1.78706e-06 0 0 0
1620 323 0.251875 -0.197644 0.947362 -0.00968721 -5.84975e-07 0 0 0
1620 742 0.0194105 -0.935332 -0.353239 -0.0186227 -1.28707e-06 0 0 0
1016 3418 0.988179 0.110607 0.106151 -0.00924179 -7.9711e-07 0 0 0
3587 4698 0.41946 0.181026 -0.889541 -0.0037627 -3.16832e-07 0 0 0
3587 1056 0.861546 0.105342 0.496631 -0.00131941 -9.65165e-08 0 0 0
3964 52 0.0576759 0.683602 0.727572 -0.00675105 -4.40612e-07 0 0 0
3964 3788 0.465576 -0.57195 0.675361 -0.00609237 -3.99087e-07 0 0 0
3964 134 0.879248 0.459543 0.125472 -0.0023465 -1.53422e-07 0 0 0
1016 28 0.512072 0.676801 0.528888 -0.00856081 -7.83806e-07 0 0 0
1479 4528 0.250428 0.718413 -0.648975 -0.00759388 -4.49876e-07 0 0 0
1016 5300 -0.0752014 -0.977972 -0.194717 -0.00227476 -1.81638e-07 0 0 0
1479 0 0.372668 -0.924037 0.085292 -0.00435042 -4.09971e-07 0 0 1
4658 2846 0.302248 0.701061 -0.64588 -0.00592089 -3.99172e-07 0 0 0
1479 3024 0.879203 0.193622 0.435331 -0.00817568 -6.12108e-07 0 0 1
4658 3134 0.263541 -0.703241 0.660302 -0.0028169 -1.81623e-07 0 0 0
2836 4805 0.778271 -0.00471604 -0.627911 -0.00667832 -5.2777e-07 0 0 0
45 906 0.874815 0.0679207 0.479672 -0.00944347 -8.45917e-07 0 0 0
45 3968 0.345074 -0.922009 -0.175567 -0.00964176 -6.2798e-07 0 0 0
4453 2816 0.0424608 -0.315448 -0.947992 -0.00305085 -2.47018e-07 0 0 0
45 1798 0.230768 0.613042 -0.755596 -0.00975022 -6.02718e-07 0 0 0
45 5414 0.0509319 -0.732571 0.678782 -0.00194691 -1.60484e-07 0 0 0
5220 1217 0.863269 0.00517064 -0.504717 -0.0147983 -1.33627e-06 0 0 0
4453 4883 0.762536 0.359322 -0.537984 -0.00236906 -2.08255e-07 0 0 0
5220 4741 0.463307 0.88618 0.0055807 -0.0117009 -9.09571e-07 0 0 0
797 52 0.138311 -0.913918 -0.381607 -0.00709231 -6.0503e-07 0 0 0
797 1819 0.174973 0.0811553 0.981223 -0.00817364 -6.25007e-07 0 0 0
797 4652 0.278822 0.945688 0.167131 -0.0015449 -1.23718e-07 0 0 0
797 861 0.435024 0.480469 -0.761514 -0.00730648 -5.66626e-07 0 0 0
5220 425 0.173768 0.36263 0.915589 -0.00662784 -5.94774e-07 0 0 0
4751 3357 0.806396 -0.284624 0.518377 -0.0177847 -1.38263e-06 0 -1 0
4621 4342 0.323972 -0.896634 -0.301811 -0.0100572 -8.54892e-07 0 0 0
4621 4154 0.351573 -0.0630014 0.934038 -0.00392075 -3.21452e-07 0 0 0
4621 963 0.387904 0.46974 -0.793016 -0.00526943 -3.70573e-07 0 0 0
4621 4395 0.502355 0.731374 0.461228 -0.010482 -6.86663e-07 0 0 0
3135 2607 0.973314 -0.15369 0.170409 -0.00272617 -2.22622e-07 0 0 0
4621 2772 0.997771 -0.0409451 0.0526982 -0.00239659 -1.49468e-07 0 0 0
3135 1334 0.259658 -0.399892 0.879013 -0.00591348 -4.77092e-07 0 0 0
2970 2584 0.667448 0.59048 0.453703 -0.0166914 -1.3975e-06 0 0 0
1976 0 0.353301 0.919006 -0.174946 -0.0189069 -1.78335e-06 0 0 0
2970 3191 0.52951 0.3825 -0.757174 -0.00538737 -4.79623e-07 0 0 0
1890 5052 0.94344 0.0201852 -0.330929 -0.00409124 -2.83785e-07 0 0 0
1976 534 0.758978 0.34577 0.551721 -0.0146482 -1.0194e-06 0 0 0
1976 4605 0.818039 -0.573825 0.0391929 -0.00341318 -2.0013e-07 0 -1 0
1890 1664 0.31 -0.61384 -0.726017 -0.0057747 -5.13909e-07 0 0 0
2816 4883 0.703307 0.631799 0.325866 -0.00810903 -6.43555e-07 0 0 0
1890 3480 0.288262 0.956981 -0.0330672 -0.00175824 -1.06575e-07 0 0 0
5221 953 0.311932 0.937155 0.156332 -0.0101884 -8.71355e-07 0 0 0
5221 2729 0.323818 -0.432712 -0.841369 -0.00402753 -3.39974e-07 0 0 0
5221 3649 0.91458 -0.402419 0.0400312 -0.0121761 -9.18803e-07 0 0 0
4593 2584 0.619467 0.416004 -0.665734 -0.0143947 -1.08334e-06 0 0 -1
1815 328 0.800381 0.414746 -0.432869 -0.00280591 -2.49097e-07 0 0 0
937 447 0.580196 0.615005 -0.533986 -0.0056023 -4.46318e-07 0 0 0
937 851 0.747535 -0.387719 -0.539319 -0.0135372 -1.06388e-06 0 0 0
500 1562 0.832167 0.537558 -0.136126 -0.00528865 -3.73516e-07 0 0 0
830 986 0.0268667 -0.981517 -0.189478 -0.0053326 -4.10679e-07 0 0 0
500 2483 0.461748 0.246386 0.852105 -0.00801179 -5.70728e-07 0 0 0
830 1246 0.807288 0.542246 -0.232926 -0.00791857 -6.57374e-07 0 0 0
500 3825 0.158947 -0.365256 -0.917237 -0.0102068 -6.94874e-07 0 0 0
4267 460 0.257994 -0.777702 -0.573252 -0.0196876 -1.85399e-06 0 0 0
1319 3129 0.994726 0.0417912 0.0936688 -0.0165006 -1.24433e-06 0 0 0
1319 5515 0.547289 -0.801025 -0.242555 -0.00680779 -5.12908e-07 0 0 0
1553 3331 0.968812 0.205166 -0.138964 -0.0103622 -7.26095e-07 0 -1 0
1553 2773 0.709975 -0.19928 0.675443 -0.0155484 -1.09521e-06 0 0 0
3261 4299 0.17804 0.966203 0.186421 -0.00255687 -1.43572e-07 0 0 0
3261 10 0.43603 0.279422 -0.855454 -0.00677418 -5.89391e-07 0 0 0
1553 1340 0.440982 0.755463 0.484572 -0.00917282 -5.58328e-07 0 0 0
1553 909 0.218548 0.3327 -0.917359 -0.024434 -1.53194e-06 0 0 0
72 4374 0.914322 -0.153903 0.374605 -0.00188071 -1.51162e-07 0 0 0
3261 1099 0.740173 0.092462 0.66603 -0.00984556 -7.32669e-07 0 0 0
1286 2801 0.871002 0.444733 0.208729 -0.00927675 -7.32651e-07 0 0 0
1286 585 0.459336 0.317018 -0.829765 -0.00541379 -3.9647e-07 0 0 0
938 2483 0.594559 -0.286337 -0.751339 -0.00902596 -8.20751e-07 0 0 0
886 1533 0.937066 0.029906 -0.347869 -0.00679379 -5.32619e-07 0 0 0
886 1541 0.573456 0.26785 0.774212 -0.0128656 -9.9369e-07 0 0 0
1064 4274 0.850547 -0.230316 -0.472783 -0.00356965 -2.68555e-07 0 0 0
654 1587 0.264816 -0.82356 0.501619 -0.0069537 -5.24179e-07 0 0 0
3093 4975 0.899447 0.405148 -0.163859 -0.00057383 -4.74334e-08 0 0 0
654 3136 0.649617 0.517682 0.556779 -0.00755459 -6.37331e-07 0 0 0
4672 1786 0.696807 -0.260495 0.668283 -0.0005275 -3.20382e-08 0 0 0
3374 518 0.794271 0.607543 0.00505 -0.00306751 -2.21702e-07 0 0 0
1488 891 0.659074 -0.706801 -0.25701 -0.00408921 -2.72924e-07 0 0 0
1488 3297 0.847177 0.264357 -0.460876 -0.00356279 -2.37582e-07 0 0 0
3374 5203 0.38364 -0.474438 -0.792294 -0.00223278 -1.60511e-07 0 0 0
1331 2355 0.930129 -0.295706 0.217755 -0.00454918 -4.02642e-07 0 0 0
1331 2596 0.331644 0.346937 0.877295 -0.0103889 -8.95087e-07 0 0 0
4901 759 0.371193 -0.758374 -0.535804 -0.0102798 -7.72694e-07 0 0 0
1331 3570 0.2167 0.62632 -0.748842 -0.0147646 -1.20876e-06 0 0 -1
2988 3075 0.779401 0.0374558 0.625405 -0.0136291 -1.11213e-06 0 1 0
4901 4569 0.804423 0.109339 0.583908 -0.00881205 -6.80802e-07 0 0 1
4838 5136 0.205432 -0.690417 -0.69363 -0.0265091 -2.26815e-06 0 0 0
2988 5220 0.081449 0.695947 -0.713459 -0.000778185 -6.11686e-08 0 1 0
4838 5311 0.399288 0.916494 -0.0246471 -0.0131705 -8.53342e-07 0 0 0
357 4280 0.884284 0.356805 -0.301218 -0.0112355 -8.80607e-07 0 0 0
357 5249 0.0701671 0.770918 -0.633058 -0.00087893 -6.19766e-08 0 0 0
4838 989 0.728528 -0.066181 0.681811 -0.00436902 -2.94226e-07 0 0 0
904 273 0.742122 0.410125 -0.530144 -0.000593474 -5.25058e-08 0 0 0
1383 2583 0.243824 -0.205503 -0.947797 -0.00337421 -2.39234e-07 0 0 0
904 4774 0.51516 0.6844 0.515952 -0.00150437 -1.21171e-07 0 0 0
1383 196 0.433553 0.0787793 0.897678 -0.00437001 -2.61675e-07 0 0 0
904 545 0.362877 -0.78531 -0.501606 -0.00113406 -8.71087e-08 0 0 0
1383 5196 0.962945 -0.216066 -0.161405 -0.00740828 -4.78981e-07 0 0 0
3471 3453 0.551329 -0.678718 -0.485159 -0.00466806 -3.79343e-07 0 0 0
3643 4037 -0.0245893 0.358071 0.93337 -0.00407863 -3.21709e-07 0 0 0
3643 4864 0.0533851 -0.695495 -0.716545 -0.00392286 -3.02603e-07 0 0 0
3471 1739 0.196401 -0.194877 0.960963 -0.00425509 -2.85795e-07 0 0 1
2845 973 0.971553 -0.225945 0.0709482 -0.0146126 -8.85854e-07 0 0 0
2845 1055 0.705354 0.420849 -0.570405 -0.0142704 -1.31793e-06 0 0 0
2845 67 0.451012 -0.0180472 0.892336 -0.0217079 -1.43351e-06 0 0 0
4984 3639 0.145338 0.381489 -0.912876 -0.0120921 -7.63855e-07 0 0 0
4984 1685 0.189702 -0.766036 -0.614168 -0.0219185 -1.97805e-06 0 0 0
1707 2499 0.930694 0.166353 -0.325785 -0.00495389 -3.71108e-07 0 0 0
1707 5406 0.624535 -0.765711 -0.153761 -0.00559646 -4.04747e-07 0 0 0
1707 3825 0.27033 0.186085 0.944613 -0.0016541 -1.28049e-07 0 0 0
1589 2584 0.76622 -0.501603 -0.401622 -0.0100162 -8.82645e-07 0 0 0
195 4019 0.0117243 -0.665308 0.746477 -0.00621398 -4.26634e-07 0 0 0
1589 5269 0.637243 0.374113 0.673766 -0.00249065 -1.98223e-07 0 0 1
2415 3427 0.553312 -0.721704 0.41592 -0.013491 -1.06916e-06 0 -1 0
2415 2521 0.496114 0.396402 0.772487 -0.0128488 -1.05882e-06 0 0 0
195 4629 0.845906 -0.52533 0.0920359 -0.00793761 -5.07227e-07 0 0 0
2415 5249 0.143116 -0.816783 -0.558912 -0.00638458 -4.91908e-07 0 -1 0
1050 4178 0.313347 0.784011 0.535855 -0.00247425 -2.21421e-07 0 0 0
4037 4851 0.266808 0.634591 -0.725333 -0.0182669 -1.4556e-06 0 0 0
1050 264 0.0357483 0.0526656 -0.997972 -0.00418459 -3.17957e-07 0 0 0
1324 3771 0.940243 0.338019 0.0410777 -0.00291508 -2.46523e-07 0 0 0
4037 1213 0.675993 -0.209853 0.706396 -0.0128325 -1.04229e-06 0 0 0
1324 3075 0.706253 -0.309583 -0.636682 -0.014976 -1.0684e-06 0 0 0
1324 5107 0.232725 0.953653 0.190748 -0.0141854 -1.02926e-06 0 0 0
986 963 0.518623 -0.265983 0.812578 -0.00800228 -6.5702e-07 0 0 0
986 2733 0.54491 -0.805122 -0.234205 -0.00274175 -2.32351e-07 0 0 0
1324 425 0.21194 0.59219 -0.777427 -0.0100738 -7.49711e-07 0 0 0
1324 2415 -0.0321609 -0.45061 0.892141 -0.0254612 -1.98758e-06 0 0 0
80 1771 0.861616 0.431373 -0.26746 -0.00813334 -6.89009e-07 0 0 0
80 620 0.582417 -0.803542 -0.122925 -0.00616798 -5.97801e-07 0 0 0
4024 2907 0.921458 -0.388428 -0.00630445 -0.0124244 -1.03998e-06 0 0 0
3911 4376 0.641748 -0.735298 -0.217938 -0.00412483 -2.95491e-07 0 0 0
3911 338 0.631829 0.70778 -0.315975 -0.0119519 -7.29334e-07 0 0 0
2674 3983 0.764109 -0.00280077 -0.645081 -0.00231189 -1.76015e-07 0 0 0
3892 3098 0.961015 -0.0601985 0.269865 -0.000357602 -2.6494e-08 0 0 0
3702 4457 0.461165 -0.694567 0.552181 -0.0279873 -1.99526e-06 0 0 0
2674 2770 0.602806 0.648188 0.465271 -0.00804431 -5.20993e-07 0 0 0
2674 3007 0.468314 -0.280223 0.837948 -0.00884442 -6.53538e-07 0 0 0
2674 4267 -0.0298982 -0.471673 -0.881267 -0.015179 -1.36652e-06 0 0 0
3702 2820 0.959678 0.260301 -0.106123 -0.00590114 -3.89808e-07 0 0 0
4521 2634 0.814547 0.481052 0.324194 -0.00486779 -3.73167e-07 0 0 0
4521 3097 0.338529 0.260302 -0.904235 -0.00980043 -6.81633e-07 0 0 0
5155 3599 0.613711 -0.473472 -0.63181 -0.0145971 -9.45937e-07 0 0 0
5155 1703 0.621949 -0.43889 0.648502 -0.00505005 -3.13766e-07 0 0 0
4174 2797 0.675827 0.00337445 0.737053 -0.00227685 -2.08623e-07 0 0 0
4174 2241 0.498356 -0.85297 -0.155191 -0.00748477 -6.2097e-07 0 0 0
4174 1333 0.40418 0.84264 0.355803 -0.0154062 -1.414e-06 0 0 0
4552 588 0.705985 -0.490143 0.511218 -0.0047878 -3.17959e-07 0 0 0
4552 4245 0.504626 0.542319 0.671745 -0.00644117 -5.04306e-07 0 0 0
2013 1379 0.950993 -0.0831176 -0.297832 -0.00149544 -1.21894e-07 0 0 0
4552 3690 0.411076 0.621458 -0.666938 -0.00182858 -1.42682e-07 0 0 0
4791 341 0.767147 -0.09893 -0.633797 -0.00883298 -7.45992e-07 0 0 0
5 1587 0.0987706 0.882116 0.460561 -0.00268649 -2.24237e-07 0 0 0
4791 1170 0.73033 -0.403742 0.551009 -0.0201766 -1.77124e-06 0 0 0
5267 978 0.815035 -0.0415756 0.577918 -0.0218305 -1.80238e-06 0 0 0
5 1379 0.639742 -0.322805 0.697515 -0.025216 -2.1737e-06 0 0 0
5 4969 0.795458 -0.336061 -0.50429 -0.0105979 -6.15675e-07 0 0 0
5267 3427 0.592261 0.0477327 -0.804331 -0.0183804 -1.4883e-06 0 0 0
2409 4754 0.84147 -0.529278 -0.108597 -0.00839605 -6.0923e-07 0 0 0
1676 3823 0.435829 -0.345953 0.830885 -0.00122594 -1.08459e-07 0 0 0
1676 1535 0.22259 -0.962803 0.153178 -0.00681626 -4.14745e-07 0 0 0
1175 1798 0.440282 0.87984 0.178978 -0.00131494 -8.74376e-08 0 0 0
1175 45 0.193816 0.230906 0.953477 -0.0066758 -4.53091e-07 0 0 0
1139 5161 0.120654 -0.964725 -0.233983 -0.00655414 -4.91721e-07 0 0 0
1139 2265 0.366891 0.930089 0.0180229 -0.0061419 -4.50353e-07 0 0 0
4195 2584 0.702171 -0.451449 0.55059 -0.0136231 -9.14791e-07 0 0 0
4195 1541 0.56989 0.588983 -0.572996 -0.012195 -1.0278e-06 0 0 0
456 2890 0.857464 0.514219 -0.0182785 -0.01101 -6.95275e-07 0 0 0
3197 2729 0.144718 0.989405 -0.0116042 -0.00537447 -3.37661e-07 0 0 0
3197 348 0.246399 -0.628439 -0.737802 -0.00565535 -4.57545e-07 0 0 0
3197 1442 0.517571 0.124733 0.8465 -0.0225512 -1.43582e-06 0 0 0
3197 4269 0.782674 0.42481 -0.454927 -0.0118787 -1.00903e-06 0 0 0
5235 3346 0.188214 0.329486 0.92521 -9.76334e-05 -6.91186e-09 0 0 0
4804 1844 0.142653 -0.948244 0.283695 -0.00416831 -2.46575e-07 0 0 0
456 5362 0.796727 -0.526712 -0.296313 -0.01243 -9.25549e-07 0 0 0
456 4174 0.0823587 -0.909998 0.40635 -0.00760822 -4.84667e-07 0 0 0
848 5406 0.784737 0.166887 0.596939 -0.000678828 -5.55615e-08 0 1 0
4804 3187 0.775625 0.454212 0.438289 -0.00211066 -1.96236e-07 0 0 0
1431 20 0.875893 -0.476808 0.0739284 -0.00086428 -5.38951e-08 0 0 0
3781 4828 0.813142 0.238029 0.53117 -0.0171183 -1.54677e-06 0 0 1
3230 4020 0.487177 0.854457 -0.180448 -0.0188626 -1.27172e-06 0 0 0
3230 2601 0.591982 -0.53146 -0.605894 -0.00109973 -9.17568e-08 0 0 0
3230 68 0.854666 -0.263931 0.447086 -0.0134769 -9.44892e-07 0 0 0
3781 671 0.521502 -0.197146 -0.830162 -0.0137391 -1.10034e-06 0 0 0
3781 292 0.458413 -0.660291 0.594872 -0.0011495 -7.65773e-08 0 0 1
1534 1004 0.460569 -0.199656 -0.864878 -0.0088961 -6.63726e-07 0 0 0
3781 5217 0.124479 0.973334 0.192683 -0.0103932 -9.05694e-07 0 0 1
1534 4966 0.87928 -0.254032 0.402907 -0.0311647 -2.25213e-06 0 0 0
1392 3267 0.949376 0.294766 -0.108617 -0.00349303 -2.53232e-07 0 0 0
1392 3917 0.416165 0.424268 0.804241 -0.0150001 -1.0515e-06 0 0 0
4019 5105 0.477834 0.533508 0.697885 -0.00563969 -4.35259e-07 0 0 0
4019 86 0.861219 -0.343079 0.374964 -0.0056853 -4.03645e-07 0 0 0
1392 2646 0.368549 0.0428513 -0.92862 -0.00252582 -1.63064e-07 0 0 0
3081 1871 0.849208 0.449701 0.276795 -0.0060634 -4.19123e-07 0 0 0
5021 413 0.515682 -0.465269 -0.719442 -0.00771435 -5.37129e-07 0 0 0
5021 4301 0.596568 0.708802 -0.376438 -0.00722775 -4.94345e-07 0 0 0
5021 4770 0.573771 0.56059 0.597098 -0.00752436 -6.12077e-07 0 0 0
5021 230 0.99625 -0.0746856 0.0436699 -0.00158859 -1.37263e-07 0 0 0
1604 3940 0.110283 0.479146 0.870779 -0.00194454 -1.8216e-07 0 0 0
2465 1449 0.502819 -0.346656 -0.791835 -0.00067557 -5.27819e-08 0 0 0
3036 5406 0.541903 0.790066 -0.286596 -0.0157517 -1.26176e-06 0 0 0
1604 3297 0.633891 -0.770836 -0.0632093 -0.00294021 -1.95108e-07 0 0 0
1715 4763 0.604473 -0.178927 0.776272 -0.0174666 -1.44167e-06 0 0 0
566 2705 0.835524 0.163985 -0.524412 -0.000228129 -1.62849e-08 0 0 0
566 1798 0.520027 -0.84394 0.131671 -0.00785272 -5.71168e-07 0 0 0
319 436 0.832238 -0.0372188 0.553168 -0.00777391 -6.33479e-07 0 0 0
319 1719 0.762273 0.352127 -0.54309 -0.00971972 -8.18099e-07 0 0 0
319 1602 0.62032 -0.562209 -0.546922 -0.00360563 -2.06866e-07 0 0 0
168 606 0.999644 0.0266471 -0.00117009 -0.00180774 -1.65293e-07 0 0 0
1304 5368 0.168286 -0.00086671 0.985738 -0.00234176 -1.8856e-07 0 0 0
3503 3191 0.631654 -0.0223994 0.774927 -0.00761884 -5.6891e-07 0 0 0
4259 2197 0.743647 0.163745 0.648211 -0.000184098 -1.2027e-08 0 0 0
2452 1771 0.737918 -0.567873 -0.364688 -0.00839237 -6.04276e-07 0 0 0
2452 2843 0.0897783 0.992814 -0.079127 -0.00376275 -3.42299e-07 0 0 0
3199 2576 0.919604 -0.0216568 -0.392249 -0.0049361 -3.03013e-07 0 0 0
3199 820 0.712315 0.36521 0.599357 -0.00405005 -2.37769e-07 0 0 0
4864 4395 0.564001 -0.765542 -0.309594 -0.003759 -3.09429e-07 0 0 0
3035 49 0.705294 0.464975 -0.535126 -0.00350764 -3.18409e-07 0 0 0
2442 393 0.775488 0.46596 0.426027 -0.00761404 -6.91738e-07 0 0 0
1491 1613 0.76809 0.334612 -0.54596 -0.000223948 -1.83249e-08 0 0 0
2198 2903 0.0182937 -0.565442 0.824585 -0.000637484 -4.83945e-08 0 0 0
2442 967 0.566342 -0.71021 0.418161 -0.0128407 -1.09327e-06 0 0 0
1730 3498 0.45699 0.456391 0.763458 -0.000483564 -3.89865e-08 0 0 0
44 1200 0.31921 -0.80881 0.493895 -0.000775136 -6.2759e-08 0 0 0
2442 2807 0.340449 0.563093 -0.753008 -0.0119285 -7.29365e-07 0 0 0
44 2034 0.641768 0.733 -0.225488 -0.000696718 -5.32968e-08 0 0 0
2442 433 0.0865231 0.995101 0.0478269 -0.000180149 -1.52697e-08 0 0 0
1385 1017 0.861725 -0.426779 -0.274389 -0.0122066 -7.61354e-07 0 0 0
2848 204 -0.0123398 -0.998969 -0.0436975 -0.00678077 -4.79923e-07 0 0 0
4507 260 0.985859 0.0865192 0.143514 -0.0265168 -1.59849e-06 0 0 0
2848 1321 0.371151 0.0676786 -0.926103 -0.0118785 -8.93324e-07 0 0 0
2848 4408 0.677621 -0.500468 0.538851 -0.0183369 -1.32124e-06 0 0 0
4507 2527 0.541321 -0.294341 -0.787614 -0.00393687 -2.99521e-07 0 0 0
4507 671 0.520303 0.803526 -0.289191 -0.00430828 -3.55687e-07 0 0 0
139 4246 0.532916 -0.843307 0.0695233 -0.00857294 -5.96174e-07 0 0 0
1439 851 0.58881 0.628531 -0.508186 -0.0110446 -8.81299e-07 0 0 0
139 4396 0.336313 -0.28158 -0.898669 -0.0141689 -1.05136e-06 0 0 0
139 4861 0.294913 0.827096 0.478475 -0.00292797 -2.02951e-07 0 0 0
1439 415 0.994782 -0.100471 0.0177388 -0.00478347 -3.59003e-07 0 0 0
139 5034 0.292756 0.77735 -0.556795 -0.00820195 -5.96513e-07 0 0 0
204 2328 0.191535 -0.674025 -0.713446 -0.00887184 -6.62212e-07 0 -1 0
139 1676 0.0270781 -0.175911 0.984034 -0.0181984 -1.12463e-06 0 0 0
204 4408 0.70559 0.389894 0.591714 -0.0181995 -1.42598e-06 0 0 0
204 4925 0.825745 0.276182 -0.491801 -0.0238899 -1.68233e-06 0 0 0
2975 5338 0.315505 0.581953 -0.749524 -0.00467099 -3.13087e-07 0 0 0
732 3780 0.90054 -0.186699 -0.392647 -0.0101025 -7.83274e-07 0 0 0
2975 4301 0.447993 0.16554 0.878578 -0.019561 -1.19821e-06 0 0 0
2975 1738 0.435033 -0.806081 -0.401224 -0.0176752 -1.51425e-06 0 0 0
732 682 0.687766 -0.414161 0.596196 -0.0136664 -1.07202e-06 0 0 0
732 3578 0.586038 0.716232 0.378909 -0.00912358 -7.00649e-07 0 0 0
1730 57 0.645094 -0.256915 -0.719617 -0.000757901 -5.98907e-08 0 0 0
3282 4415 0.870822 0.371186 -0.322319 -0.00273832 -2.44767e-07 0 0 0
3282 3968 0.507046 0.326574 0.797655 -0.014697 -9.96883e-07 0 0 0
1347 2122 0.351146 0.514962 0.781992 -0.0116968 -7.76663e-07 0 0 0
3282 3823 0.43755 -0.879522 -0.187061 -0.00112898 -1.0644e-07 0 0 0
3282 1676 0.0255749 -0.497565 -0.86705 -0.0199705 -1.26686e-06 0 0 0
1347 3678 0.967446 -0.0304691 0.251235 -0.0203425 -1.62223e-06 0 0 0
3346 1018 0.365369 -0.118513 0.923288 -9.76333e-05 -7.67378e-09 0 0 0
940 3894 0.816416 0.557105 -0.151983 -0.0098224 -7.62281e-07 0 0 0
940 2367 0.317512 -0.84658 0.427187 -0.0039443 -2.24614e-07 0 0 0
5132 4274 0.762487 0.646738 0.0185403 -0.0038911 -3.16956e-07 0 0 0
4640 1117 0.717485 -0.617829 -0.321718 -0.00976798 -7.9805e-07 0 0 0
4640 2807 0.463528 0.328372 0.822991 -0.0106387 -7.35514e-07 0 0 0
4640 2191 0.447228 0.891809 -0.068291 -0.0112275 -7.64938e-07 0 0 0
1819 1690 0.615541 -0.541116 -0.572977 -0.00205631 -1.53993e-07 0 0 0
1819 4969 0.949243 0.206777 0.237024 -0.0176506 -1.52053e-06 0 0 0
1422 1168 0.93636 0.270606 0.223613 -0.00251793 -1.67527e-07 0 0 0
1422 1006 0.748346 -0.404187 -0.525938 -0.00415177 -3.71334e-07 0 0 0
392 3720 0.767845 -0.458083 -0.447855 -0.00352644 -3.15747e-07 0 0 0
3757 4299 0.137896 -0.0138473 0.99035 -0.001211 -8.4328e-08 0 0 0
1238 3347 0.839901 0.235455 -0.489007 -0.00521763 -4.77946e-07 0 0 0
703 2409 0.18677 -0.601012 0.777111 -0.000240225 -1.71787e-08 0 0 0
2962 545 0.544204 0.838917 0.00779947 -0.00124025 -9.1002e-08 0 0 0
2962 4521 0.179202 -0.857861 -0.481623 -0.00617263 -4.71462e-07 0 0 0
4834 203 0.845483 0.416662 -0.333994 -0.0107413 -7.41692e-07 0 0 0
4834 80 0.0597301 -0.0402767 0.997402 -0.00493398 -4.2683e-07 0 0 0
2287 1685 0.00440633 0.533899 -0.845537 -0.00854531 -8.3003e-07 0 0 0
2287 2717 0.23447 -0.524984 0.818178 -0.0136339 -1.08256e-06 0 0 0
5511 2626 0.735344 0.160441 0.658429 -0.0152641 -1.27665e-06 0 0 0
4069 4098 0.295642 -0.614292 -0.731602 -0.0107508 -7.00102e-07 0 0 0
4069 3135 0.162328 0.640243 0.750825 -0.0139733 -1.22551e-06 0 0 0
2287 1450 0.783131 0.111589 0.611762 -0.00832091 -7.16261e-07 0 0 0
2287 1944 0.95344 0.173628 -0.246588 -0.00208011 -1.62126e-07 0 0 0
4069 1890 0.255574 0.563231 -0.785782 -0.00437243 -2.80851e-07 0 0 0
5150 2990 0.212697 -0.609794 -0.763486 -0.00382161 -3.08263e-07 0 0 0
3229 1602 0.879107 -0.102649 0.46544 -1.50699e-05 -1.18578e-09 0 0 0
5150 1336 0.476056 0.876191 -0.0752395 -0.00152006 -1.23786e-07 0 0 0
5150 2139 0.687258 -0.131486 0.714414 -0.00155749 -1.33067e-07 0 0 0
3229 4679 0.63044 0.716392 -0.298878 -0.0054252 -3.9747e-07 0 0 0
3229 5318 0.570105 -0.773098 -0.278027 -0.00375392 -2.69855e-07 0 0 0
2217 2851 0.255949 -0.948577 0.18626 -0.000844215 -7.00783e-08 0 0 0
2874 630 0.674566 -0.351702 0.649051 -0.00399094 -2.75843e-07 0 0 0
2704 5307 0.768196 0.0515284 0.638138 -0.00432816 -3.50698e-07 0 0 0
2874 3584 0.888026 -0.319035 -0.331099 -0.00457893 -3.79279e-07 0 0 0
3328 543 0.0376502 0.733169 -0.679004 -0.000577919 -4.2462e-08 0 0 0
2144 1446 0.855931 0.324266 -0.402782 -0.0153772 -1.37966e-06 0 0 0
2704 264 0.200332 0.95701 -0.209757 -0.00751472 -5.843e-07 0 0 0
360 2061 0.856845 -0.15868 0.490548 -0.00163432 -1.52363e-07 0 0 0
4666 969 0.219084 0.426686 -0.877463 -0.0126542 -8.44422e-07 0 0 0
360 3081 0.225172 0.973467 -0.0407388 -0.00389073 -3.56301e-07 0 0 0
4666 590 0.622347 -0.773115 -0.122381 -0.00880545 -7.16763e-07 0 0 0
360 566 0.161599 0.320475 -0.933371 -0.00779135 -6.6904e-07 0 0 0
1156 820 0.970497 0.0253164 -0.239782 -0.00717405 -5.93558e-07 0 0 0
1156 2519 0.63922 -0.0586709 0.766782 -0.00620511 -4.63984e-07 0 0 0
1156 3355 0.473524 -0.867894 0.150119 -0.0116949 -8.97006e-07 0 0 0
1156 3199 0.177508 -0.38135 -0.907228 -0.00400366 -3.31713e-07 0 0 0
2563 1755 0.81977 0.478939 -0.313998 -0.0110945 -8.49531e-07 0 0 0
1504 1321 0.253706 0.877927 0.406051 -0.00650612 -5.07144e-07 0 0 0
1504 534 0.637597 -0.636045 -0.434645 -0.00302211 -2.04451e-07 0 0 0
1504 4925 0.663029 0.0962887 0.742375 -0.00779192 -5.28786e-07 0 0 0
2563 3578 0.61628 -0.374931 0.69255 -0.00828446 -6.15715e-07 0 0 0
1504 4469 0.943314 0.29034 -0.160813 -0.000904278 -6.11721e-08 0 0 0
5161 2351 0.361702 -0.849954 -0.383081 -0.00471966 -3.59606e-07 0 0 0
1913 588 0.790758 0.500158 0.352909 -0.00293528 -1.90916e-07 0 0 0
1913 3115 0.345222 -0.686787 -0.639645 -0.00249958 -1.83548e-07 0 0 0
3555 4914 0.625914 0.71242 -0.317316 -0.000337965 -1.8773e-08 0 0 0
5161 4523 0.924402 -0.0911628 0.370365 -0.0124818 -9.29874e-07 0 0 0
2165 5298 0.87093 0.171084 0.460665 -0.00184419 -1.20497e-07 0 0 0
1404 5105 0.448336 -0.763143 -0.465411 -0.00384317 -2.87035e-07 0 0 0
1404 1446 0.808866 0.381733 0.447231 -0.00199082 -1.7239e-07 0 0 0
2165 4799 0.439913 -0.192415 -0.877185 -0.00292737 -1.96047e-07 0 0 0
402 2770 0.865083 0.343101 -0.365941 -0.0087007 -6.94007e-07 0 0 0
402 2674 0.233523 -0.363518 -0.901843 -0.00743287 -5.66723e-07 0 0 0
402 3503 0.114719 -0.0395391 0.992611 -0.00728292 -5.32807e-07 0 0 0
5463 175 0.879387 -0.472809 -0.0559512 -0.00266593 -2.07493e-07 0 0 0
953 216 0.750186 0.62001 0.2298 -0.0115999 -7.36175e-07 0 1 0
2840 327 0.199091 -0.456594 -0.867113 -0.00123292 -1.06413e-07 0 0 0
5463 3503 0.141155 0.68914 -0.710747 -0.00330922 -2.60759e-07 0 0 0
418 5025 -0.0298447 0.791537 0.610392 -0.00840064 -7.06281e-07 0 0 0
418 4548 0.478142 -0.543165 -0.690183 -0.00284826 -2.39258e-07 0 0 0
418 1042 0.626762 -0.255874 0.736001 -0.0110542 -8.83919e-07 0 0 0
418 2907 0.658651 0.564714 -0.497269 -0.0120349 -8.60004e-07 0 0 0
4199 1543 0.843808 0.493364 0.211141 -0.00364209 -2.40684e-07 0 0 0
3639 4154 0.178725 -0.814672 -0.551695 -0.0149938 -1.19424e-06 0 0 0
3639 4395 0.34482 0.0514687 -0.937257 -0.0183167 -1.17083e-06 0 0 0
3639 2232 0.623148 0.779653 -0.0618732 -0.0222744 -1.50579e-06 0 0 0
448 1238 0.38753 -0.870104 0.304532 -0.000250788 -2.07427e-08 0 0 0
4199 3135 0.0853555 -0.715603 -0.693273 -0.0109199 -1.04282e-06 0 0 0
4182 2399 0.609505 -0.774906 -0.167406 -0.00718291 -6.81015e-07 0 0 0
4182 4640 0.138828 0.746388 0.65087 -0.00893148 -7.70086e-07 0 0 0
1596 4902 0.538215 0.830155 0.145488 -0.0239955 -2.18549e-06 0 0 0
4652 3739 0.815272 -0.576957 -0.0495184 -0.0248468 -2.14049e-06 0 0 0
4652 5496 0.895221 0.374092 0.242147 -0.00591955 -4.23351e-07 0 0 0
1596 3816 0.250365 -0.882657 -0.397786 -0.0074985 -5.9655e-07 0 0 0
3764 3811 -0.0166564 -0.493816 0.869407 -0.0183358 -1.48794e-06 0 0 0
3764 2443 0.198693 0.762883 -0.615248 -0.012997 -1.07752e-06 0 0 0
3993 887 0.850054 0.0752184 0.521297 -0.00502667 -3.53156e-07 0 0 0
3993 752 0.657844 0.720506 -0.219345 -0.00279815 -1.90056e-07 0 0 0
3764 5364 0.756303 0.077697 0.649591 -0.000719271 -5.51262e-08 0 0 0
2073 3599 0.780587 0.226381 0.582611 -0.000876266 -7.6954e-08 0 0 0
2073 5470 0.89132 -0.300763 -0.339251 -0.00166142 -1.31771e-07 0 0 0
129 774 -0.00604641 0.644692 -0.764419 -0.00234331 -1.67479e-07 0 0 -1
3993 40 0.364221 -0.431781 -0.825171 -0.00280558 -1.90659e-07 0 0 0
129 1743 0.693888 0.00373923 0.720073 -0.0051864 -3.98574e-07 0 0 0
1161 1447 0.751768 -0.659239 -0.0157791 -0.000938486 -6.59689e-08 0 0 -1
3811 1060 0.327324 0.584189 0.742686 -0.0129033 -1.13151e-06 0 0 0
3811 1004 0.434314 -0.507337 0.744299 -0.014403 -1.19394e-06 0 0 0
3811 1591 0.540277 -0.689499 -0.482382 -0.00792233 -7.67833e-07 0 0 0
3811 5364 0.792692 0.574358 -0.204335 -0.00238 -1.9262e-07 0 0 0
1485 1969 0.0431574 -0.355601 -0.933641 -0.00508963 -3.21621e-07 0 0 0
1485 3647 0.27493 0.580093 0.76675 -0.0181722 -1.15613e-06 0 0 0
1485 447 0.214501 -0.923524 0.317952 -0.00767141 -5.7694e-07 0 0 0
1161 1238 -0.0197082 0.230813 -0.972799 -0.00490715 -3.98609e-07 0 0 -1
5436 374 0.887547 -0.298077 -0.351297 -0.013031 -9.83696e-07 0 0 0
1485 3368 0.84308 -0.470679 -0.260147 -0.0131231 -1.00296e-06 0 0 0
2729 1201 0.134933 0.850818 -0.50784 -0.016626 -1.06353e-06 0 0 0
596 1357 0.820834 0.522484 -0.230743 -0.0056559 -3.48901e-07 0 0 0
2729 3649 0.488938 0.0725029 0.869301 -0.0027075 -2.22005e-07 0 0 0
596 566 0.0352532 -0.86296 0.50404 -0.00979698 -7.14874e-07 0 0 0
5292 292 0.629178 -0.0201005 -0.777002 -0.0205053 -1.54158e-06 0 0 0
5292 742 0.434654 0.2619 0.861675 -0.020989 -1.43531e-06 0 0 0
774 4144 0.294708 0.819277 0.491867 -0.014209 -1.19823e-06 0 0 1
2007 2260 0.653749 -0.383172 0.652527 -0.00728864 -5.0656e-07 0 0 0
774 394 0.97094 -0.237054 0.0328705 -0.00276147 -2.18666e-07 0 0 0
2007 2605 0.509467 -0.584092 -0.631886 -0.0306257 -1.97887e-06 0 0 0
1844 570 0.388743 0.663723 0.639023 -0.0122115 -1.13582e-06 0 0 0
1844 3610 0.591717 -0.0798089 -0.802186 -0.026724 -1.50605e-06 0 0 0
1844 3762 0.621007 -0.125596 0.773677 -0.00266532 -2.51649e-07 0 0 0
3674 1474 0.0921599 0.788907 0.607563 -0.00263625 -1.93452e-07 0 0 0
1844 4459 0.907988 0.418398 -0.0223713 -0.00165921 -1.26478e-07 0 0 0
426 1707 0.275245 0.643628 -0.714131 -0.00426081 -3.3731e-07 0 0 0
3798 3825 0.485531 0.597847 -0.637839 -0.00367159 -2.78463e-07 0 0 0
1907 2521 0.540649 -0.453965 -0.708247 -0.0116562 -7.21804e-07 0 0 0
1907 2084 0.504721 -0.732435 0.456943 -0.0080175 -5.14209e-07 0 0 0
1907 4507 0.0798988 0.940552 0.330117 -0.00694139 -4.12992e-07 0 0 0
4299 114 0.476394 0.768889 0.426448 -0.00739926 -4.33562e-07 0 0 0
2791 4073 0.68749 0.72566 0.027843 -0.00281261 -2.27336e-07 0 0 0
4299 1176 0.777886 -0.376408 -0.5032 -0.0101889 -7.67129e-07 0 0 0
2791 1340 0.649706 -0.234228 0.723201 -0.0139488 -7.98143e-07 0 0 0
76 1201 0.0624904 0.532834 0.84391 -0.0154846 -1.05254e-06 0 0 0
76 2569 0.218347 0.485917 -0.846292 -0.0178762 -1.19777e-06 0 0 0
2791 909 0.425346 -0.621347 -0.658034 -0.0219823 -1.29431e-06 0 0 0
2791 938 0.107119 0.613136 -0.782681 -0.00565559 -5.18039e-07 0 0 0
1159 5515 0.90355 0.298693 -0.307212 -0.0085545 -7.05367e-07 0 0 0
76 3618 0.761651 -0.239039 -0.602286 -0.0182343 -1.13169e-06 0 0 0
76 2946 0.793923 0.498257 0.348462 -0.0302437 -2.54934e-06 0 0 0
5025 630 0.7718 0.570376 0.281063 -0.0146867 -1.39549e-06 0 0 0
1159 4507 0.230763 -0.308094 0.922945 -0.00994787 -8.88564e-07 0 0 0
4036 1340 0.917897 -0.372111 -0.137833 -0.00712632 -6.60832e-07 0 0 0
4036 3706 0.642564 0.284492 0.71146 -0.00321165 -2.65143e-07 0 0 0
5125 2829 0.679564 0.72975 -0.0752164 -0.0118083 -1.13304e-06 0 0 0
5125 1854 0.702025 -0.177393 -0.689705 -0.00530162 -4.21101e-07 0 0 0
4036 2791 0.169462 -0.102618 -0.98018 -0.0107905 -9.93528e-07 0 0 0
4188 1685 0.116492 0.925748 0.35975 -0.0197409 -1.5707e-06 0 0 0
4188 4952 0.843017 -0.305273 -0.442866 -0.00329032 -2.83063e-07 0 0 0
1359 3576 0.962289 0.00934428 0.27187 -0.000661964 -5.70373e-08 0 0 0
1359 3282 0.11869 0.576243 -0.808614 -0.00259139 -1.56719e-07 0 0 0
4663 2191 0.6514 -0.699848 -0.293073 -0.00613484 -5.47985e-07 0 0 0
3154 3679 0.572397 0.800743 0.176556 -0.00990499 -7.84036e-07 0 0 0
3154 1056 0.680358 -0.696021 -0.229495 -0.00689415 -5.82684e-07 0 0 0
4663 2674 0.329825 0.760966 -0.558701 -0.00335867 -2.98598e-07 0 0 0
1969 5357 0.0538904 -0.848761 0.526023 -0.00587229 -5.40517e-07 0 0 0
1969 4244 0.235963 0.482038 -0.843778 -0.00805059 -4.79034e-07 0 0 0
2683 978 0.805198 0.39729 -0.440246 -0.00915756 -8.47567e-07 0 0 0
2683 3570 0.322899 -0.618526 0.716353 -0.0112157 -9.18393e-07 0 0 0
1872 2527 0.610117 0.361023 0.705279 -0.00857356 -6.64752e-07 0 0 0
1872 2521 0.522164 -0.768477 0.369849 -0.00509713 -3.23459e-07 0 0 0
1969 689 0.989244 -0.00939726 -0.145972 -0.00734474 -5.1565e-07 0 0 0
4323 1357 0.921339 -0.299313 0.248084 -0.00769762 -5.31731e-07 0 0 0
4323 3993 0.0509962 0.390941 -0.919002 -0.0112034 -7.33144e-07 0 0 0
4323 596 0.072139 -0.862989 0.500046 -0.00752548 -5.0666e-07 0 0 0
476 1030 0.752877 0.629104 0.193404 -0.00903798 -6.25819e-07 0 0 0
3240 4533 0.90875 0.00362252 -0.417326 -0.00943656 -9.06024e-07 0 0 0
3240 4805 0.826132 -0.117434 0.551104 -0.00917382 -6.57286e-07 0 0 0
3231 2061 0.6742 -0.218907 -0.705361 -0.00740582 -4.41719e-07 0 0 0
104 3504 0.45953 -0.86773 -0.18941 -0.011055 -7.78822e-07 0 -1 0
104 2966 0.50653 -0.33855 0.792976 -0.0200699 -1.36177e-06 0 0 0
104 216 0.692815 0.143305 -0.706733 -0.0285966 -1.83596e-06 0 0 0
3827 3777 0.852617 0.21755 -0.475096 -2.54482e-05 -2.0138e-09 0 0 0
3231 4827 0.548659 0.809623 -0.208528 -0.00521174 -3.57333e-07 0 0 0
4638 4698 0.178061 0.8762 0.447848 -0.00249217 -2.00148e-07 0 0 0
4638 5148 0.28217 0.36219 -0.888369 -0.00228927 -1.77823e-07 0 0 0
3231 2217 0.00573589 -0.97511 0.221645 -0.000844216 -5.89989e-08 0 0 0
2253 3182 0.769605 0.0758808 -0.633995 -0.0123739 -8.96609e-07 0 0 0
4638 180 0.975234 -0.151513 0.161128 -0.0128629 -1.1185e-06 0 0 0
2253 3608 0.531679 0.667744 0.520994 -0.00644141 -4.87059e-07 0 0 0
2253 4791 0.178663 -0.271662 0.945663 -0.0121519 -9.97887e-07 0 0 0
3476 566 0.227386 -0.00804475 0.973772 -0.00450426 -3.84837e-07 0 0 0
2407 4968 -0.0232519 -0.920512 0.390021 -0.00291178 -2.42778e-07 0 0 0
3476 596 0.174087 0.913018 0.368907 -0.00108042 -9.9183e-08 0 0 0
2407 3030 0.218203 -0.552299 -0.804583 -0.0189683 -1.46857e-06 0 0 0
2407 4928 0.401477 0.812012 -0.423619 -0.00887893 -5.22192e-07 0 0 0
112 328 0.961508 -0.177899 0.209414 -0.000590366 -3.97578e-08 0 0 0
2407 3755 0.853869 -0.343561 0.390992 -0.0224112 -1.40571e-06 0 0 0
2407 3794 0.873215 -0.0177296 -0.487013 -0.00876507 -6.87737e-07 0 0 0
4851 2575 0.769439 -0.453904 0.449371 -0.00485493 -3.51833e-07 0 0 0
4851 68 0.823104 0.136861 -0.551152 -0.0212555 -1.52224e-06 0 0 0
47 2715 0.068163 -0.443341 -0.893757 -0.00765131 -5.74162e-07 0 0 0
47 1296 0.251139 0.878197 0.407062 -0.004927 -3.79897e-07 0 0 0
47 4821 0.772317 -0.635231 0.00288397 -0.00803128 -5.99695e-07 0 0 0
112 2399 0.512782 -0.1109 -0.851326 -0.00200359 -1.33726e-07 0 0 0
4528 4736 0.0357727 0.116518 0.992544 -0.00360597 -2.66788e-07 0 0 0
1745 2093 0.921399 -0.284101 -0.265163 -0.00904646 -5.58815e-07 0 0 0
1745 2241 0.739035 -0.107256 0.665074 -0.00947833 -7.75064e-07 0 0 0
4528 5419 0.776284 -0.28846 -0.560512 -0.0106489 -9.28013e-07 0 0 0
1745 1739 0.350496 -0.908855 0.22613 -0.00988649 -6.99955e-07 0 0 0
1745 4593 0.20783 0.334461 -0.919207 -0.0123085 -9.8022e-07 0 0 0
1745 3471 0.173573 -0.738027 -0.652065 -0.00169886 -1.24531e-07 0 0 -1
1745 4174 0.204261 0.663456 0.719794 -0.0169615 -9.44402e-07 0 0 0
1960 414 0.778506 0.534664 0.328728 -0.00375964 -2.9707e-07 0 0 0
1960 1937 0.742367 -0.567272 -0.356502 -0.00952598 -6.97701e-07 0 0 0
49 2280 0.208782 -0.741219 0.637969 -0.000329302 -1.90246e-08 0 0 0
3017 3500 0.446345 -0.210433 0.869767 -0.00472475 -3.13753e-07 0 0 0
2715 414 0.717897 -0.653881 -0.23888 -0.00879368 -6.18637e-07 0 0 0
2145 338 0.955615 -0.00209493 0.294609 -0.00416908 -2.93377e-07 0 0 0
2145 5203 0.678348 0.486451 -0.550645 -0.00446608 -3.1461e-07 0 0 0
4541 5498 0.396673 0.268825 0.877715 -0.00831612 -6.85193e-07 0 0 0
2145 4323 0.0517683 -0.655884 -0.753085 -0.0110027 -7.48428e-07 0 0 0
4541 114 0.626609 -0.310273 -0.714907 -0.00738385 -5.99703e-07 0 0 0
1939 1664 0.840571 0.523143 0.140578 -0.00223463 -1.826e-07 0 0 0
4765 2033 0.147286 -0.466932 -0.871941 -0.00977211 -6.86344e-07 0 0 0
4765 1140 0.289561 0.876652 0.384235 -0.00928917 -5.1725e-07 0 0 0
4765 5496 0.679293 -0.604021 0.416796 -0.015641 -9.61794e-07 0 0 0
1939 4098 0.481547 -0.204163 0.852309 -0.0100957 -7.88466e-07 0 0 0
4765 3270 0.894933 -0.148126 -0.420897 -0.000237962 -1.6132e-08 0 0 0
1939 456 0.290879 -0.947572 -0.132274 -0.0136183 -1.04695e-06 0 0 0
1925 4605 0.59806 0.730804 -0.329014 -0.00832831 -4.89338e-07 0 0 0
703 4197 0.366409 -0.920887 -0.133084 -0.0100471 -8.69981e-07 0 0 0
1925 5495 0.580761 -0.101658 -0.807702 -0.0138671 -1.07121e-06 0 0 0
1925 1769 0.801428 -0.148581 0.579342 -0.0379604 -2.53735e-06 0 0 0
3769 2443 -0.0238036 -0.771857 -0.635351 -0.00687883 -4.52312e-07 0 0 0
3769 5180 0.0253732 -0.774796 0.631702 -0.00437431 -3.90551e-07 0 0 0
496 2399 0.700708 0.0514742 0.711589 -0.00989881 -9.17665e-07 0 0 0
496 2367 0.680702 0.647829 -0.341998 -0.00475661 -4.46662e-07 0 0 0
496 703 0.110289 -0.993766 0.0162789 -0.00971567 -8.41094e-07 0 0 0
3769 998 0.773263 -0.240108 -0.586866 -0.0168241 -1.06142e-06 0 0 0
1764 2090 0.793012 0.571839 -0.210076 -0.00842504 -5.47145e-07 0 0 0
5368 2175 0.24237 0.950406 -0.194899 -0.00367017 -2.89683e-07 0 0 0
5368 4633 0.455773 -0.762836 -0.458641 -0.00144061 -1.29545e-07 0 0 0
5368 2654 0.701773 -0.4631 0.541344 -0.00167984 -1.33872e-07 0 0 0
1764 2408 0.758751 -0.605786 -0.239416 -0.00680208 -6.02435e-07 0 0 0
1764 4199 0.160464 -0.144735 0.976372 -0.00537078 -3.49324e-07 0 0 0
5027 969 0.175552 -0.772517 0.610245 -0.00471556 -3.67794e-07 0 -1 0
5027 2034 0.409247 -0.828788 -0.381611 -0.00684772 -5.35017e-07 0 -1 0
718 4327 0.933742 -0.322838 -0.1546 -0.00718106 -5.51577e-07 0 0 0
5027 5475 0.848377 0.488366 0.204342 -0.0185768 -1.35482e-06 0 0 0
718 3007 0.632207 0.411075 -0.656759 -0.00222997 -1.76305e-07 0 0 0
2624 2936 0.103317 -0.926491 -0.361856 -0.00939056 -6.84736e-07 0 0 0
718 433 0.2356 -0.825017 0.513653 -0.000906515 -7.86163e-08 0 0 0
2624 4328 0.323396 0.472428 0.819894 -0.00270961 -1.99512e-07 0 0 0
718 3503 0.0791338 0.958921 0.272413 -0.00323667 -2.4197e-07 0 0 0
718 5463 -0.0434247 0.387359 0.920906 -0.00286558 -2.52381e-07 0 0 0
2624 548 0.976644 -0.0418895 -0.210739 -0.0147349 -1.02357e-06 0 0 0
2990 700 -0.0267367 0.986726 -0.160179 -0.00405967 -3.13532e-07 0 0 0
2990 762 0.0559189 -0.609137 -0.791091 -0.00456377 -3.83662e-07 0 0 0
2990 3132 0.343979 -0.898901 0.271397 -0.00252191 -1.778e-07 0 0 0
718 4663 -0.102507 -0.00104463 -0.994732 -0.00453687 -4.32899e-07 0 0 0
4447 4985 0.508478 -0.186587 0.840616 -0.0198995 -1.34817e-06 0 0 0
4447 433 0.385581 0.424112 -0.819424 -0.000768253 -5.93553e-08 0 0 0
4447 2442 0.255951 -0.587496 -0.767683 -0.0198926 -1.47138e-06 0 0 0
334 4286 0.777402 0.187001 0.600564 -0.0234362 -1.74292e-06 0 0 0
1587 2974 0.890032 -0.0427582 0.453889 -0.00396888 -2.97382e-07 0 0 0
334 3036 0.266758 -0.174013 -0.947924 -0.0112747 -7.95121e-07 0 1 0
334 426 0.0293095 0.816217 -0.577002 -0.000326142 -2.7103e-08 0 1 0
3444 734 0.825851 0.316524 0.466672 -0.00303858 -2.40824e-07 0 0 0
3444 453 0.581368 0.343744 -0.737463 -0.00987509 -7.0191e-07 0 0 0
3444 4199 0.213021 -0.866936 -0.450605 -0.00540023 -4.0428e-07 0 0 0
5131 2684 0.550453 -0.834012 -0.0377536 -0.00977507 -7.60106e-07 0 0 0
2443 3647 0.199583 0.605962 -0.77005 -0.0249096 -1.62405e-06 0 0 0
2443 3033 0.676499 -0.38299 -0.629021 -0.0195318 -1.2708e-06 0 0 0
2443 998 0.835123 0.548347 0.0434283 -0.00970087 -6.14931e-07 0 0 0
5131 40 0.563513 0.735711 0.375742 -0.0112816 -9.46566e-07 0 0 0
5131 4174 0.40999 -0.0974847 -0.906865 -0.00980863 -8.42859e-07 0 0 0
1411 1768 0.792709 0.484554 0.369891 -0.00291933 -2.43027e-07 0 0 0
700 413 0.381553 0.616686 -0.68856 -0.00406168 -3.41697e-07 0 0 0
2022 3849 0.703835 -0.612764 -0.359356 -0.0051443 -3.81845e-07 0 0 0
2734 591 0.769059 -0.01135 -0.639077 -0.00604651 -5.79847e-07 0 0 0
2734 3097 0.447109 0.890438 0.0849301 -0.0108009 -8.53335e-07 0 0 0
2734 1620 0.329777 -0.270475 0.904484 -0.00442782 -2.55705e-07 0 0 0
3266 287 0.811018 -0.149497 0.565597 -0.00345287 -2.20437e-07 0 0 0
5136 2083 0.463215 -0.233462 0.854943 -0.0136442 -1.10108e-06 0 0 0
5136 2813 0.672387 -0.418467 -0.610559 -0.0352553 -3.11032e-06 0 0 0
3266 3578 0.637411 -0.732989 -0.237561 -0.0183998 -1.22282e-06 0 0 0
3266 3036 0.238784 0.897773 0.370115 -0.012596 -7.90815e-07 0 1 0
2936 3280 0.408977 -0.900431 0.148192 -0.0130513 -9.79136e-07 0 0 0
3222 4703 0.654774 0.364332 0.662219 -0.022889 -1.43035e-06 0 0 0
3633 3081 0.728854 -0.437143 0.526951 -0.00142623 -1.07011e-07 0 0 0
3222 3500 0.366034 0.9304 -0.0193443 -0.00717155 -5.18656e-07 0 0 0
4235 4202 0.0539003 -0.998227 0.025232 -0.00346404 -3.36305e-07 0 0 0
4235 1246 0.248858 0.489771 0.83558 -0.0132202 -8.93352e-07 0 0 0
4235 3527 0.450303 -0.490222 0.746264 -0.00472835 -2.71491e-07 0 0 0
4235 1099 0.409926 -0.638405 -0.65146 -0.0090716 -6.91586e-07 0 0 0
874 3608 0.650961 -0.734311 -0.19245 -0.0109215 -9.11244e-07 0 0 0
874 1596 0.263158 0.502179 -0.82375 -0.00655803 -5.76995e-07 0 0 0
874 3222 0.177689 0.0571533 0.982426 -0.0210783 -1.94705e-06 0 0 0
2328 4244 0.269176 -0.800567 -0.535385 -0.00552002 -4.47203e-07 0 0 0
3443 752 0.929257 -0.27044 -0.25168 -0.01182 -9.3698e-07 0 0 0
5473 3245 0.619645 -0.643496 0.449392 -0.0209341 -1.34428e-06 0 0 1
5473 4985 0.466581 0.0565593 -0.882668 -0.0191833 -1.35351e-06 0 0 0
4159 4754 0.888952 0.427181 0.165167 -0.0141536 -9.0808e-07 0 0 0
4159 4741 0.638322 -0.582472 -0.503262 -0.0149121 -1.23193e-06 0 0 0
3742 4456 0.517918 0.83999 -0.161798 -0.00115764 -8.86516e-08 0 0 0
4159 4197 0.304652 0.742823 -0.596155 -0.0105223 -9.82861e-07 0 0 0
4159 425 0.368128 -0.865704 0.339175 -0.00498189 -2.78118e-07 0 0 0
1685 772 0.933095 0.239258 -0.268493 -0.0152591 -1.42798e-06 0 0 0
4159 2409 0.140889 0.950569 0.27671 -0.00587394 -4.50594e-07 0 0 0
1325 4741 0.881308 0.0841922 0.464982 -0.011019 -7.96213e-07 0 0 0
4968 4358 0.240238 0.0052311 0.9707 -1.49775e-05 -1.2314e-09 0 0 0
4968 1886 0.816304 -0.506118 0.278374 -0.00220378 -1.84235e-07 0 0 0
1821 1553 0.512242 -0.0102955 -0.85878 -0.0151437 -1.25772e-06 0 0 0
1821 3240 0.237883 -0.942979 -0.232814 -0.00605184 -5.32262e-07 0 -1 0
1503 3431 0.556571 -0.0770802 -0.827217 -0.0176246 -1.36585e-06 0 0 0
1503 1596 0.245096 0.294338 0.923739 -0.01354 -1.08995e-06 0 0 0
2676 742 0.515189 -0.15971 -0.842065 -0.00619657 -4.04521e-07 0 0 0
1200 1947 0.662122 0.724948 -0.189856 -0.00127647 -9.2013e-08 0 0 0
2676 1620 0.460439 0.773465 -0.435601 -0.00140969 -9.41693e-08 0 0 0
1200 1631 0.987145 -0.158238 -0.0224988 -0.00215259 -1.81596e-07 0 0 0
2676 5511 0.0984676 0.0147781 0.995031 -0.0170923 -1.39346e-06 0 0 0
2398 49 0.790383 0.248127 0.560114 -0.0100155 -6.90389e-07 0 0 0
2398 4858 0.680177 -0.711154 -0.177818 -0.00218239 -1.86625e-07 0 0 0
5179 585 0.923308 -0.0141219 0.383799 -0.00665929 -5.72375e-07 0 0 0
2583 3463 0.781381 -0.622742 -0.0404563 -0.00472983 -3.3131e-07 0 0 0
5179 4791 0.305346 -0.818857 -0.486043 -0.0101526 -8.20065e-07 0 0 0
5179 3222 0.184916 0.881207 0.435064 -0.0116069 -1.02119e-06 0 0 0
1901 4799 0.765628 0.363188 0.53095 -0.0388579 -3.511e-06 0 0 0
3015 4359 0.866051 0.0705732 -0.494949 -0.00329373 -2.59854e-07 0 0 0
24 4977 0.962956 -0.267879 -0.030918 -0.0125292 -1.06988e-06 0 0 0
1199 3278 0.0923508 0.446737 -0.889886 -0.00202565 -1.08496e-07 0 0 0
24 3901 0.744979 0.543695 0.386526 -0.00983724 -8.78573e-07 0 0 0
1199 1505 0.511065 -0.853895 0.0983699 -0.00321866 -2.74471e-07 0 0 0
24 3885 0.593182 0.447381 -0.669317 -0.0101739 -6.41029e-07 0 0 0
1199 1810 0.873792 -0.190223 -0.447552 -0.00464834 -2.58416e-07 0 0 0
4208 5311 0.14709 0.174254 -0.973653 -0.0066008 -5.26799e-07 0 0 0
4208 989 0.50784 -0.841648 -0.18365 -0.00171925 -1.42884e-07 0 0 0
3969 2399 0.659176 0.667978 -0.345388 -0.00895353 -6.61073e-07 0 0 0
4208 3597 0.978616 0.0352897 0.202648 -0.00741664 -5.63544e-07 0 0 0
861 1384 0.44516 -0.415211 -0.793368 -0.00437646 -3.37114e-07 0 0 0
861 1363 0.629349 -0.761221 0.156404 -0.000510264 -3.79936e-08 0 0 0
3969 2409 0.303397 -0.901826 -0.307669 -0.0151707 -1.04628e-06 0 0 0
861 1376 0.872616 0.477793 0.101267 -0.00187016 -1.47236e-07 0 0 0
1791 3136 0.331151 -0.263639 -0.905999 -0.00806641 -6.43024e-07 0 0 0
1791 5474 0.498219 0.724117 -0.476898 -0.0045039 -3.91682e-07 0 0 1
2719 1698 0.76951 0.519505 0.371442 -0.011215 -9.72634e-07 0 0 0
1791 3363 0.932066 0.0282507 0.361184 -0.00681202 -6.34165e-07 0 0 1
2719 1365 0.652082 -0.230704 -0.722194 -0.00277379 -1.59606e-07 0 0 0
4483 1761 0.569479 0.808111 0.150498 -0.000109913 -9.19714e-09 0 0 0
1444 4195 0.386718 -0.810333 0.440237 -0.0121031 -9.67516e-07 0 0 0
708 2596 0.787896 -0.287928 -0.54435 -0.0110745 -9.4263e-07 0 0 0
708 1241 0.687753 0.709468 -0.153785 -0.0155435 -1.29638e-06 0 0 0
3940 2497 0.422711 0.834727 -0.352911 -0.00401107 -3.25737e-07 0 0 0
5039 2064 0.693777 -0.104364 0.712588 -0.00575256 -4.4004e-07 0 0 0
3940 3975 0.752961 -0.657808 -0.0184201 -0.00109692 -1.0136e-07 0 0 0
3373 5292 0.205585 -0.804342 0.557466 -0.00315718 -2.32851e-07 0 0 0
759 1768 0.191538 0.907186 -0.374602 -0.00834271 -6.53815e-07 0 0 0
759 1218 0.227508 -0.650473 0.724655 -0.00316047 -2.53093e-07 0 0 1
759 3869 0.684733 -0.714004 -0.146079 -0.0103924 -7.9528e-07 0 0 0
3284 620 0.821814 0.0217066 -0.569343 -0.00254916 -1.99814e-07 0 0 0
3284 1405 0.607088 -0.784222 0.128217 -0.001663 -1.21402e-07 0 0 0
969 2034 0.201209 0.0191068 -0.979362 -0.00666094 -5.60123e-07 0 0 0
969 1947 0.564965 -0.677139 -0.471485 -0.00178274 -1.33653e-07 0 0 0
969 4537 0.701382 0.639892 0.314009 -0.00395839 -3.10425e-07 0 0 0
1212 3480 0.704516 -0.66199 -0.255786 -0.0240978 -1.44203e-06 0 0 0
4042 2315 0.727285 -0.295595 0.619419 -0.0275971 -1.96988e-06 0 0 0
1496 1272 0.885539 0.445226 0.132649 -0.0191308 -1.36547e-06 0 0 0
1496 2620 0.819231 -0.494188 0.290927 -0.00901311 -5.27474e-07 0 0 0
3939 216 0.662551 -0.707529 0.245822 -0.00301102 -1.98055e-07 0 0 0
3939 771 0.856684 0.34583 0.382746 -0.00754598 -5.18443e-07 0 0 0
1293 2409 0.441085 0.631114 -0.638074 -0.0100037 -8.45539e-07 0 0 0
1293 4159 0.240399 -0.452505 -0.858748 -0.00994111 -9.51428e-07 0 0 0
2662 852 0.848925 -0.085165 0.521607 -0.012995 -9.64989e-07 0 0 1
2662 2084 0.785185 -0.321824 -0.529069 -0.0244005 -1.68763e-06 0 0 0
2662 5436 0.174925 -0.825948 0.535921 -0.00100192 -7.14491e-08 0 -1 1
2662 1901 -0.0390218 0.574913 0.817283 -0.0263581 -2.2477e-06 0 0 1
4627 1405 0.664006 0.154674 -0.731554 -0.0131045 -1.02476e-06 0 0 0
4164 630 0.504532 -0.852603 -0.136069 -0.00565298 -4.26638e-07 0 0 0
4164 2176 0.447396 0.732821 0.51265 -0.00839826 -6.33491e-07 0 0 0
4164 1421 0.753077 -0.229826 0.616486 -0.0178917 -1.52938e-06 0 0 0
4164 3016 0.927154 0.289372 -0.23801 -0.0278116 -1.93711e-06 0 0 0
1618 2923 0.314894 0.739417 0.595066 -0.000370208 -2.79407e-08 0 0 0
1201 5381 0.728708 0.401064 0.555097 -0.0175818 -1.17397e-06 0 0 0
1201 2946 0.793514 -0.0774736 -0.6036 -0.0168461 -1.30036e-06 0 0 0
5395 1535 0.601077 -0.0272751 -0.798726 -0.00370739 -2.59722e-07 0 0 0
816 4581 0.32335 0.398278 0.858382 -0.00114627 -7.35592e-08 0 0 0
327 2970 0.335535 0.938885 0.0768779 -0.0181692 -1.59481e-06 0 0 0
327 4447 0.00482115 -0.861156 -0.508318 -0.0100976 -7.5561e-07 0 0 0
4813 4727 0.92246 0.371736 0.104311 -0.00566529 -3.61887e-07 0 0 0
4736 3030 0.162023 0.454463 0.875907 -0.0143698 -1.02894e-06 0 0 1
4736 1379 0.438725 0.802686 -0.404001 -0.00566725 -4.47425e-07 0 0 0
4736 3024 0.609713 -0.780652 0.13723 -0.0110808 -7.68593e-07 0 0 1
4813 3500 0.580305 -0.628675 -0.5177 -0.0143971 -9.57814e-07 0 0 0
4813 2454 0.497919 -0.290924 0.81697 -0.0127138 -8.3804e-07 0 0 0
348 5498 0.271314 -0.922878 0.273284 -0.00644428 -5.49064e-07 0 0 0
348 1646 0.335274 0.262199 -0.904899 -0.00935228 -7.23052e-07 0 0 0
4813 357 0.400542 0.369522 -0.838463 -0.0116794 -8.17642e-07 0 0 0
897 4763 0.69974 -0.395656 -0.594828 -0.0166691 -1.00376e-06 0 0 0
897 1405 0.492638 0.216763 0.842806 -0.0203889 -1.30578e-06 0 0 0
2265 1218 0.187122 0.953233 0.237345 -0.00583533 -4.71034e-07 0 0 1
5394 2260 0.79731 0.568486 0.202782 -0.0130106 -9.33561e-07 0 0 0
5394 1161 0.135056 -0.645547 -0.751684 -0.0048229 -3.41942e-07 0 0 0
5394 1939 0.0295435 -0.948682 0.314848 -0.0125079 -9.86829e-07 0 0 0
4409 357 0.536527 -0.825974 -0.172932 -0.000524016 -4.13672e-08 0 0 0
2265 1417 0.914783 -0.0651694 -0.398653 -0.000986342 -7.25686e-08 0 0 0
4698 504 0.739678 0.552419 0.38433 -0.00251255 -2.42271e-07 0 0 0
4698 1494 0.734194 0.0577353 -0.67648 -0.00502854 -4.2556e-07 0 0 0
4409 2415 0.492317 0.819929 -0.292131 -0.00334462 -2.51082e-07 0 1 0
4409 5267 0.43171 0.0639614 0.899742 -0.0035268 -2.70917e-07 0 0 0
5114 4928 0.310672 -0.948677 -0.059121 -0.0202632 -1.3212e-06 0 0 0
5114 1262 0.254938 0.962085 0.0969506 -0.0191445 -1.53682e-06 0 0 0
222 1534 0.0883638 0.932328 -0.35065 -0.001922 -1.46746e-07 0 0 0
5114 318 0.379065 -0.241901 0.893193 -0.00196487 -1.33334e-07 0 0 0
3842 3081 0.452681 -0.265179 -0.851328 -0.000698676 -5.78585e-08 0 0 0
760 3706 0.888163 -0.237034 -0.393677 -0.000956538 -8.14041e-08 0 0 0
5114 4856 0.969497 -0.207651 0.130216 -0.0118567 -8.87598e-07 0 0 0
2978 1213 0.290421 0.669857 0.683335 -0.0127547 -1.08673e-06 0 0 0
760 3035 0.397179 0.882969 0.25023 -0.00344855 -2.77695e-07 0 0 0
2590 3798 0.20438 0.663604 -0.719624 -0.0036716 -2.67783e-07 0 1 0
2978 1453 0.92416 -0.178861 0.337544 -0.0026592 -2.45524e-07 0 0 0
762 1262 0.393202 0.464428 -0.793536 -0.00290143 -2.32163e-07 0 0 0
762 318 0.524232 -0.839647 0.142032 -0.0047241 -4.00852e-07 0 0 0
2590 5039 0.0407906 -0.136597 0.989787 -0.00658256 -4.85327e-07 0 0 0
3089 4574 0.74886 0.477166 -0.459914 -0.00759611 -4.62089e-07 0 0 0
3089 1385 0.277114 -0.623116 -0.731392 -0.00414268 -2.60242e-07 0 0 0
1060 5364 0.398178 -0.0526792 -0.915794 -0.0197234 -1.62294e-06 0 0 0
1060 4536 0.489754 -0.0550192 0.870123 -0.00945189 -6.29048e-07 0 0 0
1060 5470 0.511461 0.859101 0.0187881 -0.0096257 -7.49939e-07 0 0 0
3040 4574 0.859983 -0.450297 0.24013 -0.011152 -8.42922e-07 0 0 0
4824 2483 0.981388 -0.129476 0.141821 -0.00237711 -1.82303e-07 0 0 0
1296 4927 0.133564 0.935358 0.327515 -0.00517283 -4.08631e-07 0 0 0
1296 3065 0.592158 -0.396784 0.701364 -0.00316083 -1.98753e-07 0 0 0
1296 3435 0.580908 -0.498428 -0.643518 -0.000758211 -5.0756e-08 0 0 0
4824 5395 0.0586945 0.913047 -0.40361 -0.00236886 -1.69213e-07 0 0 0
1828 4099 0.858381 -0.162471 -0.486607 -0.0199634 -1.63366e-06 0 0 0
5357 447 0.12931 0.336119 0.9329 -0.00499199 -4.14769e-07 0 0 0
3951 1183 0.891411 0.0401703 0.451411 -0.0119581 -9.62285e-07 0 0 0
1236 323 0.788852 -0.582933 -0.194684 -0.00984601 -5.91179e-07 0 0 0
5357 2176 0.505281 -0.862655 0.0227713 -0.00693047 -5.64409e-07 0 0 0
1236 4396 0.683783 0.610177 -0.400156 -0.0146418 -1.05541e-06 0 0 0
504 5162 0.178047 0.942402 -0.283158 -0.00128127 -7.0935e-08 0 0 0
4342 3679 0.321042 0.127001 0.938511 -0.00228964 -1.83458e-07 0 0 0
4342 504 0.681434 -0.587196 -0.436863 -0.00960913 -8.57707e-07 0 0 0
4313 1755 0.916617 -0.25559 0.307388 -0.00358166 -2.20496e-07 0 0 0
4313 4413 0.834637 0.451636 -0.315288 -0.00838506 -6.69276e-07 0 0 0
4313 1241 0.542059 -0.637861 -0.547089 -0.00834211 -6.15179e-07 0 0 0
4313 4751 0.450384 0.516219 0.728473 -0.00980489 -7.16877e-07 0 1 0
3239 3504 0.458179 0.614571 -0.642164 -0.00529357 -4.19216e-07 0 0 0
4779 1200 0.983833 -0.0389182 0.174811 -0.000622004 -4.3652e-08 0 0 0
3239 1273 0.941515 0.243135 0.233313 -0.0102502 -8.15711e-07 0 0 0
5311 1606 -0.00074284 0.975045 0.222005 -0.00949419 -7.51795e-07 0 0 0
5311 2552 0.118941 0.0516522 -0.991557 -0.00717272 -5.02037e-07 0 0 0
5250 4791 0.319194 0.831697 -0.454308 -0.00420654 -3.66645e-07 0 0 0
5225 2064 0.763086 0.51256 -0.393678 -0.00686936 -5.33292e-07 0 0 0
5311 3372 0.971443 -0.100223 0.215066 -0.00957851 -8.16947e-07 0 0 0
5225 2843 0.542914 -0.762773 0.351313 -0.0029149 -2.47778e-07 0 0 0
4154 3679 0.281183 -0.82338 -0.492931 -0.00771636 -6.24889e-07 0 0 0
4154 772 0.755977 -0.10133 0.646708 -0.00674827 -5.6304e-07 0 0 0
5225 3240 0.306471 0.0890048 0.94771 -0.00472423 -3.76692e-07 0 0 0
2085 3347 0.814319 0.413757 0.40705 -0.0234659 -1.24951e-06 0 0 0
2085 1752 0.585862 -0.421707 -0.692047 -0.0332543 -2.11407e-06 0 0 0
2085 3559 0.582387 -0.607643 0.539997 -0.0105201 -5.67461e-07 0 0 0
3788 1145 -0.0581365 -0.0193034 0.998122 -0.00744207 -6.16959e-07 0 0 0
2085 1286 0.356651 0.875927 -0.324886 -0.00984227 -7.39584e-07 0 0 0
3788 2966 0.334885 -0.940511 -0.0573718 -0.000677598 -4.49832e-08 0 0 0
2085 1444 -0.0813309 -0.990683 -0.109233 -0.0113979 -1.01886e-06 0 0 0
4086 3688 0.707068 0.675586 0.208899 -0.00898324 -8.01159e-07 0 0 -1
3788 5265 0.757619 -0.209479 -0.618168 -0.00744948 -4.42404e-07 0 0 0
3788 339 0.91145 0.388529 0.135293 -0.00401364 -2.78753e-07 0 0 0
5180 5364 0.480389 -0.851128 -0.211678 -0.00261585 -1.99772e-07 0 0 0
5180 5470 0.602656 0.149674 0.783838 -0.00456404 -3.5537e-07 0 0 0
4086 2315 0.654162 -0.425527 -0.6253 -0.0206413 -1.41991e-06 0 0 -1
4086 3980 0.550569 0.510276 -0.660675 -0.0212401 -1.51908e-06 0 0 -1
346 1125 0.13985 -0.678227 0.721422 -0.00429811 -3.52166e-07 0 0 0
4086 2007 0.204978 -0.25368 0.94532 -0.00327354 -2.04686e-07 0 0 0
2805 3688 0.773836 -0.0561736 -0.63089 -0.00550945 -4.72681e-07 0 0 -1
2805 1331 0.426348 0.853512 -0.299574 -0.0138579 -1.22797e-06 0 0 0
346 2000 0.740383 0.100184 -0.664678 -0.00503314 -3.85775e-07 0 0 0
346 5313 0.903858 0.0552936 0.424244 -0.0247369 -1.89991e-06 0 0 0
2805 2007 0.247261 -0.943274 0.221578 -0.0133411 -8.48585e-07 0 0 0
3976 2811 0.345136 -0.90667 0.24255 -0.000648795 -5.23604e-08 0 0 0
2805 476 0.181495 -0.184007 0.966023 -0.00885819 -5.90566e-07 0 0 0
3976 619 0.485004 -0.185034 -0.854713 -0.00538556 -4.38939e-07 0 0 0
3976 4320 0.993053 -0.0138951 0.116841 -0.00268761 -2.25221e-07 0 0 0
2805 4086 0.0337551 -0.66639 -0.744839 -0.0292439 -1.90055e-06 0 0 0
5304 1405 0.707574 0.706533 0.0122237 -0.00425578 -3.20441e-07 0 0 0
5304 319 0.459932 -0.390202 0.797625 -0.0161105 -1.2805e-06 0 0 0
5304 4627 0.0572461 0.601595 0.796747 -0.00727526 -5.31535e-07 0 0 0
963 1275 0.983491 0.167697 0.0679911 -0.00785566 -5.4603e-07 0 0 0
5304 897 0.15336 0.444992 -0.882305 -0.00150809 -1.18809e-07 0 0 0
1704 2930 0.897997 -0.0155665 0.439725 -0.00824713 -5.87652e-07 0 0 0
1704 3706 0.663582 0.721777 -0.196713 -0.00040975 -3.09469e-08 0 0 0
1704 4036 0.110797 0.500057 -0.858876 -0.00626761 -5.65551e-07 0 0 0
1704 1325 0.0417887 -0.456437 0.888774 -0.00441278 -3.44337e-07 0 0 0
1704 1821 0.0196764 -0.73628 -0.676391 -0.0150178 -1.25004e-06 0 0 0
1704 760 -0.107922 0.982593 0.151207 -0.000252001 -2.34373e-08 0 0 0
2840 4593 0.629224 0.705943 0.325149 -0.00431355 -3.29653e-07 0 0 1
1125 1213 0.0302838 -0.987594 0.154084 -0.0101526 -7.64423e-07 0 0 0
1125 2575 0.364669 -0.680854 -0.63518 -0.0077538 -5.5904e-07 0 0 0
1125 38 0.48311 0.1196 0.867353 -0.0180134 -1.64694e-06 0 0 0
1125 5313 0.663965 0.683831 -0.302533 -0.020091 -1.30281e-06 0 0 0
2840 3471 0.578159 -0.553229 0.599725 -0.00473819 -3.72351e-07 0 0 0
4247 334 0.264251 0.579687 -0.770801 -0.0025647 -2.18888e-07 0 0 0
2733 4202 0.00654806 0.57748 -0.816379 -0.0115233 -1.01451e-06 0 0 0
2733 3527 0.444866 0.890453 0.0958536 -0.0129105 -8.5983e-07 0 0 0
4247 1496 0.249769 -0.630792 -0.734654 -0.00399962 -3.76605e-07 0 0 0
2733 5162 0.709296 -0.298126 0.638765 -0.0213904 -1.43416e-06 0 0 0
4247 2590 0.117689 0.910483 0.396448 -0.00527874 -4.43529e-07 0 0 0
1820 4507 0.493406 0.634785 -0.594642 -0.0211105 -1.9124e-06 0 0 0
1820 2662 0.157448 -0.983558 0.0884563 -0.0185865 -1.56322e-06 0 0 0
3278 1611 0.559157 -0.736838 -0.380017 -0.0013775 -1.33878e-07 0 0 0
3278 1366 0.668504 0.742948 -0.0336392 -8.32351e-05 -5.98574e-09 0 0 0
5109 4593 0.622672 -0.554775 -0.55182 -0.00279393 -2.09532e-07 0 0 0
5109 1745 0.334823 -0.827158 0.451335 -0.00274979 -2.34741e-07 0 0 0
2140 1589 0.391093 -0.606458 -0.692283 -0.00919622 -8.07539e-07 0 0 -1
2122 3280 0.265336 0.639821 0.721267 -0.0146715 -1.09699e-06 0 0 0
2140 456 0.385893 0.0173787 0.92238 -0.00813718 -5.04946e-07 0 0 0
2140 5109 -0.0853427 -0.987903 0.129475 -0.00464266 -3.72809e-07 0 0 0
2122 3678 0.561088 -0.579041 -0.591517 -0.00556943 -4.58614e-07 0 0 0
5445 455 0.98693 0.0625628 0.14851 -0.00715925 -5.40653e-07 0 0 0
4457 4395 -0.00886919 -0.813024 0.582163 -0.0195587 -1.36015e-06 0 0 0
858 4413 0.779673 -0.389814 0.490056 -0.0326262 -2.73446e-06 0 -1 0
4457 4263 0.350483 0.572159 0.741482 -0.00122909 -1.1207e-07 0 0 0
4457 132 0.761344 0.00317936 -0.648341 -0.0115695 -6.52965e-07 0 0 0
858 4488 0.644686 -0.616242 -0.452356 -0.000514567 -4.3805e-08 0 0 0
4457 1880 0.807741 -0.504776 0.304558 -0.0162916 -1.3249e-06 0 0 0
858 4799 0.578963 0.707484 -0.405301 -0.0100049 -6.29674e-07 0 0 0
3022 1000 0.763088 -0.0363752 -0.64527 -0.00912995 -7.0981e-07 0 0 0
2175 647 0.484687 0.845038 0.22581 -0.0034342 -2.86932e-07 0 0 0
2175 2193 0.523103 -0.723487 -0.450478 -0.000896507 -7.21884e-08 0 0 0
3022 3017 0.216276 -0.610048 0.762277 -0.00472475 -3.10775e-07 0 0 0
1049 1392 0.399671 0.907909 0.126347 -0.0254277 -1.6111e-06 0 0 0
3647 2264 0.400267 0.764828 0.504802 -0.00754537 -6.83691e-07 0 1 0
1049 1422 0.34626 -0.93379 -0.0902211 -0.00976644 -6.32438e-07 0 0 0
3647 2335 0.674965 0.508265 -0.534873 -0.0211327 -1.93618e-06 0 0 0
1049 3089 0.0675315 -0.344805 -0.936242 -0.0121537 -7.79277e-07 0 0 0
4950 4178 0.846092 0.17579 -0.503215 -0.00484522 -4.32804e-07 0 0 0
1124 914 -0.0989856 -0.00599284 0.995071 -0.000510861 -4.35671e-08 0 0 0
4700 3917 0.738067 0.0691243 -0.671177 -0.0149352 -1.09888e-06 0 0 0
4700 2965 0.649313 -0.267745 0.711832 -0.0211604 -1.8996e-06 0 0 0
4803 5365 0.992337 -0.0105233 0.123112 -0.00514655 -4.40341e-07 0 0 0
419 4358 -0.0500288 -0.995359 0.0822002 -0.010906 -1.00794e-06 0 0 0
4700 2736 -0.0453315 0.385381 -0.921643 -0.0150777 -1.34699e-06 0 0 0
419 3151 0.571913 0.785351 -0.236936 -0.00731739 -5.20655e-07 0 0 0
419 3755 0.648123 -0.378538 -0.660792 -0.00508727 -3.1676e-07 0 0 0
3965 732 0.394717 0.171269 0.902699 -0.0187825 -1.37262e-06 0 0 0
419 2158 0.984105 -0.0640826 0.165624 -0.0031025 -2.39118e-07 0 0 0
5148 4328 0.173156 -0.972694 0.154543 -0.00641266 -5.1321e-07 0 0 0
3965 708 0.100957 0.768542 -0.631784 -0.0210118 -1.72265e-06 0 0 0
5148 863 0.615521 0.615382 -0.492382 -0.00671493 -5.91007e-07 0 0 0
3965 1212 0.207237 -0.835669 0.508635 -0.00537738 -4.18367e-07 0 0 0
4608 4861 0.685415 -0.200061 -0.70013 -0.00323298 -2.19818e-07 0 0 0
447 851 0.128678 -0.991404 0.0236593 -0.00405914 -3.34063e-07 0 0 0
447 3033 0.588022 0.467858 0.659802 -0.00958025 -7.45089e-07 0 0 0
4608 1175 0.376532 0.36269 0.852455 -0.00691499 -4.67158e-07 0 0 0
610 4763 0.905995 0.420098 -0.0518801 -0.00319405 -2.20474e-07 0 0 0
4969 3739 -0.156855 0.0671011 -0.985339 -0.00130054 -1.27192e-07 0 0 0
610 1431 0.43196 -0.895413 0.107922 -0.00086428 -5.85818e-08 0 0 0
2690 3393 0.989137 0.145023 -0.0239885 -0.00675842 -4.2794e-07 0 0 0
5296 4456 0.303387 -0.908411 -0.287656 -0.00197357 -1.41558e-07 0 0 0
5296 5196 0.666254 0.723524 -0.18061 -0.0053559 -4.04262e-07 0 0 0
2690 2851 0.556322 -0.405032 -0.725572 -0.00593778 -5.09371e-07 0 0 0
2690 4950 0.0115634 -0.892649 0.450604 -0.00600552 -3.86117e-07 0 0 0
4659 1535 0.769702 0.638388 0.00444973 -0.0112214 -8.9591e-07 0 0 0
5314 2791 0.438269 -0.76197 -0.476784 -0.0121258 -1.0455e-06 0 0 0
5314 2398 0.26036 0.775714 0.574875 -0.0146935 -1.18186e-06 0 0 0
1895 5325 0.959197 -0.00585984 0.282677 -0.0255332 -1.9351e-06 0 0 0
3484 273 0.928216 -0.337885 0.155718 -0.000994629 -5.78999e-08 0 0 0
4244 2804 0.99651 -0.0299124 -0.077929 -0.0182375 -1.09708e-06 0 0 0
2033 4456 0.242746 0.165222 -0.955916 -0.00992825 -7.13999e-07 0 0 0
2033 1376 0.63084 -0.623696 0.461568 -0.000194079 -1.60724e-08 0 0 0
2033 3270 0.811399 0.338729 0.476335 -0.00239408 -1.57281e-07 0 0 0
2033 4180 0.869463 -0.283629 -0.404461 -0.005243 -4.23447e-07 0 0 0
3484 1739 0.546013 -0.382894 -0.745159 -0.00190644 -1.38069e-07 0 0 0
3484 2684 0.5034 0.596012 0.625586 -0.00927055 -6.59952e-07 0 0 0
2862 3134 0.870574 0.244037 0.427255 -0.0102661 -6.59644e-07 0 0 0
2862 1392 0.432791 -0.845126 0.313774 -0.0177219 -1.14042e-06 0 0 0
1145 4254 0.120999 0.992025 -0.0353019 -0.00135738 -1.06274e-07 0 0 0
2862 319 0.448206 0.143804 -0.882288 -0.0156696 -1.06373e-06 0 0 0
1145 5475 0.606039 -0.780436 -0.153745 -0.00403797 -3.01983e-07 0 0 0
2862 2736 0.0439734 -0.144417 0.988539 -0.0151277 -1.26066e-06 0 0 0
1145 5435 0.930871 0.358865 0.0685186 -0.0137379 -1.02135e-06 0 0 0
4179 5318 0.992364 0.0493451 0.11304 -0.00781723 -5.76584e-07 0 0 0
2041 5187 0.0828803 0.419451 0.903987 -0.000218342 -1.5779e-08 0 0 0
0 3659 0.975041 0.220949 0.0218271 -0.0378327 -3.41019e-06 0 0 0
4179 3040 0.127727 -0.0776765 0.988763 -0.00228083 -1.70539e-07 0 0 0
3955 5300 0.750813 0.617631 0.234117 -0.00419149 -3.15945e-07 0 0 0
1367 3022 0.814235 -0.528385 0.240481 -0.000690889 -4.60712e-08 0 0 0
3955 3444 0.275414 -0.464949 -0.841409 -0.00973852 -7.5282e-07 0 0 0
1440 4159 0.311919 -0.2417 0.918851 -0.00835373 -6.7177e-07 0 0 0
1440 760 0.0512309 0.537316 -0.841824 -0.00355925 -3.00147e-07 0 0 0
3312 2244 0.139676 0.468295 -0.872462 -0.00139486 -8.94887e-08 0 0 0
1440 1704 0.146833 -0.471695 -0.869451 -0.011358 -8.78288e-07 0 0 0
1997 139 0.53375 0.0130498 0.845542 -0.0104195 -8.99038e-07 0 0 0
196 4981 0.671478 -0.719555 0.177082 -0.00405456 -3.21779e-07 0 0 0
196 2798 0.801168 0.392527 -0.451721 -0.00214052 -1.36334e-07 0 0 0
1997 1236 0.196907 -0.925831 0.322591 -0.00507204 -4.2532e-07 0 0 0
3203 4781 0.970699 0.0376221 -0.237333 -0.000704233 -5.95826e-08 0 0 0
3203 4751 0.638609 -0.650298 0.41145 -0.0117397 -8.10353e-07 0 0 0
1321 1316 0.715672 0.62917 -0.303247 -0.00532401 -3.96884e-07 0 0 0
3203 848 0.435019 0.155515 0.88689 -0.000678827 -5.76125e-08 0 -1 0
2464 4774 0.926517 -0.360176 -0.10881 -0.000376792 -2.59837e-08 0 0 0
2464 2684 0.649467 0.480455 -0.589368 -0.00806327 -5.24865e-07 0 0 0
2464 4552 0.460721 0.481301 0.745711 -0.0108674 -7.26773e-07 0 0 0
3269 292 0.956574 0.0264768 0.290284 -0.000634333 -5.02817e-08 0 0 0
2926 3125 0.679078 -0.733565 0.0271284 -0.0004648 -2.78798e-08 0 0 0
3269 3781 0.512249 0.778681 -0.362294 -0.00820275 -6.02204e-07 0 0 -1
3269 1820 0.0186917 -0.941172 -0.33741 -0.0111955 -9.26846e-07 0 0 -1
2351 1450 0.702413 -0.300761 -0.645103 -0.0081868 -6.27081e-07 0 0 0
1761 570 0.31598 0.224762 -0.921759 -0.00679258 -5.39255e-07 0 0 0
1761 114 0.424998 -0.844223 0.326595 -0.00516661 -4.8216e-07 0 0 0
1761 3774 0.482251 0.87596 0.0113386 -0.00140067 -1.16727e-07 0 0 0
5234 2519 0.867638 0.485418 -0.107585 -0.017163 -1.30532e-06 0 0 0
5234 1000 0.779483 -0.551396 0.297269 -0.00540285 -4.31311e-07 0 0 0
4144 4523 0.598639 0.696258 -0.396052 -0.0203025 -1.66131e-06 0 0 -1
5234 3355 0.708797 -0.269098 -0.652069 -0.0124917 -8.80041e-07 0 0 0
5234 5002 0.607987 0.264242 0.748684 -0.00439808 -3.53023e-07 0 0 0
3435 159 0.65099 -0.38147 0.656271 -0.000507701 -3.34545e-08 0 0 0
2717 1450 0.621688 0.740388 -0.255597 -0.00261191 -1.96146e-07 0 0 0
2717 2128 0.875394 -0.481762 0.0398825 -0.0072305 -5.29259e-07 0 0 0
5512 136 0.99527 0.0233803 0.0942953 -0.00847271 -7.30626e-07 0 0 0
2795 3849 0.845339 0.230741 0.481831 -0.00909982 -5.76847e-07 0 0 0
2795 1815 0.568169 0.246374 -0.785165 -0.00239567 -1.96686e-07 0 0 0
2795 1319 0.558896 -0.724159 0.404016 -0.0118749 -9.29246e-07 0 0 0
1336 3754 0.899015 0.408253 0.158438 -0.00139905 -9.77946e-08 0 0 0
2881 1752 0.927462 0.335239 0.165617 -0.00810733 -6.39731e-07 0 0 0
5498 2820 0.382266 -0.576337 0.722294 -0.0045201 -3.21214e-07 0 0 0
2881 886 0.650521 -0.754031 0.0908856 -0.00602607 -4.83331e-07 0 0 0
2881 1444 0.184973 -0.244857 0.951751 -0.00642526 -4.88216e-07 0 0 0
5498 3423 0.578455 -0.587349 -0.566048 -0.0107767 -7.05782e-07 0 0 0
5498 643 0.98758 0.151675 0.0409836 -0.0132446 -8.65664e-07 0 0 0
2881 5250 0.16225 0.695813 -0.699657 -0.00477794 -3.63817e-07 0 0 0
2383 1815 0.780056 0.400756 0.480529 -0.00255124 -2.08378e-07 0 0 0
1004 3187 0.469203 -0.725904 0.502904 -0.00860773 -7.07393e-07 0 0 0
2383 24 0.389207 -0.779584 0.490681 -0.00679996 -6.69238e-07 0 0 0
1004 5086 0.859667 0.396953 -0.32156 -0.000915246 -6.83582e-08 0 0 0
2383 3969 0.304235 0.141687 -0.942001 -0.00333828 -2.89057e-07 0 0 0
5338 4187 0.347272 0.607945 -0.714007 -0.0110439 -9.18383e-07 0 0 -1
5417 938 0.735394 -0.449362 -0.507218 -0.00553453 -4.31434e-07 0 0 0
5417 2704 0.534173 0.771275 0.346113 -0.00979727 -8.51492e-07 0 0 0
5338 3060 0.641387 -0.561127 0.52322 -0.00506276 -4.3903e-07 0 0 0
5417 5314 0.0853018 -0.256552 0.962759 -0.00355113 -2.76575e-07 0 0 0
2747 1324 0.693524 -0.62275 -0.362224 -0.00639118 -5.19313e-07 0 0 0
2747 1872 0.502585 0.256031 0.825746 -0.00677729 -6.06473e-07 0 0 0
2996 45 0.69735 -0.584226 -0.415191 -0.0123636 -8.50121e-07 0 0 0
2996 360 0.35436 0.687468 -0.63389 -0.0103654 -9.14654e-07 0 0 0
4873 3980 0.668808 -0.628359 -0.397317 -0.016158 -1.16734e-06 0 0 -1
4873 1331 0.500477 0.320243 0.804343 -0.00303441 -2.8415e-07 0 0 0
2948 606 0.343573 -0.75269 0.561619 -2.88082e-05 -1.76004e-09 0 0 0
2948 4 0.382687 -0.815379 -0.434406 -0.00361299 -2.20928e-07 0 0 0
4581 5107 0.746609 -0.63209 -0.207452 -0.0223711 -1.72293e-06 0 0 0
2948 4308 0.740069 0.576325 0.346623 -0.00581552 -4.05561e-07 0 0 0
4581 1872 0.357207 -0.631578 0.688122 -0.0097886 -6.03312e-07 0 0 0
4581 1293 0.0827067 0.604919 -0.79198 -0.0159016 -1.44589e-06 0 0 0
4581 2747 -0.107001 -0.992502 -0.0590858 -0.00556247 -4.81981e-07 0 0 0
2396 2862 0.146001 0.79315 0.591267 -0.000550926 -4.15856e-08 0 0 0
3364 1237 0.269914 -0.274546 0.922914 -0.000521764 -4.49233e-08 0 0 0
448 4086 0.177771 0.865138 0.468971 -0.0152756 -1.02049e-06 0 0 1
1095 383 0.924325 0.370612 -0.0909412 -0.0114359 -1.07003e-06 0 0 0
1095 4658 0.558655 0.0761786 -0.825895 -0.00289327 -2.02696e-07 0 0 0
1095 2862 -0.00456859 -0.792267 -0.610157 -0.00681384 -4.67192e-07 0 0 0
3795 4688 0.72389 -0.605535 0.330622 -0.00718034 -5.22631e-07 0 0 0
4784 2084 0.937699 0.211991 0.275282 -0.00391437 -2.50395e-07 0 0 0
2569 3599 0.278409 0.654081 -0.703325 -0.0114273 -7.14737e-07 0 0 0
2569 1703 0.29295 0.675057 0.67711 -0.0126021 -7.98942e-07 0 0 0
4784 2683 0.384378 -0.888713 0.249887 -0.00879507 -5.84267e-07 0 -1 0
2569 3618 0.591086 -0.769436 0.242044 -0.00108046 -6.86548e-08 0 0 0
4784 2662 0.182517 0.544301 0.818794 -0.0201276 -1.3837e-06 0 0 0
1768 3626 0.17389 0.780393 0.600623 -0.0136682 -1.08603e-06 0 0 1
1768 38 0.661753 -0.734918 -0.148249 -0.0151535 -1.16428e-06 0 0 0
1768 587 0.68755 0.646965 -0.329715 -0.00200213 -1.65922e-07 0 0 0
1185 1422 0.391202 0.530838 0.751779 -0.0021655 -1.29817e-07 0 0 0
4254 5060 0.0018174 -0.452262 0.891883 -0.00912319 -6.02632e-07 0 0 0
4254 1690 0.0760098 0.978822 -0.190078 -0.00348744 -2.76134e-07 0 0 0
4703 4957 0.447854 -0.538563 0.713707 -0.000201155 -1.6498e-08 0 0 0
4254 5048 0.663134 0.391282 -0.638084 -0.0080313 -6.26162e-07 0 0 0
2696 3781 0.669161 -0.627453 -0.398153 -0.00651132 -5.69355e-07 0 0 0
2696 3373 0.312313 -0.639456 0.702536 -0.00415293 -3.36714e-07 0 0 1
5060 4909 0.477004 -0.851488 -0.217794 -0.007148 -5.9032e-07 0 0 0
3791 3355 0.845978 0.532855 -0.0196757 -0.0114 -7.67899e-07 0 0 0
3791 72 0.673006 -0.531854 0.513999 -0.00188071 -1.50074e-07 0 0 0
5060 4553 0.762206 0.448557 0.466732 -0.0103638 -7.69851e-07 0 0 0
3030 1869 0.209916 0.858248 -0.468343 -0.00201987 -1.44089e-07 0 0 0
3030 1316 0.643498 -0.71816 0.264871 -0.00979662 -7.05348e-07 0 0 0
3030 3794 0.724298 0.592406 0.352771 -0.00567496 -4.02746e-07 0 0 0
2899 1385 0.579488 -0.79761 0.167365 -0.0059513 -4.72629e-07 0 0 0
2899 3089 0.271469 -0.112284 0.955875 -0.00736475 -5.93942e-07 0 0 0
2899 3040 0.228825 0.949466 0.214835 -0.0064577 -4.82357e-07 0 0 0
4395 2772 0.548796 -0.741251 -0.386485 -0.0105332 -7.22424e-07 0 0 0
4395 1352 0.858076 -0.0961061 0.50445 -0.00502852 -3.35309e-07 0 0 0
2985 2791 0.50126 0.0181563 0.865106 -0.00194358 -1.55304e-07 0 0 0
1591 4959 -0.0784561 -0.233084 -0.969287 -0.00696019 -6.22157e-07 0 0 0
1591 2319 0.0509162 -0.995575 -0.0789835 -0.00266417 -2.17668e-07 0 0 0
1591 12 0.566232 -0.570873 0.594546 -0.00182124 -1.00644e-07 0 0 0
2985 4824 0.208387 0.516543 -0.830517 -0.00211463 -1.5197e-07 0 0 0
1477 5034 0.911743 -0.256029 0.321208 -0.000681062 -4.55205e-08 0 0 0
1477 2962 0.446486 -0.623912 -0.641393 -0.00588388 -4.52367e-07 0 0 0
657 2845 0.70371 -0.186841 -0.68548 -0.00121528 -9.05275e-08 0 0 0
4202 3442 0.248296 -0.654058 -0.714533 -0.00405103 -3.19165e-07 0 0 0
657 3199 0.578186 0.80862 -0.108786 -0.000900353 -6.72972e-08 0 0 0
4202 1099 0.437773 0.363203 -0.822458 -0.00119429 -1.01378e-07 0 0 0
657 3791 0.0406421 -0.108415 0.993275 -0.00117433 -8.16795e-08 0 0 0
275 3431 0.837324 0.248451 0.486991 -0.00919267 -6.75707e-07 0 0 0
413 1743 0.239446 -0.64127 -0.728999 -0.00900968 -5.26862e-07 0 0 0
413 230 0.369162 0.435139 0.821202 -0.00251102 -2.32863e-07 0 0 0
275 4627 0.246172 -0.665261 -0.70486 -0.017492 -1.28043e-06 0 0 0
413 4560 0.78808 0.484075 -0.380265 -0.00561506 -4.02267e-07 0 0 0
2616 3559 0.953921 -0.201416 -0.222413 -0.0328833 -2.57638e-06 0 0 0
2616 1238 0.480398 0.868354 0.123205 -0.00435643 -3.45368e-07 0 0 0
1734 2807 0.920873 -0.355755 0.15947 -0.00108328 -7.39108e-08 0 0 0
4358 1886 0.634524 -0.528745 -0.563745 -0.0138067 -1.29342e-06 0 0 0
1734 718 0.390318 0.787469 0.477015 -0.00039418 -2.81551e-08 0 0 0
856 5105 -0.00942625 0.714411 -0.699662 -0.00426916 -3.17551e-07 0 0 0
856 4441 0.337627 -0.480862 0.809185 -0.00676217 -5.02259e-07 0 0 0
856 2493 0.451234 0.58841 0.670941 -0.00272264 -2.21516e-07 0 0 0
856 86 0.44381 -0.21237 -0.870593 -0.00692318 -5.49125e-07 0 0 0
3978 3632 0.866881 -0.246464 -0.433328 -0.0118082 -7.46689e-07 0 0 -1
3978 3245 0.802979 0.587156 0.102338 -0.00769377 -5.27446e-07 0 0 0
4633 4927 -0.0398529 -0.689781 -0.72292 -0.00467084 -3.70964e-07 0 0 0
724 5300 0.638286 -0.543641 0.545018 -0.00698876 -5.57115e-07 0 0 0
4633 2193 0.21443 0.970976 -0.10595 -0.0012207 -1.12064e-07 0 0 0
724 1016 0.639025 0.390457 0.662715 -0.0139853 -7.79956e-07 0 0 0
1662 2022 0.337459 -0.145329 0.930054 -0.00518531 -3.6652e-07 0 0 0
4359 1196 0.220309 0.813826 -0.537728 -0.000197225 -1.22936e-08 0 0 0
2552 3280 0.214792 0.737277 -0.640537 -0.00793078 -5.62633e-07 0 0 0
1662 2795 0.136558 -0.990432 0.0199234 -0.00616164 -4.36611e-07 0 0 0
3909 2454 0.648436 0.668784 0.363674 -0.0129188 -9.02063e-07 0 0 0
254 3587 0.097564 -0.872295 0.479149 -0.000461846 -3.47872e-08 0 0 0
2552 625 0.95591 0.0387412 0.291095 -0.00416947 -2.90574e-07 0 0 0
4527 2674 0.538484 -0.546323 0.641534 -0.0148762 -9.63915e-07 0 0 0
4527 1049 0.108727 0.582452 -0.805561 -0.0142025 -9.37153e-07 0 0 0
5105 606 0.430132 0.785043 -0.44575 -0.0026914 -2.16916e-07 0 0 0
4953 4265 0.441942 -0.210968 0.871883 -0.000389782 -2.92468e-08 0 0 0
574 500 0.874063 0.356445 -0.330091 -0.0114835 -9.54201e-07 0 0 0
1218 2907 0.28861 -0.12465 0.949298 -0.00359494 -2.94085e-07 0 0 0
574 4824 0.303733 0.80684 0.50671 -0.00303445 -2.46133e-07 0 0 0
574 1828 0.283713 -0.543809 0.789796 -0.009634 -7.52848e-07 0 0 0
1218 4888 0.82582 0.53216 0.186621 -0.00524279 -4.52014e-07 0 0 0
2513 4718 0.895169 0.365452 0.255179 -0.00345333 -2.60388e-07 0 0 0
2513 5512 0.0843338 0.481664 -0.872289 -0.000367925 -3.09031e-08 0 0 0
2513 4527 0.114139 -0.592397 -0.79752 -0.0051009 -4.04741e-07 0 0 0
4383 1334 0.875174 -0.0921068 -0.47496 -0.00750017 -6.15414e-07 0 0 0
1140 995 0.739574 0.577976 0.344926 -0.0172569 -1.08624e-06 0 0 0
3524 456 0.563251 0.149713 -0.812609 -0.00962636 -5.79413e-07 0 0 0
3524 5131 0.27657 -0.789915 0.547306 -0.00491373 -3.96641e-07 0 0 0
4328 2654 0.262167 0.45466 -0.851206 -0.00186862 -1.44253e-07 0 0 0
2028 4447 0.462228 -0.0271441 -0.886346 -0.00684099 -5.30037e-07 0 0 0
2028 327 0.411542 0.870289 -0.270612 -0.00625821 -5.37352e-07 0 0 0
4328 2424 0.94554 0.275902 -0.172719 -0.0103121 -7.8353e-07 0 0 0
4941 425 0.909344 0.386849 0.153105 -0.000322278 -2.73162e-08 0 0 0
1249 3374 0.897519 -0.438366 -0.0479082 -0.00340399 -2.84499e-07 0 0 0
1213 847 0.910151 -0.0080969 0.414197 -0.0249602 -1.73319e-06 0 0 0
4883 5222 0.157099 -0.710708 -0.685722 -0.0139333 -1.04405e-06 0 0 0
4883 2176 0.157106 -0.440548 0.883875 -0.00187278 -1.47763e-07 0 0 0
1249 1715 0.738643 0.530438 0.415984 -0.00724798 -5.93341e-07 0 0 0
1249 4383 0.152909 -0.0864608 -0.984451 -0.00292535 -2.6699e-07 0 0 0
4883 5288 0.865661 0.0776194 0.494577 -0.0255749 -1.84059e-06 0 0 0
4219 453 0.808335 0.0812836 0.583084 -0.0418903 -2.54197e-06 0 0 0
1442 4020 -0.0447767 -0.716837 0.695802 -0.0128892 -8.97988e-07 0 0 0
1442 3649 0.0761891 0.994471 -0.07227 -0.0149094 -1.23944e-06 0 0 0
4219 1212 0.251751 -0.154097 -0.955445 -0.0170728 -1.03309e-06 0 0 0
1442 2763 0.392986 -0.48753 -0.779664 -0.00245915 -1.46099e-07 0 0 0
828 3480 0.919295 0.2194 0.326742 -0.00822364 -5.11537e-07 0 0 0
1442 4063 0.75622 -0.268723 0.59659 -0.0253621 -1.94924e-06 0 0 0
828 476 0.326954 0.854571 -0.403498 -0.00499358 -3.56351e-07 0 0 0
3116 496 0.46313 -0.103405 -0.880237 -0.0074547 -5.82932e-07 0 0 0
3116 3969 0.428133 -0.823909 0.371315 -0.0144754 -1.17464e-06 0 0 0
4654 4323 0.575069 0.539108 0.615352 -0.00327616 -2.72174e-07 0 0 0
3534 4740 0.811251 -0.54314 0.216499 -0.00735487 -6.82796e-07 0 0 0
3534 5250 0.184802 0.94621 0.265585 -0.00121021 -8.24193e-08 0 0 0
10 3090 0.228213 -0.114531 -0.966851 -0.00677426 -5.23758e-07 0 0 0
3534 2881 0.0422464 0.343243 0.938296 -0.00793226 -6.4268e-07 0 0 0
3534 2513 -0.0695735 -0.346148 -0.935596 -0.00502463 -3.97668e-07 0 0 0
2701 4834 0.459691 0.802599 -0.380157 -0.0111865 -7.79047e-07 0 0 0
3369 2083 0.092025 0.831663 -0.547603 -0.00687805 -5.21722e-07 0 0 0
2701 2719 0.310975 -0.313521 -0.897218 -0.00697725 -4.22389e-07 0 0 0
3369 5381 0.646804 -0.719068 -0.254136 -0.0111942 -9.86043e-07 0 -1 0
3369 4319 0.812846 0.568558 0.126585 -0.00205745 -1.58561e-07 0 -1 0
2701 897 0.271937 -0.94657 0.173364 -0.00872834 -5.28717e-07 0 0 0
1165 4834 0.511173 -0.563004 0.649406 -0.00765094 -5.19234e-07 0 0 0
1165 724 0.110825 0.181897 -0.977052 -0.00616077 -4.05979e-07 0 0 0
1044 2683 0.603535 0.776671 0.180357 -0.00156493 -1.35588e-07 0 0 0
4992 3022 0.305741 0.616261 0.725772 -0.0109423 -8.74593e-07 0 0 0
4992 3791 0.161789 0.319255 -0.933756 -0.00995928 -7.80366e-07 0 0 0
1670 4640 0.579387 -0.741338 0.338717 -0.0179937 -1.20838e-06 0 0 0
4020 4063 0.854466 0.502828 -0.130581 -0.0100417 -7.23657e-07 0 0 0
5186 2442 0.756369 0.330946 -0.564252 -0.00440299 -4.08035e-07 0 0 0
5186 2022 0.507904 -0.824422 0.249726 -0.002112 -1.75398e-07 0 0 0
5186 1662 0.145099 -0.660881 -0.736331 -0.00550515 -4.63043e-07 0 0 0
3091 4174 0.812579 -0.405051 0.419105 -0.0025485 -2.27254e-07 0 0 0
3532 4605 0.438241 -0.0777486 0.895488 -0.00429 -3.76796e-07 0 0 1
394 2285 0.174334 0.797 0.578273 -0.00113359 -6.8894e-08 0 0 1
3532 355 0.600293 -0.703505 -0.380434 -0.0099376 -7.53493e-07 0 0 0
3091 456 0.770462 0.636776 -0.030093 -0.00756577 -6.33153e-07 0 0 0
3091 3524 0.146462 0.470842 0.869975 -0.00422411 -3.53462e-07 0 0 0
4575 904 0.863527 0.152407 0.480721 -0.00165524 -1.25285e-07 0 0 0
4049 2845 0.77268 0.434204 0.463068 -0.0383446 -2.66961e-06 0 0 0
4049 80 0.695259 -0.0570673 -0.71649 -0.0139441 -1.20209e-06 0 0 0
4049 3284 0.347244 -0.923131 -0.165076 -0.00261054 -1.83661e-07 0 0 0
3132 1998 0.939855 -0.306476 -0.150816 -0.00841464 -6.21743e-07 0 0 0
1253 3282 0.692336 -0.478033 -0.540514 -0.00691339 -5.68158e-07 0 0 0
1195 5220 0.800518 0.598864 0.0230779 -0.0204574 -1.68422e-06 0 0 0
1195 2988 0.732944 -0.0356203 0.679356 -0.0130479 -1.11483e-06 0 -1 0
1195 1156 0.513941 -0.776682 -0.364185 -0.0121279 -9.53036e-07 0 -1 0
4927 1505 0.471822 0.153799 -0.868177 -0.00310909 -2.25478e-07 0 0 0
2492 4541 0.273598 -0.890135 0.364423 -0.00124781 -9.5107e-08 0 0 0
1195 4941 -0.0170569 0.55346 0.832701 -0.00202471 -1.58309e-07 0 0 0
851 2176 0.241107 -0.190176 -0.951683 -0.0124403 -1.00176e-06 0 0 0
851 415 0.428971 -0.733148 0.52771 -0.00972101 -7.7295e-07 0 0 0
851 169 0.687196 0.316968 0.653676 -0.00493973 -3.90772e-07 0 0 0
851 3057 0.768109 0.542101 -0.340786 -0.0152727 -1.24573e-06 0 0 0
289 1553 0.944149 0.327259 -0.0385287 -0.0181701 -1.57113e-06 0 1 0
1987 940 0.745406 -0.538773 -0.392548 -0.00252825 -2.23895e-07 0 0 0
1987 3951 0.457991 -0.514927 0.724634 -0.00273415 -2.45101e-07 0 0 0
4959 415 0.402196 -0.370654 -0.83717 -0.00996862 -7.52693e-07 0 0 0
5154 3816 0.992992 -0.0719654 -0.0937388 -0.00388288 -2.78817e-07 0 0 0
3472 3624 0.440936 -0.105501 0.891317 -0.00126246 -9.57022e-08 0 0 0
5154 1503 0.44677 0.585735 -0.676248 -0.0110493 -7.99718e-07 0 0 0
5154 1095 0.27172 -0.608421 -0.745648 -0.0119681 -9.92608e-07 0 0 0
1845 4751 0.976745 0.0285846 -0.21249 -0.00591867 -4.6988e-07 0 1 0
3136 4688 0.863215 0.131062 -0.487527 -0.00867664 -7.3582e-07 0 0 0
2067 1360 0.956476 0.19884 -0.213582 -0.00779062 -5.47484e-07 0 0 0
4548 4187 0.365857 -0.463214 -0.807206 -0.00217741 -1.7635e-07 0 0 -1
2067 1325 0.340369 0.618275 0.708438 -0.0110316 -8.51523e-07 0 0 0
4548 1106 0.963136 -0.176057 0.203402 -0.000898019 -8.56111e-08 0 0 0
5310 2484 -0.00300299 -0.671064 0.741393 -0.0153979 -1.19944e-06 0 0 0
2067 1821 0.323425 0.35765 -0.876061 -0.00413406 -3.41415e-07 0 0 0
386 724 0.126965 0.55447 0.822461 -0.0169863 -1.03179e-06 0 0 0
386 4219 0.0776601 -0.592475 -0.801837 -0.0159986 -9.62395e-07 0 0 0
5310 4738 0.632468 0.767597 0.103822 -0.00788148 -6.32746e-07 0 1 0
5310 2870 0.753576 -0.0591938 -0.65469 -0.0131989 -1.0494e-06 0 1 0
3633 3911 0.799649 0.593814 0.0891428 -0.010522 -7.89078e-07 0 0 0
4301 4770 -0.0923735 -0.224887 0.969996 -0.00499085 -4.27461e-07 0 0 0
4301 4629 0.256796 0.87938 0.400933 -0.00852559 -5.18045e-07 0 0 0
4301 230 0.298669 -0.841281 0.450603 -0.00292211 -2.65778e-07 0 0 0
4301 2872 0.383881 0.625916 -0.67887 -0.00559587 -3.46425e-07 0 0 0
5373 460 0.85702 -0.510147 0.0725668 -0.00781637 -4.87061e-07 0 0 0
4301 798 0.768506 -0.0279346 0.639233 -0.0119195 -7.18075e-07 0 0 0
5373 1422 0.572354 0.79621 -0.196115 -0.0072145 -4.42589e-07 0 0 0
3626 590 0.129714 0.795106 -0.592436 -0.0133529 -1.03444e-06 0 0 -1
3626 3101 0.351403 0.466181 0.811906 -0.0110076 -8.66325e-07 0 0 0
5373 1185 0.167193 0.246128 -0.954708 -0.00353518 -2.20469e-07 0 0 0
5373 1987 -0.0882561 -0.984681 -0.15038 -0.00414159 -3.51168e-07 0 0 0
3260 1620 0.893728 -0.423692 -0.147429 -0.021546 -1.54182e-06 0 0 0
3260 4521 0.744508 0.601306 -0.290067 -0.0116605 -7.9676e-07 0 0 0
1963 5002 0.76575 -0.631013 -0.124298 -0.0218664 -1.83236e-06 0 -1 0
1963 1324 0.636751 0.626219 0.449887 -0.0126488 -9.30687e-07 0 0 0
2603 2415 0.639527 -0.285417 -0.713822 -0.0108955 -9.3798e-07 0 0 0
2603 1907 0.482241 0.521059 0.704231 -0.00079071 -4.80062e-08 0 0 0
2034 1273 0.728183 -0.0309422 -0.684684 -0.0116198 -9.65448e-07 0 0 0
2603 4784 0.104404 -0.383121 0.917779 -0.0161446 -1.0873e-06 0 0 0
1526 1646 0.0278376 -0.82299 0.567373 -0.0110889 -8.56396e-07 0 0 0
827 4182 0.673392 0.0448276 0.737925 -0.0030994 -2.48324e-07 0 0 0
1526 4966 0.356294 -0.0455654 -0.933262 -0.010241 -8.41501e-07 0 0 0
1526 2220 0.570346 0.252729 0.781558 -0.00819204 -6.28333e-07 0 0 0
1526 3618 0.612178 0.76023 -0.217459 -0.00196578 -1.63365e-07 0 0 0
827 3951 0.495502 0.868124 0.02897 -0.00415325 -3.74464e-07 0 0 0
891 4408 0.170537 -0.168401 -0.970854 -0.00345204 -2.55104e-07 0 0 0
827 3116 0.0951772 -0.817179 0.568471 -0.00691006 -5.276e-07 0 0 0
362 5249 0.949578 0.30047 0.089547 -0.00943512 -6.55484e-07 0 0 0
891 2264 0.285307 -0.856096 0.430929 -0.00172992 -1.45073e-07 0 0 0
891 890 0.8692 0.275979 -0.410277 -0.0108879 -9.34298e-07 0 0 0
362 3022 0.350652 -0.646007 -0.678025 -0.0112436 -8.0481e-07 0 0 0
3191 175 -0.00863985 -0.976431 -0.215657 -8.80761e-05 -6.82185e-09 0 0 0
1690 3739 0.337552 0.896232 -0.287796 -0.00399291 -3.27311e-07 0 0 0
5253 1715 0.515674 -0.457563 0.724373 -0.0128355 -1.12052e-06 0 0 0
1690 5048 0.623577 -0.61988 -0.47634 -0.000999779 -7.4794e-08 0 0 0
5253 4199 0.499544 -0.0295997 -0.865782 -0.00981878 -5.34709e-07 0 0 0
5253 2719 0.334689 0.424254 0.841423 -0.0124799 -7.26755e-07 0 0 0
5253 4383 0.0484176 -0.884507 -0.464008 -0.00549375 -3.53052e-07 0 0 0
5253 1249 -0.0881414 -0.913909 0.396235 -0.00101511 -9.94352e-08 0 0 0
1268 742 0.999042 0.0419437 0.0124736 -0.01415 -9.2895e-07 0 0 0
3883 2493 0.314903 -0.446123 -0.837741 -0.00873018 -6.58249e-07 0 0 0
3883 3472 0.539314 0.449821 0.7119 -0.00908648 -6.40802e-07 0 0 0
3883 2477 0.653491 -0.583475 0.48219 -0.003764 -2.77419e-07 0 0 0
2083 989 0.179107 0.766717 0.616494 -0.00464611 -3.73981e-07 0 0 0
1268 2676 0.46726 0.20231 0.860662 -0.0109495 -7.29437e-07 0 0 0
2083 4319 0.7125 -0.246933 0.656786 -0.00996138 -7.31633e-07 0 -1 0
2083 5396 0.77 0.262582 -0.581507 -0.00760999 -5.68619e-07 0 0 0
4675 732 0.641161 -0.246271 -0.726817 -0.0188444 -1.44547e-06 0 0 0
1246 2820 0.307514 0.617173 0.724246 -0.00708842 -4.77385e-07 0 0 0
1246 3423 0.516297 0.575726 -0.634017 -0.015069 -9.37564e-07 0 0 0
1246 132 0.702846 -0.360416 0.613277 -0.017045 -1.12549e-06 0 0 0
4675 4219 0.165872 -0.983672 0.0698249 -0.00657585 -4.54032e-07 0 0 0
4770 86 0.371357 0.741242 0.559154 -0.00836527 -7.28139e-07 0 0 0
4675 386 0.0865533 -0.373011 0.923781 -0.00130415 -8.83012e-08 0 0 0
2545 2145 0.506869 -0.48788 -0.710674 -0.0136302 -9.34391e-07 0 0 0
4770 798 0.950786 0.191058 -0.243932 -0.0150884 -1.3063e-06 0 0 0
2545 610 0.29174 0.632078 0.717889 -0.00679209 -4.50282e-07 0 0 0
2484 3599 0.268232 -0.872685 0.40801 -0.0105945 -9.04046e-07 0 0 0
2484 3997 0.443448 0.270015 0.854661 -0.00901218 -6.85972e-07 0 1 0
585 1787 0.636123 0.506243 -0.582294 -0.000343441 -2.33785e-08 0 0 0
2484 1306 0.977158 -0.212185 0.0118468 -0.00360968 -2.84961e-07 0 0 0
4928 1869 -0.0266222 -0.641921 -0.766308 -0.0177742 -1.29862e-06 0 0 0
96 5217 0.786382 -0.544772 0.291249 -0.0039118 -3.60768e-07 0 0 1
96 2022 0.362248 0.384613 -0.849029 -0.00681066 -5.32552e-07 0 0 0
96 5445 0.226529 -0.791347 -0.567851 -0.00149607 -1.0767e-07 0 0 0
96 2696 0.0361433 -0.872933 0.486499 -0.0100076 -9.23717e-07 0 0 0
4547 5463 0.753183 -0.0280533 -0.657213 -0.00535753 -4.30414e-07 0 0 0
4928 1351 0.961851 -0.0180679 0.272977 -0.0145384 -1.1973e-06 0 0 0
2139 1854 -0.0273155 0.759366 0.65009 -0.00449773 -3.95074e-07 0 0 0
4547 327 0.571447 -0.756454 0.31816 -0.00349661 -3.28182e-07 0 0 0
1531 1732 0.768392 0.192332 0.610395 -0.000779079 -4.80975e-08 0 0 0
1106 1688 0.802766 0.190515 -0.56504 -0.000181261 -1.0692e-08 0 0 -1
2139 3307 0.819386 0.196538 -0.538497 -0.00263221 -1.63398e-07 0 0 0
2139 4198 0.820532 -0.289584 0.492817 -0.000368017 -2.62986e-08 0 0 0
82 264 0.973926 -0.0428939 0.222773 -0.00142858 -1.04051e-07 0 0 0
1646 4776 0.611572 -0.775369 0.157426 -0.00307198 -2.70583e-07 0 0 0
1646 5479 0.709354 0.144572 0.689866 -0.00206863 -1.57946e-07 0 0 0
1646 4509 0.922318 0.23155 -0.309378 -0.0057335 -4.6054e-07 0 0 0
5478 3081 0.855499 0.433469 0.283241 -0.00269336 -2.25638e-07 0 0 0
5478 3633 0.109913 0.95324 -0.28152 -0.00721237 -5.61475e-07 0 0 0
235 2442 0.578105 0.194728 0.792386 -0.0221255 -1.29205e-06 0 0 0
2811 1531 0.78019 -0.565389 0.267654 -0.00254449 -2.1571e-07 0 0 0
235 4640 0.523787 0.471005 -0.70979 -0.0179683 -1.30089e-06 0 0 0
2497 716 0.0474346 0.146396 0.988088 -0.00485764 -3.60286e-07 0 0 0
2497 3720 0.159805 0.966129 0.202623 -0.00206064 -1.68624e-07 0 0 0
235 1662 0.0525061 -0.644036 0.763191 -0.00996944 -7.61529e-07 0 0 0
1630 4791 0.911617 0.167501 0.375363 -0.0140079 -1.1017e-06 0 0 0
2497 4265 0.857374 -0.514694 -0.00040674 -0.00461361 -3.37366e-07 0 0 0
1738 1743 0.256982 -0.949112 0.182062 -0.0181121 -1.55793e-06 0 0 0
1738 2285 0.7357 0.285309 -0.614284 -0.0119558 -9.95068e-07 0 0 0
1630 2253 0.690131 0.429405 -0.58252 -0.00282141 -2.28949e-07 0 0 0
1630 4700 0.484599 -0.675657 -0.555563 -0.0163052 -1.51207e-06 0 0 0
3679 2772 0.545131 0.715388 -0.437095 -0.00904153 -8.61352e-07 0 0 0
3679 2914 0.899889 -0.376513 -0.220085 -0.00396768 -3.69988e-07 0 0 0
2735 1262 0.0274997 -0.690889 -0.722438 -0.00105691 -8.29464e-08 0 0 0
5454 1907 0.722828 -0.502969 0.473858 -0.0020073 -1.64317e-07 0 0 0
5454 1872 0.710005 -0.136287 -0.690883 -0.0012694 -1.06679e-07 0 0 0
2735 4467 0.61618 0.258746 0.74389 -0.00311192 -2.54818e-07 0 0 0
919 2601 -0.0767606 -0.806709 0.585943 -0.00746507 -6.27893e-07 0 0 0
919 2820 0.254993 -0.907439 -0.333966 -0.00266032 -1.82285e-07 0 0 0
919 2763 0.310981 0.750508 -0.58312 -0.0107945 -6.57717e-07 0 0 0
1569 1159 0.742103 0.181611 0.645214 -0.00993899 -7.96692e-07 0 0 0
1569 4581 0.37735 -0.12628 -0.917421 -0.00886755 -8.15763e-07 0 0 0
549 3825 0.871281 -0.341217 0.352761 -0.0115034 -7.69608e-07 0 0 0
549 1707 0.673978 -0.536775 -0.507569 -0.00628277 -5.20543e-07 0 0 0
549 5511 0.500476 0.310409 -0.808189 -0.00937894 -8.21562e-07 0 0 0
549 4659 0.179726 0.568818 0.802586 -0.00856498 -7.04519e-07 0 0 0
2849 2845 0.758581 -0.627128 0.176819 -0.0056641 -3.35716e-07 0 0 0
1096 1279 0.916424 -0.400207 -0.00120739 -0.0247275 -2.07414e-06 0 1 0
1262 1743 0.2424 0.928622 -0.280898 -0.0205187 -1.76077e-06 0 0 0
2849 2452 0.635829 -0.224564 -0.738439 -0.00829741 -5.23006e-07 0 0 0
2849 3199 0.642407 0.29432 0.707593 -0.00548815 -3.2278e-07 0 0 0
4631 1286 0.988524 -0.148269 0.0289208 -0.00657946 -4.96231e-07 0 0 0
5102 2836 0.961928 0.253697 -0.101646 -0.00667834 -5.16528e-07 0 0 0
716 3895 0.525556 0.604386 0.598756 -0.00559863 -3.865e-07 0 0 0
5102 1156 0.666017 -0.419764 0.61662 -0.0146962 -1.12485e-06 0 0 0
1384 1363 0.132491 -0.285163 0.949278 -0.00724423 -5.82191e-07 0 0 0
5102 1195 0.128851 0.35382 0.926396 -0.0109386 -7.5882e-07 0 1 0
1384 5142 0.835725 -0.520437 -0.175237 -0.0104955 -6.71996e-07 0 0 0
5102 2067 0.135466 0.972923 -0.187269 -0.0101461 -7.28989e-07 0 1 0
1384 4281 0.89523 0.301884 0.327764 -0.020241 -1.70329e-06 0 0 0
2313 40 0.875638 -0.482477 -0.021779 -0.00285967 -1.725e-07 0 0 0
2829 619 -0.0493404 -0.565483 0.823282 -0.0019146 -1.64747e-07 0 0 0
2829 4441 0.0213943 0.989993 0.139485 -0.00694254 -5.94092e-07 0 0 0
2313 3993 0.560254 -0.0710671 0.825267 -0.0137618 -9.09389e-07 0 0 0
2829 1490 0.501608 0.248773 0.828554 -0.010452 -6.00939e-07 0 0 0
2829 4889 0.599369 0.383544 -0.702603 -0.00776383 -4.31096e-07 0 0 0
2313 3524 0.131064 -0.47853 -0.868235 -0.00448691 -2.73214e-07 0 0 0
522 5414 0.94168 -0.226848 -0.248554 -0.00575325 -4.83022e-07 0 0 0
522 2851 0.809548 -0.0650445 0.583439 -0.000955288 -8.65327e-08 0 0 0
3688 4904 0.949366 -0.313415 -0.0218138 -0.000249721 -2.35405e-08 0 0 1
3582 897 0.537612 0.05948 0.841092 -0.0129476 -1.08424e-06 0 0 0
3582 610 0.408085 -0.876178 0.256474 -0.0045553 -3.52698e-07 0 0 0
5474 4170 0.902197 0.233475 0.36267 -0.0173401 -1.14294e-06 0 0 0
1812 886 0.91437 0.335549 0.22657 -0.0108332 -9.01885e-07 0 0 0
4077 1453 0.402811 0.331422 -0.853172 -0.00919285 -5.61285e-07 0 0 0
4077 1417 0.397605 0.716619 0.573034 -0.0191298 -1.50548e-06 0 0 0
4077 3052 0.646906 -0.406088 0.645449 -0.0180308 -1.51127e-06 0 0 0
4077 3744 0.924308 -0.263369 -0.276211 -0.0145899 -1.08536e-06 0 0 0
4569 5222 0.0149292 0.609786 0.792426 -0.0138722 -1.03684e-06 0 0 0
4569 3584 0.244212 -0.666461 0.704407 -0.00150832 -1.26254e-07 0 0 0
4569 4888 0.500902 -0.83089 -0.242319 -0.00867177 -5.64918e-07 0 0 0
4569 3930 0.618866 0.0598078 -0.783216 -0.00433648 -2.83365e-07 0 0 -1
1812 3503 0.753183 -0.650696 -0.0964893 -0.00664236 -4.47785e-07 0 0 0
1073 3442 -0.11873 0.185891 0.975371 -0.00376354 -3.44943e-07 0 0 0
1812 3534 0.206162 0.580347 -0.787842 -0.00458449 -3.31876e-07 0 0 0
2823 1890 0.856795 -0.170502 -0.486654 -0.00774826 -4.67916e-07 0 0 0
2823 1764 0.500131 0.659228 0.561505 -0.001397 -8.59434e-08 0 0 0
1073 4673 0.557942 0.817795 -0.141107 -0.000255334 -2.3543e-08 0 0 0
2823 828 0.172245 0.537057 -0.825773 -0.0122207 -7.72669e-07 0 0 0
928 4036 0.751188 -0.579129 -0.316744 -0.0126031 -9.9084e-07 0 0 0
1073 5337 0.908664 -0.277445 -0.312018 -0.00597678 -5.0031e-07 0 0 0
928 760 0.500868 -0.0249924 0.865163 -0.0025819 -2.06197e-07 0 0 0
1869 1379 0.0570313 -0.550857 -0.832649 -0.0206711 -1.61908e-06 0 0 -1
1869 2974 0.341929 0.717691 -0.606633 -0.00441705 -3.10834e-07 0 0 -1
1869 3794 0.501797 -0.280184 0.81835 -0.0123086 -8.87862e-07 0 0 0
928 5314 0.413056 0.215426 -0.884859 -0.00312914 -2.51604e-07 0 0 0
1867 3231 0.69111 0.0915244 -0.716931 -0.00841553 -6.64051e-07 0 0 0
1867 1185 0.347877 0.259949 0.900782 -0.00416329 -3.31421e-07 0 0 0
1841 4159 0.671453 0.699563 0.244465 -0.0131606 -1.17799e-06 0 0 0
1841 1325 0.616271 0.0334019 -0.786826 -0.0114648 -8.94383e-07 0 0 0
4408 1886 0.210622 0.872948 -0.440001 -0.00667197 -3.97042e-07 0 0 0
4408 2335 0.333576 -0.839192 0.429515 -0.0209144 -1.99381e-06 0 -1 0
1013 4267 0.853003 0.191714 -0.485418 -0.00767622 -6.928e-07 0 0 0
4408 890 0.590572 0.428165 0.684032 -0.0228478 -2.20035e-06 0 0 0
1013 1670 0.105228 -0.930835 0.349963 -0.0179475 -1.24398e-06 0 0 0
3884 2415 0.928716 -0.0909864 0.359455 -0.00639667 -4.9151e-07 0 0 0
3884 1963 0.188014 -0.31769 -0.929367 -0.00320395 -2.49244e-07 0 0 0
899 1947 0.264328 0.271696 0.925371 -0.00930877 -7.02024e-07 0 0 0
305 1676 0.917561 -0.199995 0.343633 -0.00237965 -1.96641e-07 0 0 0
5147 5436 0.741955 0.258769 0.6185 -0.00229946 -1.71261e-07 0 0 0
899 3232 0.992405 0.0606695 0.107014 -0.0111878 -8.39516e-07 0 0 0
5147 2683 0.735464 -0.468888 -0.489119 -0.000544758 -4.48404e-08 0 0 -1
5147 4784 0.343183 0.501671 -0.794073 -0.0073097 -5.72911e-07 0 1 -1
2319 438 0.858028 0.444254 -0.257732 -0.00393247 -2.99167e-07 0 0 0
3337 2007 0.830363 -0.380233 -0.407333 -0.0212176 -1.90702e-06 0 0 0
4274 3754 0.75134 -0.124208 -0.648121 -0.00583317 -4.74609e-07 0 0 0
4274 4889 0.791656 0.564226 0.234369 -0.00260463 -2.21234e-07 0 0 0
3337 476 0.775294 0.488248 0.400665 -0.00249828 -2.17141e-07 0 0 0
3337 828 0.350115 -0.483537 0.802254 -0.00414123 -3.96218e-07 0 0 0
3720 1611 0.339833 0.762029 0.551204 -0.00405737 -3.77538e-07 0 0 0
3720 3734 0.568055 -0.382743 -0.728575 -0.00421209 -2.794e-07 0 0 0
3720 2441 0.958759 0.251322 -0.132734 -0.00103182 -6.73748e-08 0 0 0
4496 496 0.567355 -0.141825 0.811169 -0.0114217 -9.44241e-07 0 0 0
989 3597 0.377486 0.853125 0.360113 -0.00628993 -4.79177e-07 0 0 0
5085 402 0.77355 0.378431 -0.50834 -0.00974243 -7.13119e-07 0 0 0
5085 718 0.694332 -0.698406 0.173587 -0.0029404 -2.47233e-07 0 0 0
5160 4608 0.533688 0.791247 -0.298507 -0.00132463 -1.20491e-07 0 0 0
989 553 0.927331 0.0416884 -0.371913 -0.00242751 -1.48577e-07 0 0 0
3090 4441 0.105437 -0.47772 -0.872162 -0.00630323 -4.75647e-07 0 0 0
3090 2493 0.249498 0.57665 -0.777963 -0.00533743 -4.13271e-07 0 0 0
3090 2477 0.582143 0.587574 0.56202 -0.00766079 -5.59776e-07 0 0 0
5160 305 0.063775 -0.390578 -0.918358 -0.00223686 -1.79403e-07 0 0 0
2151 522 0.173418 0.556399 -0.812617 -0.0066138 -5.52685e-07 0 0 0
570 3762 0.277933 -0.94708 0.160598 -0.00213282 -1.67952e-07 0 0 0
3800 112 0.790792 0.168758 -0.588361 -0.00228032 -2.02807e-07 0 0 0
570 4636 0.862605 0.503635 0.0475857 -0.00995798 -8.59978e-07 0 0 0
3800 235 0.250758 0.967239 0.039612 -0.00996771 -9.55238e-07 0 0 0
4456 750 0.0947566 -0.054112 -0.994029 -0.00571453 -4.20667e-07 0 0 0
4775 1050 0.850263 0.25887 -0.458301 -0.0025918 -1.6642e-07 0 0 0
4775 2398 0.510393 -0.837433 -0.195459 -0.0126594 -8.33784e-07 0 0 0
4456 4180 0.640379 -0.471135 0.606586 -0.00124202 -9.67348e-08 0 0 0
4775 4950 0.378307 0.800453 0.464929 -0.0102538 -6.58258e-07 0 0 0
4456 1426 0.906517 0.408458 0.106717 -0.0133534 -1.01595e-06 0 0 0
4775 2151 -0.0832555 0.893487 -0.441305 -0.00661385 -5.2407e-07 0 0 0
2601 4263 0.298402 -0.682339 0.667361 -0.00717024 -5.41672e-07 0 0 0
4572 5463 0.745832 0.63271 0.208358 -0.00206661 -1.59771e-07 0 0 0
4572 718 0.678101 0.163334 -0.71659 -0.00462493 -3.65554e-07 0 0 0
879 2165 0.793799 -0.138626 -0.59217 -0.00239735 -1.7971e-07 0 0 0
1056 504 0.244033 0.553357 -0.796395 -0.00384518 -2.64444e-07 0 0 0
1056 5196 0.308687 -0.943473 0.120709 -0.00751179 -4.79831e-07 0 0 0
1056 2798 0.603029 -0.227949 0.764458 -0.00162731 -1.04668e-07 0 0 0
879 3203 0.416755 -0.896246 0.15185 -0.0120707 -8.85512e-07 0 0 0
879 1268 0.155921 0.829152 -0.536838 -0.0119191 -8.84714e-07 0 0 0
114 3762 0.0809211 0.225869 -0.970791 -0.00479418 -4.43423e-07 0 0 0
4353 2734 0.717365 0.69628 -0.024133 -0.0123972 -1.08966e-06 0 0 0
114 3423 0.377185 -0.051296 0.924716 -0.0133701 -8.62963e-07 0 0 0
114 177 0.503029 -0.864074 0.0184028 -0.0101666 -5.97082e-07 0 0 0
4353 3373 0.608659 -0.11643 -0.784843 -0.00309614 -2.32455e-07 0 0 0
4353 1268 0.179339 -0.688414 0.702798 -0.017209 -1.34785e-06 0 0 0
114 4508 0.995526 0.0882678 -0.0337237 -0.00901178 -6.57035e-07 0 0 0
3442 647 0.157714 -0.97391 -0.163174 -0.00161885 -1.37918e-07 0 0 0
3442 1099 0.206512 0.965447 -0.158949 -0.000679278 -5.68424e-08 0 0 0
3442 1196 0.751482 -0.146473 0.643289 -0.00180197 -1.57595e-07 0 0 0
2895 139 0.656782 -0.735422 -0.166709 -0.00543153 -3.12219e-07 0 0 0
2895 4608 0.31408 0.212988 0.925197 -0.0044038 -2.67701e-07 0 0 0
1042 4 0.293544 0.436757 0.850338 -0.0150858 -1.30238e-06 0 0 0
2895 305 -0.100095 -0.831281 0.546766 -0.00168199 -1.46306e-07 0 0 0
1042 144 0.955203 -0.199393 0.218698 -0.00733108 -5.8406e-07 0 0 0
5202 2464 0.312698 0.936173 -0.160624 -0.00570565 -3.73455e-07 0 0 0
5202 1477 0.205838 -0.790426 -0.576939 -0.0043369 -3.1255e-07 0 0 0
5202 2895 0.0236656 -0.904456 0.42591 -0.00476026 -2.81974e-07 0 0 0
3263 3781 0.799385 0.286148 0.528303 -0.0191143 -1.19544e-06 0 0 0
3263 4507 0.762889 -0.645564 0.0353158 -0.0152641 -9.81028e-07 0 0 0
3263 5445 0.404299 0.899934 -0.163282 -0.000328703 -2.23887e-08 0 0 0
4554 708 0.485864 0.77233 0.409197 -0.00901008 -7.8111e-07 0 0 0
4554 2805 0.457137 -0.641015 -0.616543 -0.0370015 -2.38714e-06 0 0 0
816 4159 0.597392 0.491959 -0.633324 -0.00147955 -9.91581e-08 0 0 0
1397 940 0.814328 0.533733 -0.228031 -0.00680064 -4.94178e-07 0 0 0
1397 4950 0.456799 -0.279251 -0.844603 -0.012504 -8.50927e-07 0 0 0
1397 827 0.086348 -0.324112 0.94207 -0.00561287 -4.55468e-07 0 0 0
1397 4496 0.0469514 -0.991335 -0.122677 -0.000479621 -3.32715e-08 0 0 0
1619 1745 0.670943 0.684109 0.286059 -0.0236904 -1.63402e-06 0 0 0
3504 2404 0.248033 -0.968178 0.033336 -0.000855957 -5.83852e-08 0 0 0
3504 1273 0.45627 -0.346219 0.819726 -0.00544846 -3.58636e-07 0 0 0
3504 4970 0.55943 -0.166295 -0.812024 -0.0166758 -1.09204e-06 0 0 0
1472 2545 0.824222 -0.361352 0.435986 -0.00084554 -5.93607e-08 0 0 0
1759 5395 0.503207 -0.85939 -0.0907215 -0.00386894 -2.63406e-07 0 0 0
1759 5160 -0.0576075 0.722278 -0.689199 -0.00194187 -1.71684e-07 0 0 0
4780 5292 0.662297 0.748876 -0.0233889 -0.0207064 -1.45421e-06 0 0 0
4780 1901 0.476994 -0.523613 -0.705909 -0.00671207 -6.04786e-07 0 0 0
3649 4009 0.563984 -0.204366 -0.800098 -0.00840644 -6.23678e-07 0 0 0
3649 4970 0.649034 0.747186 0.143063 -0.00786561 -6.14403e-07 0 0 0
4780 858 0.457411 -0.848808 0.265141 -0.0213928 -1.38732e-06 0 0 0
1854 1366 0.6579 -0.0848089 0.748315 -0.00237213 -2.01067e-07 0 0 0
1854 4974 0.926748 0.0678263 -0.369511 -0.0039092 -3.31957e-07 0 0 0
2907 3584 0.258603 0.922762 0.285719 -0.00468034 -3.67689e-07 0 0 0
2885 3036 0.96624 0.254571 0.0396792 -0.0107236 -9.15801e-07 0 1 0
2907 4123 0.653904 -0.396145 -0.644576 -0.0150599 -1.0819e-06 0 0 0
2907 3519 0.946162 -0.108883 0.304831 -0.00499183 -3.6077e-07 0 0 0
750 2706 0.0106239 -0.915553 0.402057 -0.00430157 -3.00859e-07 0 0 0
750 3463 0.285576 0.933517 0.216777 -0.0162159 -1.01706e-06 0 0 0
750 91 0.59112 -0.398465 -0.701286 -0.014936 -9.68966e-07 0 0 0
750 2478 0.72456 -0.30307 0.619 -0.00602859 -5.10532e-07 0 0 0
3280 3065 0.333368 0.277353 -0.901077 -0.00372559 -2.90853e-07 0 0 0
1941 1676 0.756378 0.649872 -0.0745552 -0.00706108 -4.3645e-07 0 0 0
1941 4659 0.303445 -0.949621 0.0783704 -0.000574428 -4.6729e-08 0 0 0
3280 1207 0.741631 0.244003 0.624858 -0.0148728 -1.15185e-06 0 0 0
1941 305 -0.0561682 0.908283 -0.414568 -0.000140666 -1.201e-08 0 0 0
318 3151 0.331965 -0.846948 0.415305 -0.00543187 -3.64261e-07 0 0 0
3758 5225 0.553407 0.654288 -0.515411 -0.00300823 -2.19852e-07 0 0 0
318 1998 0.721948 0.147204 0.676108 -0.00206115 -1.41524e-07 0 0 0
3571 2970 0.817323 -0.426118 -0.387822 -0.0016962 -1.53921e-07 0 0 0
3571 4195 0.695269 0.532103 -0.483185 -0.0126573 -9.13972e-07 0 0 0
3571 4547 -0.0538298 -0.623844 -0.779693 -0.00655893 -6.34302e-07 0 0 0
590 4932 0.81638 0.241092 -0.524784 -0.0123002 -9.462e-07 0 0 0
4513 1820 0.567732 -0.445757 0.692085 -0.010278 -8.07657e-07 0 0 0
4513 3263 0.142761 0.989181 -0.0337767 -0.0143448 -1.22135e-06 0 0 0
1639 5304 0.491474 0.523514 0.695979 -0.0154988 -1.1207e-06 0 0 0
630 1421 0.135543 0.704203 0.696941 -0.00439604 -4.20154e-07 0 0 0
630 1465 0.671002 -0.738294 -0.0683979 -0.00691401 -5.75899e-07 0 0 0
1639 610 0.469876 0.0759756 -0.879457 -0.00483766 -3.22696e-07 0 0 0
4329 426 0.885772 0.266613 -0.379902 -0.00407866 -3.13495e-07 0 1 0
4329 334 0.790133 -0.569851 0.225745 -0.010436 -8.59412e-07 0 0 0
630 352 0.981397 0.0675439 0.179714 -0.0147339 -1.05528e-06 0 0 0
1230 4323 0.845982 -0.355294 0.397595 -0.00324155 -2.59924e-07 0 0 0
2232 4263 0.0306846 0.663433 -0.747607 -0.00703754 -6.3689e-07 0 0 0
5411 4069 0.975316 0.12551 -0.181675 -0.00574818 -5.05997e-07 0 0 0
5411 2313 0.284913 -0.950319 -0.125375 -0.00752757 -6.88308e-07 0 0 0
2232 4205 0.754301 0.419644 0.504905 -0.0141518 -1.27528e-06 0 0 0
2232 5354 0.873688 0.271793 -0.403483 -0.0104518 -8.79398e-07 0 0 0
690 275 0.272185 -0.883322 -0.381651 -0.0096582 -7.16538e-07 0 0 0
5222 3101 0.203789 0.550876 -0.809324 -0.00602554 -4.60744e-07 0 0 0
5222 3016 0.50745 -0.130359 0.851763 -0.00904651 -6.65758e-07 0 0 0
1162 2791 0.941978 -0.287833 0.172714 -0.00963339 -9.1061e-07 0 0 0
1162 5417 0.491882 0.843966 -0.213947 -0.00605318 -4.86755e-07 0 0 0
2892 2791 0.85112 0.413085 -0.323967 -0.0125818 -1.00707e-06 0 0 0
2892 1162 -0.0576993 0.813778 -0.578305 -0.00131062 -1.09694e-07 0 0 0
2045 360 0.768671 0.469813 0.434075 -0.000363491 -3.21878e-08 0 0 0
2045 5478 0.0917023 0.991776 0.0892813 -0.00760896 -6.16172e-07 0 0 0
1932 5436 0.758464 -0.573836 -0.30894 -0.0122191 -8.90325e-07 0 -1 0
2176 3016 0.518142 -0.417955 -0.746219 -0.0148808 -1.14915e-06 0 0 0
1932 1901 0.583287 0.807569 -0.0872283 -0.0126816 -1.11037e-06 0 0 0
2176 5064 0.733235 -0.305769 0.607348 -0.00231012 -1.71919e-07 0 0 0
1932 858 0.543685 0.252682 0.800349 -0.00560919 -3.91384e-07 0 0 0
1743 5402 0.672585 -0.189196 0.715426 -0.00721359 -6.43901e-07 0 0 0
2172 708 0.694853 -0.708087 -0.125666 -0.0202985 -1.63838e-06 0 0 0
1743 4121 0.82207 -0.568995 -0.0210848 -0.00316569 -2.94594e-07 0 0 0
1743 4032 0.836948 0.372336 -0.401103 -0.0146406 -1.11586e-06 0 0 0
2172 4313 0.663296 0.678486 0.315745 -0.0100266 -8.12797e-07 0 0 0
2813 1703 0.0280753 -0.969236 -0.244529 -0.0101727 -6.28881e-07 0 -1 0
4724 2442 0.781917 -0.622799 0.0269598 -0.00533855 -3.12112e-07 0 0 0
2813 5396 0.472857 0.431449 0.768283 -0.00382489 -2.76108e-07 0 0 0
2813 1112 0.642619 0.711932 -0.283184 -0.00969389 -7.80047e-07 0 0 0
2813 3988 0.679115 -0.078284 -0.729846 -0.0260151 -2.13734e-06 0 0 0
4724 4447 0.591985 -0.0856817 0.801382 -0.00850303 -6.25161e-07 0 0 0
2813 1247 0.835169 -0.535857 0.123899 -0.0150609 -1.03012e-06 0 -1 0
4724 1734 0.283582 0.27725 -0.917995 -0.000972968 -6.74539e-08 0 0 0
4724 4572 0.0082162 0.954277 0.298812 -0.0023414 -1.79535e-07 0 0 0
4217 1016 0.902683 -0.426528 -0.0569027 -0.00800016 -4.5528e-07 0 0 0
3599 5470 0.0239656 -0.488593 -0.872183 -0.0193408 -1.5648e-06 0 0 0
3599 1306 0.597086 0.694095 -0.402146 -0.00737528 -6.55913e-07 0 0 0
3599 215 0.746313 0.0912269 0.659314 -0.0182464 -1.11144e-06 0 0 0
4217 4247 0.333555 0.631044 -0.700375 -0.00351928 -3.3826e-07 0 0 0
4217 244 -0.0924465 0.555599 0.826295 -0.00859717 -8.32722e-07 0 0 0
2966 5475 0.133966 0.29182 0.947045 -0.00682685 -5.22358e-07 0 0 0
1931 1385 0.991976 -0.0305596 -0.122681 -0.00425779 -3.40354e-07 0 0 0
1931 2899 0.448138 0.83625 -0.316004 -0.00243881 -1.78909e-07 0 0 0
2966 531 0.526975 -0.506337 0.682583 -0.0153918 -1.28174e-06 0 -1 0
2966 655 0.845328 0.436372 0.308219 -0.00139632 -9.01079e-08 0 0 0
1931 1867 0.188693 -0.953335 -0.235684 -0.00301963 -2.2458e-07 0 0 0
619 1366 0.592592 -0.394862 -0.702082 -0.00403289 -3.15864e-07 0 0 0
4141 5473 0.766463 -0.631535 0.117038 -0.0133042 -1.01246e-06 0 0 0
4141 2028 0.343927 -0.400549 -0.849279 -0.00655423 -4.95465e-07 0 0 0
1703 2946 0.277258 -0.749443 0.601218 -0.014213 -1.13239e-06 0 0 0
4141 1619 0.1436 0.547781 0.824206 -0.0176896 -1.32287e-06 0 0 1
3818 5473 0.560221 0.636648 0.529936 -0.000988456 -6.50228e-08 0 0 0
1703 1247 0.792499 0.480145 0.376041 -0.0144421 -1.0043e-06 0 0 0
3818 3978 0.32019 -0.511571 0.797354 -0.00447229 -2.48244e-07 0 0 1
3818 2028 0.175906 0.944194 -0.278486 -0.0077667 -6.71995e-07 0 0 0
1379 5287 0.579274 -0.804461 -0.13147 -0.0186974 -1.56857e-06 0 0 0
3818 96 0.170108 -0.963566 -0.206406 -0.012738 -7.22134e-07 0 0 0
1379 5245 0.863936 0.449969 0.226147 -0.00818038 -6.266e-07 0 0 0
2706 3597 0.369722 -0.929135 0.00372182 -0.00383884 -2.73783e-07 0 0 0
319 2646 0.311794 -0.902627 0.296731 -0.00124509 -8.47592e-08 0 0 0
5332 1496 0.648851 0.366411 0.666885 -0.0243728 -1.69022e-06 0 0 0
5332 4675 0.209842 -0.804472 -0.55569 -0.00706671 -4.57956e-07 0 0 0
1518 3443 0.568257 -0.822539 0.02267 -0.00490605 -4.19929e-07 0 0 0
1518 4383 0.290597 -0.305373 0.906808 -0.00072307 -4.46659e-08 0 0 0
4318 874 0.601561 0.761715 0.240656 -0.000535205 -4.66698e-08 0 0 0
4318 5179 0.583365 -0.123997 0.802689 -0.00762928 -6.31311e-07 0 0 0
647 5009 0.955061 0.296228 0.0104028 -0.00187203 -1.62922e-07 0 0 0
4318 5154 0.193508 0.409035 -0.891765 -0.0131989 -1.03998e-06 0 0 0
4170 4121 0.0131943 -0.140788 0.989952 -0.000781809 -6.73813e-08 0 0 0
2654 2424 0.699265 -0.181575 0.691418 -0.00310035 -2.34779e-07 0 0 0
552 1175 0.968249 -0.237264 0.0787345 -0.00265362 -1.76122e-07 0 0 0
552 2045 0.0580858 0.824566 0.562777 -0.00203192 -1.34418e-07 0 0 0
5364 60 0.549651 -0.141224 -0.823371 -0.0240351 -2.09932e-06 0 0 0
603 1895 0.382648 0.922933 -0.0421328 -0.0236159 -1.96846e-06 0 0 0
5364 5086 0.559977 -0.605822 0.56516 -0.00786474 -6.34254e-07 0 0 0
603 3978 0.356155 0.267169 -0.895419 -0.0125787 -7.4247e-07 0 0 0
603 3260 0.176173 -0.635951 0.751351 -0.0119913 -8.47717e-07 0 0 0
3297 808 0.595001 0.803642 0.0115741 -0.00589952 -4.81947e-07 0 0 0
3297 890 0.615181 -0.770602 -0.166508 -0.003426 -3.03907e-07 0 0 0
3209 3484 0.678297 0.509101 0.529839 -0.00815143 -7.75865e-07 0 0 0
1446 3610 0.0249808 0.324823 0.945445 -0.0149076 -8.42285e-07 0 0 0
3209 1619 0.206173 0.366114 -0.907443 -0.000571169 -4.88628e-08 0 0 0
1446 514 0.514562 0.39704 -0.75999 -0.0240363 -1.63985e-06 0 0 0
4458 574 0.372845 0.25261 0.892846 -0.00807538 -6.50186e-07 0 0 0
4458 549 0.310241 0.531437 -0.788242 -0.0114329 -9.12455e-07 0 0 0
1446 1082 0.8786 -0.365615 -0.307225 -0.00403506 -2.36535e-07 0 0 0
4458 4329 0.0346088 -0.889659 -0.455313 -0.00186834 -1.48818e-07 0 -1 0
3073 1319 0.960486 0.255649 0.110051 -0.0139762 -1.15154e-06 0 0 0
3073 24 0.606672 0.0503474 -0.793356 -0.014713 -8.73305e-07 0 0 0
1880 220 0.124139 0.982783 -0.136848 -0.00019886 -1.50176e-08 0 0 0
534 5022 0.664226 0.121094 0.737658 -0.010849 -7.25639e-07 0 0 0
3073 1569 0.050891 -0.923105 -0.381165 -0.0041988 -3.96023e-07 0 0 0
534 2141 0.876853 -0.27825 -0.392054 -0.0112454 -8.09219e-07 0 0 0
3073 3263 0.0657084 -0.329552 0.941848 -0.0101109 -6.58662e-07 0 0 0
2087 1704 0.748969 0.164258 0.641923 -0.00130498 -1.21556e-07 0 0 0
2087 2892 0.13895 0.134385 -0.981139 -0.00140665 -1.18205e-07 0 0 0
3012 4824 0.687844 -0.338598 -0.642045 -0.00246526 -1.81709e-07 0 0 0
1504 2328 0.062544 -0.801673 0.594482 -0.000869825 -6.93606e-08 0 -1 0
134 5048 0.239426 0.179139 0.954246 -0.000484338 -3.9977e-08 0 0 0
3012 5417 0.505162 0.246528 0.827064 -0.00532108 -4.21476e-07 0 0 0
4947 1907 0.930289 0.0763967 -0.358785 -0.00743051 -5.89443e-07 0 0 0
4947 4513 0.0747846 0.997199 -0.00121936 -0.00443802 -3.51558e-07 0 0 0
134 3475 0.952622 -0.295615 -0.0715723 -0.00220655 -1.39638e-07 0 0 0
4550 3231 0.876342 -0.479753 -0.043154 -0.00369085 -2.87392e-07 0 0 0
4550 1867 0.20932 -0.633948 0.74451 -0.00563985 -4.02312e-07 0 0 0
674 1939 0.604038 -0.221125 -0.765664 -0.00259555 -2.11954e-07 0 0 0
674 2823 0.139239 0.873947 0.465649 -0.00207256 -1.32406e-07 0 0 0
674 5411 -0.095478 0.0985477 0.990541 -0.00257341 -2.46814e-07 0 0 0
3774 4966 0.106603 0.838581 -0.534244 -0.000947672 -7.32636e-08 0 0 0
2718 1503 0.855981 -0.515983 -0.0325267 -0.00510584 -4.01277e-07 0 0 0
2718 4992 0.42516 0.805475 0.412855 -0.0113316 -8.75604e-07 0 0 0
3774 4509 0.656155 0.406986 0.635471 -0.00366924 -2.64444e-07 0 0 0
2718 690 0.202661 0.11171 -0.972856 -0.00455965 -3.89988e-07 0 0 0
1067 4199 0.877104 -0.371857 0.303993 -0.0038197 -2.68669e-07 0 0 0
3527 132 0.447984 0.634538 0.629819 -0.0144228 -8.10537e-07 0 0 0
1067 4219 0.406823 0.736146 -0.540911 -0.00174821 -1.19942e-07 0 0 0
1067 1518 0.096163 -0.985494 -0.139839 -0.00527197 -3.58165e-07 0 0 0
3527 4600 0.652971 -0.205978 -0.728836 -0.000848615 -7.67279e-08 0 0 0
3527 278 0.780526 -0.624965 0.0140528 -0.00677651 -6.13253e-07 0 0 0
5184 3089 0.716438 -0.635115 -0.288698 -0.000502825 -3.84999e-08 0 0 0
5184 2396 0.512992 0.855139 -0.0746791 -0.000476455 -3.40459e-08 0 0 0
536 1872 0.979031 0.180107 0.0951803 -0.00101141 -8.98634e-08 0 0 0
536 2603 0.433831 -0.763984 0.477617 -0.00872874 -7.74707e-07 0 0 0
4925 4469 0.292646 0.201565 -0.934735 -0.00340922 -2.23921e-07 0 0 0
1483 5179 0.862465 0.123402 -0.490842 -0.00226221 -1.74949e-07 0 0 0
4925 5022 0.640985 -0.620403 -0.451928 -0.0125343 -8.41815e-07 0 0 0
4925 2135 0.704997 0.688488 -0.170187 -0.0233227 -1.67343e-06 0 0 0
1483 4631 0.311629 -0.122632 0.942257 -0.00188031 -1.47084e-07 0 0 0
1099 177 0.506316 0.862222 0.0147452 -0.0105957 -7.86834e-07 0 0 0
2685 5131 0.641492 0.0624439 -0.764584 -0.0130464 -1.07811e-06 0 0 0
1099 1177 0.741901 -0.647419 -0.174447 -0.0142404 -9.5774e-07 0 0 0
2685 4654 0.244152 0.397804 0.884388 -0.00976379 -8.66107e-07 0 0 0
2784 1049 0.714402 0.698428 -0.042758 -0.00886807 -7.2758e-07 0 0 0
3624 4508 0.257033 0.514456 0.818088 -0.00126247 -9.20434e-08 0 0 0
611 2719 0.733154 -0.679936 -0.0131502 -0.00605054 -4.21886e-07 0 0 0
611 3955 0.541585 0.11144 -0.833227 -0.0109648 -8.61362e-07 0 0 0
3569 3443 0.89222 0.450597 0.030101 -0.0103005 -7.7434e-07 0 0 0
3569 1230 0.146985 -0.739812 0.656562 -0.00302209 -2.27676e-07 0 0 0
3610 1472 0.753878 -0.613904 -0.234074 -0.0142098 -8.19866e-07 0 0 0
2578 1359 0.852998 0.498281 -0.155274 -0.000938715 -6.19958e-08 0 0 0
3610 3806 0.929091 0.368543 0.0310854 -0.00732848 -4.78261e-07 0 0 0
2578 3012 0.00971021 -0.992725 -0.120014 -0.00123847 -9.59437e-08 0 0 0
606 4 0.0388119 -0.0620099 -0.997321 -0.00417244 -2.5508e-07 0 0 0
3662 897 0.855671 0.116456 -0.504248 -0.00526069 -4.95934e-07 0 0 0
606 514 0.550131 0.7003 0.454902 -0.00762684 -4.97189e-07 0 0 0
606 3852 0.62334 -0.778322 -0.0752446 -0.00298371 -2.0607e-07 0 0 0
3662 5304 0.78335 -0.396832 0.478421 -0.00656659 -5.48828e-07 0 0 0
560 938 0.31414 -0.834605 0.452493 -0.00178095 -1.42762e-07 0 0 0
5224 3116 0.460572 0.862008 0.211696 -0.00779837 -5.97783e-07 0 0 0
4536 4966 0.0550438 -0.951053 0.304087 -0.00355251 -2.47224e-07 0 0 0
5319 1939 0.904549 -0.278064 0.323221 -0.0096128 -6.81992e-07 0 0 0
2121 3035 0.914393 -0.223625 -0.337457 -0.00132847 -1.16251e-07 0 0 0
2121 703 0.753768 -0.0578916 0.654586 -0.00184794 -1.18494e-07 0 0 0
4536 1550 0.891671 0.37109 0.259259 -0.00811569 -5.89004e-07 0 0 0
2493 4823 0.428733 -0.202606 -0.88042 -0.0115303 -9.2094e-07 0 0 0
2121 4496 0.182536 0.981983 -0.0488939 -0.000642462 -4.67673e-08 0 0 0
2493 1472 0.729298 0.616779 0.296156 -0.00285505 -1.60308e-07 0 0 0
4482 5039 0.569784 -0.639038 -0.516698 -0.0013494 -1.12071e-07 0 0 0
4482 1828 0.497067 0.231102 -0.836371 -0.0142737 -1.25854e-06 0 1 0
4482 2985 0.328351 0.89497 -0.302018 -0.000437213 -3.58176e-08 0 1 0
4952 2798 0.473174 -0.859153 -0.19484 -0.00320989 -2.10765e-07 0 0 0
4952 2914 0.551041 0.281948 -0.785404 -0.00244726 -1.6837e-07 0 0 0
4482 2892 -0.0104403 0.512051 0.858892 -0.00682955 -5.60689e-07 0 1 0
4966 3187 -0.0644549 -0.578197 -0.813347 -0.00134357 -1.22518e-07 0 0 0
4966 3618 0.236093 0.731146 0.640067 -0.00524749 -3.17877e-07 0 0 0
4200 1444 0.882841 0.374003 0.284101 -0.00828765 -6.52564e-07 0 0 0
4966 2632 0.743759 -0.0560036 -0.666098 -0.0067201 -4.12433e-07 0 0 0
4966 2196 0.942392 -0.11582 0.313821 -0.0229744 -1.45221e-06 0 0 0
4269 2763 0.260977 -0.82975 0.493363 -0.00312137 -2.72922e-07 0 0 0
4269 2220 0.313339 0.176926 -0.933014 -0.0133821 -1.07586e-06 0 0 0
4269 4009 0.452692 0.619898 0.640934 -0.00158152 -1.24129e-07 0 0 0
4200 1812 0.365014 -0.468927 -0.804283 -0.0113432 -9.45685e-07 0 0 0
2778 2690 0.701132 -0.706578 -0.0957133 -0.00990351 -7.74071e-07 0 0 0
2193 1531 0.606988 0.0157686 -0.794555 -0.000946558 -8.75402e-08 0 0 0
2778 1867 0.297099 0.809064 -0.507098 -0.0107336 -7.79645e-07 0 0 0
2166 3240 0.887044 0.341337 -0.310873 -0.0132427 -9.53847e-07 0 0 0
4605 5495 -0.0860989 -0.898671 -0.430091 -0.00417959 -3.30414e-07 0 0 0
2166 3758 0.147113 -0.337496 -0.92976 -0.00226933 -1.71641e-07 0 0 0
4605 1279 0.463815 0.523472 -0.71474 -0.00677846 -4.43979e-07 0 1 0
4605 2804 0.564679 0.0559064 0.823415 -0.0143761 -8.28039e-07 0 0 0
4605 2141 0.6744 0.721942 0.15487 -0.00405984 -3.18932e-07 0 1 0
1666 2696 0.621418 -0.032811 -0.782792 -0.00445894 -3.48579e-07 0 0 -1
1666 4353 0.288172 -0.562894 0.774666 -0.0100758 -8.06975e-07 0 0 0
4365 1503 0.806005 0.351394 0.476317 -0.00962289 -7.23146e-07 0 0 0
86 4889 0.467774 -0.686832 0.556282 -0.0045904 -2.7124e-07 0 0 0
86 4823 0.459207 0.605407 0.650086 -0.0116863 -9.09764e-07 0 0 0
86 798 0.508622 -0.48766 -0.709571 -0.0116931 -6.81286e-07 0 0 0
86 3852 0.566659 0.787566 -0.242151 -0.0015445 -1.09841e-07 0 0 0
438 2606 0.365248 -0.913138 -0.181032 -0.00114244 -9.49121e-08 0 0 0
4365 275 0.491297 0.0109632 -0.870923 -0.00431488 -3.07687e-07 0 0 0
4365 690 0.195558 0.873789 -0.445253 -0.000630237 -4.37305e-08 0 0 0
4365 2718 0.00604447 0.854523 0.519378 -0.00108764 -8.91621e-08 0 0 0
4629 3852 0.556727 0.346124 0.755151 -0.00685852 -4.89908e-07 0 0 0
2254 2253 0.901915 0.00575021 0.431875 -0.0102451 -7.59245e-07 0 0 0
4629 3838 0.910381 -0.231268 -0.343107 -0.00362064 -2.38268e-07 0 0 0
2635 858 0.801406 0.597124 0.0345044 -0.0164834 -1.46018e-06 0 1 0
2635 1932 0.238277 0.356754 -0.9033 -0.0127885 -1.03603e-06 0 1 0
1363 5048 0.328642 -0.781747 0.529968 -0.00657714 -4.85681e-07 0 0 0
1039 3229 0.793276 -0.0497551 -0.606826 -0.00712294 -5.70345e-07 0 0 0
1363 3722 0.842453 0.452809 0.291953 -0.00489102 -3.74411e-07 0 0 0
3101 5495 -0.0572684 0.776628 -0.627351 -0.0089944 -6.76489e-07 0 0 0
1039 3040 0.551063 -0.829698 -0.0890571 -0.0120237 -9.46808e-07 0 0 0
1039 2396 0.376814 -0.413323 0.82896 -0.000207545 -1.69672e-08 0 0 0
2341 3116 0.460066 -0.441592 -0.770283 -0.014259 -1.13495e-06 0 0 0
2341 235 0.428872 0.480325 0.765086 -0.0224927 -1.77389e-06 0 0 0
3101 4306 0.781027 -0.594997 0.18967 -0.0124877 -7.95249e-07 0 0 0
4004 4873 0.638596 -0.761813 -0.108795 -0.0064149 -4.91363e-07 0 0 1
3640 2676 0.876105 -0.469945 0.107663 -0.00501632 -3.67419e-07 0 0 0
2395 5313 0.434167 -0.767927 0.470943 -0.00786342 -6.7462e-07 0 0 0
2395 1631 0.38485 0.349604 0.854206 -0.00700209 -5.56389e-07 0 0 0
2395 5365 0.436586 0.320868 -0.840498 -0.00798042 -6.46615e-07 0 0 0
3640 3260 0.429411 0.875038 -0.223413 -0.0141745 -1.01154e-06 0 0 0
1470 5473 0.674824 -0.0537749 -0.736017 -0.0105486 -7.00251e-07 0 0 -1
1470 1895 0.467358 -0.73025 0.498309 -0.027829 -2.40015e-06 0 0 0
1470 1619 0.131453 0.982217 -0.13405 -0.0188874 -1.31523e-06 0 0 0
2575 4205 0.81422 -0.567031 -0.124587 -0.00861374 -6.93248e-07 0 0 0
1470 3209 -0.0451784 0.731267 0.680594 -0.00320344 -3.01263e-07 0 0 0
4821 3435 0.109018 0.958147 -0.264707 -0.000175393 -1.13958e-08 0 0 0
4821 3678 0.102794 -0.470068 0.876624 -0.00835689 -6.69076e-07 0 0 0
3646 327 0.828538 0.415391 0.375465 -0.00665427 -5.19152e-07 0 0 0
3646 4572 0.284594 0.634665 -0.718475 -0.00508121 -3.54134e-07 0 0 0
4419 5250 0.810918 -0.579837 -0.0787481 -0.00273138 -2.10501e-07 0 0 0
4821 4630 0.866402 -0.0644454 -0.49517 -0.00718973 -5.63132e-07 0 0 0
4187 1417 0.325865 0.692581 -0.64354 -0.01177 -9.12671e-07 0 0 0
4419 1630 0.360313 0.0837493 -0.929064 -0.00408226 -3.29479e-07 0 0 0
4419 1483 0.0703743 0.916095 0.394737 -0.00256264 -2.00248e-07 0 0 0
4464 5394 0.915685 -0.120983 0.383253 -0.0093082 -8.57107e-07 0 0 0
1970 4552 0.930943 -0.0516413 -0.361493 -0.00148444 -1.07542e-07 0 0 0
5470 1891 0.464267 -0.00870652 -0.885652 -0.0173445 -1.48613e-06 0 0 0
1970 3476 0.726584 -0.194862 0.658866 -0.00478394 -4.66968e-07 0 0 0
1970 2685 0.0433345 0.579687 -0.813686 -0.00688138 -4.08952e-07 0 0 0
2490 2140 0.874334 0.0963225 0.475671 -0.00356636 -3.25541e-07 0 0 1
811 1913 0.985734 0.0224361 -0.166809 -0.00295624 -1.98098e-07 0 0 0
863 1494 -0.0327157 -0.111452 0.993231 -0.00483539 -3.58706e-07 0 0 0
811 5202 0.305112 -0.43476 -0.847284 -0.00237979 -1.64473e-07 0 0 0
863 2195 0.800338 0.345717 -0.489835 -0.0220918 -1.71603e-06 0 0 0
811 1970 0.0968668 0.992777 0.0707912 -0.00299337 -2.14326e-07 0 0 0
5495 355 0.189128 0.444146 -0.875766 -0.0177309 -1.31468e-06 0 0 -1
2244 1293 0.745214 -0.657321 -0.112187 -0.00795265 -6.99359e-07 0 0 0
1617 4873 0.686184 -0.06377 -0.724628 -0.0108167 -8.70137e-07 0 0 0
675 5267 0.924017 0.336007 -0.182462 -0.0244198 -2.00534e-06 0 0 0
4 1465 0.598201 0.310531 -0.738733 -0.00139872 -1.11726e-07 0 0 0
4 2817 0.738903 0.479314 0.473582 -0.0117968 -7.50231e-07 0 0 0
675 4813 0.609213 -0.741322 -0.281606 -0.0196124 -1.32357e-06 0 0 0
414 3975 -0.0336398 0.577388 -0.815777 -0.00451557 -2.68251e-07 0 0 0
414 4738 0.0912382 -0.366692 0.925858 -0.00522308 -4.96242e-07 0 0 0
414 2870 0.256394 -0.94992 0.178645 -0.00272214 -1.68752e-07 0 0 0
675 4784 0.436795 0.795121 0.420705 -0.0140114 -9.66392e-07 0 1 0
5187 4049 0.451608 0.765745 -0.457913 -0.00109195 -7.23448e-08 0 0 0
414 2293 0.909264 0.345208 -0.232529 -0.0104866 -5.97303e-07 0 0 0
3773 3089 0.88486 0.430659 -0.177637 -0.00604529 -4.99299e-07 0 0 0
1937 2264 0.0170614 -0.734762 -0.67811 -0.011245 -9.02339e-07 0 0 0
1937 2870 0.45536 -0.00275067 0.890303 -0.00779397 -6.20229e-07 0 0 0
1937 4127 0.734382 -0.678439 0.0200805 -0.00185284 -1.40324e-07 0 0 0
3773 1931 0.225214 -0.241037 -0.944023 -0.00234946 -1.75371e-07 0 0 0
3688 2225 0.538585 0.627003 -0.562844 -0.00034572 -3.0949e-08 0 0 0
3773 2784 0.131256 0.138901 0.981569 -0.00766518 -5.76528e-07 0 0 0
4829 2662 0.964479 0.253698 0.0736087 -0.0202767 -1.69352e-06 0 1 -1
774 2351 0.298895 0.715594 -0.631338 -0.00168797 -1.32156e-07 0 0 0
4829 1932 0.322015 0.000292705 0.946735 -0.00765076 -6.56455e-07 0 1 0
4829 4947 0.212073 0.701921 -0.679949 -0.000648728 -5.24012e-08 0 1 -1
1982 4627 0.902237 -0.157466 0.401463 -0.00190588 -1.3974e-07 0 0 0
504 4540 0.970955 -0.178553 -0.159267 -0.0115165 -9.67514e-07 0 0 0
1982 5187 0.0752929 0.987915 0.135483 -0.00106171 -8.15641e-08 0 0 0
3744 3085 0.304171 0.570589 0.762829 -0.00169415 -1.20058e-07 0 0 0
3975 808 0.412918 0.0871675 -0.906587 -0.00565004 -4.85521e-07 0 0 0
3505 1821 0.915706 0.401589 0.0144313 -0.0151553 -1.16121e-06 0 0 0
3505 289 0.465785 0.0409029 -0.883952 -0.00646759 -5.17269e-07 0 -1 0
3505 2067 0.509742 0.0148418 0.860199 -0.00530504 -3.91176e-07 0 0 0
2969 5394 0.87232 -0.063307 -0.484819 -0.00708588 -5.59803e-07 0 0 0
2969 828 0.607615 0.761319 0.226267 -0.00393053 -3.17151e-07 0 0 0
2969 5319 0.103898 -0.851891 -0.51331 -0.00604987 -4.29051e-07 0 0 0
2969 4464 -0.00461744 0.0614949 -0.998097 -0.00709005 -5.82915e-07 0 0 0
4969 1695 0.092259 0.725515 0.681995 -0.00291351 -2.48851e-07 0 0 0
154 4700 0.815033 -0.129553 0.564745 -0.0107391 -8.71805e-07 0 0 0
4969 2565 0.5756 -0.610741 -0.543764 -0.00598637 -4.09188e-07 0 0 0
154 2254 0.122566 0.963706 0.237169 -0.00278853 -2.06104e-07 0 0 0
4969 1186 0.718784 0.276954 -0.637688 -0.000310034 -2.75297e-08 0 0 0
4969 2075 0.722515 -0.614556 0.31669 -0.0202399 -1.9108e-06 0 0 0
4131 334 0.906528 0.401864 0.129272 -0.00772767 -5.1189e-07 0 0 0
3464 2140 0.865046 0.0329611 -0.500609 -0.00380838 -3.15656e-07 0 0 0
3869 38 0.152568 0.913794 -0.376436 -0.00759251 -5.86361e-07 0 0 0
3869 1417 0.297949 -0.931371 0.209225 -0.0157897 -1.22563e-06 0 0 0
4108 4663 0.977277 0.103713 -0.184858 -0.00425406 -3.71021e-07 0 0 0
3869 847 0.609172 -0.431071 -0.665648 -0.00227385 -1.88198e-07 0 0 0
4108 1734 0.573447 -0.758958 0.308451 -0.00109289 -7.18882e-08 0 0 0
1947 1631 0.297128 -0.937644 0.180385 -0.00323035 -2.67352e-07 0 0 0
1688 1161 0.902645 0.417431 0.104807 -0.000979626 -6.91155e-08 0 0 1
1947 4209 0.696478 0.571875 0.433448 -0.00727387 -5.58752e-07 0 0 0
1688 2140 0.657747 -0.74642 0.101124 -0.0137672 -8.6828e-07 0 0 1
3187 12 0.433135 -0.304774 -0.848238 -0.00281312 -2.69425e-07 0 0 0
3187 4636 0.647291 -0.429908 0.629439 -0.00907725 -8.00028e-07 0 0 0
1688 5319 0.00907752 0.399945 0.916494 -0.00924131 -7.27706e-07 0 0 1
1688 2490 -0.107747 -0.931666 -0.346971 -0.00398761 -3.75772e-07 0 0 0
3033 60 0.240464 -0.341835 0.908475 -0.0138173 -8.11261e-07 0 0 0
200 2085 0.800168 -0.228427 0.554574 -0.01502 -1.09893e-06 0 0 0
200 4631 0.369794 0.896964 0.242297 -0.00441365 -3.35932e-07 0 0 0
3033 4506 0.749892 -0.16109 -0.641648 -0.0282876 -1.81025e-06 0 0 0
761 2513 0.391944 0.904236 -0.16952 -0.00157352 -1.29047e-07 0 0 0
761 1013 0.263908 -0.762296 -0.59098 -0.0121034 -8.05165e-07 0 0 0
521 1745 0.888621 -0.127873 -0.440455 -0.0139694 -8.7275e-07 0 0 0
3024 4469 0.237173 -0.684722 0.689134 -0.00410283 -2.89021e-07 0 0 0
2041 3284 0.918224 0.286255 0.27372 -0.00332194 -2.34033e-07 0 0 0
3024 5287 0.37831 0.687486 -0.619874 -0.00356212 -2.62931e-07 0 0 -1
3024 4916 0.949354 -0.276147 0.149897 -0.0129861 -1.07173e-06 0 0 0
2041 2701 0.612643 0.304023 -0.729547 -0.0138453 -1.05564e-06 0 0 0
415 4308 0.445793 -0.775558 -0.446965 -0.0158002 -1.25389e-06 0 0 0
2041 3662 0.0925306 -0.994335 -0.0523061 -0.00937759 -7.84536e-07 0 0 0
415 5064 0.567051 0.202772 -0.798334 -0.00144293 -1.11616e-07 0 0 0
415 4656 0.782585 -0.316879 0.535862 -0.00400817 -3.10341e-07 0 0 0
1494 180 0.145887 -0.916822 0.371692 -0.00367082 -2.73791e-07 0 0 0
1494 4359 0.213446 0.947086 -0.239727 -0.00157126 -1.15237e-07 0 0 0
2041 1982 0.0095575 -0.580145 0.814457 -0.0151851 -1.12746e-06 0 0 0
2981 858 0.800569 -0.382667 -0.461145 -5.76699e-05 -4.30925e-09 0 0 0
2981 3203 0.716161 -0.121562 0.687267 -0.00146534 -9.82398e-08 0 0 0
4665 1596 0.943501 0.146014 -0.297467 -0.017006 -1.00038e-06 0 0 0
4665 874 0.804006 -0.338155 0.489107 -0.0131235 -1.14988e-06 0 0 0
4665 5154 0.392039 -0.659405 -0.641475 -0.0132276 -1.05099e-06 0 0 0
4782 2085 0.869162 0.491635 0.053407 -0.00577244 -4.72034e-07 0 0 0
4523 2285 0.449993 -0.659957 0.601634 -0.0211065 -1.7663e-06 0 0 1
4523 3052 0.542794 0.702803 -0.459829 -0.0323975 -2.4202e-06 0 0 0
4782 200 0.0501959 0.813425 -0.5795 -0.000397605 -2.90699e-08 0 0 0
2927 1236 0.702158 0.655663 -0.277633 -0.0159423 -9.67209e-07 0 0 0
2927 549 0.378006 -0.729775 0.569683 -0.00470265 -2.76405e-07 0 0 0
678 2085 0.775645 -0.234129 -0.586139 -0.0386698 -2.59959e-06 0 0 0
678 448 0.611053 0.789535 0.0569916 -0.0150958 -9.76662e-07 0 0 0
3739 3722 0.846969 -0.258857 -0.464367 -0.0260993 -2.11328e-06 0 0 0
678 2616 0.563971 -0.791585 0.235223 -0.00451992 -3.28657e-07 0 0 0
515 4700 0.806503 0.530541 -0.26092 -0.0158572 -1.19328e-06 0 0 0
515 3534 0.606392 -0.393595 0.690921 -0.00768896 -5.72184e-07 0 0 0
68 990 0.529626 0.536402 -0.657092 -0.00201512 -1.49794e-07 0 0 0
416 5186 0.566022 -0.579131 -0.586709 -0.00729652 -5.99194e-07 0 0 0
68 2636 0.921943 -0.3245 -0.211472 -0.0287781 -1.95792e-06 0 0 0
3762 3472 0.308092 -0.54525 -0.779604 -0.00378974 -3.34945e-07 0 0 0
416 3818 0.349022 -0.487918 0.800075 -0.00580718 -4.73231e-07 0 0 0
2371 3444 0.995244 0.0937029 -0.0266248 -0.00465391 -3.19481e-07 0 0 0
2371 1067 0.223676 -0.447357 -0.865934 -0.00659886 -4.62372e-07 0 0 0
5424 3951 0.954879 -0.286473 0.0783566 -0.0071084 -6.22595e-07 0 0 0
2404 5365 0.210451 -0.802464 0.558357 -0.000832105 -6.09826e-08 0 0 0
5424 1987 0.591077 0.26747 -0.760978 -0.00293071 -2.22855e-07 0 0 0
2404 733 0.895953 -0.269645 -0.35293 -0.000486611 -3.04311e-08 0 0 0
4695 1619 0.324247 -0.848615 0.417991 -0.0129783 -8.41182e-07 0 0 0
2264 998 0.281582 -0.872265 0.399831 -0.00512685 -4.49165e-07 0 -1 0
4695 3571 0.36202 0.457596 -0.812125 -0.0129537 -8.72771e-07 0 0 -1
2264 2170 0.885824 0.205344 -0.416113 -0.0102775 -9.19341e-07 0 -1 0
2749 2145 0.970559 0.0282958 0.239197 -0.00333997 -2.29925e-07 0 0 0
3098 5381 0.230814 -0.545185 0.805915 -0.00050092 -4.08687e-08 0 0 0
3098 1247 0.789001 0.164293 -0.592018 -0.000285025 -2.10635e-08 0 0 0
404 5245 0.0755091 0.775069 -0.627349 -0.00136907 -1.00981e-07 0 0 -1
2749 1230 0.239591 -0.300585 -0.923171 -0.00243395 -1.97604e-07 0 0 0
485 3842 0.828577 -0.37162 -0.41876 -0.000698677 -5.64967e-08 0 0 0
485 2899 0.642583 0.0784865 0.762185 -0.0129153 -1.01026e-06 0 0 0
485 4550 0.197891 -0.973426 0.115239 -0.00407298 -3.02182e-07 0 0 0
1367 5234 0.760547 -0.0234498 -0.64886 -0.0243799 -1.66062e-06 0 0 0
990 2636 0.295326 -0.831158 0.471125 -0.00380684 -2.88735e-07 0 0 0
253 2563 0.913739 0.405955 0.0167675 -0.0152297 -1.23992e-06 0 0 0
2820 5398 0.727319 0.616586 0.301378 -0.00952472 -6.99257e-07 0 0 0
4263 220 0.701116 -0.284538 -0.653815 -0.000585296 -4.46698e-08 0 0 0
477 596 0.912522 -0.380125 0.151022 -0.00451319 -2.83627e-07 0 0 0
477 4654 0.415913 -0.0301416 -0.908905 -0.00811634 -7.37028e-07 0 0 0
477 3633 0.386868 -0.222553 0.894876 -0.0111038 -8.78295e-07 0 0 0
477 2749 -0.0596003 0.988451 0.139327 -0.00917494 -6.23559e-07 0 0 0
4832 2398 0.935348 0.0687535 -0.346982 -0.00489687 -3.17144e-07 0 0 0
5475 655 0.762875 0.170229 -0.623733 -0.00938166 -7.14774e-07 0 0 0
5475 1434 0.880274 0.0215401 0.473976 -0.0213604 -1.79338e-06 0 0 0
4832 928 0.381196 -0.91238 -0.149171 -0.00951267 -8.28656e-07 0 0 0
4832 4775 0.408125 0.901288 -0.145304 -0.00886544 -5.7809e-07 0 0 0
1244 2704 0.981466 -0.154697 -0.113108 -0.00250844 -1.56795e-07 0 0 0
3065 4559 0.49992 0.524663 0.689064 -0.00252065 -1.48875e-07 0 0 0
3065 159 0.559719 -0.427618 -0.70983 -0.0033603 -2.21582e-07 0 0 0
1244 2578 0.112125 -0.154242 -0.98165 -0.00132133 -8.79158e-08 0 0 0
152 3222 0.867472 0.184501 -0.462008 -0.0159198 -9.44346e-07 0 0 0
152 4042 0.790816 -0.178207 0.585536 -0.027597 -2.10766e-06 0 0 0
216 5265 0.24571 0.224497 0.942989 -0.0103156 -6.49379e-07 0 0 0
216 4319 0.21348 0.576925 -0.788406 -0.0084785 -6.39811e-07 0 -1 0
152 3909 0.556453 0.752738 0.351775 -0.0123984 -7.19733e-07 0 0 0
216 4304 0.878098 -0.189636 -0.439297 -0.0317126 -2.01472e-06 0 -1 0
152 4631 0.343599 -0.904568 0.252381 -0.00772084 -6.31373e-07 0 0 0
1886 3755 0.120748 0.967022 -0.22425 -0.00607486 -3.82683e-07 0 0 0
1886 2135 0.456239 -0.498273 -0.737272 -0.0190039 -1.46426e-06 0 0 0
1886 5263 0.725925 0.58969 0.353974 -0.0063057 -5.34474e-07 0 0 0
152 1483 0.0760409 -0.81572 -0.573428 -0.00265917 -2.35573e-07 0 0 0
1338 2590 0.887934 -0.2358 0.394933 -0.00645629 -4.44206e-07 0 -1 0
1338 4329 0.300112 0.00514798 -0.95389 -0.00603099 -4.98402e-07 0 -1 0
2763 5479 0.138713 0.154605 -0.97819 -0.0143135 -1.23869e-06 0 0 0
1338 4458 0.256657 0.829742 -0.495636 -0.00686484 -5.01038e-07 0 0 0
2763 4931 0.531496 0.662801 0.527453 -0.00521202 -4.05385e-07 0 0 0
935 5253 0.680195 -0.649628 -0.339585 -0.0077264 -7.32166e-07 0 0 0
2763 779 0.73282 -0.230869 0.640058 -0.00655048 -4.68135e-07 0 0 0
935 611 0.33128 0.614244 0.716211 -0.00494 -4.1966e-07 0 0 0
180 3463 0.0201886 -0.705837 0.708087 -0.00495855 -3.06642e-07 0 0 0
180 2424 0.288851 -0.153676 -0.94496 -0.00439365 -3.69606e-07 0 0 0
935 2371 0.122945 0.16615 -0.978406 -0.00310643 -2.5747e-07 0 0 0
180 5016 0.701487 0.699432 -0.136788 -0.00183029 -1.67031e-07 0 0 0
363 1901 0.926623 -0.209561 0.312175 -0.0238989 -2.10177e-06 0 0 0
180 3634 0.845729 -0.428198 0.318416 -0.0119177 -8.9809e-07 0 0 0
363 1820 0.805127 0.190747 -0.561593 -0.0109376 -9.5147e-07 0 0 -1
1953 1997 0.659314 -0.442769 0.607668 -0.0102721 -8.79919e-07 0 0 0
3921 4159 0.921977 -0.364733 -0.130111 -0.00977529 -6.19998e-07 0 0 0
5496 4748 0.618777 0.0210645 0.785284 -0.00733539 -6.28401e-07 0 0 0
5496 1186 0.71889 -0.69389 0.0413871 -0.0160534 -1.34961e-06 0 0 0
3921 2244 0.106264 0.618054 0.77892 -0.000812023 -5.31004e-08 0 0 0
3473 3266 0.956668 -0.0845361 0.27864 -0.0146942 -9.19827e-07 0 0 0
3473 253 0.102154 -0.817189 -0.567245 -0.013764 -9.13687e-07 0 0 0
3312 24 0.939004 0.338438 0.0610887 -0.0143886 -9.79591e-07 0 0 0
3584 1529 0.945398 0.230205 0.230711 -0.00631882 -5.31148e-07 0 0 0
1505 3895 0.208793 -0.35441 -0.911482 -0.00261733 -1.95861e-07 0 0 0
3312 4581 0.711537 -0.662766 -0.23336 -0.0262729 -1.68375e-06 0 0 0
5466 3633 0.558991 0.152651 -0.815001 -0.0129165 -9.40057e-07 0 0 0
1505 3143 0.807501 0.308756 0.502606 -0.00311899 -2.39538e-07 0 0 0
5466 485 0.0443287 0.316198 0.947657 -0.014296 -9.27223e-07 0 0 0
2099 3091 0.669605 0.353056 0.653437 -0.00980378 -7.49544e-07 0 0 0
2099 3464 0.11343 0.992023 0.0549899 -0.00200909 -1.53963e-07 0 0 0
4909 1434 0.890516 -0.363269 -0.273892 -0.00685378 -6.36566e-07 0 0 0
2099 4695 0.132862 -0.791321 -0.59679 -0.00602372 -4.58645e-07 0 0 0
3997 3988 0.602137 -0.0754378 0.794821 -0.00907966 -6.88234e-07 0 0 0
2107 5234 0.757854 -0.372088 0.535917 -0.00984603 -6.14161e-07 0 0 0
508 674 0.355996 0.727665 0.586319 -0.00195897 -1.45453e-07 0 0 0
508 3464 0.0768402 -0.475058 -0.876593 -0.00399352 -3.16762e-07 0 0 0
2147 5395 0.969607 0.0640049 -0.236148 -0.000548602 -3.68282e-08 0 0 0
3435 2432 0.692802 0.554127 -0.461486 -0.00146391 -1.19885e-07 0 0 0
2147 3012 0.281568 -0.537611 0.794792 -0.000730264 -5.50013e-08 0 0 0
5510 5225 0.948459 -0.305293 0.084978 -0.00443375 -3.10747e-07 0 0 0
5510 289 0.622179 0.515124 0.589525 -0.0174049 -1.39136e-06 0 0 0
5510 244 0.433478 -0.56469 -0.702298 -0.00859727 -7.23137e-07 0 0 0
5510 4482 0.34187 0.876162 -0.339802 -0.00482064 -3.73102e-07 0 0 0
658 3791 0.863361 0.0457869 0.502506 -0.00967111 -7.5675e-07 0 0 0
2974 1695 0.124188 -0.540292 -0.832263 -0.00401155 -2.99905e-07 0 0 0
2974 5260 0.405545 0.914025 -0.0096291 -0.00535697 -4.30203e-07 0 0 0
658 657 0.828613 0.160113 -0.536437 -0.000684523 -5.30682e-08 0 0 0
2974 5245 0.538689 -0.842283 0.0193328 -0.00332348 -2.38312e-07 0 0 0
658 690 0.490288 -0.870698 0.0387552 -0.0115936 -9.5012e-07 0 0 0
230 3754 0.474681 -0.180352 0.861482 -0.00349455 -3.17352e-07 0 0 0
3996 5445 0.976298 0.0816088 -0.200454 -0.00621883 -4.71752e-07 0 0 0
2377 4627 0.746326 0.53255 -0.399234 -0.0100283 -8.5138e-07 0 0 0
5196 3463 0.0252866 -0.588878 -0.807826 -0.0128296 -8.19969e-07 0 0 0
5196 2798 0.295274 0.707258 0.642339 -0.0121103 -7.66432e-07 0 0 0
2377 2862 0.650879 -0.490062 0.579824 -0.022645 -1.57177e-06 0 0 0
2377 1039 0.160027 -0.734848 -0.659083 -0.0106006 -5.91234e-07 0 0 0
2377 1982 -0.0161461 0.669426 -0.742703 -0.0151041 -1.30321e-06 0 0 0
5196 4090 0.973435 0.000714918 -0.228963 -0.00837571 -5.60799e-07 0 0 0
2720 2996 0.633966 0.649666 0.41955 -0.00282928 -1.98411e-07 0 0 0
2720 1253 0.471888 -0.740768 -0.478105 -0.0069134 -5.5435e-07 0 0 0
1359 560 -0.110797 -0.993374 -0.030535 -0.0014881 -1.39458e-07 0 0 0
2720 522 0.440465 -0.36356 0.820863 -0.00688958 -3.8764e-07 0 0 0
772 1944 0.107193 -0.563872 0.818876 -0.00387665 -2.92382e-07 0 0 0
772 1352 0.2721 0.793066 -0.544984 -0.00617352 -4.32558e-07 0 0 0
772 2951 0.612145 -0.772011 -0.171108 -0.00722704 -5.31419e-07 0 0 0
2720 2045 0.282831 0.830626 -0.479653 -0.00730663 -5.10019e-07 0 0 0
772 916 0.939896 0.210187 -0.269103 -0.0120668 -8.81807e-07 0 0 0
4084 1013 0.575567 -0.562222 0.593826 -0.0164846 -1.24251e-06 0 0 0
2772 5162 0.0742819 -0.265044 -0.961371 -0.0121726 -6.73621e-07 0 0 0
4084 2784 0.271066 0.706288 -0.653973 -0.00996416 -7.68223e-07 0 0 0
4105 3269 0.714377 -0.24217 -0.656521 -0.0154267 -1.16623e-06 0 0 0
2772 2914 0.29002 -0.937588 0.19188 -0.0104554 -6.07408e-07 0 0 0
2772 2181 0.821817 0.0860019 -0.563223 -0.00300686 -2.68047e-07 0 0 0
2772 5397 0.839385 0.524287 0.14337 -0.010708 -1.02972e-06 0 0 0
4105 4353 0.337226 0.666215 0.665158 -0.00852414 -7.10091e-07 0 0 0
4001 1891 0.240544 -0.841421 -0.48389 -0.00784549 -5.28311e-07 0 0 0
4001 2870 0.248106 0.861441 -0.443129 -0.0114998 -7.46169e-07 0 1 0
4001 1306 0.356145 0.226597 0.90654 -0.0127239 -1.10958e-06 0 0 0
5409 4409 0.975566 -0.0905978 0.200158 -0.00384313 -3.03328e-07 0 0 0
5409 362 0.592422 -0.408711 -0.694256 -0.00694461 -4.87593e-07 0 0 0
5409 3884 0.510841 0.751853 -0.416845 -0.00374358 -2.65519e-07 0 1 0
2872 3060 0.0281436 -0.786574 -0.616854 -0.00382265 -3.37746e-07 0 0 0
2872 1106 0.361524 0.508247 -0.781656 -0.00574726 -3.66428e-07 0 0 0
2872 144 0.43035 0.819382 0.378697 -0.00425808 -3.279e-07 0 0 0
2872 2384 0.810341 -0.562371 -0.164579 -0.00480236 -3.50479e-07 0 0 0
1741 1440 0.867842 -0.496837 -0.00164745 -0.00908948 -6.55447e-07 0 0 0
4396 4454 0.855283 -0.388215 0.34319 -5.41077e-05 -4.45137e-09 0 0 0
4210 5160 0.560443 -0.815024 -0.147104 -0.0010492 -8.24241e-08 0 0 0
4210 552 0.456272 0.76931 0.447188 -0.00222968 -1.86751e-07 0 0 0
3463 3634 0.834677 0.328464 -0.442069 -0.0102267 -7.6043e-07 0 0 0
3463 3729 0.899002 -0.427209 0.0963729 -0.00183731 -1.40832e-07 0 0 0
2375 1470 0.38355 0.648733 -0.657293 -0.01085 -1.02409e-06 0 0 0
4359 5162 0.0837266 0.602532 0.793691 -0.00415585 -2.70816e-07 0 0 0
2375 1953 0.202927 -0.386233 0.899803 -0.0108111 -9.87113e-07 0 0 0
4359 3787 0.804204 0.046786 -0.592509 -0.00631407 -5.36123e-07 0 0 0
5151 476 0.918938 -0.110915 -0.378485 -0.00334405 -2.42227e-07 0 0 0
5151 1212 0.810263 -0.0706408 0.581794 -0.0251833 -1.56708e-06 0 0 0
2000 5365 0.142087 0.979908 -0.139971 -0.00196934 -1.41734e-07 0 0 0
2000 990 0.385656 -0.361119 -0.849036 -0.0044652 -2.97241e-07 0 0 0
5151 3965 0.682037 0.716104 0.148392 -0.0182616 -1.49759e-06 0 0 0
5151 3337 0.303972 -0.55895 -0.771476 -0.0186711 -1.81112e-06 0 0 0
5151 4554 0.327056 0.644495 -0.69113 -4.20413e-05 -2.9602e-09 0 0 0
2000 2614 0.996798 0.0203987 0.0773111 -0.000340952 -2.1363e-08 0 0 0
4953 3734 0.414897 0.884366 0.213909 -0.00428252 -3.40619e-07 0 0 0
1959 5085 0.455232 0.0352098 -0.889676 -0.00419673 -3.24713e-07 0 0 0
4953 2158 0.543903 -0.553309 -0.630887 -0.00737744 -5.5389e-07 0 0 0
1959 4572 0.451088 -0.887861 0.0906845 -0.00073838 -5.37529e-08 0 0 0
2707 2464 0.976689 -0.18146 0.114675 -0.0102879 -8.46799e-07 0 0 0
1070 1987 0.594209 0.399652 0.697993 -0.00549712 -4.517e-07 0 0 0
1070 1397 0.44201 -0.742766 0.502918 -0.0020794 -1.41005e-07 0 0 0
1070 2778 0.209814 0.625619 -0.751384 -0.0108917 -8.33986e-07 0 0 0
394 2128 0.108796 -0.48292 -0.868879 -0.00353566 -2.89437e-07 0 0 0
394 1408 0.443731 0.729284 -0.520814 -0.00280203 -2.56841e-07 0 0 0
394 4170 0.502091 -0.731126 0.461908 -0.00390772 -2.65784e-07 0 0 1
5087 4464 0.222461 0.370709 0.901713 -0.00819005 -6.56747e-07 0 0 1
5087 1688 0.280893 -0.929379 0.239487 -0.0128562 -1.08452e-06 0 0 0
5087 678 0.229812 -0.28084 -0.931835 -0.0156357 -1.2703e-06 0 0 0
1421 4308 0.35125 -0.330034 0.876186 -0.0169474 -1.46867e-06 0 0 0
1421 5064 0.473554 0.68819 0.549673 -0.00437527 -3.69425e-07 0 0 0
981 4219 0.683604 -0.382596 0.621535 -0.0210658 -1.38866e-06 0 0 0
3678 4400 0.653525 -0.375653 0.657108 -0.0206315 -1.63358e-06 0 0 0
3678 1035 0.845965 -0.117365 -0.520162 -0.0197799 -1.57827e-06 0 0 0
981 253 0.157931 0.915833 -0.369198 -0.000150192 -1.01542e-08 0 0 0
2008 3040 0.962501 0.248909 -0.107873 -0.000200924 -1.44172e-08 0 0 0
38 2190 0.831005 -0.386506 0.400054 -0.0184043 -1.49231e-06 0 0 0
5291 2747 0.724901 0.379271 0.575041 -0.00912651 -7.85306e-07 0 1 0
5291 4941 0.62778 0.0328529 -0.777697 -0.00200582 -1.62011e-07 0 1 0
1450 1408 0.656345 0.120621 0.744756 -0.00694556 -5.53578e-07 0 0 0
5291 1963 0.589375 -0.775657 -0.225816 -0.00292396 -1.83313e-07 0 1 0
1450 4190 0.966687 -0.109102 -0.231547 -0.0113314 -9.17926e-07 0 0 0
5291 3884 0.45789 -0.529738 0.713943 -0.00343971 -2.57825e-07 0 1 0
587 1631 0.105913 0.508466 -0.854544 -0.00872023 -7.43581e-07 0 0 0
587 3930 0.301988 -0.510275 0.805247 -0.00797479 -5.66503e-07 0 0 0
5291 816 0.432977 0.854983 -0.285543 -0.00101458 -6.46921e-08 0 1 0
3766 4049 0.81116 -0.506792 -0.291857 -0.0176536 -1.47063e-06 0 0 0
3368 3057 0.18035 -0.929372 0.322088 -0.00279395 -1.99064e-07 0 0 0
3368 689 0.268475 0.0714506 -0.960633 -0.021269 -1.5646e-06 0 0 0
3766 2849 0.714537 0.69934 0.0189729 -0.00570631 -5.10527e-07 0 0 0
3368 4506 0.81319 -0.149654 0.562428 -0.0162705 -1.23778e-06 0 0 0
3939 3369 0.176664 -0.712791 -0.678763 -0.000226986 -1.8349e-08 0 0 0
1732 2996 0.66153 0.123225 -0.739725 -0.0188089 -1.33199e-06 0 0 0
1732 522 0.46676 -0.844042 -0.264061 -0.00742415 -4.22277e-07 0 0 0
4537 1434 0.806194 0.559214 -0.193212 -0.00395836 -3.40709e-07 0 1 0
1732 1867 0.395086 0.71969 0.570923 -0.00208553 -1.69985e-07 0 0 0
5381 4970 0.130456 -0.525835 0.840523 -0.00832415 -5.9005e-07 0 0 0
5381 358 0.38017 -0.802809 -0.459313 -0.00748681 -6.20609e-07 0 0 0
3681 4086 0.834877 0.419006 -0.356951 -0.0236282 -1.3921e-06 0 0 1
5381 4304 0.700873 0.408155 0.584967 -0.020049 -1.18205e-06 0 0 0
5381 2107 0.966182 -0.251797 -0.0555891 -0.00137709 -9.13724e-08 0 0 0
3681 4464 0.0883767 -0.690321 0.718085 -0.00796171 -7.33914e-07 0 0 1
3681 5087 -0.102887 -0.992617 -0.0642307 -0.0194523 -1.64983e-06 0 0 0
3151 1988 0.797584 -0.483321 -0.360916 -0.00720939 -4.8791e-07 0 0 0
4857 1764 0.938607 -0.224853 0.261646 -0.0127651 -8.21585e-07 0 0 0
1176 2477 0.172242 -0.00507576 -0.985042 -0.00297085 -2.18546e-07 0 0 0
4857 4219 0.605262 0.680359 0.413243 -0.019596 -1.12879e-06 0 0 0
990 5398 0.161209 -0.369849 -0.914999 -0.00157144 -1.26761e-07 0 0 0
4857 1067 0.240609 -0.00418468 0.970613 -0.00778445 -5.42587e-07 0 0 0
4184 552 0.419084 -0.714783 0.55987 -0.00209141 -1.48129e-07 0 0 0
1176 427 0.934585 -0.26611 0.236084 -0.0104316 -7.41872e-07 0 0 0
4184 811 0.270296 -0.0490478 -0.961527 -0.00317498 -2.26154e-07 0 0 0
5046 2383 0.80191 -0.33649 0.493675 -0.00634502 -5.68683e-07 0 0 0
3363 5260 0.148221 -0.663639 -0.733222 -0.00336173 -3.13583e-07 0 0 -1
2069 1615 0.133048 -0.840968 0.524472 -0.000399516 -3.05886e-08 0 0 0
3363 4121 0.462234 0.764142 0.449918 -0.00780093 -7.4631e-07 0 0 0
5046 2341 0.218634 0.975089 -0.0374127 -0.00751756 -5.51261e-07 0 0 0
3363 3358 0.780123 -0.602392 -0.168912 -0.004339 -3.36464e-07 0 0 0
5046 2244 0.220344 -0.97536 -0.0110261 -0.0063318 -4.05262e-07 0 0 0
1712 5131 0.925283 0.182324 0.332581 -0.0115027 -9.70778e-07 0 0 0
2220 5479 0.120452 -0.906532 0.404587 -0.00280608 -2.24506e-07 0 0 0
2220 4509 0.349943 -0.77317 -0.528912 -0.000842745 -5.77835e-08 0 0 0
1712 521 0.119746 -0.497676 -0.859057 -0.0158586 -9.88845e-07 0 0 0
2220 4648 0.689686 0.723054 0.0390615 -0.0142249 -1.07665e-06 0 0 0
1387 5512 0.976225 -0.167755 -0.13727 -0.00856602 -7.04339e-07 0 0 0
4018 305 0.476598 0.685048 0.550966 -0.00477784 -3.92162e-07 0 0 0
4018 2927 0.192171 -0.891182 -0.410932 -0.00537374 -3.35324e-07 0 0 0
1316 2135 0.453176 -0.732118 0.508562 -0.00275284 -1.96968e-07 0 0 0
2752 2067 0.825631 -0.528635 0.197178 -0.0106634 -9.42852e-07 0 0 0
2752 2087 0.445363 0.497593 -0.744347 -0.000544575 -4.38441e-08 0 0 0
1316 1622 0.955373 -0.250221 -0.157007 -0.00996443 -7.44851e-07 0 0 0
355 4932 0.410258 -0.819684 -0.399758 -0.00566455 -4.14655e-07 0 0 0
355 4209 0.535405 0.0630384 -0.84224 -0.0214766 -1.62222e-06 0 0 0
355 4486 0.938293 0.342753 0.0461081 -0.00166541 -1.25707e-07 0 0 0
4819 879 0.65224 -0.746403 -0.132157 -0.00791519 -6.50755e-07 0 0 0
4819 3640 0.371399 0.914923 0.158045 -0.00134173 -1.1185e-07 0 0 0
5484 235 0.761091 -0.636229 -0.126307 -0.00375426 -3.41261e-07 0 0 0
5484 4724 0.572856 0.282432 0.769459 -0.00517211 -4.5448e-07 0 0 0
1376 2062 0.990675 0.135866 0.0102039 -0.00187898 -1.69193e-07 0 0 0
1453 847 0.247129 0.717818 0.650895 -0.00216166 -1.45028e-07 0 0 0
3707 1997 0.950187 0.26088 -0.170545 -0.00517865 -4.0381e-07 0 0 0
3707 4018 0.0702698 -0.411033 0.908908 -0.00227102 -1.64511e-07 0 0 0
1453 1193 0.683968 -0.368681 -0.629494 -0.0127407 -7.83986e-07 0 0 0
3618 1550 0.567424 0.512114 -0.644801 -0.00555264 -3.38186e-07 0 0 0
1775 2696 0.880443 0.468355 0.0739104 -0.000214365 -1.76006e-08 0 0 0
1775 1666 0.295748 0.500598 0.813593 -0.00218891 -1.81206e-07 0 0 1
1775 3996 0.0756148 0.393888 -0.916043 -0.0113912 -8.40588e-07 0 0 0
1775 4105 0.169201 -0.687571 0.706128 -0.0120552 -9.1667e-07 0 0 1
3618 3766 0.938012 -0.214796 0.272022 -0.0165839 -1.46957e-06 0 0 0
1560 4575 0.710714 -0.551298 -0.436986 -0.0010288 -8.29609e-08 0 0 0
1560 5202 0.571532 -0.378716 0.72796 -0.00199769 -1.42152e-07 0 0 0
1560 2707 0.0139904 0.850719 0.525435 -0.00861896 -6.89369e-07 0 0 0
5505 82 0.621726 0.0605394 0.780892 -0.00142859 -1.01396e-07 0 0 0
998 1891 0.15673 -0.343497 0.925983 -0.0107224 -6.90588e-07 0 0 0
998 4127 0.382246 0.893655 0.235091 -0.00122984 -1.01422e-07 0 1 0
5505 1759 0.518219 -0.425982 -0.741612 -0.00401588 -2.6679e-07 0 0 0
998 3470 0.573441 -0.0943963 -0.81379 -0.020335 -1.27322e-06 0 0 0
5505 2578 0.343683 -0.909488 0.233907 -0.000958568 -6.29371e-08 0 0 0
4831 4813 0.948435 0.271012 -0.164389 -0.0124961 -8.02391e-07 0 0 0
1769 689 0.144016 0.551922 0.821365 -0.0145652 -9.76306e-07 0 0 0
4831 3909 0.724173 -0.648338 0.235013 -0.00266909 -1.64043e-07 0 0 0
1769 2156 0.399004 -0.90119 0.169269 -0.0149232 -1.32096e-06 0 0 0
1769 2460 0.828119 0.15792 -0.537848 -0.00912207 -5.93023e-07 0 0 0
1769 5157 0.860297 -0.165668 0.482124 -0.0223027 -1.66298e-06 0 0 0
4776 3423 0.0160421 -0.964934 0.262002 -0.00483473 -3.11723e-07 0 0 0
4831 1044 0.640692 0.285446 0.712765 -0.00156493 -1.33668e-07 0 0 0
405 4513 0.572685 -0.291831 -0.766072 -0.00060263 -4.65446e-08 0 0 0
405 363 0.231438 -0.849087 0.474855 -0.0063773 -5.28978e-07 0 0 1
3459 2551 0.611093 -0.609668 0.504846 -0.000399877 -3.17241e-08 0 0 0
916 1812 0.638628 0.201316 0.742715 -0.0150641 -1.02003e-06 0 0 0
916 5085 0.580836 -0.797783 0.16178 -0.00563023 -4.23162e-07 0 0 0
916 761 0.318027 -0.472201 -0.822122 -0.0119182 -9.06951e-07 0 0 0
5162 1275 0.115645 0.945888 0.303187 -0.00185183 -1.42246e-07 0 0 0
5061 5454 0.755226 0.649177 0.0905634 -0.00109406 -8.69652e-08 0 0 0
5162 2181 0.7395 0.393013 0.546517 -0.00439318 -3.89995e-07 0 0 0
5162 4084 0.897074 -0.386932 0.213407 -0.0128722 -1.034e-06 0 0 0
664 1165 0.760238 -0.485029 -0.432187 -0.00498408 -3.28894e-07 0 0 0
664 4217 0.51241 0.600898 -0.61348 -0.0040256 -2.88424e-07 0 0 0
1989 4200 0.371874 0.870075 -0.323541 -0.00657071 -5.25246e-07 0 0 0
3472 2162 0.789205 0.547551 0.278106 -0.00360316 -2.35834e-07 0 0 0
3472 4862 0.855005 -0.514687 0.0637464 -0.00570072 -3.70294e-07 0 0 0
2136 4217 0.526037 -0.661217 0.534862 -0.00614117 -4.51526e-07 0 0 0
2136 4131 0.262963 0.0466138 -0.963679 -0.00267441 -1.77312e-07 0 0 0
2136 1338 0.162333 0.973654 -0.160143 -0.00427804 -2.82421e-07 0 1 0
2614 4318 0.426959 -0.608118 -0.669253 -0.000592791 -3.75908e-08 0 0 0
4469 2943 0.840966 -0.427437 -0.331773 -0.00357199 -2.65008e-07 0 0 0
2614 152 0.189374 -0.0623585 0.979923 -0.00068426 -4.42943e-08 0 0 0
3732 1828 0.973341 -0.212756 0.0856859 -0.0072095 -5.96299e-07 0 0 0
5419 2565 0.610527 0.429416 -0.665477 -0.0085488 -6.94029e-07 0 0 0
5419 3538 0.728764 -0.681852 -0.0630942 -0.00314113 -2.41966e-07 0 0 0
3732 574 0.732358 0.273384 -0.623629 -0.00882917 -7.6671e-07 0 0 0
3732 4482 0.379993 -0.393326 0.837198 -0.00542981 -3.52701e-07 0 -1 0
548 4559 0.465712 -0.869851 -0.162701 -0.00438872 -3.13945e-07 0 0 0
548 423 0.528514 0.593428 -0.607055 -0.00877486 -6.53257e-07 0 0 0
548 1148 0.788062 -0.0547823 0.613153 -0.0110624 -8.15899e-07 0 0 0
3755 3794 -0.0405798 0.359963 -0.932084 -0.00559846 -4.27023e-07 0 0 0
3755 2158 0.29734 0.347311 0.889361 -0.00646904 -4.89452e-07 0 0 0
3755 5263 0.615636 -0.484934 0.621153 -0.0176214 -1.44129e-06 0 0 0
3358 3978 0.882643 -0.373129 -0.285862 -0.00550779 -4.19555e-07 0 0 0
3755 1988 0.654848 0.746382 0.118696 -0.00644245 -4.56124e-07 0 0 0
3358 1470 0.400057 0.902859 0.157478 -0.00104841 -8.04677e-08 0 0 0
3358 2375 0.0462569 0.350496 0.935421 -0.00405342 -3.37147e-07 0 0 0
2297 1841 0.7579 0.449925 -0.472394 -0.0178332 -1.42117e-06 0 0 0
2297 5291 0.211572 -0.377209 0.901638 -0.00914002 -8.22578e-07 0 -1 0
4348 327 0.919009 -0.191958 -0.344346 -0.00107525 -6.05286e-08 0 0 0
1417 4123 0.211749 0.443545 0.870879 -0.0129864 -9.48322e-07 0 0 1
1417 847 0.322066 0.432547 -0.842126 -0.00678943 -5.18971e-07 0 0 0
1417 3085 0.882771 -0.454083 -0.120518 -0.0132404 -9.90821e-07 0 0 0
4348 2840 0.849303 0.236418 0.472008 -0.00587728 -5.08818e-07 0 0 0
4467 3307 0.421589 -0.0405037 0.905882 -0.00391935 -2.81514e-07 0 0 0
4348 4141 0.329105 -0.720713 0.610134 -0.00224305 -1.81444e-07 0 0 0
4467 5431 0.488029 0.757582 -0.43347 -0.00313969 -2.17155e-07 0 0 0
4348 3646 0.193519 -0.626179 -0.755282 -0.00239793 -1.8798e-07 0 0 0
4540 5373 0.822486 0.333193 -0.460976 -0.009837 -7.81972e-07 0 0 0
2946 358 0.484955 -0.352665 0.800279 -0.0172234 -1.23806e-06 0 0 0
2946 4648 0.662204 -0.740931 -0.111839 -0.00587851 -4.33761e-07 0 0 0
4540 5424 0.239287 -0.968509 0.0687871 -0.0100715 -7.598e-07 0 0 0
2946 4465 0.887385 0.451694 0.0923013 -0.0235317 -1.78005e-06 0 0 0
169 3057 0.113953 0.24053 -0.963929 -0.00120927 -1.00291e-07 0 0 0
169 1948 0.293404 -0.276818 0.915033 -0.00606612 -4.98017e-07 0 0 0
4540 4084 0.155043 0.986104 0.0596792 -0.00764292 -5.60678e-07 0 0 0
598 1941 0.591456 0.711498 0.379408 -0.00662171 -4.74462e-07 0 0 0
598 2927 0.303053 0.0293775 -0.952521 -0.00840393 -5.96998e-07 0 0 0
4887 1477 0.945824 -0.320453 -0.0522252 -0.0018046 -1.30689e-07 0 0 0
4887 5202 0.664716 0.51329 0.54285 -0.00376893 -2.94819e-07 0 0 0
4887 1560 0.0823757 0.971574 -0.221941 -0.00343228 -2.49532e-07 0 0 0
2629 5478 0.492471 0.0344395 0.869647 -0.00149652 -1.33102e-07 0 0 0
2629 1970 0.272967 0.02065 -0.961802 -0.00197382 -1.09249e-07 0 0 0
2162 3582 0.733234 0.324456 -0.597575 -0.00110119 -8.60637e-08 0 0 0
2629 477 0.166603 0.952299 -0.255676 -0.00146742 -8.14167e-08 0 0 0
3597 5142 0.463119 -0.274553 0.842699 -0.0131089 -1.01693e-06 0 0 0
2629 4184 -0.0406076 -0.960452 -0.275469 -6.73272e-05 -5.25169e-09 0 0 0
3597 2306 0.606968 0.694471 -0.386394 -0.00482384 -3.58442e-07 0 0 0
5397 2513 0.999417 0.0301627 0.0160038 -0.00331509 -2.7658e-07 0 0 0
3895 1810 0.294303 0.936501 0.190659 -0.00351064 -2.66386e-07 0 0 0
3895 2432 0.548824 -0.804644 0.226584 -0.00227087 -1.81395e-07 0 0 0
5397 515 0.34817 0.893089 0.284904 -0.0124287 -1.05663e-06 0 0 0
3502 4217 0.612151 0.752466 0.243036 -0.00614846 -5.25909e-07 0 0 0
5048 339 0.296135 -0.926475 -0.232267 -0.00673946 -5.26009e-07 0 0 0
5048 2565 0.561315 0.581069 0.589309 -0.00255685 -2.04246e-07 0 0 0
3502 664 0.0813813 0.133908 0.987647 -0.00431171 -3.31693e-07 0 0 0
4649 289 0.905772 -0.415242 0.0845673 -0.00257419 -2.04587e-07 0 -1 0
4649 2892 0.641572 0.761363 0.093335 -0.00312123 -2.5629e-07 0 0 0
4649 4482 0.56542 0.123815 -0.815457 -0.0164062 -1.56021e-06 0 -1 0
561 96 0.863128 0.429359 -0.26582 -0.00462053 -4.37115e-07 0 0 0
561 1775 0.125003 -0.976292 0.176714 -0.00224993 -1.8926e-07 0 0 0
3423 2377 0.980573 0.192922 -0.0354527 -0.0234455 -1.57923e-06 0 0 0
5212 4313 0.973236 -0.0366151 -0.226873 -0.0102278 -6.136e-07 0 0 0
5212 2172 0.409434 -0.716784 -0.564433 -0.0115114 -9.36699e-07 0 0 0
5212 3473 0.148276 -0.283466 0.94745 -0.0161604 -1.0243e-06 0 0 0
771 5142 0.316873 0.907903 0.274415 -0.0085393 -4.91354e-07 0 0 0
771 3475 0.590918 0.132411 0.795791 -0.00135749 -8.82058e-08 0 0 0
771 2297 0.746337 -0.340324 -0.57198 -0.00944611 -8.82759e-07 0 0 0
889 3358 0.0344259 0.905074 0.423858 -0.00517659 -3.52539e-07 0 0 0
12 4459 -0.0600351 -0.730809 0.679937 -0.00140693 -1.07856e-07 0 0 0
1237 4420 0.240139 -0.71469 0.656925 -0.000521763 -4.71252e-08 0 0 0
4044 4353 0.618321 -0.748443 -0.239815 -0.0104511 -8.02716e-07 0 0 0
4044 603 0.549432 0.814011 0.188443 -0.0126151 -9.35045e-07 0 0 0
2181 4527 0.985794 -0.145114 -0.0845697 -0.00897886 -7.81396e-07 0 0 0
2181 4084 0.206477 -0.903761 -0.374945 -0.00333296 -2.58419e-07 0 0 0
12 935 0.87754 -0.0500079 -0.476888 -0.00354384 -3.30517e-07 0 0 0
3060 2285 0.229881 -0.672377 -0.703608 -0.00207745 -1.86669e-07 0 0 0
3060 4560 0.347411 -0.718671 0.602343 -0.00606094 -5.10663e-07 0 0 0
3060 1861 0.434601 0.428623 -0.792089 -0.00223903 -1.79935e-07 0 0 0
2181 5397 -0.00118615 0.518643 0.85499 -0.00404018 -3.26771e-07 0 0 0
4707 1230 0.541062 0.406632 0.73614 -0.00386811 -3.04605e-07 0 0 0
1622 1268 0.807806 0.392127 0.440097 -0.0164798 -1.23981e-06 0 0 0
3794 1403 0.732979 -0.65361 0.188507 -0.00624686 -4.57111e-07 0 0 0
3794 4044 0.9327 0.251732 -0.258268 -0.0126941 -9.13128e-07 0 0 0
1611 1810 0.360751 -0.0176081 0.932496 -0.00352974 -3.36636e-07 0 0 0
1611 4198 0.474373 0.716617 -0.511303 -0.00161428 -1.36905e-07 0 0 0
1622 4780 0.677949 -0.614428 -0.403565 -0.0155261 -1.21133e-06 0 0 0
1622 4105 0.261238 0.351478 -0.899009 -0.0244247 -1.94916e-06 0 0 0
4090 1670 0.662636 0.745783 0.0687119 -0.00535217 -3.92493e-07 0 0 0
4738 1035 0.722764 0.408496 0.557444 -0.00698471 -5.9322e-07 0 0 0
4090 2341 0.241573 -0.905123 0.349851 -0.0167105 -1.30431e-06 0 0 0
4090 5424 0.104361 0.528122 -0.842731 -0.00832284 -7.22611e-07 0 0 0
4497 5147 0.625956 0.356528 -0.69359 -0.0078664 -6.06053e-07 0 0 0
1656 2862 0.873405 -0.222393 -0.433248 -0.00413316 -2.75995e-07 0 0 0
1273 378 0.727273 -0.127566 0.674389 -0.0108101 -9.46968e-07 0 0 0
1273 3087 0.7668 -0.169227 -0.619177 -0.0209782 -1.71308e-06 0 0 0
1656 1095 0.816148 0.549253 0.179509 -0.0131848 -7.74943e-07 0 0 0
5313 2173 0.383138 -0.879739 0.28154 -0.00659633 -4.21212e-07 0 0 0
1656 2377 0.180038 0.26266 -0.947943 -0.00301975 -1.80466e-07 0 0 0
5313 3525 0.525844 0.777492 -0.344955 -0.00625628 -4.18185e-07 0 0 0
2293 4659 0.851572 0.263529 -0.453186 -0.00894977 -7.34681e-07 0 0 0
2293 574 0.696783 -0.647402 0.308811 -0.00947209 -8.68621e-07 0 0 0
5313 152 0.996902 -0.00282956 0.0785973 -0.0393192 -2.49463e-06 0 0 0
2293 2147 0.070272 0.822613 0.564243 -0.00153651 -1.12687e-07 0 0 0
3016 2156 0.314328 0.627031 -0.712762 -0.0127513 -1.1158e-06 0 0 0
2293 598 -0.0546189 0.457073 -0.88775 -0.0106 -7.67351e-07 0 0 0
2421 1496 0.948851 0.207759 -0.237736 -0.00685435 -3.81324e-07 0 0 0
2421 724 0.732364 -0.619152 0.283361 -0.0102566 -5.79151e-07 0 0 0
3016 5151 0.977853 0.163392 -0.130789 -0.0321049 -2.30802e-06 0 0 0
2421 5332 0.378439 -0.139003 -0.915129 -0.00497094 -3.48673e-07 0 0 0
4888 4123 0.0969632 -0.993115 0.0657288 -0.00501155 -3.63879e-07 0 0 0
2421 4131 0.195016 0.919632 -0.340949 -0.0107673 -7.66454e-07 0 0 0
2825 5454 0.84488 -0.387452 0.368861 -0.00195504 -1.56166e-07 0 0 0
4888 3681 0.931663 0.349476 -0.0993462 -0.00574583 -3.94003e-07 0 0 -1
2825 1569 0.839055 0.425351 -0.339209 -0.00943903 -7.54774e-07 0 0 0
4862 2545 0.627742 -0.0322594 -0.777753 -0.00859186 -5.76147e-07 0 0 0
60 1948 0.0648322 -0.939011 -0.337719 -0.000412089 -3.34821e-08 0 0 0
3559 1541 0.0899166 -0.498355 -0.862297 -0.000814366 -7.6647e-08 0 0 0
60 5103 0.587218 -0.22858 -0.776483 -0.0118714 -8.54185e-07 0 0 0
60 2421 0.741852 0.664792 -0.0877836 -0.0043426 -2.63382e-07 0 0 0
4862 1639 0.477038 0.501024 0.722087 -0.0122066 -8.66773e-07 0 0 0
4981 3270 0.103555 -0.994602 -0.0065157 -0.00172457 -1.32641e-07 0 0 0
979 1662 0.927959 0.259346 -0.267641 -0.00369147 -2.518e-07 0 0 0
4363 1845 0.874092 -0.181129 -0.450729 -0.00603707 -4.65629e-07 0 0 0
4981 1031 0.801763 0.0289105 0.596942 -0.0033381 -2.6082e-07 0 0 0
4363 2885 0.676854 -0.316943 0.664391 -0.00674219 -5.09859e-07 0 0 0
4320 1490 0.17169 0.702301 -0.690866 -0.00216214 -1.68247e-07 0 0 0
4320 3602 0.210893 -0.383691 0.899058 -0.00297571 -2.19424e-07 0 0 0
4320 2082 0.548217 -0.243287 -0.800168 -0.00149945 -1.22376e-07 0 0 0
5395 560 0.123684 -0.041822 0.99144 -0.000390363 -3.4095e-08 0 0 0
4363 3473 0.3035 -0.949957 -0.0739525 -0.0188595 -1.47064e-06 0 0 0
1441 2895 0.758198 -0.644952 -0.0957718 -0.00335614 -2.93135e-07 0 0 0
3729 3116 0.919103 -0.338402 0.201827 -0.00483231 -3.81554e-07 0 0 0
3057 5288 0.257417 -0.146424 -0.955142 -0.0114719 -8.28024e-07 0 0 0
3057 4506 0.644877 0.718066 0.261753 -0.0133134 -1.01538e-06 0 0 0
2736 3917 0.90943 -0.344021 0.233638 -0.00167428 -1.35787e-07 0 0 0
5157 4554 0.718006 -0.352213 -0.600345 -0.0305924 -2.27094e-06 0 0 0
5265 339 0.113146 0.608419 0.785509 -0.00642004 -4.46068e-07 0 0 0
5265 655 0.360176 -0.304989 0.881621 -0.00257755 -1.73165e-07 0 0 0
5157 253 0.389971 0.449816 0.803485 -0.0299958 -2.43482e-06 0 0 0
1528 4219 0.938701 -0.212428 -0.271505 -0.00517374 -4.03765e-07 0 0 0
5265 5291 0.84031 0.154587 -0.519598 -0.010789 -6.60683e-07 0 -1 0
1631 4932 0.300615 0.633445 0.713007 -0.00527007 -4.29099e-07 0 0 0
1631 3525 0.690008 -0.246206 -0.68064 -0.00228614 -1.98042e-07 0 0 0
2943 1932 0.648971 -0.524322 -0.551291 -0.00357272 -2.67713e-07 0 0 0
2943 2981 0.380559 0.199243 0.903038 -0.00148123 -1.08503e-07 0 0 0
3087 362 0.908616 0.406738 0.094769 -0.0103223 -8.13963e-07 0 0 0
4459 2162 0.769805 -0.527392 0.359526 -0.00095175 -6.71286e-08 0 0 0
3087 1367 0.376505 0.287316 -0.880735 -0.0124864 -1.00935e-06 0 0 0
427 4179 0.998875 0.0154391 -0.0448348 -0.00774239 -6.13253e-07 0 0 0
2335 2170 0.614903 0.470052 0.633202 -0.00438241 -3.98615e-07 0 0 0
427 485 0.252767 -0.965557 -0.0617227 -0.00789888 -5.08603e-07 0 0 0
427 2008 0.151639 -0.290306 0.944843 -0.000301349 -2.02649e-08 0 0 0
2335 4363 0.939783 0.0819702 -0.331797 -0.0176245 -1.42637e-06 0 0 0
1891 2421 0.672478 -0.183362 -0.717044 -0.014998 -8.24354e-07 0 0 0
1891 3502 0.658854 -0.749689 0.0622654 -0.00909837 -7.65568e-07 0 0 0
427 4862 0.0729721 0.645297 -0.760439 -0.00466073 -3.00304e-07 0 0 0
5227 4575 0.880653 0.319939 0.349412 -0.00140416 -1.12245e-07 0 0 0
1944 2053 0.458478 -0.879389 0.128349 -0.00321232 -2.29648e-07 0 0 0
5227 2375 0.164318 -0.767717 -0.619363 -0.00339521 -2.83863e-07 0 0 0
5227 4887 0.0754085 -0.131306 0.98847 -0.000420891 -3.03629e-08 0 0 0
4465 5102 0.871338 0.402002 0.281362 -0.0268943 -2.1009e-06 0 0 0
2590 4099 0.768786 0.624126 0.139411 -0.00258603 -1.8307e-07 0 1 0
4465 2166 0.556728 0.373496 -0.741993 -0.0055237 -4.41896e-07 0 0 0
3659 3001 0.359068 -0.117376 -0.925901 -0.00579467 -4.27774e-07 0 0 -1
2460 4554 0.636763 -0.63906 0.431434 -0.00660232 -4.32631e-07 0 0 0
3659 4916 0.519754 0.685194 0.510259 -0.0140007 -1.22347e-06 0 0 0
2460 1617 0.337598 -0.786409 -0.51729 -0.00959888 -7.44212e-07 0 0 0
3659 363 0.951967 0.237325 -0.193481 -0.0240628 -1.53652e-06 0 0 0
5365 4063 0.183998 -0.347314 -0.91952 -0.0229465 -1.61276e-06 0 0 0
5365 3232 0.331573 0.697968 0.634744 -0.0161779 -1.25931e-06 0 0 0
2460 4497 0.0507177 0.751335 -0.657969 -0.0126367 -8.52191e-07 0 0 0
3085 2616 0.991906 0.125654 0.0182388 -0.0349621 -2.44112e-06 0 0 0
3085 1688 0.425464 0.237761 0.873184 -0.00972001 -6.94689e-07 0 0 0
3085 678 0.382788 0.898602 -0.214448 -0.016918 -1.16339e-06 0 0 0
2062 2795 0.895762 0.0330087 0.443307 -0.0140786 -9.40842e-07 0 0 0
4009 358 0.399683 0.688892 -0.604715 -0.00815984 -5.85927e-07 0 0 0
4009 4931 0.43273 -0.752792 0.496033 -0.00374029 -2.70568e-07 0 0 0
2062 3800 0.542841 0.742485 -0.392479 -0.010955 -1.03792e-06 0 0 0
2062 979 -0.036217 0.730132 0.682346 -0.00998656 -7.55416e-07 0 0 0
2162 3662 0.434865 0.276638 0.85695 -0.00347049 -3.0415e-07 0 0 0
378 675 0.601677 0.330408 0.727197 -0.0264639 -2.56073e-06 0 0 0
378 5409 0.33763 0.798666 -0.498134 -0.00723504 -6.20318e-07 0 0 0
5106 4724 0.63577 -0.645061 0.423902 -0.00746211 -5.27474e-07 0 0 0
5106 4108 0.392937 0.378891 -0.83788 -0.00125247 -8.40439e-08 0 0 0
5287 4553 -0.0682817 -0.906534 -0.416574 -0.0127429 -9.98702e-07 0 0 0
3787 3773 0.454739 0.847275 0.274479 -0.00746781 -5.73906e-07 0 0 0
5287 2075 0.47317 0.0984117 -0.875457 -0.0101074 -9.07929e-07 0 0 0
3634 827 0.882761 -0.393678 0.256418 -0.00686799 -5.43938e-07 0 0 0
3634 1397 0.744918 -0.0578023 -0.664647 -0.0111544 -7.92795e-07 0 0 0
3634 5424 0.348823 0.916068 0.197844 -0.00805499 -6.20149e-07 0 0 0
5287 4105 0.871576 -0.0808579 0.483547 -0.0104305 -6.28789e-07 0 0 1
3634 3729 0.0627537 -0.812076 0.580168 -0.00588767 -4.20956e-07 0 0 0
3806 3582 0.728689 -0.0820171 0.679916 -0.0142986 -1.13673e-06 0 0 0
3806 935 0.214733 0.910095 -0.354425 -0.00467648 -4.07023e-07 0 0 0
4486 4004 0.476264 -0.697048 0.536001 -0.00641499 -4.49006e-07 0 0 0
3270 2062 0.696024 -0.716875 -0.0404968 -0.00313419 -2.11973e-07 0 0 0
4486 675 0.523328 0.0848634 -0.847895 -0.00526884 -4.05035e-07 0 0 0
5479 4509 0.248305 0.0941535 -0.964095 -0.0121701 -9.70134e-07 0 0 0
2102 4090 0.230909 -0.963702 -0.13401 -0.00851657 -7.01687e-07 0 0 0
1031 4724 0.602282 0.793232 -0.0896591 -0.00498736 -3.15586e-07 0 0 0
1031 979 0.03796 -0.99561 0.085555 -0.00438264 -3.14932e-07 0 0 0
5086 2632 0.471588 -0.482285 0.738245 -0.0082137 -6.10571e-07 0 0 0
733 4992 0.768889 -0.0352155 -0.638412 -0.00626274 -5.41736e-07 0 0 0
733 3492 0.16273 -0.344458 0.924591 -0.00477534 -3.48671e-07 0 0 0
733 3087 -0.08944 0.795582 0.599207 -0.0066255 -5.86144e-07 0 0 0
5435 339 0.20695 0.118065 -0.971201 -0.00272647 -2.15786e-07 0 0 0
4315 4141 0.649733 0.29405 0.700986 -0.00895919 -6.47493e-07 0 0 0
4315 416 0.39573 -0.585589 -0.707448 -0.00636276 -4.62006e-07 0 0 0
5435 3538 0.581971 0.620571 0.52555 -0.0141861 -1.09097e-06 0 0 0
4315 4348 0.247701 0.968704 0.0160005 -0.00617131 -4.71829e-07 0 0 0
4190 4547 0.995382 -0.0958349 0.00554173 -0.00620998 -4.86754e-07 0 0 0
4190 1959 0.382077 0.207637 -0.900502 -0.00396549 -3.46023e-07 0 0 0
2870 2300 0.298576 0.466265 -0.832736 -0.00934444 -8.20933e-07 0 0 0
4190 1989 0.245249 0.961747 -0.122047 -0.00657071 -5.36088e-07 0 0 0
2870 3732 0.731142 0.562946 0.385386 -0.00854139 -5.32966e-07 0 0 0
2870 1338 0.87268 -0.140511 -0.467639 -0.0106436 -7.36609e-07 0 0 0
4190 4348 0.323964 -0.609593 0.723494 -0.00464944 -4.39191e-07 0 0 0
4319 3177 0.624195 -0.312011 -0.716261 -0.000497019 -3.96428e-08 0 1 0
3838 3524 0.92123 -0.215288 -0.324015 -0.0104964 -6.72268e-07 0 0 0
4319 2297 0.875418 0.226338 0.427099 -0.00952321 -7.89374e-07 0 1 0
4553 3001 0.428603 -0.871523 -0.238218 -0.00740412 -5.36254e-07 0 0 0
3838 2313 0.776241 0.276106 0.566759 -0.0098288 -6.37035e-07 0 0 0
4553 405 0.911831 0.40642 0.0581974 -0.00332185 -2.58798e-07 0 0 0
3838 508 0.263294 0.320215 -0.910021 -0.00611032 -4.19515e-07 0 0 0
2384 3091 0.967298 -0.0748555 -0.242347 -0.00407897 -3.1783e-07 0 0 0
2384 1712 0.319931 -0.542093 0.777032 -0.002036 -1.56894e-07 0 0 0
1366 4424 0.415105 -0.592195 0.690646 -0.00142496 -1.04786e-07 0 0 0
3130 3818 0.698486 -0.457567 -0.550227 -0.00472055 -3.67565e-07 0 0 0
1366 2629 0.806178 0.591204 -0.0235476 -0.00118851 -8.39684e-08 0 0 0
1366 4184 0.862745 -0.385048 -0.327735 -0.00272466 -1.94386e-07 0 0 0
3130 1470 0.565076 0.266561 0.780791 -0.00911161 -7.17353e-07 0 0 1
1335 549 0.872009 0.0641605 0.485267 -0.0230145 -1.7378e-06 0 0 0
5434 3975 0.950506 0.194634 -0.242191 -0.00127278 -8.07897e-08 0 0 0
2477 4862 0.841084 0.432068 0.325414 -0.0083362 -6.67464e-07 0 0 0
689 2804 0.319046 0.480045 -0.817169 -0.0177625 -1.26327e-06 0 0 0
1335 2927 0.470631 0.871907 -0.13522 -0.00867577 -6.42518e-07 0 0 0
4304 1195 0.80141 0.11437 -0.587079 -0.0203299 -1.37949e-06 0 1 0
4304 1963 0.772758 -0.216925 0.59648 -0.0246133 -1.42769e-06 0 1 0
4304 2107 0.247323 -0.691908 -0.678303 -0.00394394 -2.54974e-07 0 0 0
2285 4032 0.411994 -0.837223 0.35961 -0.0147563 -1.08698e-06 0 0 0
2285 219 0.491489 0.531772 -0.689679 -0.000854985 -6.43835e-08 0 0 -1
2285 2099 0.843771 0.44717 0.296799 -0.00664444 -5.19191e-07 0 0 0
2285 4695 0.914118 -0.304542 -0.267661 -0.0105509 -6.71809e-07 0 0 0
4304 2297 0.0221666 0.997019 0.0739054 -0.00977016 -9.03302e-07 0 1 0
2551 928 0.859749 0.509078 -0.0408768 -0.00681761 -5.6826e-07 0 0 0
3643 2232 0.872442 -0.48786 -0.0289302 -0.00030604 -2.57054e-08 0 0 0
352 2969 0.440434 -0.593538 -0.673595 -0.0146527 -1.07308e-06 0 0 0
352 4857 0.320297 0.544823 0.77497 -0.0238267 -1.72507e-06 0 0 0
5155 3125 0.15618 0.986811 0.0425696 -8.81567e-05 -5.392e-09 0 1 0
1490 5466 0.804601 0.129295 0.579568 -0.0105152 -7.2546e-07 0 0 0
1148 4496 0.636432 -0.480456 0.60342 -0.0115076 -8.8267e-07 0 0 0
1148 4775 0.624539 -0.595253 -0.505594 -0.00690984 -4.54658e-07 0 0 0
5103 386 0.933888 -0.341604 0.105643 -0.00679814 -4.86891e-07 0 0 0
5103 1528 0.0845316 -0.84032 -0.535459 -0.00642071 -4.58762e-07 0 0 0
2196 4049 0.898332 0.249834 0.361363 -0.032346 -2.19189e-06 0 0 0
2196 2041 0.387553 -0.920402 -0.0516079 -0.0163667 -1.21288e-06 0 0 0
3475 536 0.530876 -0.419798 0.736166 -0.00883545 -7.44698e-07 0 0 0
3475 5291 0.271179 -0.790719 -0.54884 -0.00161809 -1.0158e-07 0 -1 0
177 1039 0.965412 0.228273 0.125984 -0.00946863 -5.31142e-07 0 0 0
2128 995 0.219009 -0.657249 -0.721151 -0.00354977 -2.80346e-07 0 0 0
2128 4315 0.705658 -0.660346 0.256885 -0.00728888 -5.38139e-07 0 0 0
2128 4348 0.883103 0.399683 0.245729 -0.00100685 -8.32691e-08 0 0 0
1531 3602 0.0216942 0.872466 0.488193 -0.000365113 -2.342e-08 0 0 0
3038 5411 0.84282 0.319972 0.432751 -0.00249137 -1.95677e-07 0 0 0
1695 4748 0.624083 0.260615 -0.736614 -0.00134414 -1.03472e-07 0 0 0
463 611 0.439738 -0.37059 0.818103 -0.000437204 -3.13218e-08 0 0 0
1531 2720 0.809942 -0.308291 -0.498949 -0.00303724 -1.85301e-07 0 0 0
4308 5064 0.103601 0.941525 -0.32062 -0.000452262 -3.27458e-08 0 0 0
4308 514 0.185386 -0.665177 0.723306 -0.0208595 -1.41818e-06 0 0 0
463 2371 0.269446 -0.763717 -0.58663 -0.00505297 -3.88973e-07 0 0 0
463 935 0.177114 -0.954612 0.23947 -0.0113331 -1.06818e-06 0 0 0
4308 4857 0.878288 0.242169 -0.412268 -0.0142079 -1.04377e-06 0 0 0
463 3502 0.0260621 0.943767 0.329582 -0.0151929 -1.2892e-06 0 0 0
1988 3260 0.952112 0.0115327 -0.305532 -0.0173788 -1.18057e-06 0 0 0
1988 3707 0.252096 0.671261 0.697034 -0.00550734 -3.77906e-07 0 0 0
1760 3634 0.121525 0.910367 0.395555 -0.00214799 -1.62447e-07 0 0 0
4970 1367 0.967069 -0.0738354 0.243569 -0.0161902 -1.07539e-06 0 0 0
219 3571 0.822968 -0.323849 -0.466739 -0.00416039 -3.32201e-07 0 0 0
219 2490 0.527862 0.838284 0.136538 -0.00532845 -4.54442e-07 0 0 0
4688 2954 0.33909 -0.608982 -0.717049 -0.0129804 -9.70962e-07 0 0 0
4688 3130 0.628909 0.175015 0.757524 -0.00750578 -5.23954e-07 0 0 0
4688 4315 0.633187 0.772798 -0.0430956 -0.00862848 -5.9394e-07 0 0 0
2185 879 0.681985 0.522613 -0.511637 -0.00841027 -6.66687e-07 0 0 0
2185 4363 0.0458255 -0.797227 0.601938 -0.0175732 -1.4244e-06 0 -1 0
1403 3640 0.542904 0.203446 0.814779 -0.00631592 -4.51549e-07 0 0 0
1403 4819 0.212871 -0.673928 0.707465 -0.000442039 -3.79484e-08 0 0 0
3930 3681 0.765469 -0.480053 0.428493 -0.00505598 -3.07607e-07 0 0 0
1403 1622 0.152703 -0.892613 -0.424173 -0.00577792 -4.33923e-07 0 0 0
4508 3662 0.59696 0.48492 -0.639134 -0.00587794 -5.02574e-07 0 0 0
5396 553 0.487691 0.53611 0.689016 -0.00747138 -5.66087e-07 0 0 0
5396 3177 0.554219 -0.748326 0.364484 -0.00281904 -2.13461e-07 0 0 0
5396 2752 0.842025 0.0320024 -0.538488 -0.00926359 -7.65445e-07 0 0 0
4508 1039 0.624449 -0.757558 0.190184 -0.00429767 -3.22277e-07 0 0 0
4508 1982 0.496863 0.836709 0.230314 -0.00191501 -1.45314e-07 0 0 0
1193 2881 0.951945 0.162154 0.259819 -0.0114037 -9.53967e-07 0 0 0
1082 4383 0.904598 0.347553 0.2468 -0.00708472 -4.38305e-07 0 0 0
1082 3569 0.471756 -0.492232 -0.731542 -0.00393739 -3.40596e-07 0 0 0
4180 5046 0.944361 0.0702822 -0.321313 -0.00614745 -5.04307e-07 0 0 0
5263 3640 0.645045 0.441358 -0.623795 -0.0132484 -1.01263e-06 0 0 0
47 3435 0.887776 0.369203 -0.274851 -0.000848565 -6.32482e-08 0 0 0
2798 5106 0.580761 0.429505 0.69155 -0.00909264 -6.19122e-07 0 0 0
5263 2927 0.590789 0.472606 0.65392 -0.0042182 -3.57447e-07 0 0 0
2798 5484 0.728697 -0.550398 0.407508 -0.00699452 -5.90464e-07 0 0 0
5263 4819 0.299622 -0.47898 -0.825109 -0.007496 -6.03878e-07 0 0 0
4123 1106 0.15839 -0.767243 0.621491 -0.0109391 -8.54811e-07 0 0 0
5263 1335 0.112016 -0.475573 0.872515 -0.0227578 -1.75698e-06 0 0 0
5354 515 0.531223 -0.654287 -0.538248 -0.00755777 -5.59875e-07 0 0 0
2636 1630 0.93064 -0.334714 -0.147903 -0.02025 -1.68332e-06 0 0 0
4123 5087 0.887501 0.38047 -0.259971 -0.0164102 -1.25338e-06 0 0 -1
2636 4318 0.738836 0.646294 -0.190854 -0.0135336 -9.806e-07 0 0 0
1196 4600 0.23585 0.96363 0.125663 -0.000500062 -4.26669e-08 0 0 0
2636 4419 0.559228 -0.400505 0.725851 -0.00464812 -3.47669e-07 0 0 0
2636 5354 -0.0340638 -0.994686 0.097152 -0.00855406 -6.34067e-07 0 0 0
4916 4780 0.951912 -0.104199 0.288108 -0.0187911 -1.64947e-06 0 0 0
1196 3773 0.965533 -0.0822763 0.246936 -0.00162434 -1.32313e-07 0 0 0
4916 363 0.5326 -0.428185 -0.730065 -0.00110043 -9.51558e-08 0 0 0
4916 1622 0.270828 0.579637 0.768553 -0.00746899 -6.02809e-07 0 0 0
4916 2943 0.215459 -0.944036 0.249748 -0.000299904 -2.43984e-08 0 0 0
2075 3263 0.973191 0.0469195 -0.225162 -0.0235451 -2.05225e-06 0 0 0
2075 405 0.336043 -0.755262 0.56272 -0.00546464 -4.32295e-07 0 0 0
918 598 0.291134 0.954499 -0.064597 -0.0025534 -1.89508e-07 0 0 0
918 2293 0.321872 0.397242 0.859417 -0.00829843 -6.75699e-07 0 0 0
91 1207 -0.0414276 -0.269144 -0.962209 -0.0151174 -1.30405e-06 0 0 0
91 2306 0.291197 -0.625601 0.723759 -0.00471428 -3.05632e-07 0 0 0
91 1760 0.376325 0.907139 0.188355 -0.00214799 -1.80389e-07 0 0 0
91 2121 0.961546 -0.237066 -0.138668 -0.0025896 -1.61447e-07 0 0 0
3754 4889 0.0660966 0.622952 0.779463 -0.00790975 -4.90519e-07 0 0 0
3754 798 0.0965301 0.860168 -0.500792 -0.00601289 -3.63486e-07 0 0 0
3754 4974 0.117891 -0.540384 0.833119 -0.00170789 -1.14832e-07 0 0 0
3754 2707 0.728119 -0.417984 -0.543261 -0.0112855 -9.55007e-07 0 0 0
918 1335 0.113078 0.0290531 -0.993161 -0.0142051 -1.03742e-06 0 0 0
1186 3073 0.824279 -0.50589 -0.254244 -0.0133663 -1.14734e-06 0 0 0
132 1275 -0.0985682 -0.979296 0.176818 -0.00326674 -2.50317e-07 0 0 0
1186 3996 0.438851 -0.0327284 0.897964 -0.0115096 -8.72694e-07 0 0 0
132 1656 0.571193 0.788478 -0.228126 -0.0167158 -9.7543e-07 0 0 0
132 1387 0.621451 -0.600968 0.50263 -0.00521228 -4.45337e-07 0 0 0
779 2718 0.664544 0.677604 -0.315014 -0.0105287 -8.60479e-07 0 0 0
5016 5424 0.584767 -0.325451 0.743054 -0.00220484 -1.78448e-07 0 0 0
132 154 0.81187 0.268663 0.518351 -0.0126388 -1.0328e-06 0 0 0
531 4209 0.251167 -0.666425 0.701992 -0.0136811 -1.04881e-06 0 0 0
5016 1070 0.492479 -0.45562 -0.741536 -0.00393806 -3.44773e-07 0 0 0
5016 4540 0.33122 0.672222 0.662126 -0.00267514 -2.19493e-07 0 0 0
531 378 0.682685 -0.65985 -0.313909 -0.00640533 -5.15625e-07 0 0 0
1529 3337 0.816098 0.526419 -0.238469 -0.00538556 -4.78889e-07 0 0 0
1529 352 0.0541496 -0.226004 0.97262 -0.00219296 -1.48799e-07 0 0 0
4856 1351 0.382952 -0.919303 0.0907186 -0.00633973 -4.72962e-07 0 0 0
4856 2375 0.892364 0.417583 -0.171203 -0.00990596 -8.06393e-07 0 0 0
2441 2895 0.820732 0.115774 -0.559461 -0.0032719 -2.18366e-07 0 0 0
2441 4210 0.303434 0.30618 0.90232 -0.00199769 -1.72062e-07 0 0 0
1492 2849 0.947066 -0.319037 -0.0358099 -0.0108535 -7.62956e-07 0 0 0
1275 2181 0.697798 -0.667398 0.26011 -0.00574652 -4.52364e-07 0 0 0
1275 1387 0.812101 0.459503 0.359652 -0.00519566 -3.95345e-07 0 0 0
1492 2166 0.64869 0.748513 0.137586 -0.00367739 -2.44745e-07 0 0 0
1492 4465 0.132759 0.424421 0.89568 -0.0127018 -1.00749e-06 0 0 0
3177 1195 0.870378 -0.3016 0.389204 -0.00844736 -5.8445e-07 0 0 0
3177 4304 0.0798599 -0.392789 0.916155 -0.0142917 -8.3634e-07 0 -1 0
2195 2778 0.714931 -0.593201 0.370116 -0.00692801 -5.02775e-07 0 0 0
3734 1998 0.0979538 0.489713 -0.866364 -0.00224489 -1.43526e-07 0 0 0
3734 2441 0.414007 0.664399 0.622231 -0.00311849 -1.97768e-07 0 0 0
2195 1732 0.481321 -0.535729 -0.693776 -0.0230121 -1.88005e-06 0 0 0
3734 4018 0.737784 -0.673389 0.0471424 -0.000979368 -6.30001e-08 0 0 0
3372 625 0.168468 0.197072 -0.965806 -0.00627561 -5.33586e-07 0 0 0
3372 2306 0.468453 0.684923 0.558061 -0.00923012 -7.99101e-07 0 0 0
3372 553 0.508167 -0.852781 0.120542 -0.00303418 -2.79965e-07 0 0 0
3372 1741 0.962849 0.130169 -0.236595 -0.00119739 -9.92626e-08 0 0 0
2195 3787 0.175369 0.607295 0.77488 -0.0101671 -7.97268e-07 0 0 0
1810 4424 0.197037 0.977504 0.0752487 -0.000615808 -4.95412e-08 0 0 0
4506 4675 0.91792 -0.394985 0.0375365 -0.0175495 -1.15582e-06 0 0 0
4506 5332 0.710055 0.395265 0.582742 -0.0209689 -1.36989e-06 0 0 0
1810 4210 0.624509 -0.165901 -0.763194 -0.00235316 -2.18095e-07 0 0 0
1810 2720 0.687086 0.394657 0.610048 -0.00829327 -4.71657e-07 0 0 0
4506 253 0.493585 -0.022675 -0.869402 -0.0123973 -8.20229e-07 0 0 0
4506 3473 0.418719 0.848368 -0.323954 -0.00953321 -5.92799e-07 0 0 0
4506 5103 0.0660151 -0.441023 0.895065 -0.00639121 -4.46662e-07 0 0 0
4889 477 0.747064 0.304603 0.590857 -0.0101978 -5.63529e-07 0 0 0
278 2784 0.807615 -0.527797 0.263036 -0.00677654 -5.23518e-07 0 0 0
4630 3012 0.823165 0.337739 0.456434 -0.00541571 -3.99993e-07 0 0 0
4630 2293 0.385803 -0.0744644 -0.919571 -0.0147909 -1.25458e-06 0 0 0
1035 1162 0.765127 0.334407 0.55023 -0.0147717 -1.2995e-06 0 0 0
3602 2195 0.359319 -0.158268 0.919696 -0.003055 -2.33526e-07 0 0 0
1035 3732 0.319009 -0.479996 -0.817213 -0.00977311 -6.47711e-07 0 0 0
1035 4630 -0.0727169 0.518891 -0.851742 -0.00580999 -4.5469e-07 0 0 0
3538 4513 0.960214 0.195344 0.199572 -0.0149065 -1.14254e-06 0 0 0
3525 152 0.511941 -0.753106 0.413217 -0.0114588 -7.94532e-07 0 0 0
3525 3492 0.405661 0.370394 -0.835612 -0.00504903 -3.41474e-07 0 0 0
3525 4831 0.350575 0.755988 0.552792 -0.00357259 -2.43005e-07 0 0 0
3125 3997 0.648714 -0.625173 -0.433969 -0.000402563 -3.47219e-08 0 0 0
4596 1941 0.911251 -0.0999478 -0.399541 -0.00134937 -1.05509e-07 0 0 0
4032 1619 0.90819 -0.351429 -0.22735 -0.0117479 -8.31921e-07 0 0 0
1948 463 0.61771 0.152036 0.77157 -0.00588758 -5.00248e-07 0 0 0
4032 521 0.610203 0.54037 0.579355 -0.00993251 -7.28728e-07 0 0 0
4648 658 0.48507 -0.35781 0.797922 -0.0121511 -9.10391e-07 0 0 0
1352 1880 0.0114739 0.488452 -0.872515 -0.0160661 -1.16648e-06 0 0 0
1352 1193 0.516771 0.332554 0.788895 -0.00989146 -7.1845e-07 0 0 0
4648 3766 0.418222 -0.403904 -0.813604 -0.00786157 -6.22746e-07 0 0 0
1352 916 0.709958 -0.635533 0.303411 -0.0127952 -8.74804e-07 0 0 0
4648 1492 0.0728117 0.71684 -0.693425 -0.0159957 -1.23079e-06 0 0 0
4121 3209 0.907027 0.331545 0.259578 -0.00604202 -4.70594e-07 0 0 0
2914 2102 0.408247 -0.90335 -0.131507 -0.00851657 -6.94155e-07 0 0 0
5009 1931 0.957658 0.226937 0.177173 -0.00581391 -4.74754e-07 0 0 0
2914 4108 0.811196 -0.345046 0.472127 -0.0056158 -3.8384e-07 0 0 0
1106 1861 0.000891885 -0.919372 -0.393389 -0.00411565 -3.44782e-07 0 0 0
5009 2195 0.0844111 -0.993705 0.0736517 -0.0109828 -9.08109e-07 0 0 0
1106 508 0.680491 -0.176948 0.711071 -0.00581526 -4.23137e-07 0 0 0
2951 5085 0.951026 0.30475 0.0517363 -0.00623544 -4.68168e-07 0 0 0
4776 5479 0.00255139 0.89855 0.438863 -0.001764 -1.54564e-07 0 0 0
2951 5106 0.216464 -0.945921 0.241613 -0.00785539 -5.38218e-07 0 0 0
1434 4784 0.983935 -0.0992075 0.148425 -0.0103799 -7.18973e-07 0 0 0
1434 4947 0.5638 0.768396 0.302816 -0.000592429 -4.97613e-08 0 0 0
1434 675 0.507936 -0.824248 -0.250233 -0.010828 -5.86001e-07 0 -1 0
1434 4829 0.403258 0.19752 0.893515 -0.0130547 -1.23814e-06 0 -1 1
1434 5061 0.152794 0.806308 -0.571421 -0.000982173 -9.27237e-08 0 0 0
2190 678 0.605988 -0.773889 -0.18405 -0.0153932 -1.10581e-06 0 0 0
2190 3681 0.467609 0.475195 0.74534 -0.0178474 -1.34011e-06 0 0 0
4673 427 0.737052 0.651372 0.18019 -0.000255334 -2.24304e-08 0 0 0
2606 5253 0.93941 0.128881 0.317645 -0.00996774 -6.3929e-07 0 0 0
2606 3806 0.165346 -0.0421787 0.985333 -0.0115081 -7.24062e-07 0 0 0
5337 4550 0.859195 -0.26807 0.4358 -0.00423655 -3.16802e-07 0 0 0
5337 5466 0.570016 0.404406 -0.715218 -0.00373274 -2.92413e-07 0 0 0
2082 2629 0.490615 0.339601 -0.802476 -0.0015918 -1.48328e-07 0 0 0
2432 2147 0.58377 -0.803034 -0.119785 -0.00144162 -1.16193e-07 0 0 0
339 655 0.262623 -0.95846 0.111282 -0.0098196 -6.53128e-07 0 0 0
339 3475 0.49733 0.365496 -0.786814 -0.00236746 -1.60691e-07 0 0 0
339 2825 0.594072 0.687873 0.417025 -0.0107976 -9.10868e-07 0 0 0
2432 5505 0.473464 0.687254 0.55092 -0.00208343 -1.70528e-07 0 0 0
2432 4596 0.0948442 -0.298305 -0.949747 -0.00153096 -1.20382e-07 0 0 0
2424 1148 0.632459 -0.761154 -0.143667 -0.0069429 -6.11086e-07 0 0 0
2424 1070 0.895797 0.427805 0.120543 -0.0117809 -9.50353e-07 0 0 0
3143 2720 0.502902 0.778501 -0.375534 -0.00329255 -2.28371e-07 0 0 0
3143 5505 0.362991 -0.710832 -0.602457 -0.00523909 -3.40156e-07 0 0 0
4748 3996 0.55416 -0.828952 0.0758037 -0.00515276 -3.9768e-07 0 0 0
4748 561 0.365761 -0.273243 0.889695 -0.00662398 -5.33164e-07 0 0 0
3470 2885 0.837904 0.484447 -0.251453 -0.00672017 -5.50097e-07 0 0 0
3470 5332 0.767468 -0.640079 0.0359307 -0.00453751 -2.96607e-07 0 0 0
3470 4131 0.572133 0.491555 0.656534 -0.00054692 -3.63396e-08 0 0 0
990 779 0.289183 0.504956 -0.81326 -0.00688295 -5.09175e-07 0 0 0
3470 3473 0.477024 -0.168808 -0.862526 -0.0148588 -9.22522e-07 0 0 0
1550 3758 0.724211 0.623417 0.294736 -0.00424325 -3.50508e-07 0 0 0
1550 664 0.255479 -0.183585 -0.949224 -0.00982126 -6.89276e-07 0 0 0
1550 1492 -0.0278016 0.210606 0.977176 -0.0076289 -5.52396e-07 0 0 0
553 1841 0.809004 -0.453111 0.374438 -0.00223952 -1.99542e-07 0 0 0
553 3921 0.414479 0.591846 0.691321 -0.00624089 -3.93868e-07 0 0 0
1472 1249 0.920702 0.3889 0.0326207 -0.0101083 -9.90895e-07 0 0 0
1472 2749 0.40735 -0.817666 -0.406804 -0.0100149 -6.93707e-07 0 0 0
2122 3459 0.896446 0.033412 0.441892 -0.000399876 -3.40147e-08 0 0 0
1185 1385 0.397282 0.515729 -0.759072 -0.000866578 -5.58964e-08 0 0 0
4306 3337 0.78538 -0.389937 0.480757 -0.00846826 -8.10715e-07 0 0 0
3052 219 0.52315 -0.791129 0.316904 -0.00334939 -2.61323e-07 0 0 0
3052 3085 0.648403 0.737479 -0.188938 -0.0356869 -2.82219e-06 0 0 0
847 2173 0.215638 0.800576 -0.559086 -0.0069053 -4.69152e-07 0 0 0
4306 1617 0.492833 0.750139 -0.440916 -0.00597108 -4.9225e-07 0 0 0
4306 3681 0.354565 -0.814708 -0.458841 -0.019602 -1.14585e-06 0 0 -1
847 678 0.882892 0.0643163 0.465151 -0.0238384 -1.54879e-06 0 0 0
1351 603 0.924158 0.17382 -0.340174 -0.0179515 -1.49042e-06 0 0 0
1351 1988 0.203833 -0.549662 0.810138 -0.014051 -1.07265e-06 0 0 0
995 2053 0.193878 0.928744 -0.315985 -0.00542805 -3.56553e-07 0 0 0
2306 5224 0.679752 0.665494 0.308309 -0.00779835 -6.46211e-07 0 0 0
2306 3921 0.50349 -0.790178 0.349452 -0.000489556 -3.08761e-08 0 0 0
2306 1741 0.426557 -0.525369 -0.736231 -0.00791579 -5.5584e-07 0 0 0
995 416 0.809108 -0.508465 0.294633 -0.00660525 -5.12366e-07 0 0 0
995 3646 0.897989 0.404425 0.173367 -0.00902548 -6.75552e-07 0 0 0
4633 2654 0.163225 0.347152 0.923495 -0.00373113 -3.16903e-07 0 0 0
4424 2720 0.573326 -0.546871 0.610107 -0.00146284 -1.16136e-07 0 0 0
4063 733 0.58989 0.801808 -0.0955691 -0.0003328 -2.60698e-08 0 0 0
4424 2082 -0.0165395 0.990344 0.13764 -0.000749746 -6.08437e-08 0 0 0
4063 4665 0.970812 -0.207127 0.120925 -0.0311873 -2.36853e-06 0 0 0
4205 4419 0.785149 0.460112 -0.414533 -0.00563654 -4.32251e-07 0 0 0
4205 200 0.731691 0.273702 0.624272 -0.0144828 -1.16693e-06 0 0 0
4205 1193 0.297332 -0.953859 -0.0418013 -0.00487496 -4.39225e-07 0 0 0
5398 2254 0.77403 -0.453739 0.441587 -0.00889023 -6.4635e-07 0 0 0
4636 2041 0.867714 -0.0823719 0.49019 -0.014787 -1.08472e-06 0 0 0
5398 1656 0.418241 -0.688647 -0.592317 -0.00165671 -1.30802e-07 0 0 0
5398 779 0.149752 0.9845 0.0912897 -0.00779972 -5.66924e-07 0 0 0
5064 1528 0.620897 0.404566 0.671426 -0.00610681 -4.31043e-07 0 0 0
2141 1932 0.928068 0.317119 -0.19526 -0.0133866 -9.72481e-07 0 0 0
1741 2121 0.309691 0.929846 -0.198691 -5.05633e-05 -3.60128e-09 0 0 0
4560 5431 0.204548 -0.64306 0.737994 -0.00386399 -2.57466e-07 0 0 0
1316 404 0.342042 0.665192 -0.663722 -0.00160301 -1.07095e-07 0 0 0
2300 918 0.185518 0.74246 -0.643689 -0.00934451 -7.38866e-07 0 0 0
2170 4329 0.789509 0.30226 0.534149 -0.0127703 -1.12008e-06 0 0 0
2170 4131 0.566056 -0.595063 0.570509 -0.0123653 -8.45602e-07 0 0 0
4560 521 0.91904 -0.294417 -0.262078 -0.00650868 -4.56475e-07 0 0 0
2170 4363 0.213725 -0.384257 -0.898147 -0.00972728 -7.84537e-07 0 0 0
3744 4200 0.802084 -0.186595 -0.567313 -0.0122359 -1e-06 0 0 0
3744 4782 0.66704 0.712162 -0.218822 -0.00589349 -4.18306e-07 0 0 0
2817 2823 0.887443 0.205572 -0.412534 -0.0167516 -1.04732e-06 0 0 0
2817 5411 0.740013 -0.672415 0.0154903 -0.00935066 -8.76134e-07 0 0 0
2817 1518 0.735535 0.114352 0.667766 -0.000999541 -5.86623e-08 0 0 0
1247 2166 0.761201 -0.506111 -0.405493 -0.00737592 -4.87954e-07 0 0 0
4265 4596 0.376131 0.194703 0.905879 -0.00060752 -4.31179e-08 0 0 0
4265 598 0.698615 -0.715198 0.0207023 -0.00216583 -1.58147e-07 0 0 0
4265 4018 0.776897 0.331062 -0.535564 -0.00298638 -2.27987e-07 0 0 0
1247 3505 0.674541 0.510329 -0.533441 -0.00993647 -6.97261e-07 0 1 0
4509 2196 0.496557 0.338379 -0.799332 -0.0162864 -1.16812e-06 0 0 0
1247 4465 0.252964 -0.915496 0.312853 -0.00305872 -2.43671e-07 0 0 0
1247 3177 0.194839 0.178818 0.964397 -0.0160726 -1.15254e-06 0 1 0
159 3012 0.806113 -0.345746 -0.480251 -0.00335716 -2.61245e-07 0 0 0
4509 5187 0.984808 -0.172209 0.0222971 -0.000464991 -3.25164e-08 0 0 0
4170 4141 0.85417 -0.0417591 -0.518314 -0.00456635 -3.42557e-07 0 0 -1
4170 1470 0.739891 -0.541671 0.398941 -0.0226649 -1.5738e-06 0 0 0
5260 3130 0.5848 0.80507 -0.0993499 -0.00369556 -2.97551e-07 0 0 0
4170 4032 0.0738395 0.847505 0.525627 -0.0125641 -8.90513e-07 0 0 0
4600 5184 0.962131 0.0696081 0.263551 -0.000464708 -3.70019e-08 0 0 0
4600 2008 0.632378 0.176632 -0.754254 -0.000442157 -3.66299e-08 0 0 0
2632 611 0.694798 -0.264149 -0.66894 -0.0165803 -1.14637e-06 0 0 0
2632 2196 0.162133 -0.0560051 0.985178 -0.0141365 -9.16157e-07 0 0 0
1880 1387 0.758351 -0.0819494 -0.646674 -0.00458982 -3.44809e-07 0 0 0
1880 515 0.939018 0.138453 0.314763 -0.00542 -3.86772e-07 0 0 0
655 5409 0.513654 -0.764918 -0.388664 -0.0108425 -7.46477e-07 0 -1 0
4823 3852 0.133542 0.220852 -0.966121 -0.00492157 -3.56784e-07 0 0 0
4823 1082 0.497742 0.861098 0.103749 -0.00728582 -5.68555e-07 0 0 0
655 5061 0.383373 0.742518 0.549266 -0.000318277 -2.71051e-08 0 0 0
3001 4947 0.908416 0.0430442 -0.415846 -0.00753487 -5.49828e-07 0 0 0
3001 1434 0.221846 -0.721912 -0.65546 -0.00863345 -6.88852e-07 0 0 0
1279 2141 0.196011 0.179659 0.964003 -0.00382836 -2.83805e-07 0 0 0
1279 1434 0.341162 0.251088 -0.90585 -0.00460495 -3.07765e-07 0 0 -1
1279 4486 0.433744 -0.801912 -0.410856 -0.0092306 -6.58433e-07 0 -1 -1
1279 4497 0.55511 -0.629677 0.54347 -0.00806864 -5.41545e-07 0 -1 0
1279 4829 0.848232 0.516401 -0.117612 -0.0144831 -1.26225e-06 0 -1 0
5288 5157 0.57836 0.368237 -0.727944 -0.016517 -1.18337e-06 0 0 0
5288 981 0.781002 -0.210162 0.588106 -0.0209529 -1.51113e-06 0 0 0
2053 5106 0.287031 -0.275747 -0.917375 -0.00491437 -3.3058e-07 0 0 0
2053 4190 0.185963 0.75851 0.624564 -0.00565223 -4.9348e-07 0 0 0
798 3838 0.396736 0.705345 -0.587443 -0.0130825 -8.52705e-07 0 0 0
798 4707 0.489396 0.519638 0.700334 -0.00386812 -2.79737e-07 0 0 0
798 1712 0.627729 -0.379678 -0.67956 -0.0151822 -9.03486e-07 0 0 0
798 2685 0.913697 -0.275763 0.298516 -0.00913399 -5.33048e-07 0 0 0
625 1207 -0.0780349 0.932779 -0.351899 -0.00198572 -1.61054e-07 0 0 0
1408 4348 0.583411 -0.803504 -0.118377 -0.00566005 -5.23898e-07 0 0 0
625 2551 0.418473 -0.507571 -0.753162 -0.00896089 -6.49439e-07 0 0 0
625 1741 0.722692 -0.0655141 0.688059 -0.00136321 -9.41075e-08 0 0 0
1408 219 0.287129 0.801506 0.524543 -0.00943057 -7.72459e-07 0 0 0
2565 3073 0.85839 0.426015 -0.285793 -0.0134348 -8.91589e-07 0 0 0
2565 2825 0.302166 -0.851293 -0.428948 -0.00740691 -6.39676e-07 0 0 0
2565 2075 0.0967992 0.0623795 0.993347 -0.00372173 -3.24373e-07 0 0 0
1207 4832 0.943766 -0.086548 -0.319086 -0.0150625 -1.22153e-06 0 0 0
514 2817 0.264937 -0.243957 -0.932895 -0.0236401 -1.60283e-06 0 0 0
514 2606 0.301495 0.377346 0.87562 -0.0204793 -1.33995e-06 0 0 0
514 1082 0.417048 -0.793732 0.442787 -0.000534068 -3.5876e-08 0 0 0
3722 3312 0.714564 -0.415316 -0.562948 -0.0274522 -2.26934e-06 0 0 0
1998 4887 0.53784 0.834035 -0.122934 -0.00530696 -4.01075e-07 0 0 0
1998 3707 0.599351 -0.79974 0.0345639 -0.00740698 -5.32784e-07 0 0 0
1998 1953 0.7381 -0.11153 -0.665409 -0.00175516 -1.11851e-07 0 0 0
3722 2062 0.462767 0.836956 -0.29215 -0.00447735 -3.97178e-07 0 0 0
4932 4209 0.118494 0.892586 -0.435029 -0.00180407 -1.36513e-07 0 0 0
4932 4831 0.747481 0.0216596 -0.66393 -0.0139224 -1.12995e-06 0 0 0
808 2158 0.0913487 0.564403 -0.820429 -0.0129216 -9.91584e-07 0 0 0
3722 1186 0.224002 0.503015 0.834745 -0.00927748 -7.03025e-07 0 0 0
808 1335 0.530029 -0.812551 -0.24255 -0.00428497 -3.34944e-07 0 0 0
808 598 0.706315 0.144992 0.69289 -0.00544159 -4.3154e-07 0 0 0
3722 2565 0.0961433 -0.561817 0.821656 -0.0058119 -4.81139e-07 0 0 0
4931 733 0.398673 0.419233 0.815661 -0.00613929 -4.89524e-07 0 0 0
4931 779 0.23533 -0.962081 0.137912 -0.00232748 -1.69268e-07 0 0 0
643 4365 0.752367 0.564026 0.340321 -0.0103612 -7.15025e-07 0 0 0
5022 5212 0.557189 -0.578724 0.595498 -0.0157335 -9.99203e-07 0 -1 0
4313 2563 0.174596 -0.747848 0.6405 -0.000270074 -2.09371e-08 0 0 0
643 2377 0.581283 -0.523305 -0.623106 -0.000864817 -5.83972e-08 0 0 0
643 1656 0.411308 -0.830128 0.376448 -0.00525464 -3.40277e-07 0 0 0
4281 3312 0.725261 -0.592389 0.350817 -0.00749201 -6.26308e-07 0 0 0
4281 2062 0.477137 0.674684 0.563154 -0.0220226 -1.95947e-06 0 0 0
5431 2707 0.538325 -0.0381002 0.841876 -0.0021255 -1.70139e-07 0 0 0
1306 5510 0.886655 -0.0694084 0.457193 -0.015023 -1.24796e-06 0 0 0
5431 1712 0.567478 0.823104 -0.0216487 -0.00102585 -7.4736e-08 0 0 0
3519 5319 0.878099 -0.47386 0.066331 -0.00393421 -2.82646e-07 0 0 0
3519 4464 0.807949 0.446533 -0.384482 -0.00373805 -3.10823e-07 0 0 0
5402 1560 0.609836 -0.0145041 0.792395 -0.00872924 -7.08421e-07 0 0 0
5402 5227 0.450171 -0.892923 0.00592819 -0.00250371 -2.01566e-07 0 0 0
5402 4121 0.168701 -0.446545 -0.878714 -0.0040539 -3.19262e-07 0 0 0
5402 5431 0.0824289 0.877214 0.472971 -0.00123655 -1.00385e-07 0 0 0
4656 1067 0.942822 -0.17779 -0.281917 -0.00163218 -1.19257e-07 0 0 0
890 2170 0.349966 -0.860035 0.3713 -0.0170299 -1.56311e-06 0 -1 0
4656 2371 0.737685 0.283456 0.612758 -0.00320044 -2.27224e-07 0 0 0
890 1335 0.539945 0.839392 -0.062301 -0.0265098 -2.23507e-06 0 0 0
423 1732 0.438084 0.88401 -0.163124 -0.00660818 -3.66076e-07 0 0 0
423 3143 0.0134437 -0.320893 -0.94702 -0.00647029 -4.58074e-07 0 0 0
4400 2892 0.980321 -0.169989 -0.100369 -0.0101441 -7.53314e-07 0 0 0
4400 2551 0.267832 0.411242 0.87129 -0.00775447 -5.56799e-07 0 0 0
358 2107 0.699228 0.572121 0.428671 -0.00934259 -7.22695e-07 0 0 0
438 2371 0.923828 0.0775321 -0.374874 -0.00411802 -3.2045e-07 0 0 0
5148 2654 0.448811 -0.523667 -0.724114 -0.000248323 -1.94369e-08 0 0 0
1112 4400 0.172208 0.490912 -0.85402 -0.017786 -1.3747e-06 0 0 0
358 658 0.655428 -0.743074 -0.135109 -0.00937665 -7.09564e-07 0 0 0
1112 2752 0.700689 -0.267191 0.661546 -0.00989335 -7.87419e-07 0 0 0
3019 2244 0.920021 -0.267009 0.286823 -0.00253761 -2.1398e-07 0 0 0
3019 2306 0.226814 -0.0627826 -0.971912 -0.00840296 -7.18042e-07 0 0 0
3019 4281 0.0361498 -0.201072 0.978909 -0.00846263 -6.50908e-07 0 0 0
2173 4631 0.998598 0.0414231 0.0329449 -0.00273182 -2.2368e-07 0 0 0
2173 200 0.626304 -0.757591 -0.183844 -0.00252588 -1.77906e-07 0 0 0
4974 3307 0.0400932 -0.561595 -0.82644 -0.000752093 -4.97383e-08 0 0 0
2156 5151 0.779034 -0.383768 0.49581 -0.0117996 -1.15421e-06 0 0 0
2156 5157 0.533751 0.766848 0.356446 -0.00170417 -1.43097e-07 0 0 0
2156 4306 0.311617 -0.566274 -0.763039 -0.0164517 -1.58338e-06 0 0 0
4974 1970 0.867586 0.480243 -0.129081 -0.00266055 -1.88489e-07 0 0 0
215 5510 0.547812 0.494209 -0.675025 -0.0106772 -7.82015e-07 0 0 0
2158 1988 0.391063 0.436858 -0.810077 -0.0160074 -1.14807e-06 0 0 0
215 1492 0.152064 -0.785511 0.599874 -0.0179913 -1.2442e-06 0 0 0
2158 2927 0.870356 -0.332027 0.363646 -0.00819352 -6.3926e-07 0 0 0
4127 1338 0.769102 0.486535 0.414447 -0.00207755 -1.64866e-07 0 0 0
3988 215 0.159242 -0.929895 -0.331569 -0.00749614 -6.21749e-07 0 -1 0
4127 2136 0.598245 -0.547069 0.585507 -0.000317947 -2.51835e-08 0 -1 0
3988 4649 0.595675 0.477334 -0.646006 -0.017548 -1.40526e-06 0 0 0
3988 3505 0.936724 0.0206796 0.349456 -0.0117861 -9.10308e-07 0 0 0
1465 2969 0.86088 0.290715 -0.417577 -0.00699759 -5.16329e-07 0 0 0
1861 219 0.379038 -0.524428 -0.762434 -0.00533575 -3.99135e-07 0 0 -1
1465 352 0.38436 0.880162 0.278537 -0.000390775 -2.9919e-08 0 0 0
1465 3519 0.0651939 -0.0857459 -0.994182 -0.0060352 -4.51059e-07 0 0 0
3232 378 0.413692 0.857181 0.306757 -0.0240332 -1.94284e-06 0 0 0
3307 1441 0.39512 -0.856025 0.333319 -0.00316813 -2.59315e-07 0 0 0
3232 3525 0.279473 -0.914478 0.292616 -0.0126226 -1.01152e-06 0 0 0
4209 675 0.930931 0.341565 -0.129235 -0.0169695 -1.50875e-06 0 0 0
220 154 0.86861 -0.0723831 -0.490181 -0.00059738 -4.47317e-08 0 0 0
3307 811 0.78859 0.015978 0.614712 -0.00168456 -1.12534e-07 0 0 0
1177 485 0.724246 -0.00722802 -0.689503 -0.00631885 -4.36085e-07 0 0 0
2478 1426 0.0463189 0.820589 0.569639 -0.00376065 -2.91322e-07 0 0 0
2478 3019 0.0693997 -0.903879 0.422121 -0.00462045 -3.54361e-07 0 0 0
1177 5009 0.12794 -0.973106 0.191562 -0.013027 -1.11191e-06 0 0 0
4559 4832 0.599726 -0.698304 0.390769 -0.00246553 -1.65993e-07 0 0 0
2478 5046 0.735371 -0.0182767 0.677418 -0.00303283 -2.55668e-07 0 0 0
4198 1441 0.45511 -0.351293 -0.81821 -0.000691478 -5.3882e-08 0 0 0
4198 4184 0.614737 0.596217 0.516356 -0.00132675 -9.26574e-08 0 0 0
4559 1244 0.618147 -0.241037 -0.748195 -0.00357594 -2.10151e-07 0 0 0
2954 979 0.332208 -0.481484 -0.811056 -0.00852781 -6.42603e-07 0 0 0
2954 1031 0.281703 0.445882 -0.849608 -0.000827981 -5.32936e-08 0 0 0
2804 2460 0.342927 -0.815465 -0.466281 -0.00527982 -3.36689e-07 0 0 0
2954 4748 0.0135369 -0.98614 0.165363 -0.00770136 -6.81199e-07 0 0 0
2804 2635 0.734425 0.666449 -0.128323 -0.0248521 -2.14027e-06 0 0 0
2804 2172 0.878704 -0.238672 0.413418 -0.0199726 -1.66203e-06 0 0 0
1426 2341 0.959667 0.254237 0.12001 -0.0140986 -1.07153e-06 0 0 0
144 1465 0.0277936 0.992822 -0.116323 -0.00857668 -6.31432e-07 0 0 0
144 3038 0.334436 0.219524 0.916494 -0.00581303 -4.77171e-07 0 0 0
144 3838 0.447829 -0.776993 0.442416 -0.00906757 -6.87561e-07 0 0 0
1426 3729 0.517352 0.151263 -0.842298 -0.00429675 -3.24299e-07 0 0 0
2135 1622 0.509888 0.508398 -0.693935 -0.0318534 -2.31194e-06 0 0 0
5245 889 0.561666 0.812944 0.153797 -0.00517656 -3.75449e-07 0 0 1
5245 561 0.539478 0.327449 -0.775719 -0.00501411 -4.17046e-07 0 0 0
2135 2185 0.378939 -0.473737 0.79497 -0.0144984 -1.11381e-06 0 0 0
5245 1666 0.961909 -0.150143 0.228448 -0.0073297 -5.9954e-07 0 0 1
5142 3921 0.594072 0.117778 -0.795743 -0.0083871 -5.21356e-07 0 0 0
3852 3038 0.281895 0.364548 -0.887491 -0.00458064 -3.90709e-07 0 0 0
5142 3312 0.575612 0.273502 0.770628 -0.0125504 -8.25e-07 0 0 0
3852 3569 0.925697 0.197615 0.322542 -0.00875036 -7.00148e-07 0 0 0
5142 3475 0.263611 -0.816098 0.51429 -0.00896278 -5.78479e-07 0 0 0
5142 4281 -0.0620242 0.860358 0.505903 -0.00637434 -5.61245e-07 0 0 0
3492 4665 0.186145 -0.653975 -0.733258 -0.00127617 -9.09998e-08 0 0 0
5475 4909 0.0124673 0.452593 0.89163 -0.00121785 -9.63568e-08 0 0 0
4199 4025 0.801609 0.0645841 -0.594349 -0.000632865 -4.75829e-08 0 0 0
2616 2085 0.28991 0.48292 -0.826281 -0.00049267 -3.90457e-08 0 0 0
2817 3038 0.033302 -0.937578 -0.346176 -0.000501297 -4.68471e-08 0 0 0
1845 3203 0.295154 0.709036 -0.640431 -0.000354769 -2.85554e-08 0 1 0
590 5495 0.195769 0.600558 0.775245 -6.65397e-05 -5.25069e-09 0 0 1
134 771 0.330477 -0.412311 -0.84899 -0.000378379 -2.31519e-08 0 0 0
675 2683 0.772127 -0.0582214 0.632796 -0.00176327 -1.06274e-07 0 0 0
5475 531 0.413166 -0.856351 -0.309768 -0.00116303 -9.12396e-08 0 -1 0
1953 1477 0.588893 0.61078 0.529295 -4.72271e-06 -3.41481e-10 0 0 0
4469 5022 0.353724 -0.814468 0.459914 -0.00100902 -6.75762e-08 0 0 0
4469 4916 0.670254 0.457288 -0.584506 -0.000175579 -1.49384e-08 0 0 0
